max,periode_data,tanggal,Date,Source_ID,bulan,pm10,pm25,so2,co,o3,no2,category,station,critical,station_code,station_name,year,month,day,week,dayofweek
45,202101,2021-01-22,2021-01-22,RkKKo,,45.0,,21.0,13.0,40.0,15.0,BAIK,DKI5 (Kebon Jeruk) Jakarta Barat,PM10,DKI5,Kebon Jeruk,2021,1,22,3,4
80,202101,2021-01-23,2021-01-23,RkKKo,,80.0,,22.0,,44.0,22.0,SEDANG,DKI5 (Kebon Jeruk) Jakarta Barat,PM10,DKI5,Kebon Jeruk,2021,1,23,3,5
29,202101,2021-01-24,2021-01-24,RkKKo,,27.0,,14.0,9.0,29.0,,BAIK,DKI5 (Kebon Jeruk) Jakarta Barat,CO,DKI5,Kebon Jeruk,2021,1,24,3,6
67,202101,2021-01-25,2021-01-25,RkKKo,,55.0,,19.0,29.0,,13.0,SEDANG,DKI5 (Kebon Jeruk) Jakarta Barat,CO,DKI5,Kebon Jeruk,2021,1,25,4,0
57,202101,2021-01-26,2021-01-26,RkKKo,,57.0,,21.0,23.0,36.0,16.0,SEDANG,DKI5 (Kebon Jeruk) Jakarta Barat,PM10,DKI5,Kebon Jeruk,2021,1,26,4,1
20,202101,2021-01-27,2021-01-27,RkKKo,,15.0,,16.0,5.0,20.0,,BAIK,DKI5 (Kebon Jeruk) Jakarta Barat,CO,DKI5,Kebon Jeruk,2021,1,27,4,2
28,202101,2021-01-28,2021-01-28,RkKKo,,28.0,,19.0,11.0,28.0,,BAIK,DKI5 (Kebon Jeruk) Jakarta Barat,PM10,DKI5,Kebon Jeruk,2021,1,28,4,3
32,202101,2021-01-29,2021-01-29,RkKKo,,30.0,,22.0,10.0,32.0,11.0,BAIK,DKI5 (Kebon Jeruk) Jakarta Barat,CO,DKI5,Kebon Jeruk,2021,1,29,4,4
27,202101,2021-01-30,2021-01-30,RkKKo,,24.0,,17.0,8.0,27.0,10.0,BAIK,DKI5 (Kebon Jeruk) Jakarta Barat,CO,DKI5,Kebon Jeruk,2021,1,30,4,5
41,202101,2021-01-31,2021-01-31,RkKKo,,41.0,,17.0,19.0,29.0,8.0,BAIK,DKI5 (Kebon Jeruk) Jakarta Barat,PM10,DKI5,Kebon Jeruk,2021,1,31,4,6
79,202102,2021-02-01,2021-02-01,RkKKo,,59.0,79.0,21.0,26.0,15.0,31.0,SEDANG,DKI1 (Bunderan HI),PM25,DKI1,Bundaran HI,2021,2,1,5,0
46,202102,2021-02-02,2021-02-02,RkKKo,,30.0,46.0,21.0,14.0,16.0,24.0,BAIK,DKI1 (Bunderan HI),PM25,DKI1,Bundaran HI,2021,2,2,5,1
33,202102,2021-02-03,2021-02-03,RkKKo,,23.0,33.0,19.0,11.0,14.0,19.0,BAIK,DKI1 (Bunderan HI),PM25,DKI1,Bundaran HI,2021,2,3,5,2
53,202102,2021-02-04,2021-02-04,RkKKo,,36.0,53.0,23.0,14.0,12.0,24.0,SEDANG,DKI1 (Bunderan HI),PM25,DKI1,Bundaran HI,2021,2,4,5,3
36,202102,2021-02-05,2021-02-05,RkKKo,,29.0,36.0,20.0,14.0,12.0,21.0,BAIK,DKI1 (Bunderan HI),PM25,DKI1,Bundaran HI,2021,2,5,5,4
34,202102,2021-02-06,2021-02-06,RkKKo,,27.0,34.0,21.0,8.0,21.0,15.0,BAIK,DKI1 (Bunderan HI),PM25,DKI1,Bundaran HI,2021,2,6,5,5
25,202102,2021-02-07,2021-02-07,RkKKo,,25.0,23.0,19.0,7.0,19.0,12.0,BAIK,DKI1 (Bunderan HI),PM10,DKI1,Bundaran HI,2021,2,7,5,6
26,202102,2021-02-08,2021-02-08,RkKKo,,24.0,26.0,19.0,10.0,18.0,17.0,BAIK,DKI1 (Bunderan HI),PM25,DKI1,Bundaran HI,2021,2,8,6,0
40,202102,2021-02-09,2021-02-09,RkKKo,,33.0,40.0,22.0,12.0,14.0,22.0,BAIK,DKI1 (Bunderan HI),PM25,DKI1,Bundaran HI,2021,2,9,6,1
38,202102,2021-02-10,2021-02-10,RkKKo,,32.0,38.0,21.0,10.0,12.0,16.0,BAIK,DKI1 (Bunderan HI),PM25,DKI1,Bundaran HI,2021,2,10,6,2
37,202102,2021-02-11,2021-02-11,RkKKo,,26.0,37.0,23.0,13.0,9.0,17.0,BAIK,DKI1 (Bunderan HI),PM25,DKI1,Bundaran HI,2021,2,11,6,3
52,202102,2021-02-12,2021-02-12,RkKKo,,41.0,52.0,26.0,16.0,10.0,16.0,SEDANG,DKI1 (Bunderan HI),PM25,DKI1,Bundaran HI,2021,2,12,6,4
37,202102,2021-02-13,2021-02-13,RkKKo,,25.0,37.0,20.0,9.0,19.0,16.0,BAIK,DKI1 (Bunderan HI),PM25,DKI1,Bundaran HI,2021,2,13,6,5
47,202102,2021-02-14,2021-02-14,RkKKo,,33.0,47.0,18.0,11.0,19.0,19.0,BAIK,DKI1 (Bunderan HI),PM25,DKI1,Bundaran HI,2021,2,14,6,6
47,202102,2021-02-15,2021-02-15,RkKKo,,34.0,47.0,20.0,13.0,17.0,25.0,BAIK,DKI1 (Bunderan HI),PM25,DKI1,Bundaran HI,2021,2,15,7,0
28,202102,2021-02-16,2021-02-16,RkKKo,,26.0,28.0,18.0,11.0,18.0,26.0,BAIK,DKI1 (Bunderan HI),PM25,DKI1,Bundaran HI,2021,2,16,7,1
57,202102,2021-02-17,2021-02-17,RkKKo,,39.0,57.0,23.0,23.0,12.0,33.0,SEDANG,DKI1 (Bunderan HI),PM25,DKI1,Bundaran HI,2021,2,17,7,2
59,202102,2021-02-18,2021-02-18,RkKKo,,43.0,59.0,29.0,13.0,12.0,29.0,SEDANG,DKI1 (Bunderan HI),PM25,DKI1,Bundaran HI,2021,2,18,7,3
41,202102,2021-02-19,2021-02-19,RkKKo,,29.0,41.0,19.0,20.0,12.0,23.0,BAIK,DKI1 (Bunderan HI),PM25,DKI1,Bundaran HI,2021,2,19,7,4
38,202102,2021-02-20,2021-02-20,RkKKo,,30.0,38.0,18.0,11.0,18.0,20.0,BAIK,DKI1 (Bunderan HI),PM25,DKI1,Bundaran HI,2021,2,20,7,5
45,202102,2021-02-21,2021-02-21,RkKKo,,31.0,45.0,18.0,10.0,16.0,17.0,BAIK,DKI1 (Bunderan HI),PM25,DKI1,Bundaran HI,2021,2,21,7,6
67,202102,2021-02-22,2021-02-22,RkKKo,,51.0,67.0,20.0,18.0,11.0,23.0,SEDANG,DKI1 (Bunderan HI),PM25,DKI1,Bundaran HI,2021,2,22,8,0
64,202102,2021-02-23,2021-02-23,RkKKo,,50.0,64.0,22.0,11.0,20.0,23.0,SEDANG,DKI1 (Bunderan HI),PM25,DKI1,Bundaran HI,2021,2,23,8,1
42,202102,2021-02-24,2021-02-24,RkKKo,,30.0,42.0,22.0,10.0,9.0,16.0,BAIK,DKI1 (Bunderan HI),PM25,DKI1,Bundaran HI,2021,2,24,8,2
48,202102,2021-02-25,2021-02-25,RkKKo,,31.0,48.0,26.0,12.0,14.0,17.0,BAIK,DKI1 (Bunderan HI),PM25,DKI1,Bundaran HI,2021,2,25,8,3
38,202102,2021-02-26,2021-02-26,RkKKo,,29.0,38.0,18.0,13.0,18.0,20.0,BAIK,DKI1 (Bunderan HI),PM25,DKI1,Bundaran HI,2021,2,26,8,4
67,202102,2021-02-27,2021-02-27,RkKKo,,49.0,67.0,23.0,15.0,17.0,31.0,SEDANG,DKI1 (Bunderan HI),PM25,DKI1,Bundaran HI,2021,2,27,8,5
60,202102,2021-02-28,2021-02-28,RkKKo,,43.0,60.0,19.0,12.0,19.0,18.0,SEDANG,DKI1 (Bunderan HI),PM25,DKI1,Bundaran HI,2021,2,28,8,6
87,202102,2021-02-01,2021-02-01,RkKKo,,64.0,87.0,38.0,16.0,46.0,25.0,SEDANG,DKI2 (Kelapa Gading),PM25,DKI2,Kelapa Gading,2021,2,1,5,0
55,202102,2021-02-02,2021-02-02,RkKKo,,30.0,42.0,38.0,4.0,55.0,15.0,SEDANG,DKI2 (Kelapa Gading),O3,DKI2,Kelapa Gading,2021,2,2,5,1
42,202102,2021-02-03,2021-02-03,RkKKo,,24.0,35.0,38.0,4.0,42.0,15.0,BAIK,DKI2 (Kelapa Gading),O3,DKI2,Kelapa Gading,2021,2,3,5,2
50,202102,2021-02-04,2021-02-04,RkKKo,,33.0,50.0,39.0,7.0,47.0,15.0,BAIK,DKI2 (Kelapa Gading),PM25,DKI2,Kelapa Gading,2021,2,4,5,3
45,202102,2021-02-05,2021-02-05,RkKKo,,25.0,35.0,39.0,5.0,45.0,13.0,BAIK,DKI2 (Kelapa Gading),O3,DKI2,Kelapa Gading,2021,2,5,5,4
57,202102,2021-02-06,2021-02-06,RkKKo,,30.0,38.0,37.0,,57.0,9.0,SEDANG,DKI2 (Kelapa Gading),O3,DKI2,Kelapa Gading,2021,2,6,5,5
57,202102,2021-02-07,2021-02-07,RkKKo,,28.0,30.0,37.0,,57.0,5.0,SEDANG,DKI2 (Kelapa Gading),O3,DKI2,Kelapa Gading,2021,2,7,5,6
54,202102,2021-02-08,2021-02-08,RkKKo,,26.0,31.0,37.0,,54.0,12.0,SEDANG,DKI2 (Kelapa Gading),O3,DKI2,Kelapa Gading,2021,2,8,6,0
50,202102,2021-02-09,2021-02-09,RkKKo,,33.0,50.0,39.0,6.0,47.0,16.0,BAIK,DKI2 (Kelapa Gading),PM25,DKI2,Kelapa Gading,2021,2,9,6,1
49,202102,2021-02-10,2021-02-10,RkKKo,,34.0,46.0,39.0,4.0,49.0,10.0,BAIK,DKI2 (Kelapa Gading),O3,DKI2,Kelapa Gading,2021,2,10,6,2
49,202102,2021-02-11,2021-02-11,RkKKo,,33.0,49.0,43.0,6.0,35.0,11.0,BAIK,DKI2 (Kelapa Gading),PM25,DKI2,Kelapa Gading,2021,2,11,6,3
62,202102,2021-02-12,2021-02-12,RkKKo,,43.0,62.0,43.0,14.0,33.0,11.0,SEDANG,DKI2 (Kelapa Gading),PM25,DKI2,Kelapa Gading,2021,2,12,6,4
47,202102,2021-02-13,2021-02-13,RkKKo,,27.0,47.0,38.0,8.0,40.0,11.0,BAIK,DKI2 (Kelapa Gading),PM25,DKI2,Kelapa Gading,2021,2,13,6,5
53,202102,2021-02-14,2021-02-14,RkKKo,,34.0,53.0,40.0,11.0,42.0,14.0,SEDANG,DKI2 (Kelapa Gading),PM25,DKI2,Kelapa Gading,2021,2,14,6,6
52,202102,2021-02-15,2021-02-15,RkKKo,,36.0,52.0,39.0,13.0,37.0,17.0,SEDANG,DKI2 (Kelapa Gading),PM25,DKI2,Kelapa Gading,2021,2,15,7,0
42,202102,2021-02-16,2021-02-16,RkKKo,,28.0,41.0,38.0,11.0,42.0,15.0,BAIK,DKI2 (Kelapa Gading),O3,DKI2,Kelapa Gading,2021,2,16,7,1
61,202102,2021-02-17,2021-02-17,RkKKo,,41.0,61.0,40.0,25.0,41.0,27.0,SEDANG,DKI2 (Kelapa Gading),PM25,DKI2,Kelapa Gading,2021,2,17,7,2
55,202102,2021-02-18,2021-02-18,RkKKo,,40.0,55.0,44.0,10.0,41.0,16.0,SEDANG,DKI2 (Kelapa Gading),PM25,DKI2,Kelapa Gading,2021,2,18,7,3
51,202102,2021-02-19,2021-02-19,RkKKo,,32.0,51.0,42.0,16.0,41.0,20.0,SEDANG,DKI2 (Kelapa Gading),PM25,DKI2,Kelapa Gading,2021,2,19,7,4
53,202102,2021-02-20,2021-02-20,RkKKo,,31.0,34.0,38.0,8.0,53.0,9.0,SEDANG,DKI2 (Kelapa Gading),O3,DKI2,Kelapa Gading,2021,2,20,7,5
48,202102,2021-02-21,2021-02-21,RkKKo,,36.0,40.0,39.0,9.0,48.0,9.0,BAIK,DKI2 (Kelapa Gading),O3,DKI2,Kelapa Gading,2021,2,21,7,6
69,202102,2021-02-22,2021-02-22,RkKKo,,60.0,69.0,42.0,15.0,41.0,19.0,SEDANG,DKI2 (Kelapa Gading),PM25,DKI2,Kelapa Gading,2021,2,22,8,0
61,202102,2021-02-23,2021-02-23,RkKKo,,48.0,61.0,40.0,9.0,54.0,17.0,SEDANG,DKI2 (Kelapa Gading),PM25,DKI2,Kelapa Gading,2021,2,23,8,1
40,202102,2021-02-24,2021-02-24,RkKKo,,30.0,39.0,40.0,10.0,33.0,10.0,BAIK,DKI2 (Kelapa Gading),SO2,DKI2,Kelapa Gading,2021,2,24,8,2
45,202102,2021-02-25,2021-02-25,RkKKo,,30.0,45.0,43.0,12.0,45.0,12.0,BAIK,DKI2 (Kelapa Gading),PM25,DKI2,Kelapa Gading,2021,2,25,8,3
54,202102,2021-02-26,2021-02-26,RkKKo,,45.0,54.0,43.0,13.0,,19.0,SEDANG,DKI2 (Kelapa Gading),PM25,DKI2,Kelapa Gading,2021,2,26,8,4
71,202102,2021-02-27,2021-02-27,RkKKo,,59.0,71.0,44.0,15.0,50.0,20.0,SEDANG,DKI2 (Kelapa Gading),PM25,DKI2,Kelapa Gading,2021,2,27,8,5
76,202102,2021-02-28,2021-02-28,RkKKo,,66.0,76.0,40.0,14.0,60.0,18.0,SEDANG,DKI2 (Kelapa Gading),PM25,DKI2,Kelapa Gading,2021,2,28,8,6
110,202102,2021-02-01,2021-02-01,RkKKo,,73.0,110.0,28.0,18.0,26.0,18.0,TIDAK SEHAT,DKI3 (Jagakarsa),PM25,DKI3,Jagakarsa,2021,2,1,5,0
70,202102,2021-02-02,2021-02-02,RkKKo,,53.0,70.0,25.0,10.0,27.0,14.0,SEDANG,DKI3 (Jagakarsa),PM25,DKI3,Jagakarsa,2021,2,2,5,1
53,202102,2021-02-03,2021-02-03,RkKKo,,32.0,53.0,27.0,6.0,24.0,9.0,SEDANG,DKI3 (Jagakarsa),PM25,DKI3,Jagakarsa,2021,2,3,5,2
54,202102,2021-02-04,2021-02-04,RkKKo,,29.0,54.0,26.0,11.0,24.0,13.0,SEDANG,DKI3 (Jagakarsa),PM25,DKI3,Jagakarsa,2021,2,4,5,3
51,202102,2021-02-05,2021-02-05,RkKKo,,27.0,51.0,24.0,10.0,24.0,12.0,SEDANG,DKI3 (Jagakarsa),PM25,DKI3,Jagakarsa,2021,2,5,5,4
53,202102,2021-02-06,2021-02-06,RkKKo,,34.0,53.0,24.0,8.0,32.0,12.0,SEDANG,DKI3 (Jagakarsa),PM25,DKI3,Jagakarsa,2021,2,6,5,5
50,202102,2021-02-07,2021-02-07,RkKKo,,33.0,50.0,24.0,9.0,30.0,13.0,BAIK,DKI3 (Jagakarsa),PM25,DKI3,Jagakarsa,2021,2,7,5,6
42,202102,2021-02-08,2021-02-08,RkKKo,,26.0,42.0,24.0,9.0,35.0,12.0,BAIK,DKI3 (Jagakarsa),PM25,DKI3,Jagakarsa,2021,2,8,6,0
53,202102,2021-02-09,2021-02-09,RkKKo,,33.0,53.0,25.0,9.0,23.0,12.0,SEDANG,DKI3 (Jagakarsa),PM25,DKI3,Jagakarsa,2021,2,9,6,1
64,202102,2021-02-10,2021-02-10,RkKKo,,50.0,64.0,24.0,11.0,23.0,10.0,SEDANG,DKI3 (Jagakarsa),PM25,DKI3,Jagakarsa,2021,2,10,6,2
57,202102,2021-02-11,2021-02-11,RkKKo,,38.0,57.0,23.0,6.0,18.0,7.0,SEDANG,DKI3 (Jagakarsa),PM25,DKI3,Jagakarsa,2021,2,11,6,3
98,202102,2021-02-12,2021-02-12,RkKKo,,63.0,98.0,25.0,13.0,20.0,8.0,SEDANG,DKI3 (Jagakarsa),PM25,DKI3,Jagakarsa,2021,2,12,6,4
89,202102,2021-02-13,2021-02-13,RkKKo,,59.0,89.0,26.0,12.0,30.0,13.0,SEDANG,DKI3 (Jagakarsa),PM25,DKI3,Jagakarsa,2021,2,13,6,5
73,202102,2021-02-14,2021-02-14,RkKKo,,55.0,73.0,25.0,11.0,35.0,13.0,SEDANG,DKI3 (Jagakarsa),PM25,DKI3,Jagakarsa,2021,2,14,6,6
62,202102,2021-02-15,2021-02-15,RkKKo,,40.0,62.0,24.0,9.0,32.0,12.0,SEDANG,DKI3 (Jagakarsa),PM25,DKI3,Jagakarsa,2021,2,15,7,0
51,202102,2021-02-16,2021-02-16,RkKKo,,36.0,51.0,24.0,9.0,34.0,15.0,SEDANG,DKI3 (Jagakarsa),PM25,DKI3,Jagakarsa,2021,2,16,7,1
67,202102,2021-02-17,2021-02-17,RkKKo,,46.0,67.0,26.0,15.0,28.0,18.0,SEDANG,DKI3 (Jagakarsa),PM25,DKI3,Jagakarsa,2021,2,17,7,2
70,202102,2021-02-18,2021-02-18,RkKKo,,53.0,70.0,28.0,8.0,26.0,12.0,SEDANG,DKI3 (Jagakarsa),PM25,DKI3,Jagakarsa,2021,2,18,7,3
51,202102,2021-02-19,2021-02-19,RkKKo,,28.0,51.0,25.0,13.0,23.0,14.0,SEDANG,DKI3 (Jagakarsa),PM25,DKI3,Jagakarsa,2021,2,19,7,4
59,202102,2021-02-20,2021-02-20,RkKKo,,45.0,59.0,25.0,13.0,29.0,15.0,SEDANG,DKI3 (Jagakarsa),PM25,DKI3,Jagakarsa,2021,2,20,7,5
42,202102,2021-02-21,2021-02-21,RkKKo,,29.0,42.0,24.0,7.0,30.0,9.0,BAIK,DKI3 (Jagakarsa),PM25,DKI3,Jagakarsa,2021,2,21,7,6
103,202102,2021-02-22,2021-02-22,RkKKo,,68.0,103.0,26.0,22.0,30.0,14.0,TIDAK SEHAT,DKI3 (Jagakarsa),PM25,DKI3,Jagakarsa,2021,2,22,8,0
90,202102,2021-02-23,2021-02-23,RkKKo,,66.0,90.0,26.0,12.0,29.0,16.0,SEDANG,DKI3 (Jagakarsa),PM25,DKI3,Jagakarsa,2021,2,23,8,1
54,202102,2021-02-25,2021-02-25,RkKKo,,27.0,54.0,25.0,6.0,24.0,7.0,SEDANG,DKI3 (Jagakarsa),PM25,DKI3,Jagakarsa,2021,2,25,8,3
61,202102,2021-02-26,2021-02-26,RkKKo,,41.0,61.0,25.0,10.0,40.0,16.0,SEDANG,DKI3 (Jagakarsa),PM25,DKI3,Jagakarsa,2021,2,26,8,4
73,202102,2021-02-27,2021-02-27,RkKKo,,50.0,73.0,27.0,10.0,41.0,16.0,SEDANG,DKI3 (Jagakarsa),PM25,DKI3,Jagakarsa,2021,2,27,8,5
94,202102,2021-02-28,2021-02-28,RkKKo,,64.0,94.0,25.0,13.0,27.0,15.0,SEDANG,DKI3 (Jagakarsa),PM25,DKI3,Jagakarsa,2021,2,28,8,6
59,202102,2021-02-02,2021-02-02,RkKKo,,37.0,59.0,40.0,14.0,22.0,12.0,SEDANG,DKI4 (Lubang Buaya),PM25,DKI4,Lubang Buaya,2021,2,2,5,1
53,202101,2021-01-01,2021-01-01,RkKKo,,38.0,53.0,29.0,6.0,31.0,13.0,SEDANG,DKI1 (Bunderan HI),PM25,DKI1,Bundaran HI,2021,1,1,53,4
47,202101,2021-01-02,2021-01-02,RkKKo,,27.0,46.0,27.0,7.0,47.0,7.0,BAIK,DKI1 (Bunderan HI),O3,DKI1,Bundaran HI,2021,1,2,53,5
58,202101,2021-01-03,2021-01-03,RkKKo,,44.0,58.0,25.0,7.0,40.0,13.0,SEDANG,DKI1 (Bunderan HI),PM25,DKI1,Bundaran HI,2021,1,3,53,6
48,202101,2021-01-04,2021-01-04,RkKKo,,30.0,48.0,24.0,4.0,32.0,7.0,BAIK,DKI1 (Bunderan HI),PM25,DKI1,Bundaran HI,2021,1,4,1,0
53,202101,2021-01-05,2021-01-05,RkKKo,,38.0,53.0,24.0,6.0,31.0,9.0,SEDANG,DKI1 (Bunderan HI),PM25,DKI1,Bundaran HI,2021,1,5,1,1
58,202101,2021-01-06,2021-01-06,RkKKo,,41.0,58.0,23.0,13.0,46.0,13.0,SEDANG,DKI1 (Bunderan HI),PM25,DKI1,Bundaran HI,2021,1,6,1,2
47,202101,2021-01-07,2021-01-07,RkKKo,,35.0,47.0,22.0,6.0,39.0,10.0,BAIK,DKI1 (Bunderan HI),PM25,DKI1,Bundaran HI,2021,1,7,1,3
54,202101,2021-01-08,2021-01-08,RkKKo,,37.0,54.0,26.0,16.0,17.0,10.0,SEDANG,DKI1 (Bunderan HI),PM25,DKI1,Bundaran HI,2021,1,8,1,4
61,202101,2021-01-09,2021-01-09,RkKKo,,47.0,61.0,16.0,27.0,22.0,12.0,SEDANG,DKI1 (Bunderan HI),PM25,DKI1,Bundaran HI,2021,1,9,1,5
33,202101,2021-01-10,2021-01-10,RkKKo,,23.0,25.0,16.0,11.0,33.0,8.0,BAIK,DKI1 (Bunderan HI),O3,DKI1,Bundaran HI,2021,1,10,1,6
54,202101,2021-01-11,2021-01-11,RkKKo,,38.0,54.0,17.0,14.0,27.0,10.0,SEDANG,DKI1 (Bunderan HI),PM25,DKI1,Bundaran HI,2021,1,11,2,0
50,202101,2021-01-12,2021-01-12,RkKKo,,29.0,50.0,20.0,12.0,26.0,15.0,BAIK,DKI1 (Bunderan HI),PM25,DKI1,Bundaran HI,2021,1,12,2,1
44,202101,2021-01-13,2021-01-13,RkKKo,,34.0,44.0,17.0,13.0,20.0,9.0,BAIK,DKI1 (Bunderan HI),PM25,DKI1,Bundaran HI,2021,1,13,2,2
57,202101,2021-01-14,2021-01-14,RkKKo,,36.0,57.0,15.0,15.0,26.0,13.0,SEDANG,DKI1 (Bunderan HI),PM25,DKI1,Bundaran HI,2021,1,14,2,3
62,202101,2021-01-15,2021-01-15,RkKKo,,42.0,62.0,14.0,15.0,32.0,12.0,SEDANG,DKI1 (Bunderan HI),PM25,DKI1,Bundaran HI,2021,1,15,2,4
73,202101,2021-01-16,2021-01-16,RkKKo,,52.0,73.0,15.0,17.0,25.0,14.0,SEDANG,DKI1 (Bunderan HI),PM25,DKI1,Bundaran HI,2021,1,16,2,5
71,202101,2021-01-17,2021-01-17,RkKKo,,52.0,71.0,17.0,15.0,26.0,14.0,SEDANG,DKI1 (Bunderan HI),PM25,DKI1,Bundaran HI,2021,1,17,2,6
52,202101,2021-01-18,2021-01-18,RkKKo,,40.0,52.0,16.0,11.0,26.0,12.0,SEDANG,DKI1 (Bunderan HI),PM25,DKI1,Bundaran HI,2021,1,18,3,0
41,202101,2021-01-19,2021-01-19,RkKKo,,31.0,41.0,13.0,12.0,25.0,12.0,BAIK,DKI1 (Bunderan HI),PM25,DKI1,Bundaran HI,2021,1,19,3,1
35,202101,2021-01-20,2021-01-20,RkKKo,,35.0,34.0,12.0,12.0,22.0,13.0,BAIK,DKI1 (Bunderan HI),PM10,DKI1,Bundaran HI,2021,1,20,3,2
51,202101,2021-01-21,2021-01-21,RkKKo,,43.0,51.0,13.0,14.0,28.0,15.0,SEDANG,DKI1 (Bunderan HI),PM25,DKI1,Bundaran HI,2021,1,21,3,3
63,202101,2021-01-22,2021-01-22,RkKKo,,49.0,63.0,14.0,14.0,28.0,15.0,SEDANG,DKI1 (Bunderan HI),PM25,DKI1,Bundaran HI,2021,1,22,3,4
108,202101,2021-01-23,2021-01-23,RkKKo,,72.0,108.0,14.0,,44.0,20.0,TIDAK SEHAT,DKI1 (Bunderan HI),PM25,DKI1,Bundaran HI,2021,1,23,3,5
48,202101,2021-01-24,2021-01-24,RkKKo,,33.0,48.0,12.0,14.0,23.0,10.0,BAIK,DKI1 (Bunderan HI),PM25,DKI1,Bundaran HI,2021,1,24,3,6
82,202101,2021-01-25,2021-01-25,RkKKo,,56.0,82.0,13.0,29.0,,15.0,SEDANG,DKI1 (Bunderan HI),PM25,DKI1,Bundaran HI,2021,1,25,4,0
70,202101,2021-01-26,2021-01-26,RkKKo,,52.0,70.0,14.0,19.0,28.0,13.0,SEDANG,DKI1 (Bunderan HI),PM25,DKI1,Bundaran HI,2021,1,26,4,1
20,202101,2021-01-27,2021-01-27,RkKKo,,20.0,20.0,13.0,10.0,19.0,8.0,BAIK,DKI1 (Bunderan HI),PM10,DKI1,Bundaran HI,2021,1,27,4,2
41,202101,2021-01-28,2021-01-28,RkKKo,,27.0,41.0,14.0,18.0,17.0,11.0,BAIK,DKI1 (Bunderan HI),PM25,DKI1,Bundaran HI,2021,1,28,4,3
53,202101,2021-01-29,2021-01-29,RkKKo,,30.0,53.0,16.0,17.0,24.0,11.0,SEDANG,DKI1 (Bunderan HI),PM25,DKI1,Bundaran HI,2021,1,29,4,4
37,202101,2021-01-30,2021-01-30,RkKKo,,27.0,37.0,13.0,16.0,24.0,12.0,BAIK,DKI1 (Bunderan HI),PM25,DKI1,Bundaran HI,2021,1,30,4,5
51,202101,2021-01-31,2021-01-31,RkKKo,,36.0,51.0,13.0,16.0,26.0,10.0,SEDANG,DKI1 (Bunderan HI),PM25,DKI1,Bundaran HI,2021,1,31,4,6
65,202101,2021-01-01,2021-01-01,RkKKo,,38.0,58.0,2.0,11.0,,6.0,SEDANG,DKI2 (Kelapa Gading),O3,DKI2,Kelapa Gading,2021,1,1,53,4
80,202101,2021-01-02,2021-01-02,RkKKo,,29.0,46.0,,12.0,,12.0,SEDANG,DKI2 (Kelapa Gading),O3,DKI2,Kelapa Gading,2021,1,2,53,5
86,202101,2021-01-03,2021-01-03,RkKKo,,37.0,59.0,,10.0,,13.0,SEDANG,DKI2 (Kelapa Gading),O3,DKI2,Kelapa Gading,2021,1,3,53,6
77,202101,2021-01-04,2021-01-04,RkKKo,,30.0,49.0,,9.0,,7.0,SEDANG,DKI2 (Kelapa Gading),O3,DKI2,Kelapa Gading,2021,1,4,1,0
77,202101,2021-01-05,2021-01-05,RkKKo,,35.0,52.0,,8.0,,7.0,SEDANG,DKI2 (Kelapa Gading),O3,DKI2,Kelapa Gading,2021,1,5,1,1
85,202101,2021-01-06,2021-01-06,RkKKo,,48.0,60.0,,12.0,,14.0,SEDANG,DKI2 (Kelapa Gading),O3,DKI2,Kelapa Gading,2021,1,6,1,2
72,202101,2021-01-07,2021-01-07,RkKKo,,35.0,50.0,,9.0,,15.0,SEDANG,DKI2 (Kelapa Gading),O3,DKI2,Kelapa Gading,2021,1,7,1,3
71,202101,2021-01-08,2021-01-08,RkKKo,,38.0,55.0,,11.0,,9.0,SEDANG,DKI2 (Kelapa Gading),O3,DKI2,Kelapa Gading,2021,1,8,1,4
80,202101,2021-01-09,2021-01-09,RkKKo,,51.0,67.0,12.0,27.0,,12.0,SEDANG,DKI2 (Kelapa Gading),O3,DKI2,Kelapa Gading,2021,1,9,1,5
59,202101,2021-01-10,2021-01-10,RkKKo,,24.0,39.0,13.0,10.0,59.0,14.0,SEDANG,DKI2 (Kelapa Gading),O3,DKI2,Kelapa Gading,2021,1,10,1,6
68,202101,2021-01-11,2021-01-11,RkKKo,,35.0,54.0,13.0,12.0,,13.0,SEDANG,DKI2 (Kelapa Gading),O3,DKI2,Kelapa Gading,2021,1,11,2,0
77,202101,2021-01-12,2021-01-12,RkKKo,,27.0,51.0,15.0,7.0,,15.0,SEDANG,DKI2 (Kelapa Gading),O3,DKI2,Kelapa Gading,2021,1,12,2,1
68,202101,2021-01-13,2021-01-13,RkKKo,,33.0,44.0,13.0,10.0,,7.0,SEDANG,DKI2 (Kelapa Gading),O3,DKI2,Kelapa Gading,2021,1,13,2,2
65,202101,2021-01-14,2021-01-14,RkKKo,,28.0,49.0,11.0,6.0,,11.0,SEDANG,DKI2 (Kelapa Gading),O3,DKI2,Kelapa Gading,2021,1,14,2,3
65,202101,2021-01-15,2021-01-15,RkKKo,,42.0,60.0,11.0,14.0,,12.0,SEDANG,DKI2 (Kelapa Gading),O3,DKI2,Kelapa Gading,2021,1,15,2,4
71,202101,2021-01-16,2021-01-16,RkKKo,,49.0,71.0,13.0,10.0,,9.0,SEDANG,DKI2 (Kelapa Gading),PM25,DKI2,Kelapa Gading,2021,1,16,2,5
93,202101,2021-01-17,2021-01-17,RkKKo,,55.0,75.0,16.0,10.0,,10.0,SEDANG,DKI2 (Kelapa Gading),O3,DKI2,Kelapa Gading,2021,1,17,2,6
78,202101,2021-01-18,2021-01-18,RkKKo,,35.0,49.0,13.0,5.0,,9.0,SEDANG,DKI2 (Kelapa Gading),O3,DKI2,Kelapa Gading,2021,1,18,3,0
58,202101,2021-01-19,2021-01-19,RkKKo,,31.0,42.0,11.0,6.0,58.0,9.0,SEDANG,DKI2 (Kelapa Gading),O3,DKI2,Kelapa Gading,2021,1,19,3,1
72,202101,2021-01-20,2021-01-20,RkKKo,,42.0,45.0,11.0,6.0,,6.0,SEDANG,DKI2 (Kelapa Gading),O3,DKI2,Kelapa Gading,2021,1,20,3,2
67,202101,2021-01-21,2021-01-21,RkKKo,,46.0,44.0,12.0,9.0,,13.0,SEDANG,DKI2 (Kelapa Gading),O3,DKI2,Kelapa Gading,2021,1,21,3,3
67,202101,2021-01-22,2021-01-22,RkKKo,,51.0,60.0,12.0,8.0,,16.0,SEDANG,DKI2 (Kelapa Gading),O3,DKI2,Kelapa Gading,2021,1,22,3,4
108,202101,2021-01-23,2021-01-23,RkKKo,,73.0,108.0,14.0,,,19.0,TIDAK SEHAT,DKI2 (Kelapa Gading),PM25,DKI2,Kelapa Gading,2021,1,23,3,5
75,202101,2021-01-24,2021-01-24,RkKKo,,51.0,59.0,12.0,9.0,,7.0,SEDANG,DKI2 (Kelapa Gading),O3,DKI2,Kelapa Gading,2021,1,24,3,6
134,202101,2021-01-25,2021-01-25,RkKKo,,62.0,86.0,14.0,26.0,,14.0,TIDAK SEHAT,DKI2 (Kelapa Gading),O3,DKI2,Kelapa Gading,2021,1,25,4,0
76,202101,2021-01-26,2021-01-26,RkKKo,,54.0,76.0,26.0,14.0,,12.0,SEDANG,DKI2 (Kelapa Gading),PM25,DKI2,Kelapa Gading,2021,1,26,4,1
63,202101,2021-01-27,2021-01-27,RkKKo,,21.0,29.0,25.0,7.0,,5.0,SEDANG,DKI2 (Kelapa Gading),O3,DKI2,Kelapa Gading,2021,1,27,4,2
53,202101,2021-01-28,2021-01-28,RkKKo,,28.0,49.0,25.0,10.0,53.0,7.0,SEDANG,DKI2 (Kelapa Gading),O3,DKI2,Kelapa Gading,2021,1,28,4,3
65,202101,2021-01-29,2021-01-29,RkKKo,,28.0,49.0,26.0,7.0,,9.0,SEDANG,DKI2 (Kelapa Gading),O3,DKI2,Kelapa Gading,2021,1,29,4,4
64,202101,2021-01-30,2021-01-30,RkKKo,,27.0,39.0,25.0,10.0,,8.0,SEDANG,DKI2 (Kelapa Gading),O3,DKI2,Kelapa Gading,2021,1,30,4,5
68,202101,2021-01-31,2021-01-31,RkKKo,,38.0,55.0,24.0,11.0,,7.0,SEDANG,DKI2 (Kelapa Gading),O3,DKI2,Kelapa Gading,2021,1,31,4,6
56,202101,2021-01-01,2021-01-01,RkKKo,,43.0,56.0,15.0,10.0,33.0,5.0,SEDANG,DKI3 (Jagakarsa),PM25,DKI3,Jagakarsa,2021,1,1,53,4
86,202101,2021-01-02,2021-01-02,RkKKo,,58.0,86.0,15.0,22.0,38.0,5.0,SEDANG,DKI3 (Jagakarsa),PM25,DKI3,Jagakarsa,2021,1,2,53,5
93,202101,2021-01-03,2021-01-03,RkKKo,,64.0,93.0,14.0,20.0,35.0,5.0,SEDANG,DKI3 (Jagakarsa),PM25,DKI3,Jagakarsa,2021,1,3,53,6
67,202101,2021-01-04,2021-01-04,RkKKo,,50.0,67.0,13.0,15.0,17.0,4.0,SEDANG,DKI3 (Jagakarsa),PM25,DKI3,Jagakarsa,2021,1,4,1,0
89,202101,2021-01-05,2021-01-05,RkKKo,,59.0,89.0,15.0,19.0,42.0,7.0,SEDANG,DKI3 (Jagakarsa),PM25,DKI3,Jagakarsa,2021,1,5,1,1
81,202101,2021-01-06,2021-01-06,RkKKo,,52.0,81.0,18.0,28.0,52.0,11.0,SEDANG,DKI3 (Jagakarsa),PM25,DKI3,Jagakarsa,2021,1,6,1,2
52,202101,2021-01-07,2021-01-07,RkKKo,,22.0,52.0,16.0,12.0,44.0,5.0,SEDANG,DKI3 (Jagakarsa),PM25,DKI3,Jagakarsa,2021,1,7,1,3
68,202101,2021-01-08,2021-01-08,RkKKo,,26.0,68.0,21.0,22.0,40.0,9.0,SEDANG,DKI3 (Jagakarsa),PM25,DKI3,Jagakarsa,2021,1,8,1,4
77,202101,2021-01-09,2021-01-09,RkKKo,,25.0,77.0,17.0,,31.0,8.0,SEDANG,DKI3 (Jagakarsa),PM25,DKI3,Jagakarsa,2021,1,9,1,5
33,202101,2021-01-10,2021-01-10,RkKKo,,15.0,33.0,16.0,7.0,23.0,4.0,BAIK,DKI3 (Jagakarsa),PM25,DKI3,Jagakarsa,2021,1,10,1,6
72,202101,2021-01-11,2021-01-11,RkKKo,,,72.0,17.0,15.0,56.0,4.0,SEDANG,DKI3 (Jagakarsa),PM25,DKI3,Jagakarsa,2021,1,11,2,0
58,202101,2021-01-12,2021-01-12,RkKKo,,,58.0,18.0,9.0,37.0,4.0,SEDANG,DKI3 (Jagakarsa),PM25,DKI3,Jagakarsa,2021,1,12,2,1
47,202101,2021-01-13,2021-01-13,RkKKo,,26.0,47.0,16.0,6.0,39.0,3.0,BAIK,DKI3 (Jagakarsa),PM25,DKI3,Jagakarsa,2021,1,13,2,2
78,202101,2021-01-14,2021-01-14,RkKKo,,29.0,78.0,20.0,14.0,40.0,8.0,SEDANG,DKI3 (Jagakarsa),PM25,DKI3,Jagakarsa,2021,1,14,2,3
82,202101,2021-01-15,2021-01-15,RkKKo,,24.0,82.0,19.0,16.0,,6.0,SEDANG,DKI3 (Jagakarsa),PM25,DKI3,Jagakarsa,2021,1,15,2,4
92,202101,2021-01-16,2021-01-16,RkKKo,,70.0,92.0,19.0,16.0,60.0,7.0,SEDANG,DKI3 (Jagakarsa),PM25,DKI3,Jagakarsa,2021,1,16,2,5
86,202101,2021-01-17,2021-01-17,RkKKo,,58.0,86.0,22.0,11.0,43.0,9.0,SEDANG,DKI3 (Jagakarsa),PM25,DKI3,Jagakarsa,2021,1,17,2,6
64,202101,2021-01-18,2021-01-18,RkKKo,,51.0,64.0,21.0,7.0,38.0,5.0,SEDANG,DKI3 (Jagakarsa),PM25,DKI3,Jagakarsa,2021,1,18,3,0
56,202101,2021-01-19,2021-01-19,RkKKo,,42.0,56.0,19.0,7.0,37.0,6.0,SEDANG,DKI3 (Jagakarsa),PM25,DKI3,Jagakarsa,2021,1,19,3,1
46,202101,2021-01-20,2021-01-20,RkKKo,,46.0,,17.0,17.0,41.0,10.0,BAIK,DKI3 (Jagakarsa),PM10,DKI3,Jagakarsa,2021,1,20,3,2
52,202101,2021-01-21,2021-01-21,RkKKo,,52.0,,18.0,19.0,44.0,9.0,SEDANG,DKI3 (Jagakarsa),PM10,DKI3,Jagakarsa,2021,1,21,3,3
112,202101,2021-01-22,2021-01-22,RkKKo,,84.0,112.0,20.0,,57.0,10.0,TIDAK SEHAT,DKI3 (Jagakarsa),PM25,DKI3,Jagakarsa,2021,1,22,3,4
126,202101,2021-01-23,2021-01-23,RkKKo,,89.0,126.0,19.0,,,13.0,TIDAK SEHAT,DKI3 (Jagakarsa),PM25,DKI3,Jagakarsa,2021,1,23,3,5
90,202101,2021-01-24,2021-01-24,RkKKo,,64.0,90.0,19.0,31.0,34.0,10.0,SEDANG,DKI3 (Jagakarsa),PM25,DKI3,Jagakarsa,2021,1,24,3,6
95,202101,2021-01-25,2021-01-25,RkKKo,,60.0,95.0,18.0,23.0,,8.0,SEDANG,DKI3 (Jagakarsa),PM25,DKI3,Jagakarsa,2021,1,25,4,0
79,202101,2021-01-26,2021-01-26,RkKKo,,54.0,79.0,18.0,15.0,50.0,7.0,SEDANG,DKI3 (Jagakarsa),PM25,DKI3,Jagakarsa,2021,1,26,4,1
37,202101,2021-01-27,2021-01-27,RkKKo,,33.0,37.0,17.0,5.0,30.0,4.0,BAIK,DKI3 (Jagakarsa),PM25,DKI3,Jagakarsa,2021,1,27,4,2
49,202101,2021-01-28,2021-01-28,RkKKo,,26.0,49.0,16.0,9.0,26.0,5.0,BAIK,DKI3 (Jagakarsa),PM25,DKI3,Jagakarsa,2021,1,28,4,3
48,202101,2021-01-29,2021-01-29,RkKKo,,28.0,16.0,17.0,9.0,48.0,4.0,BAIK,DKI3 (Jagakarsa),O3,DKI3,Jagakarsa,2021,1,29,4,4
46,202101,2021-01-30,2021-01-30,RkKKo,,46.0,,16.0,10.0,41.0,4.0,BAIK,DKI3 (Jagakarsa),PM10,DKI3,Jagakarsa,2021,1,30,4,5
39,202101,2021-01-31,2021-01-31,RkKKo,,38.0,,17.0,7.0,39.0,,BAIK,DKI3 (Jagakarsa),O3,DKI3,Jagakarsa,2021,1,31,4,6
41,202101,2021-01-01,2021-01-01,RkKKo,,41.0,,37.0,14.0,35.0,4.0,BAIK,DKI4 (Lubang Buaya),PM10,DKI4,Lubang Buaya,2021,1,1,53,4
59,202101,2021-01-02,2021-01-02,RkKKo,,44.0,,38.0,,59.0,3.0,SEDANG,DKI4 (Lubang Buaya),CO,DKI4,Lubang Buaya,2021,1,2,53,5
52,202101,2021-01-03,2021-01-03,RkKKo,,50.0,,37.0,16.0,52.0,5.0,SEDANG,DKI4 (Lubang Buaya),CO,DKI4,Lubang Buaya,2021,1,3,53,6
45,202101,2021-01-04,2021-01-04,RkKKo,,45.0,,36.0,16.0,24.0,3.0,BAIK,DKI4 (Lubang Buaya),PM10,DKI4,Lubang Buaya,2021,1,4,1,0
52,202101,2021-01-05,2021-01-05,RkKKo,,52.0,,36.0,15.0,35.0,8.0,SEDANG,DKI4 (Lubang Buaya),PM10,DKI4,Lubang Buaya,2021,1,5,1,1
73,202101,2021-01-06,2021-01-06,RkKKo,,73.0,,32.0,29.0,,6.0,SEDANG,DKI4 (Lubang Buaya),PM10,DKI4,Lubang Buaya,2021,1,6,1,2
55,202101,2021-01-07,2021-01-07,RkKKo,,36.0,,30.0,19.0,55.0,5.0,SEDANG,DKI4 (Lubang Buaya),CO,DKI4,Lubang Buaya,2021,1,7,1,3
51,202101,2021-01-08,2021-01-08,RkKKo,,36.0,,31.0,23.0,51.0,6.0,SEDANG,DKI4 (Lubang Buaya),CO,DKI4,Lubang Buaya,2021,1,8,1,4
60,202101,2021-01-09,2021-01-09,RkKKo,,60.0,,30.0,,42.0,6.0,SEDANG,DKI4 (Lubang Buaya),PM10,DKI4,Lubang Buaya,2021,1,9,1,5
38,202101,2021-01-10,2021-01-10,RkKKo,,14.0,,28.0,9.0,38.0,3.0,BAIK,DKI4 (Lubang Buaya),CO,DKI4,Lubang Buaya,2021,1,10,1,6
57,202101,2021-01-11,2021-01-11,RkKKo,,51.0,,29.0,17.0,57.0,4.0,SEDANG,DKI4 (Lubang Buaya),CO,DKI4,Lubang Buaya,2021,1,11,2,0
44,202101,2021-01-12,2021-01-12,RkKKo,,23.0,,28.0,11.0,44.0,4.0,BAIK,DKI4 (Lubang Buaya),CO,DKI4,Lubang Buaya,2021,1,12,2,1
36,202101,2021-01-13,2021-01-13,RkKKo,,36.0,,27.0,8.0,32.0,3.0,BAIK,DKI4 (Lubang Buaya),PM10,DKI4,Lubang Buaya,2021,1,13,2,2
38,202101,2021-01-14,2021-01-14,RkKKo,,35.0,,28.0,13.0,38.0,5.0,BAIK,DKI4 (Lubang Buaya),CO,DKI4,Lubang Buaya,2021,1,14,2,3
56,202101,2021-01-15,2021-01-15,RkKKo,,51.0,,26.0,20.0,56.0,5.0,SEDANG,DKI4 (Lubang Buaya),CO,DKI4,Lubang Buaya,2021,1,15,2,4
47,202101,2021-01-16,2021-01-16,RkKKo,,47.0,,27.0,18.0,38.0,7.0,BAIK,DKI4 (Lubang Buaya),PM10,DKI4,Lubang Buaya,2021,1,16,2,5
52,202101,2021-01-17,2021-01-17,RkKKo,,52.0,,28.0,12.0,41.0,8.0,SEDANG,DKI4 (Lubang Buaya),PM10,DKI4,Lubang Buaya,2021,1,17,2,6
37,202101,2021-01-18,2021-01-18,RkKKo,,34.0,,28.0,10.0,37.0,4.0,BAIK,DKI4 (Lubang Buaya),CO,DKI4,Lubang Buaya,2021,1,18,3,0
31,202101,2021-01-19,2021-01-19,RkKKo,,25.0,,26.0,12.0,31.0,7.0,BAIK,DKI4 (Lubang Buaya),CO,DKI4,Lubang Buaya,2021,1,19,3,1
54,202101,2021-01-20,2021-01-20,RkKKo,,54.0,,25.0,16.0,33.0,8.0,SEDANG,DKI4 (Lubang Buaya),PM10,DKI4,Lubang Buaya,2021,1,20,3,2
63,202101,2021-01-21,2021-01-21,RkKKo,,63.0,,25.0,21.0,38.0,7.0,SEDANG,DKI4 (Lubang Buaya),PM10,DKI4,Lubang Buaya,2021,1,21,3,3
54,202101,2021-01-22,2021-01-22,RkKKo,,52.0,,26.0,,54.0,8.0,SEDANG,DKI4 (Lubang Buaya),CO,DKI4,Lubang Buaya,2021,1,22,3,4
89,202101,2021-01-23,2021-01-23,RkKKo,,89.0,,27.0,,,11.0,SEDANG,DKI4 (Lubang Buaya),PM10,DKI4,Lubang Buaya,2021,1,23,3,5
57,202101,2021-01-26,2021-01-26,RkKKo,,57.0,,26.0,,39.0,7.0,SEDANG,DKI4 (Lubang Buaya),PM10,DKI4,Lubang Buaya,2021,1,26,4,1
25,202101,2021-01-27,2021-01-27,RkKKo,,18.0,,25.0,7.0,19.0,4.0,BAIK,DKI4 (Lubang Buaya),PM25,DKI4,Lubang Buaya,2021,1,27,4,2
25,202101,2021-01-28,2021-01-28,RkKKo,,23.0,,25.0,11.0,20.0,5.0,BAIK,DKI4 (Lubang Buaya),PM25,DKI4,Lubang Buaya,2021,1,28,4,3
36,202101,2021-01-29,2021-01-29,RkKKo,,27.0,,26.0,9.0,36.0,4.0,BAIK,DKI4 (Lubang Buaya),CO,DKI4,Lubang Buaya,2021,1,29,4,4
32,202101,2021-01-30,2021-01-30,RkKKo,,21.0,,26.0,16.0,32.0,6.0,BAIK,DKI4 (Lubang Buaya),CO,DKI4,Lubang Buaya,2021,1,30,4,5
17,202101,2021-01-31,2021-01-31,RkKKo,,,,,17.0,,,BAIK,DKI4 (Lubang Buaya),SO2,DKI4,Lubang Buaya,2021,1,31,4,6
37,202101,2021-01-01,2021-01-01,RkKKo,,37.0,,20.0,12.0,25.0,4.0,BAIK,DKI5 (Kebon Jeruk) Jakarta Barat,PM10,DKI5,Kebon Jeruk,2021,1,1,53,4
64,202101,2021-01-02,2021-01-02,RkKKo,,33.0,,18.0,20.0,,6.0,SEDANG,DKI5 (Kebon Jeruk) Jakarta Barat,CO,DKI5,Kebon Jeruk,2021,1,2,53,5
62,202101,2021-01-03,2021-01-03,RkKKo,,42.0,,15.0,10.0,,3.0,SEDANG,DKI5 (Kebon Jeruk) Jakarta Barat,CO,DKI5,Kebon Jeruk,2021,1,3,53,6
31,202101,2021-01-04,2021-01-04,RkKKo,,27.0,,14.0,7.0,31.0,4.0,BAIK,DKI5 (Kebon Jeruk) Jakarta Barat,CO,DKI5,Kebon Jeruk,2021,1,4,1,0
41,202101,2021-01-05,2021-01-05,RkKKo,,41.0,,15.0,9.0,28.0,,BAIK,DKI5 (Kebon Jeruk) Jakarta Barat,PM10,DKI5,Kebon Jeruk,2021,1,5,1,1
46,202101,2021-01-06,2021-01-06,RkKKo,,33.0,,12.0,19.0,46.0,,BAIK,DKI5 (Kebon Jeruk) Jakarta Barat,CO,DKI5,Kebon Jeruk,2021,1,6,1,2
36,202101,2021-01-07,2021-01-07,RkKKo,,27.0,,13.0,11.0,36.0,,BAIK,DKI5 (Kebon Jeruk) Jakarta Barat,CO,DKI5,Kebon Jeruk,2021,1,7,1,3
36,202101,2021-01-08,2021-01-08,RkKKo,,36.0,,18.0,19.0,28.0,,BAIK,DKI5 (Kebon Jeruk) Jakarta Barat,PM10,DKI5,Kebon Jeruk,2021,1,8,1,4
46,202101,2021-01-09,2021-01-09,RkKKo,,46.0,,17.0,26.0,27.0,12.0,BAIK,DKI5 (Kebon Jeruk) Jakarta Barat,PM10,DKI5,Kebon Jeruk,2021,1,9,1,5
34,202101,2021-01-10,2021-01-10,RkKKo,,19.0,,20.0,8.0,34.0,5.0,BAIK,DKI5 (Kebon Jeruk) Jakarta Barat,CO,DKI5,Kebon Jeruk,2021,1,10,1,6
34,202101,2021-01-11,2021-01-11,RkKKo,,33.0,,21.0,10.0,34.0,9.0,BAIK,DKI5 (Kebon Jeruk) Jakarta Barat,CO,DKI5,Kebon Jeruk,2021,1,11,2,0
38,202101,2021-01-12,2021-01-12,RkKKo,,25.0,,22.0,6.0,38.0,6.0,BAIK,DKI5 (Kebon Jeruk) Jakarta Barat,CO,DKI5,Kebon Jeruk,2021,1,12,2,1
27,202101,2021-01-13,2021-01-13,RkKKo,,25.0,,20.0,5.0,27.0,9.0,BAIK,DKI5 (Kebon Jeruk) Jakarta Barat,CO,DKI5,Kebon Jeruk,2021,1,13,2,2
36,202101,2021-01-14,2021-01-14,RkKKo,,32.0,,17.0,8.0,36.0,7.0,BAIK,DKI5 (Kebon Jeruk) Jakarta Barat,CO,DKI5,Kebon Jeruk,2021,1,14,2,3
52,202101,2021-01-15,2021-01-15,RkKKo,,52.0,,15.0,15.0,41.0,7.0,SEDANG,DKI5 (Kebon Jeruk) Jakarta Barat,PM10,DKI5,Kebon Jeruk,2021,1,15,2,4
37,202101,2021-01-16,2021-01-16,RkKKo,,,,18.0,12.0,37.0,8.0,BAIK,DKI5 (Kebon Jeruk) Jakarta Barat,CO,DKI5,Kebon Jeruk,2021,1,16,2,5
32,202101,2021-01-17,2021-01-17,RkKKo,,,,20.0,15.0,32.0,9.0,BAIK,DKI5 (Kebon Jeruk) Jakarta Barat,CO,DKI5,Kebon Jeruk,2021,1,17,2,6
31,202101,2021-01-18,2021-01-18,RkKKo,,,,22.0,8.0,31.0,4.0,BAIK,DKI5 (Kebon Jeruk) Jakarta Barat,CO,DKI5,Kebon Jeruk,2021,1,18,3,0
35,202101,2021-01-19,2021-01-19,RkKKo,,29.0,,14.0,6.0,35.0,5.0,BAIK,DKI5 (Kebon Jeruk) Jakarta Barat,CO,DKI5,Kebon Jeruk,2021,1,19,3,1
33,202101,2021-01-20,2021-01-20,RkKKo,,30.0,,15.0,7.0,33.0,,BAIK,DKI5 (Kebon Jeruk) Jakarta Barat,CO,DKI5,Kebon Jeruk,2021,1,20,3,2
43,202101,2021-01-21,2021-01-21,RkKKo,,43.0,,16.0,15.0,37.0,8.0,BAIK,DKI5 (Kebon Jeruk) Jakarta Barat,PM10,DKI5,Kebon Jeruk,2021,1,21,3,3
103,202103,2021-03-04,2021-03-04,RkKKo,,62.0,103.0,40.0,19.0,33.0,11.0,TIDAK SEHAT,DKI4 (Lubang Buaya),PM25,DKI4,Lubang Buaya,2021,3,4,9,3
79,202103,2021-03-05,2021-03-05,RkKKo,,51.0,79.0,40.0,14.0,32.0,13.0,SEDANG,DKI4 (Lubang Buaya),PM25,DKI4,Lubang Buaya,2021,3,5,9,4
95,202103,2021-03-06,2021-03-06,RkKKo,,61.0,95.0,40.0,22.0,32.0,13.0,SEDANG,DKI4 (Lubang Buaya),PM25,DKI4,Lubang Buaya,2021,3,6,9,5
102,202103,2021-03-07,2021-03-07,RkKKo,,60.0,102.0,41.0,23.0,34.0,14.0,TIDAK SEHAT,DKI4 (Lubang Buaya),PM25,DKI4,Lubang Buaya,2021,3,7,9,6
81,202103,2021-03-08,2021-03-08,RkKKo,,58.0,81.0,40.0,16.0,19.0,6.0,SEDANG,DKI4 (Lubang Buaya),PM25,DKI4,Lubang Buaya,2021,3,8,10,0
55,202103,2021-03-09,2021-03-09,RkKKo,,24.0,55.0,41.0,10.0,18.0,8.0,SEDANG,DKI4 (Lubang Buaya),PM25,DKI4,Lubang Buaya,2021,3,9,10,1
89,202103,2021-03-10,2021-03-10,RkKKo,,56.0,89.0,40.0,21.0,21.0,12.0,SEDANG,DKI4 (Lubang Buaya),PM25,DKI4,Lubang Buaya,2021,3,10,10,2
53,202103,2021-03-11,2021-03-11,RkKKo,,28.0,53.0,39.0,9.0,25.0,9.0,SEDANG,DKI4 (Lubang Buaya),PM25,DKI4,Lubang Buaya,2021,3,11,10,3
83,202103,2021-03-12,2021-03-12,RkKKo,,53.0,83.0,41.0,19.0,22.0,13.0,SEDANG,DKI4 (Lubang Buaya),PM25,DKI4,Lubang Buaya,2021,3,12,10,4
69,202103,2021-03-13,2021-03-13,RkKKo,,37.0,69.0,41.0,10.0,20.0,9.0,SEDANG,DKI4 (Lubang Buaya),PM25,DKI4,Lubang Buaya,2021,3,13,10,5
68,202103,2021-03-14,2021-03-14,RkKKo,,40.0,68.0,41.0,16.0,14.0,9.0,SEDANG,DKI4 (Lubang Buaya),PM25,DKI4,Lubang Buaya,2021,3,14,10,6
77,202103,2021-03-15,2021-03-15,RkKKo,,37.0,77.0,42.0,14.0,24.0,12.0,SEDANG,DKI4 (Lubang Buaya),PM25,DKI4,Lubang Buaya,2021,3,15,11,0
101,202103,2021-03-16,2021-03-16,RkKKo,,57.0,101.0,46.0,13.0,37.0,18.0,TIDAK SEHAT,DKI4 (Lubang Buaya),PM25,DKI4,Lubang Buaya,2021,3,16,11,1
123,202103,2021-03-17,2021-03-17,RkKKo,,68.0,123.0,43.0,20.0,37.0,14.0,TIDAK SEHAT,DKI4 (Lubang Buaya),PM25,DKI4,Lubang Buaya,2021,3,17,11,2
125,202103,2021-03-18,2021-03-18,RkKKo,,68.0,125.0,45.0,16.0,37.0,22.0,TIDAK SEHAT,DKI4 (Lubang Buaya),PM25,DKI4,Lubang Buaya,2021,3,18,11,3
91,202103,2021-03-19,2021-03-19,RkKKo,,57.0,91.0,42.0,12.0,42.0,15.0,SEDANG,DKI4 (Lubang Buaya),PM25,DKI4,Lubang Buaya,2021,3,19,11,4
98,202103,2021-03-20,2021-03-20,RkKKo,,55.0,98.0,44.0,12.0,38.0,18.0,SEDANG,DKI4 (Lubang Buaya),PM25,DKI4,Lubang Buaya,2021,3,20,11,5
85,202103,2021-03-21,2021-03-21,RkKKo,,57.0,85.0,41.0,16.0,22.0,17.0,SEDANG,DKI4 (Lubang Buaya),PM25,DKI4,Lubang Buaya,2021,3,21,11,6
78,202103,2021-03-22,2021-03-22,RkKKo,,52.0,78.0,41.0,15.0,20.0,11.0,SEDANG,DKI4 (Lubang Buaya),PM25,DKI4,Lubang Buaya,2021,3,22,12,0
62,202103,2021-03-23,2021-03-23,RkKKo,,38.0,62.0,41.0,8.0,12.0,7.0,SEDANG,DKI4 (Lubang Buaya),PM25,DKI4,Lubang Buaya,2021,3,23,12,1
55,202103,2021-03-24,2021-03-24,RkKKo,,30.0,55.0,40.0,7.0,13.0,9.0,SEDANG,DKI4 (Lubang Buaya),PM25,DKI4,Lubang Buaya,2021,3,24,12,2
68,202103,2021-03-25,2021-03-25,RkKKo,,36.0,68.0,41.0,8.0,19.0,12.0,SEDANG,DKI4 (Lubang Buaya),PM25,DKI4,Lubang Buaya,2021,3,25,12,3
83,202103,2021-03-26,2021-03-26,RkKKo,,52.0,83.0,42.0,17.0,31.0,16.0,SEDANG,DKI4 (Lubang Buaya),PM25,DKI4,Lubang Buaya,2021,3,26,12,4
91,202103,2021-03-27,2021-03-27,RkKKo,,58.0,91.0,43.0,13.0,35.0,20.0,SEDANG,DKI4 (Lubang Buaya),PM25,DKI4,Lubang Buaya,2021,3,27,12,5
75,202103,2021-03-28,2021-03-28,RkKKo,,50.0,75.0,41.0,14.0,37.0,16.0,SEDANG,DKI4 (Lubang Buaya),PM25,DKI4,Lubang Buaya,2021,3,28,12,6
84,202103,2021-03-29,2021-03-29,RkKKo,,54.0,84.0,41.0,18.0,35.0,19.0,SEDANG,DKI4 (Lubang Buaya),PM25,DKI4,Lubang Buaya,2021,3,29,13,0
76,202103,2021-03-30,2021-03-30,RkKKo,,41.0,76.0,42.0,14.0,21.0,25.0,SEDANG,DKI4 (Lubang Buaya),PM25,DKI4,Lubang Buaya,2021,3,30,13,1
69,202103,2021-03-31,2021-03-31,RkKKo,,48.0,69.0,43.0,12.0,25.0,18.0,SEDANG,DKI4 (Lubang Buaya),PM25,DKI4,Lubang Buaya,2021,3,31,13,2
60,202103,2021-03-01,2021-03-01,RkKKo,,29.0,60.0,23.0,7.0,16.0,12.0,SEDANG,DKI5 (Kebon Jeruk) Jakarta Barat,PM25,DKI5,Kebon Jeruk,2021,3,1,9,0
65,202103,2021-03-02,2021-03-02,RkKKo,,35.0,65.0,23.0,11.0,22.0,17.0,SEDANG,DKI5 (Kebon Jeruk) Jakarta Barat,PM25,DKI5,Kebon Jeruk,2021,3,2,9,1
79,202103,2021-03-03,2021-03-03,RkKKo,,49.0,79.0,24.0,13.0,20.0,21.0,SEDANG,DKI5 (Kebon Jeruk) Jakarta Barat,PM25,DKI5,Kebon Jeruk,2021,3,3,9,2
75,202103,2021-03-05,2021-03-05,RkKKo,,43.0,75.0,26.0,14.0,20.0,28.0,SEDANG,DKI5 (Kebon Jeruk) Jakarta Barat,PM25,DKI5,Kebon Jeruk,2021,3,5,9,4
88,202103,2021-03-06,2021-03-06,RkKKo,,53.0,88.0,25.0,25.0,16.0,42.0,SEDANG,DKI5 (Kebon Jeruk) Jakarta Barat,PM25,DKI5,Kebon Jeruk,2021,3,6,9,5
103,202103,2021-03-07,2021-03-07,RkKKo,,59.0,103.0,30.0,18.0,22.0,26.0,TIDAK SEHAT,DKI5 (Kebon Jeruk) Jakarta Barat,PM25,DKI5,Kebon Jeruk,2021,3,7,9,6
67,202103,2021-03-08,2021-03-08,RkKKo,,45.0,67.0,27.0,12.0,11.0,22.0,SEDANG,DKI5 (Kebon Jeruk) Jakarta Barat,PM25,DKI5,Kebon Jeruk,2021,3,8,10,0
62,202103,2021-03-09,2021-03-09,RkKKo,,35.0,62.0,31.0,7.0,12.0,16.0,SEDANG,DKI5 (Kebon Jeruk) Jakarta Barat,PM25,DKI5,Kebon Jeruk,2021,3,9,10,1
91,202103,2021-03-10,2021-03-10,RkKKo,,53.0,91.0,27.0,21.0,17.0,39.0,SEDANG,DKI5 (Kebon Jeruk) Jakarta Barat,PM25,DKI5,Kebon Jeruk,2021,3,10,10,2
41,202103,2021-03-11,2021-03-11,RkKKo,,,41.0,20.0,5.0,22.0,8.0,BAIK,DKI5 (Kebon Jeruk) Jakarta Barat,PM25,DKI5,Kebon Jeruk,2021,3,11,10,3
70,202103,2021-03-12,2021-03-12,RkKKo,,,70.0,32.0,10.0,20.0,17.0,SEDANG,DKI5 (Kebon Jeruk) Jakarta Barat,PM25,DKI5,Kebon Jeruk,2021,3,12,10,4
62,202103,2021-03-13,2021-03-13,RkKKo,,35.0,62.0,33.0,6.0,19.0,10.0,SEDANG,DKI5 (Kebon Jeruk) Jakarta Barat,PM25,DKI5,Kebon Jeruk,2021,3,13,10,5
72,202103,2021-03-14,2021-03-14,RkKKo,,44.0,72.0,27.0,11.0,13.0,21.0,SEDANG,DKI5 (Kebon Jeruk) Jakarta Barat,PM25,DKI5,Kebon Jeruk,2021,3,14,10,6
92,202103,2021-03-15,2021-03-15,RkKKo,,55.0,92.0,34.0,17.0,18.0,33.0,SEDANG,DKI5 (Kebon Jeruk) Jakarta Barat,PM25,DKI5,Kebon Jeruk,2021,3,15,11,0
87,202103,2021-03-16,2021-03-16,RkKKo,,54.0,87.0,40.0,11.0,28.0,18.0,SEDANG,DKI5 (Kebon Jeruk) Jakarta Barat,PM25,DKI5,Kebon Jeruk,2021,3,16,11,1
117,202103,2021-03-17,2021-03-17,RkKKo,,65.0,117.0,31.0,17.0,28.0,32.0,TIDAK SEHAT,DKI5 (Kebon Jeruk) Jakarta Barat,PM25,DKI5,Kebon Jeruk,2021,3,17,11,2
107,202103,2021-03-18,2021-03-18,RkKKo,,62.0,107.0,40.0,11.0,34.0,17.0,TIDAK SEHAT,DKI5 (Kebon Jeruk) Jakarta Barat,PM25,DKI5,Kebon Jeruk,2021,3,18,11,3
96,202103,2021-03-19,2021-03-19,RkKKo,,58.0,96.0,35.0,10.0,33.0,16.0,SEDANG,DKI5 (Kebon Jeruk) Jakarta Barat,PM25,DKI5,Kebon Jeruk,2021,3,19,11,4
89,202103,2021-03-20,2021-03-20,RkKKo,,56.0,89.0,32.0,9.0,22.0,17.0,SEDANG,DKI5 (Kebon Jeruk) Jakarta Barat,PM25,DKI5,Kebon Jeruk,2021,3,20,11,5
62,202103,2021-03-21,2021-03-21,RkKKo,,37.0,62.0,24.0,6.0,17.0,9.0,SEDANG,DKI5 (Kebon Jeruk) Jakarta Barat,PM25,DKI5,Kebon Jeruk,2021,3,21,11,6
67,202103,2021-03-22,2021-03-22,RkKKo,,38.0,67.0,23.0,7.0,14.0,10.0,SEDANG,DKI5 (Kebon Jeruk) Jakarta Barat,PM25,DKI5,Kebon Jeruk,2021,3,22,12,0
59,202103,2021-03-23,2021-03-23,RkKKo,,35.0,59.0,25.0,6.0,11.0,14.0,SEDANG,DKI5 (Kebon Jeruk) Jakarta Barat,PM25,DKI5,Kebon Jeruk,2021,3,23,12,1
52,202103,2021-03-24,2021-03-24,RkKKo,,26.0,52.0,21.0,4.0,13.0,6.0,SEDANG,DKI5 (Kebon Jeruk) Jakarta Barat,PM25,DKI5,Kebon Jeruk,2021,3,24,12,2
53,202103,2021-03-25,2021-03-25,RkKKo,,23.0,53.0,23.0,4.0,21.0,5.0,SEDANG,DKI5 (Kebon Jeruk) Jakarta Barat,PM25,DKI5,Kebon Jeruk,2021,3,25,12,3
79,202103,2021-03-26,2021-03-26,RkKKo,,48.0,79.0,24.0,10.0,23.0,19.0,SEDANG,DKI5 (Kebon Jeruk) Jakarta Barat,PM25,DKI5,Kebon Jeruk,2021,3,26,12,4
83,202103,2021-03-27,2021-03-27,RkKKo,,51.0,83.0,38.0,12.0,24.0,23.0,SEDANG,DKI5 (Kebon Jeruk) Jakarta Barat,PM25,DKI5,Kebon Jeruk,2021,3,27,12,5
78,202103,2021-03-28,2021-03-28,RkKKo,,50.0,78.0,22.0,12.0,34.0,19.0,SEDANG,DKI5 (Kebon Jeruk) Jakarta Barat,PM25,DKI5,Kebon Jeruk,2021,3,28,12,6
91,202103,2021-03-29,2021-03-29,RkKKo,,54.0,91.0,21.0,17.0,29.0,26.0,SEDANG,DKI5 (Kebon Jeruk) Jakarta Barat,PM25,DKI5,Kebon Jeruk,2021,3,29,13,0
72,202103,2021-03-30,2021-03-30,RkKKo,,44.0,72.0,35.0,8.0,18.0,18.0,SEDANG,DKI5 (Kebon Jeruk) Jakarta Barat,PM25,DKI5,Kebon Jeruk,2021,3,30,13,1
62,202103,2021-03-31,2021-03-31,RkKKo,,40.0,62.0,25.0,7.0,16.0,15.0,SEDANG,DKI5 (Kebon Jeruk) Jakarta Barat,PM25,DKI5,Kebon Jeruk,2021,3,31,13,2
42,202104,2021-04-07,2021-04-07,RkKKo,,22.0,38.0,42.0,5.0,16.0,8.0,BAIK,DKI4 (Lubang Buaya),SO2,DKI4,Lubang Buaya,2021,4,7,14,2
55,202104,2021-04-08,2021-04-08,RkKKo,,24.0,55.0,48.0,8.0,14.0,10.0,SEDANG,DKI4 (Lubang Buaya),PM25,DKI4,Lubang Buaya,2021,4,8,14,3
63,202104,2021-04-09,2021-04-09,RkKKo,,42.0,63.0,43.0,8.0,21.0,13.0,SEDANG,DKI4 (Lubang Buaya),PM25,DKI4,Lubang Buaya,2021,4,9,14,4
90,202104,2021-04-10,2021-04-10,RkKKo,,61.0,90.0,43.0,15.0,27.0,21.0,SEDANG,DKI4 (Lubang Buaya),PM25,DKI4,Lubang Buaya,2021,4,10,14,5
108,202104,2021-04-11,2021-04-11,RkKKo,,66.0,108.0,47.0,18.0,35.0,24.0,TIDAK SEHAT,DKI4 (Lubang Buaya),PM25,DKI4,Lubang Buaya,2021,4,11,14,6
92,202104,2021-04-12,2021-04-12,RkKKo,,57.0,92.0,43.0,18.0,27.0,17.0,SEDANG,DKI4 (Lubang Buaya),PM25,DKI4,Lubang Buaya,2021,4,12,15,0
78,202104,2021-04-13,2021-04-13,RkKKo,,52.0,78.0,44.0,13.0,31.0,20.0,SEDANG,DKI4 (Lubang Buaya),PM25,DKI4,Lubang Buaya,2021,4,13,15,1
79,202104,2021-04-14,2021-04-14,RkKKo,,52.0,79.0,42.0,13.0,31.0,14.0,SEDANG,DKI4 (Lubang Buaya),PM25,DKI4,Lubang Buaya,2021,4,14,15,2
87,202104,2021-04-15,2021-04-15,RkKKo,,55.0,87.0,42.0,27.0,25.0,27.0,SEDANG,DKI4 (Lubang Buaya),PM25,DKI4,Lubang Buaya,2021,4,15,15,3
90,202104,2021-04-16,2021-04-16,RkKKo,,61.0,90.0,42.0,17.0,21.0,20.0,SEDANG,DKI4 (Lubang Buaya),PM25,DKI4,Lubang Buaya,2021,4,16,15,4
109,202104,2021-04-17,2021-04-17,RkKKo,,63.0,109.0,43.0,20.0,27.0,19.0,TIDAK SEHAT,DKI4 (Lubang Buaya),PM25,DKI4,Lubang Buaya,2021,4,17,15,5
82,202104,2021-04-18,2021-04-18,RkKKo,,57.0,82.0,42.0,16.0,,16.0,SEDANG,DKI4 (Lubang Buaya),PM25,DKI4,Lubang Buaya,2021,4,18,15,6
94,202104,2021-04-19,2021-04-19,RkKKo,,58.0,94.0,46.0,12.0,,19.0,SEDANG,DKI4 (Lubang Buaya),PM25,DKI4,Lubang Buaya,2021,4,19,16,0
90,202104,2021-04-20,2021-04-20,RkKKo,,56.0,90.0,45.0,10.0,34.0,17.0,SEDANG,DKI4 (Lubang Buaya),PM25,DKI4,Lubang Buaya,2021,4,20,16,1
103,202104,2021-04-21,2021-04-21,RkKKo,,64.0,103.0,43.0,16.0,27.0,17.0,TIDAK SEHAT,DKI4 (Lubang Buaya),PM25,DKI4,Lubang Buaya,2021,4,21,16,2
99,202104,2021-04-22,2021-04-22,RkKKo,,60.0,99.0,45.0,10.0,34.0,17.0,SEDANG,DKI4 (Lubang Buaya),PM25,DKI4,Lubang Buaya,2021,4,22,16,3
112,202104,2021-04-23,2021-04-23,RkKKo,,67.0,112.0,19.0,13.0,31.0,24.0,TIDAK SEHAT,DKI4 (Lubang Buaya),PM25,DKI4,Lubang Buaya,2021,4,23,16,4
98,202104,2021-04-24,2021-04-24,RkKKo,,65.0,98.0,33.0,13.0,31.0,20.0,SEDANG,DKI4 (Lubang Buaya),PM25,DKI4,Lubang Buaya,2021,4,24,16,5
116,202104,2021-04-25,2021-04-25,RkKKo,,73.0,116.0,37.0,17.0,20.0,17.0,TIDAK SEHAT,DKI4 (Lubang Buaya),PM25,DKI4,Lubang Buaya,2021,4,25,16,6
117,202104,2021-04-26,2021-04-26,RkKKo,,64.0,117.0,37.0,11.0,22.0,14.0,TIDAK SEHAT,DKI4 (Lubang Buaya),PM25,DKI4,Lubang Buaya,2021,4,26,17,0
138,202104,2021-04-27,2021-04-27,RkKKo,,75.0,,38.0,11.0,27.0,13.0,TIDAK SEHAT,DKI4 (Lubang Buaya),PM25,DKI4,Lubang Buaya,2021,4,27,17,1
94,202104,2021-04-28,2021-04-28,RkKKo,,55.0,94.0,37.0,9.0,28.0,17.0,SEDANG,DKI4 (Lubang Buaya),PM25,DKI4,Lubang Buaya,2021,4,28,17,2
78,202104,2021-04-29,2021-04-29,RkKKo,,51.0,78.0,37.0,12.0,23.0,19.0,SEDANG,DKI4 (Lubang Buaya),PM25,DKI4,Lubang Buaya,2021,4,29,17,3
85,202104,2021-04-30,2021-04-30,RkKKo,,57.0,85.0,36.0,,26.0,17.0,SEDANG,DKI4 (Lubang Buaya),PM25,DKI4,Lubang Buaya,2021,4,30,17,4
34,202104,2021-04-01,2021-04-01,RkKKo,,15.0,34.0,24.0,3.0,16.0,4.0,BAIK,DKI5 (Kebon Jeruk) Jakarta Barat,PM25,DKI5,Kebon Jeruk,2021,4,1,13,3
58,202104,2021-04-02,2021-04-02,RkKKo,,35.0,58.0,38.0,7.0,19.0,16.0,SEDANG,DKI5 (Kebon Jeruk) Jakarta Barat,PM25,DKI5,Kebon Jeruk,2021,4,2,13,4
47,202104,2021-04-03,2021-04-03,RkKKo,,21.0,47.0,20.0,6.0,22.0,12.0,BAIK,DKI5 (Kebon Jeruk) Jakarta Barat,PM25,DKI5,Kebon Jeruk,2021,4,3,13,5
102,202104,2021-04-04,2021-04-04,RkKKo,,62.0,102.0,20.0,30.0,19.0,37.0,TIDAK SEHAT,DKI5 (Kebon Jeruk) Jakarta Barat,PM25,DKI5,Kebon Jeruk,2021,4,4,13,6
76,202104,2021-04-05,2021-04-05,RkKKo,,47.0,76.0,24.0,12.0,22.0,28.0,SEDANG,DKI5 (Kebon Jeruk) Jakarta Barat,PM25,DKI5,Kebon Jeruk,2021,4,5,14,0
54,202104,2021-04-06,2021-04-06,RkKKo,,30.0,54.0,31.0,4.0,18.0,6.0,SEDANG,DKI5 (Kebon Jeruk) Jakarta Barat,PM25,DKI5,Kebon Jeruk,2021,4,6,14,1
42,202104,2021-04-07,2021-04-07,RkKKo,,25.0,42.0,30.0,4.0,17.0,6.0,BAIK,DKI5 (Kebon Jeruk) Jakarta Barat,PM25,DKI5,Kebon Jeruk,2021,4,7,14,2
55,202104,2021-04-08,2021-04-08,RkKKo,,32.0,55.0,51.0,5.0,14.0,12.0,SEDANG,DKI5 (Kebon Jeruk) Jakarta Barat,PM25,DKI5,Kebon Jeruk,2021,4,8,14,3
77,202104,2021-04-09,2021-04-09,RkKKo,,52.0,77.0,34.0,7.0,18.0,21.0,SEDANG,DKI5 (Kebon Jeruk) Jakarta Barat,PM25,DKI5,Kebon Jeruk,2021,4,9,14,4
52,202102,2021-02-03,2021-02-03,RkKKo,,24.0,52.0,40.0,9.0,21.0,8.0,SEDANG,DKI4 (Lubang Buaya),PM25,DKI4,Lubang Buaya,2021,2,3,5,2
53,202102,2021-02-04,2021-02-04,RkKKo,,19.0,53.0,40.0,12.0,19.0,10.0,SEDANG,DKI4 (Lubang Buaya),PM25,DKI4,Lubang Buaya,2021,2,4,5,3
41,202102,2021-02-05,2021-02-05,RkKKo,,19.0,41.0,40.0,12.0,20.0,9.0,BAIK,DKI4 (Lubang Buaya),PM25,DKI4,Lubang Buaya,2021,2,5,5,4
48,202102,2021-02-06,2021-02-06,RkKKo,,18.0,48.0,40.0,7.0,28.0,6.0,BAIK,DKI4 (Lubang Buaya),PM25,DKI4,Lubang Buaya,2021,2,6,5,5
55,202102,2021-02-07,2021-02-07,RkKKo,,25.0,55.0,40.0,10.0,22.0,11.0,SEDANG,DKI4 (Lubang Buaya),PM25,DKI4,Lubang Buaya,2021,2,7,5,6
44,202102,2021-02-08,2021-02-08,RkKKo,,17.0,44.0,39.0,10.0,21.0,9.0,BAIK,DKI4 (Lubang Buaya),PM25,DKI4,Lubang Buaya,2021,2,8,6,0
57,202102,2021-02-09,2021-02-09,RkKKo,,31.0,57.0,40.0,13.0,19.0,9.0,SEDANG,DKI4 (Lubang Buaya),PM25,DKI4,Lubang Buaya,2021,2,9,6,1
58,202102,2021-02-10,2021-02-10,RkKKo,,30.0,58.0,40.0,13.0,20.0,8.0,SEDANG,DKI4 (Lubang Buaya),PM25,DKI4,Lubang Buaya,2021,2,10,6,2
50,202102,2021-02-11,2021-02-11,RkKKo,,21.0,50.0,40.0,7.0,16.0,5.0,BAIK,DKI4 (Lubang Buaya),PM25,DKI4,Lubang Buaya,2021,2,11,6,3
65,202102,2021-02-12,2021-02-12,RkKKo,,33.0,65.0,40.0,12.0,19.0,5.0,SEDANG,DKI4 (Lubang Buaya),PM25,DKI4,Lubang Buaya,2021,2,12,6,4
62,202102,2021-02-13,2021-02-13,RkKKo,,43.0,62.0,40.0,11.0,25.0,9.0,SEDANG,DKI4 (Lubang Buaya),PM25,DKI4,Lubang Buaya,2021,2,13,6,5
57,202102,2021-02-14,2021-02-14,RkKKo,,34.0,57.0,39.0,11.0,26.0,9.0,SEDANG,DKI4 (Lubang Buaya),PM25,DKI4,Lubang Buaya,2021,2,14,6,6
66,202102,2021-02-15,2021-02-15,RkKKo,,42.0,66.0,40.0,11.0,25.0,12.0,SEDANG,DKI4 (Lubang Buaya),PM25,DKI4,Lubang Buaya,2021,2,15,7,0
63,202102,2021-02-16,2021-02-16,RkKKo,,43.0,63.0,40.0,11.0,23.0,13.0,SEDANG,DKI4 (Lubang Buaya),PM25,DKI4,Lubang Buaya,2021,2,16,7,1
66,202102,2021-02-17,2021-02-17,RkKKo,,38.0,66.0,40.0,22.0,21.0,15.0,SEDANG,DKI4 (Lubang Buaya),PM25,DKI4,Lubang Buaya,2021,2,17,7,2
60,202102,2021-02-18,2021-02-18,RkKKo,,37.0,60.0,41.0,10.0,22.0,11.0,SEDANG,DKI4 (Lubang Buaya),PM25,DKI4,Lubang Buaya,2021,2,18,7,3
51,202102,2021-02-19,2021-02-19,RkKKo,,25.0,51.0,39.0,16.0,20.0,13.0,SEDANG,DKI4 (Lubang Buaya),PM25,DKI4,Lubang Buaya,2021,2,19,7,4
63,202102,2021-02-20,2021-02-20,RkKKo,,33.0,63.0,39.0,12.0,24.0,12.0,SEDANG,DKI4 (Lubang Buaya),PM25,DKI4,Lubang Buaya,2021,2,20,7,5
50,202102,2021-02-21,2021-02-21,RkKKo,,21.0,50.0,39.0,10.0,23.0,10.0,BAIK,DKI4 (Lubang Buaya),PM25,DKI4,Lubang Buaya,2021,2,21,7,6
95,202102,2021-02-22,2021-02-22,RkKKo,,59.0,95.0,40.0,21.0,25.0,12.0,SEDANG,DKI4 (Lubang Buaya),PM25,DKI4,Lubang Buaya,2021,2,22,8,0
83,202102,2021-02-23,2021-02-23,RkKKo,,51.0,83.0,40.0,16.0,24.0,11.0,SEDANG,DKI4 (Lubang Buaya),PM25,DKI4,Lubang Buaya,2021,2,23,8,1
61,202102,2021-02-24,2021-02-24,RkKKo,,42.0,61.0,39.0,9.0,13.0,6.0,SEDANG,DKI4 (Lubang Buaya),PM25,DKI4,Lubang Buaya,2021,2,24,8,2
45,202102,2021-02-25,2021-02-25,RkKKo,,16.0,45.0,39.0,9.0,19.0,4.0,BAIK,DKI4 (Lubang Buaya),PM25,DKI4,Lubang Buaya,2021,2,25,8,3
75,202102,2021-02-26,2021-02-26,RkKKo,,48.0,75.0,39.0,11.0,23.0,13.0,SEDANG,DKI4 (Lubang Buaya),PM25,DKI4,Lubang Buaya,2021,2,26,8,4
94,202102,2021-02-27,2021-02-27,RkKKo,,59.0,94.0,40.0,13.0,30.0,12.0,SEDANG,DKI4 (Lubang Buaya),PM25,DKI4,Lubang Buaya,2021,2,27,8,5
113,202102,2021-02-28,2021-02-28,RkKKo,,68.0,113.0,39.0,18.0,24.0,14.0,TIDAK SEHAT,DKI4 (Lubang Buaya),PM25,DKI4,Lubang Buaya,2021,2,28,8,6
126,202102,2021-02-01,2021-02-01,RkKKo,,70.0,126.0,29.0,26.0,15.0,34.0,TIDAK SEHAT,DKI5 (Kebon Jeruk) Jakarta Barat,PM25,DKI5,Kebon Jeruk,2021,2,1,5,0
55,202102,2021-02-02,2021-02-02,RkKKo,,,55.0,28.0,9.0,14.0,25.0,SEDANG,DKI5 (Kebon Jeruk) Jakarta Barat,PM25,DKI5,Kebon Jeruk,2021,2,2,5,1
40,202102,2021-02-03,2021-02-03,RkKKo,,23.0,40.0,27.0,5.0,16.0,10.0,BAIK,DKI5 (Kebon Jeruk) Jakarta Barat,PM25,DKI5,Kebon Jeruk,2021,2,3,5,2
59,202102,2021-02-04,2021-02-04,RkKKo,,32.0,59.0,28.0,9.0,14.0,17.0,SEDANG,DKI5 (Kebon Jeruk) Jakarta Barat,PM25,DKI5,Kebon Jeruk,2021,2,4,5,3
48,202102,2021-02-05,2021-02-05,RkKKo,,,48.0,28.0,8.0,14.0,35.0,BAIK,DKI5 (Kebon Jeruk) Jakarta Barat,PM25,DKI5,Kebon Jeruk,2021,2,5,5,4
34,202102,2021-02-06,2021-02-06,RkKKo,,,34.0,21.0,4.0,24.0,6.0,BAIK,DKI5 (Kebon Jeruk) Jakarta Barat,PM25,DKI5,Kebon Jeruk,2021,2,6,5,5
29,202102,2021-02-07,2021-02-07,RkKKo,,,29.0,22.0,5.0,20.0,7.0,BAIK,DKI5 (Kebon Jeruk) Jakarta Barat,PM25,DKI5,Kebon Jeruk,2021,2,7,5,6
41,202102,2021-02-08,2021-02-08,RkKKo,,,41.0,23.0,6.0,17.0,11.0,BAIK,DKI5 (Kebon Jeruk) Jakarta Barat,PM25,DKI5,Kebon Jeruk,2021,2,8,6,0
57,202102,2021-02-09,2021-02-09,RkKKo,,,57.0,31.0,9.0,15.0,21.0,SEDANG,DKI5 (Kebon Jeruk) Jakarta Barat,PM25,DKI5,Kebon Jeruk,2021,2,9,6,1
52,202102,2021-02-10,2021-02-10,RkKKo,,31.0,52.0,27.0,7.0,13.0,11.0,SEDANG,DKI5 (Kebon Jeruk) Jakarta Barat,PM25,DKI5,Kebon Jeruk,2021,2,10,6,2
50,202102,2021-02-11,2021-02-11,RkKKo,,23.0,50.0,36.0,6.0,10.0,13.0,BAIK,DKI5 (Kebon Jeruk) Jakarta Barat,PM25,DKI5,Kebon Jeruk,2021,2,11,6,3
65,202102,2021-02-12,2021-02-12,RkKKo,,35.0,65.0,38.0,11.0,11.0,42.0,SEDANG,DKI5 (Kebon Jeruk) Jakarta Barat,PM25,DKI5,Kebon Jeruk,2021,2,12,6,4
55,202102,2021-02-13,2021-02-13,RkKKo,,27.0,55.0,27.0,5.0,20.0,8.0,SEDANG,DKI5 (Kebon Jeruk) Jakarta Barat,PM25,DKI5,Kebon Jeruk,2021,2,13,6,5
61,202102,2021-02-14,2021-02-14,RkKKo,,36.0,61.0,24.0,9.0,20.0,11.0,SEDANG,DKI5 (Kebon Jeruk) Jakarta Barat,PM25,DKI5,Kebon Jeruk,2021,2,14,6,6
56,202102,2021-02-15,2021-02-15,RkKKo,,32.0,56.0,24.0,10.0,18.0,17.0,SEDANG,DKI5 (Kebon Jeruk) Jakarta Barat,PM25,DKI5,Kebon Jeruk,2021,2,15,7,0
35,202102,2021-02-16,2021-02-16,RkKKo,,24.0,35.0,21.0,7.0,22.0,9.0,BAIK,DKI5 (Kebon Jeruk) Jakarta Barat,PM25,DKI5,Kebon Jeruk,2021,2,16,7,1
71,202102,2021-02-17,2021-02-17,RkKKo,,44.0,71.0,33.0,25.0,14.0,37.0,SEDANG,DKI5 (Kebon Jeruk) Jakarta Barat,PM25,DKI5,Kebon Jeruk,2021,2,17,7,2
60,202102,2021-02-18,2021-02-18,RkKKo,,38.0,60.0,41.0,8.0,17.0,17.0,SEDANG,DKI5 (Kebon Jeruk) Jakarta Barat,PM25,DKI5,Kebon Jeruk,2021,2,18,7,3
52,202102,2021-02-19,2021-02-19,RkKKo,,27.0,52.0,24.0,16.0,14.0,33.0,SEDANG,DKI5 (Kebon Jeruk) Jakarta Barat,PM25,DKI5,Kebon Jeruk,2021,2,19,7,4
52,202102,2021-02-20,2021-02-20,RkKKo,,32.0,52.0,22.0,10.0,21.0,15.0,SEDANG,DKI5 (Kebon Jeruk) Jakarta Barat,PM25,DKI5,Kebon Jeruk,2021,2,20,7,5
52,202102,2021-02-21,2021-02-21,RkKKo,,29.0,52.0,22.0,8.0,18.0,12.0,SEDANG,DKI5 (Kebon Jeruk) Jakarta Barat,PM25,DKI5,Kebon Jeruk,2021,2,21,7,6
92,202102,2021-02-22,2021-02-22,RkKKo,,56.0,92.0,25.0,20.0,16.0,40.0,SEDANG,DKI5 (Kebon Jeruk) Jakarta Barat,PM25,DKI5,Kebon Jeruk,2021,2,22,8,0
77,202102,2021-02-23,2021-02-23,RkKKo,,49.0,77.0,28.0,8.0,21.0,12.0,SEDANG,DKI5 (Kebon Jeruk) Jakarta Barat,PM25,DKI5,Kebon Jeruk,2021,2,23,8,1
40,202102,2021-02-24,2021-02-24,RkKKo,,24.0,40.0,28.0,4.0,11.0,7.0,BAIK,DKI5 (Kebon Jeruk) Jakarta Barat,PM25,DKI5,Kebon Jeruk,2021,2,24,8,2
52,202102,2021-02-25,2021-02-25,RkKKo,,28.0,52.0,31.0,7.0,13.0,23.0,SEDANG,DKI5 (Kebon Jeruk) Jakarta Barat,PM25,DKI5,Kebon Jeruk,2021,2,25,8,3
49,202102,2021-02-26,2021-02-26,RkKKo,,24.0,49.0,21.0,7.0,22.0,18.0,BAIK,DKI5 (Kebon Jeruk) Jakarta Barat,PM25,DKI5,Kebon Jeruk,2021,2,26,8,4
64,202102,2021-02-27,2021-02-27,RkKKo,,39.0,64.0,27.0,10.0,25.0,24.0,SEDANG,DKI5 (Kebon Jeruk) Jakarta Barat,PM25,DKI5,Kebon Jeruk,2021,2,27,8,5
77,202102,2021-02-28,2021-02-28,RkKKo,,50.0,77.0,22.0,9.0,22.0,13.0,SEDANG,DKI5 (Kebon Jeruk) Jakarta Barat,PM25,DKI5,Kebon Jeruk,2021,2,28,8,6
77,202104,2021-04-10,2021-04-10,RkKKo,,45.0,77.0,31.0,9.0,24.0,18.0,SEDANG,DKI5 (Kebon Jeruk) Jakarta Barat,PM25,DKI5,Kebon Jeruk,2021,4,10,14,5
75,202104,2021-04-11,2021-04-11,RkKKo,,46.0,75.0,50.0,9.0,31.0,18.0,SEDANG,DKI5 (Kebon Jeruk) Jakarta Barat,PM25,DKI5,Kebon Jeruk,2021,4,11,14,6
90,202104,2021-04-12,2021-04-12,RkKKo,,58.0,90.0,30.0,19.0,21.0,31.0,SEDANG,DKI5 (Kebon Jeruk) Jakarta Barat,PM25,DKI5,Kebon Jeruk,2021,4,12,15,0
78,202104,2021-04-13,2021-04-13,RkKKo,,50.0,78.0,30.0,15.0,30.0,27.0,SEDANG,DKI5 (Kebon Jeruk) Jakarta Barat,PM25,DKI5,Kebon Jeruk,2021,4,13,15,1
79,202104,2021-04-14,2021-04-14,RkKKo,,48.0,79.0,31.0,12.0,27.0,23.0,SEDANG,DKI5 (Kebon Jeruk) Jakarta Barat,PM25,DKI5,Kebon Jeruk,2021,4,14,15,2
88,202104,2021-04-15,2021-04-15,RkKKo,,54.0,88.0,23.0,24.0,30.0,42.0,SEDANG,DKI5 (Kebon Jeruk) Jakarta Barat,PM25,DKI5,Kebon Jeruk,2021,4,15,15,3
88,202104,2021-04-16,2021-04-16,RkKKo,,55.0,88.0,29.0,18.0,23.0,44.0,SEDANG,DKI5 (Kebon Jeruk) Jakarta Barat,PM25,DKI5,Kebon Jeruk,2021,4,16,15,4
118,202104,2021-04-17,2021-04-17,RkKKo,,67.0,118.0,29.0,16.0,28.0,31.0,TIDAK SEHAT,DKI5 (Kebon Jeruk) Jakarta Barat,PM25,DKI5,Kebon Jeruk,2021,4,17,15,5
93,202104,2021-04-18,2021-04-18,RkKKo,,55.0,93.0,29.0,11.0,32.0,16.0,SEDANG,DKI5 (Kebon Jeruk) Jakarta Barat,PM25,DKI5,Kebon Jeruk,2021,4,18,15,6
108,202104,2021-04-19,2021-04-19,RkKKo,,62.0,108.0,32.0,13.0,32.0,19.0,TIDAK SEHAT,DKI5 (Kebon Jeruk) Jakarta Barat,PM25,DKI5,Kebon Jeruk,2021,4,19,16,0
88,202104,2021-04-20,2021-04-20,RkKKo,,51.0,88.0,32.0,9.0,28.0,20.0,SEDANG,DKI5 (Kebon Jeruk) Jakarta Barat,PM25,DKI5,Kebon Jeruk,2021,4,20,16,1
105,202104,2021-04-21,2021-04-21,RkKKo,,62.0,105.0,25.0,15.0,25.0,25.0,TIDAK SEHAT,DKI5 (Kebon Jeruk) Jakarta Barat,PM25,DKI5,Kebon Jeruk,2021,4,21,16,2
96,202104,2021-04-22,2021-04-22,RkKKo,,56.0,96.0,26.0,9.0,39.0,17.0,SEDANG,DKI5 (Kebon Jeruk) Jakarta Barat,PM25,DKI5,Kebon Jeruk,2021,4,22,16,3
111,202104,2021-04-23,2021-04-23,RkKKo,,66.0,111.0,26.0,12.0,33.0,22.0,TIDAK SEHAT,DKI5 (Kebon Jeruk) Jakarta Barat,PM25,DKI5,Kebon Jeruk,2021,4,23,16,4
99,202104,2021-04-24,2021-04-24,RkKKo,,60.0,99.0,29.0,12.0,37.0,24.0,SEDANG,DKI5 (Kebon Jeruk) Jakarta Barat,PM25,DKI5,Kebon Jeruk,2021,4,24,16,5
97,202104,2021-04-25,2021-04-25,RkKKo,,58.0,97.0,23.0,12.0,27.0,19.0,SEDANG,DKI5 (Kebon Jeruk) Jakarta Barat,PM25,DKI5,Kebon Jeruk,2021,4,25,16,6
82,202104,2021-04-26,2021-04-26,RkKKo,,52.0,82.0,28.0,10.0,26.0,19.0,SEDANG,DKI5 (Kebon Jeruk) Jakarta Barat,PM25,DKI5,Kebon Jeruk,2021,4,26,17,0
95,202104,2021-04-27,2021-04-27,RkKKo,,56.0,95.0,33.0,9.0,28.0,18.0,SEDANG,DKI5 (Kebon Jeruk) Jakarta Barat,PM25,DKI5,Kebon Jeruk,2021,4,27,17,1
81,202104,2021-04-28,2021-04-28,RkKKo,,49.0,81.0,21.0,10.0,26.0,22.0,SEDANG,DKI5 (Kebon Jeruk) Jakarta Barat,PM25,DKI5,Kebon Jeruk,2021,4,28,17,2
73,202104,2021-04-29,2021-04-29,RkKKo,,43.0,73.0,22.0,14.0,26.0,25.0,SEDANG,DKI5 (Kebon Jeruk) Jakarta Barat,PM25,DKI5,Kebon Jeruk,2021,4,29,17,3
83,202104,2021-04-30,2021-04-30,RkKKo,,52.0,83.0,23.0,12.0,28.0,23.0,SEDANG,DKI5 (Kebon Jeruk) Jakarta Barat,PM25,DKI5,Kebon Jeruk,2021,4,30,17,4
71,202105,2021-05-01,2021-05-01,RkKKo,,52.0,71.0,23.0,10.0,20.0,33.0,SEDANG,DKI1 (Bunderan HI),PM25,DKI1,Bundaran HI,2021,5,1,17,5
67,202105,2021-05-02,2021-05-02,RkKKo,,50.0,67.0,22.0,9.0,18.0,17.0,SEDANG,DKI1 (Bunderan HI),PM25,DKI1,Bundaran HI,2021,5,2,17,6
70,202105,2021-05-03,2021-05-03,RkKKo,,53.0,70.0,26.0,10.0,20.0,20.0,SEDANG,DKI1 (Bunderan HI),PM25,DKI1,Bundaran HI,2021,5,3,18,0
77,202105,2021-05-04,2021-05-04,RkKKo,,59.0,77.0,31.0,14.0,14.0,26.0,SEDANG,DKI1 (Bunderan HI),PM25,DKI1,Bundaran HI,2021,5,4,18,1
82,202105,2021-05-05,2021-05-05,RkKKo,,58.0,82.0,22.0,18.0,14.0,38.0,SEDANG,DKI1 (Bunderan HI),PM25,DKI1,Bundaran HI,2021,5,5,18,2
65,202105,2021-05-06,2021-05-06,RkKKo,,49.0,65.0,19.0,16.0,18.0,38.0,SEDANG,DKI1 (Bunderan HI),PM25,DKI1,Bundaran HI,2021,5,6,18,3
70,202105,2021-05-07,2021-05-07,RkKKo,,54.0,70.0,20.0,26.0,19.0,45.0,SEDANG,DKI1 (Bunderan HI),PM25,DKI1,Bundaran HI,2021,5,7,18,4
69,202105,2021-05-08,2021-05-08,RkKKo,,52.0,69.0,20.0,12.0,19.0,28.0,SEDANG,DKI1 (Bunderan HI),PM25,DKI1,Bundaran HI,2021,5,8,18,5
57,202105,2021-05-09,2021-05-09,RkKKo,,41.0,57.0,18.0,9.0,26.0,21.0,SEDANG,DKI1 (Bunderan HI),PM25,DKI1,Bundaran HI,2021,5,9,18,6
69,202105,2021-05-10,2021-05-10,RkKKo,,47.0,69.0,19.0,10.0,25.0,21.0,SEDANG,DKI1 (Bunderan HI),PM25,DKI1,Bundaran HI,2021,5,10,19,0
88,202105,2021-05-11,2021-05-11,RkKKo,,60.0,88.0,24.0,12.0,25.0,24.0,SEDANG,DKI1 (Bunderan HI),PM25,DKI1,Bundaran HI,2021,5,11,19,1
79,202105,2021-05-12,2021-05-12,RkKKo,,59.0,79.0,21.0,10.0,25.0,21.0,SEDANG,DKI1 (Bunderan HI),PM25,DKI1,Bundaran HI,2021,5,12,19,2
110,202105,2021-05-13,2021-05-13,RkKKo,,70.0,110.0,24.0,14.0,24.0,20.0,TIDAK SEHAT,DKI1 (Bunderan HI),PM25,DKI1,Bundaran HI,2021,5,13,19,3
72,202105,2021-05-14,2021-05-14,RkKKo,,52.0,72.0,24.0,8.0,25.0,14.0,SEDANG,DKI1 (Bunderan HI),PM25,DKI1,Bundaran HI,2021,5,14,19,4
67,202105,2021-05-15,2021-05-15,RkKKo,,51.0,67.0,26.0,11.0,20.0,19.0,SEDANG,DKI1 (Bunderan HI),PM25,DKI1,Bundaran HI,2021,5,15,19,5
65,202105,2021-05-16,2021-05-16,RkKKo,,51.0,65.0,23.0,8.0,20.0,16.0,SEDANG,DKI1 (Bunderan HI),PM25,DKI1,Bundaran HI,2021,5,16,19,6
42,202104,2021-04-01,2021-04-01,RkKKo,,26.0,42.0,22.0,11.0,13.0,19.0,BAIK,DKI1 (Bunderan HI),PM25,DKI1,Bundaran HI,2021,4,1,13,3
54,202104,2021-04-02,2021-04-02,RkKKo,,41.0,54.0,27.0,11.0,17.0,19.0,SEDANG,DKI1 (Bunderan HI),PM25,DKI1,Bundaran HI,2021,4,2,13,4
42,202104,2021-04-03,2021-04-03,RkKKo,,25.0,42.0,20.0,8.0,18.0,22.0,BAIK,DKI1 (Bunderan HI),PM25,DKI1,Bundaran HI,2021,4,3,13,5
78,202104,2021-04-04,2021-04-04,RkKKo,,57.0,78.0,21.0,23.0,14.0,33.0,SEDANG,DKI1 (Bunderan HI),PM25,DKI1,Bundaran HI,2021,4,4,13,6
69,202104,2021-04-05,2021-04-05,RkKKo,,52.0,69.0,22.0,15.0,18.0,27.0,SEDANG,DKI1 (Bunderan HI),PM25,DKI1,Bundaran HI,2021,4,5,14,0
55,202104,2021-04-06,2021-04-06,RkKKo,,33.0,55.0,27.0,10.0,14.0,18.0,SEDANG,DKI1 (Bunderan HI),PM25,DKI1,Bundaran HI,2021,4,6,14,1
47,202104,2021-04-07,2021-04-07,RkKKo,,30.0,47.0,25.0,11.0,13.0,19.0,BAIK,DKI1 (Bunderan HI),PM25,DKI1,Bundaran HI,2021,4,7,14,2
55,202104,2021-04-08,2021-04-08,RkKKo,,38.0,55.0,33.0,12.0,13.0,22.0,SEDANG,DKI1 (Bunderan HI),PM25,DKI1,Bundaran HI,2021,4,8,14,3
69,202104,2021-04-09,2021-04-09,RkKKo,,54.0,69.0,26.0,14.0,15.0,28.0,SEDANG,DKI1 (Bunderan HI),PM25,DKI1,Bundaran HI,2021,4,9,14,4
66,202104,2021-04-10,2021-04-10,RkKKo,,48.0,66.0,23.0,13.0,17.0,29.0,SEDANG,DKI1 (Bunderan HI),PM25,DKI1,Bundaran HI,2021,4,10,14,5
68,202104,2021-04-11,2021-04-11,RkKKo,,45.0,68.0,31.0,12.0,25.0,31.0,SEDANG,DKI1 (Bunderan HI),PM25,DKI1,Bundaran HI,2021,4,11,14,6
69,202104,2021-04-12,2021-04-12,RkKKo,,55.0,69.0,26.0,20.0,15.0,31.0,SEDANG,DKI1 (Bunderan HI),PM25,DKI1,Bundaran HI,2021,4,12,15,0
68,202104,2021-04-13,2021-04-13,RkKKo,,55.0,68.0,23.0,18.0,21.0,40.0,SEDANG,DKI1 (Bunderan HI),PM25,DKI1,Bundaran HI,2021,4,13,15,1
71,202104,2021-04-14,2021-04-14,RkKKo,,51.0,71.0,27.0,15.0,25.0,32.0,SEDANG,DKI1 (Bunderan HI),PM25,DKI1,Bundaran HI,2021,4,14,15,2
74,202104,2021-04-15,2021-04-15,RkKKo,,56.0,74.0,24.0,24.0,21.0,40.0,SEDANG,DKI1 (Bunderan HI),PM25,DKI1,Bundaran HI,2021,4,15,15,3
76,202104,2021-04-16,2021-04-16,RkKKo,,55.0,76.0,24.0,20.0,16.0,42.0,SEDANG,DKI1 (Bunderan HI),PM25,DKI1,Bundaran HI,2021,4,16,15,4
101,202104,2021-04-17,2021-04-17,RkKKo,,65.0,101.0,24.0,19.0,19.0,41.0,TIDAK SEHAT,DKI1 (Bunderan HI),PM25,DKI1,Bundaran HI,2021,4,17,15,5
79,202104,2021-04-18,2021-04-18,RkKKo,,57.0,79.0,24.0,11.0,25.0,26.0,SEDANG,DKI1 (Bunderan HI),PM25,DKI1,Bundaran HI,2021,4,18,15,6
92,202104,2021-04-19,2021-04-19,RkKKo,,63.0,92.0,25.0,14.0,26.0,30.0,SEDANG,DKI1 (Bunderan HI),PM25,DKI1,Bundaran HI,2021,4,19,16,0
83,202104,2021-04-20,2021-04-20,RkKKo,,56.0,83.0,25.0,12.0,21.0,30.0,SEDANG,DKI1 (Bunderan HI),PM25,DKI1,Bundaran HI,2021,4,20,16,1
87,202104,2021-04-21,2021-04-21,RkKKo,,63.0,87.0,24.0,19.0,14.0,37.0,SEDANG,DKI1 (Bunderan HI),PM25,DKI1,Bundaran HI,2021,4,21,16,2
81,202104,2021-04-22,2021-04-22,RkKKo,,54.0,81.0,25.0,14.0,23.0,40.0,SEDANG,DKI1 (Bunderan HI),PM25,DKI1,Bundaran HI,2021,4,22,16,3
99,202104,2021-04-23,2021-04-23,RkKKo,,66.0,99.0,25.0,16.0,21.0,42.0,SEDANG,DKI1 (Bunderan HI),PM25,DKI1,Bundaran HI,2021,4,23,16,4
99,202104,2021-04-24,2021-04-24,RkKKo,,66.0,99.0,23.0,18.0,30.0,40.0,SEDANG,DKI1 (Bunderan HI),PM25,DKI1,Bundaran HI,2021,4,24,16,5
86,202104,2021-04-25,2021-04-25,RkKKo,,63.0,86.0,24.0,15.0,17.0,36.0,SEDANG,DKI1 (Bunderan HI),PM25,DKI1,Bundaran HI,2021,4,25,16,6
79,202104,2021-04-26,2021-04-26,RkKKo,,56.0,79.0,26.0,10.0,22.0,24.0,SEDANG,DKI1 (Bunderan HI),PM25,DKI1,Bundaran HI,2021,4,26,17,0
94,202104,2021-04-27,2021-04-27,RkKKo,,62.0,94.0,26.0,12.0,23.0,28.0,SEDANG,DKI1 (Bunderan HI),PM25,DKI1,Bundaran HI,2021,4,27,17,1
77,202104,2021-04-28,2021-04-28,RkKKo,,54.0,77.0,21.0,15.0,21.0,34.0,SEDANG,DKI1 (Bunderan HI),PM25,DKI1,Bundaran HI,2021,4,28,17,2
71,202104,2021-04-29,2021-04-29,RkKKo,,57.0,71.0,23.0,17.0,18.0,38.0,SEDANG,DKI1 (Bunderan HI),PM25,DKI1,Bundaran HI,2021,4,29,17,3
84,202104,2021-04-30,2021-04-30,RkKKo,,61.0,84.0,23.0,18.0,20.0,42.0,SEDANG,DKI1 (Bunderan HI),PM25,DKI1,Bundaran HI,2021,4,30,17,4
43,202104,2021-04-01,2021-04-01,RkKKo,,22.0,38.0,28.0,9.0,43.0,10.0,BAIK,DKI2 (Kelapa Gading),O3,DKI2,Kelapa Gading,2021,4,1,13,3
57,202104,2021-04-02,2021-04-02,RkKKo,,39.0,57.0,34.0,11.0,42.0,13.0,SEDANG,DKI2 (Kelapa Gading),PM25,DKI2,Kelapa Gading,2021,4,2,13,4
57,202104,2021-04-03,2021-04-03,RkKKo,,23.0,51.0,33.0,9.0,57.0,10.0,SEDANG,DKI2 (Kelapa Gading),O3,DKI2,Kelapa Gading,2021,4,3,13,5
80,202104,2021-04-04,2021-04-04,RkKKo,,63.0,80.0,40.0,17.0,49.0,23.0,SEDANG,DKI2 (Kelapa Gading),PM25,DKI2,Kelapa Gading,2021,4,4,13,6
69,202104,2021-04-05,2021-04-05,RkKKo,,54.0,69.0,30.0,13.0,59.0,18.0,SEDANG,DKI2 (Kelapa Gading),PM25,DKI2,Kelapa Gading,2021,4,5,14,0
61,202104,2021-04-06,2021-04-06,RkKKo,,43.0,61.0,32.0,10.0,36.0,15.0,SEDANG,DKI2 (Kelapa Gading),PM25,DKI2,Kelapa Gading,2021,4,6,14,1
52,202104,2021-04-07,2021-04-07,RkKKo,,30.0,52.0,33.0,9.0,43.0,8.0,SEDANG,DKI2 (Kelapa Gading),PM25,DKI2,Kelapa Gading,2021,4,7,14,2
57,202104,2021-04-08,2021-04-08,RkKKo,,39.0,57.0,34.0,10.0,40.0,14.0,SEDANG,DKI2 (Kelapa Gading),PM25,DKI2,Kelapa Gading,2021,4,8,14,3
64,202104,2021-04-09,2021-04-09,RkKKo,,53.0,64.0,32.0,10.0,49.0,25.0,SEDANG,DKI2 (Kelapa Gading),PM25,DKI2,Kelapa Gading,2021,4,9,14,4
61,202104,2021-04-10,2021-04-10,RkKKo,,44.0,61.0,34.0,9.0,50.0,19.0,SEDANG,DKI2 (Kelapa Gading),PM25,DKI2,Kelapa Gading,2021,4,10,14,5
72,202104,2021-04-11,2021-04-11,RkKKo,,54.0,72.0,42.0,12.0,60.0,22.0,SEDANG,DKI2 (Kelapa Gading),PM25,DKI2,Kelapa Gading,2021,4,11,14,6
93,202104,2021-04-12,2021-04-12,RkKKo,,69.0,93.0,51.0,20.0,54.0,23.0,SEDANG,DKI2 (Kelapa Gading),PM25,DKI2,Kelapa Gading,2021,4,12,15,0
82,202104,2021-04-13,2021-04-13,RkKKo,,70.0,82.0,63.0,14.0,,21.0,SEDANG,DKI2 (Kelapa Gading),PM25,DKI2,Kelapa Gading,2021,4,13,15,1
81,202104,2021-04-14,2021-04-14,RkKKo,,65.0,81.0,55.0,16.0,,22.0,SEDANG,DKI2 (Kelapa Gading),PM25,DKI2,Kelapa Gading,2021,4,14,15,2
85,202104,2021-04-15,2021-04-15,RkKKo,,67.0,85.0,55.0,21.0,50.0,34.0,SEDANG,DKI2 (Kelapa Gading),PM25,DKI2,Kelapa Gading,2021,4,15,15,3
94,202104,2021-04-16,2021-04-16,RkKKo,,69.0,94.0,55.0,17.0,50.0,28.0,SEDANG,DKI2 (Kelapa Gading),PM25,DKI2,Kelapa Gading,2021,4,16,15,4
107,202104,2021-04-19,2021-04-19,RkKKo,,,107.0,52.0,,41.0,22.0,TIDAK SEHAT,DKI2 (Kelapa Gading),PM25,DKI2,Kelapa Gading,2021,4,19,16,0
94,202104,2021-04-20,2021-04-20,RkKKo,,64.0,94.0,52.0,,55.0,18.0,SEDANG,DKI2 (Kelapa Gading),PM25,DKI2,Kelapa Gading,2021,4,20,16,1
101,202104,2021-04-21,2021-04-21,RkKKo,,76.0,101.0,56.0,16.0,50.0,22.0,TIDAK SEHAT,DKI2 (Kelapa Gading),PM25,DKI2,Kelapa Gading,2021,4,21,16,2
92,202104,2021-04-22,2021-04-22,RkKKo,,63.0,92.0,52.0,11.0,60.0,14.0,SEDANG,DKI2 (Kelapa Gading),PM25,DKI2,Kelapa Gading,2021,4,22,16,3
101,202104,2021-04-23,2021-04-23,RkKKo,,75.0,101.0,51.0,15.0,,20.0,TIDAK SEHAT,DKI2 (Kelapa Gading),PM25,DKI2,Kelapa Gading,2021,4,23,16,4
115,202104,2021-04-24,2021-04-24,RkKKo,,88.0,115.0,61.0,17.0,,25.0,TIDAK SEHAT,DKI2 (Kelapa Gading),PM25,DKI2,Kelapa Gading,2021,4,24,16,5
101,202104,2021-04-25,2021-04-25,RkKKo,,74.0,101.0,55.0,15.0,58.0,20.0,TIDAK SEHAT,DKI2 (Kelapa Gading),PM25,DKI2,Kelapa Gading,2021,4,25,16,6
87,202104,2021-04-26,2021-04-26,RkKKo,,64.0,87.0,52.0,10.0,59.0,14.0,SEDANG,DKI2 (Kelapa Gading),PM25,DKI2,Kelapa Gading,2021,4,26,17,0
97,202104,2021-04-27,2021-04-27,RkKKo,,74.0,97.0,51.0,11.0,,17.0,SEDANG,DKI2 (Kelapa Gading),PM25,DKI2,Kelapa Gading,2021,4,27,17,1
81,202104,2021-04-28,2021-04-28,RkKKo,,61.0,81.0,51.0,13.0,56.0,18.0,SEDANG,DKI2 (Kelapa Gading),PM25,DKI2,Kelapa Gading,2021,4,28,17,2
85,202104,2021-04-29,2021-04-29,RkKKo,,69.0,85.0,60.0,15.0,44.0,26.0,SEDANG,DKI2 (Kelapa Gading),PM25,DKI2,Kelapa Gading,2021,4,29,17,3
91,202104,2021-04-30,2021-04-30,RkKKo,,71.0,91.0,57.0,14.0,55.0,21.0,SEDANG,DKI2 (Kelapa Gading),PM25,DKI2,Kelapa Gading,2021,4,30,17,4
52,202104,2021-04-01,2021-04-01,RkKKo,,28.0,52.0,26.0,5.0,35.0,7.0,SEDANG,DKI3 (Jagakarsa),PM25,DKI3,Jagakarsa,2021,4,1,13,3
70,202104,2021-04-02,2021-04-02,RkKKo,,51.0,70.0,33.0,8.0,37.0,10.0,SEDANG,DKI3 (Jagakarsa),PM25,DKI3,Jagakarsa,2021,4,2,13,4
52,202104,2021-04-03,2021-04-03,RkKKo,,30.0,52.0,27.0,7.0,,14.0,SEDANG,DKI3 (Jagakarsa),PM25,DKI3,Jagakarsa,2021,4,3,13,5
103,202104,2021-04-04,2021-04-04,RkKKo,,68.0,103.0,29.0,28.0,,28.0,TIDAK SEHAT,DKI3 (Jagakarsa),PM25,DKI3,Jagakarsa,2021,4,4,13,6
85,202104,2021-04-05,2021-04-05,RkKKo,,61.0,85.0,30.0,11.0,,17.0,SEDANG,DKI3 (Jagakarsa),PM25,DKI3,Jagakarsa,2021,4,5,14,0
51,202104,2021-04-06,2021-04-06,RkKKo,,35.0,51.0,32.0,3.0,34.0,5.0,SEDANG,DKI3 (Jagakarsa),PM25,DKI3,Jagakarsa,2021,4,6,14,1
35,202104,2021-04-07,2021-04-07,RkKKo,,25.0,35.0,27.0,3.0,,4.0,BAIK,DKI3 (Jagakarsa),PM25,DKI3,Jagakarsa,2021,4,7,14,2
52,202104,2021-04-08,2021-04-08,RkKKo,,31.0,52.0,28.0,5.0,,7.0,SEDANG,DKI3 (Jagakarsa),PM25,DKI3,Jagakarsa,2021,4,8,14,3
76,202104,2021-04-09,2021-04-09,RkKKo,,55.0,76.0,26.0,8.0,,10.0,SEDANG,DKI3 (Jagakarsa),PM25,DKI3,Jagakarsa,2021,4,9,14,4
101,202104,2021-04-10,2021-04-10,RkKKo,,64.0,101.0,25.0,16.0,,18.0,TIDAK SEHAT,DKI3 (Jagakarsa),PM25,DKI3,Jagakarsa,2021,4,10,14,5
89,202104,2021-04-11,2021-04-11,RkKKo,,62.0,89.0,25.0,14.0,,21.0,SEDANG,DKI3 (Jagakarsa),PM25,DKI3,Jagakarsa,2021,4,11,14,6
69,202104,2021-04-12,2021-04-12,RkKKo,,,69.0,27.0,15.0,,16.0,SEDANG,DKI3 (Jagakarsa),PM25,DKI3,Jagakarsa,2021,4,12,15,0
65,202104,2021-04-13,2021-04-13,RkKKo,,47.0,65.0,31.0,11.0,,18.0,SEDANG,DKI3 (Jagakarsa),PM25,DKI3,Jagakarsa,2021,4,13,15,1
67,202104,2021-04-14,2021-04-14,RkKKo,,48.0,67.0,31.0,10.0,,19.0,SEDANG,DKI3 (Jagakarsa),PM25,DKI3,Jagakarsa,2021,4,14,15,2
69,202104,2021-04-15,2021-04-15,RkKKo,,48.0,69.0,26.0,16.0,33.0,19.0,SEDANG,DKI3 (Jagakarsa),PM25,DKI3,Jagakarsa,2021,4,15,15,3
72,202104,2021-04-16,2021-04-16,RkKKo,,52.0,72.0,27.0,14.0,32.0,22.0,SEDANG,DKI3 (Jagakarsa),PM25,DKI3,Jagakarsa,2021,4,16,15,4
93,202104,2021-04-17,2021-04-17,RkKKo,,61.0,93.0,,12.0,39.0,20.0,SEDANG,DKI3 (Jagakarsa),PM25,DKI3,Jagakarsa,2021,4,17,15,5
82,202104,2021-04-18,2021-04-18,RkKKo,,55.0,82.0,,8.0,,14.0,SEDANG,DKI3 (Jagakarsa),PM25,DKI3,Jagakarsa,2021,4,18,15,6
92,202104,2021-04-19,2021-04-19,RkKKo,,,92.0,22.0,9.0,36.0,18.0,SEDANG,DKI3 (Jagakarsa),PM25,DKI3,Jagakarsa,2021,4,19,16,0
75,202104,2021-04-20,2021-04-20,RkKKo,,50.0,75.0,19.0,7.0,32.0,14.0,SEDANG,DKI3 (Jagakarsa),PM25,DKI3,Jagakarsa,2021,4,20,16,1
93,202104,2021-04-21,2021-04-21,RkKKo,,58.0,93.0,19.0,13.0,27.0,17.0,SEDANG,DKI3 (Jagakarsa),PM25,DKI3,Jagakarsa,2021,4,21,16,2
83,202104,2021-04-22,2021-04-22,RkKKo,,57.0,83.0,20.0,8.0,39.0,14.0,SEDANG,DKI3 (Jagakarsa),PM25,DKI3,Jagakarsa,2021,4,22,16,3
100,202104,2021-04-23,2021-04-23,RkKKo,,70.0,100.0,20.0,11.0,32.0,16.0,SEDANG,DKI3 (Jagakarsa),PM25,DKI3,Jagakarsa,2021,4,23,16,4
73,202104,2021-04-24,2021-04-24,RkKKo,,57.0,73.0,19.0,9.0,41.0,15.0,SEDANG,DKI3 (Jagakarsa),PM25,DKI3,Jagakarsa,2021,4,24,16,5
88,202104,2021-04-25,2021-04-25,RkKKo,,59.0,88.0,19.0,13.0,27.0,19.0,SEDANG,DKI3 (Jagakarsa),PM25,DKI3,Jagakarsa,2021,4,25,16,6
84,202104,2021-04-26,2021-04-26,RkKKo,,57.0,84.0,19.0,10.0,26.0,16.0,SEDANG,DKI3 (Jagakarsa),PM25,DKI3,Jagakarsa,2021,4,26,17,0
104,202104,2021-04-27,2021-04-27,RkKKo,,64.0,104.0,13.0,9.0,34.0,16.0,TIDAK SEHAT,DKI3 (Jagakarsa),PM25,DKI3,Jagakarsa,2021,4,27,17,1
80,202104,2021-04-28,2021-04-28,RkKKo,,51.0,80.0,11.0,9.0,32.0,16.0,SEDANG,DKI3 (Jagakarsa),PM25,DKI3,Jagakarsa,2021,4,28,17,2
39,202104,2021-04-29,2021-04-29,RkKKo,,39.0,23.0,10.0,12.0,26.0,17.0,BAIK,DKI3 (Jagakarsa),PM10,DKI3,Jagakarsa,2021,4,29,17,3
54,202104,2021-04-30,2021-04-30,RkKKo,,54.0,23.0,12.0,10.0,,18.0,SEDANG,DKI3 (Jagakarsa),PM10,DKI3,Jagakarsa,2021,4,30,17,4
49,202104,2021-04-01,2021-04-01,RkKKo,,22.0,49.0,41.0,7.0,18.0,12.0,BAIK,DKI4 (Lubang Buaya),PM25,DKI4,Lubang Buaya,2021,4,1,13,3
62,202104,2021-04-02,2021-04-02,RkKKo,,37.0,62.0,44.0,11.0,18.0,12.0,SEDANG,DKI4 (Lubang Buaya),PM25,DKI4,Lubang Buaya,2021,4,2,13,4
67,202104,2021-04-03,2021-04-03,RkKKo,,39.0,67.0,42.0,9.0,22.0,14.0,SEDANG,DKI4 (Lubang Buaya),PM25,DKI4,Lubang Buaya,2021,4,3,13,5
103,202104,2021-04-04,2021-04-04,RkKKo,,64.0,103.0,43.0,26.0,23.0,20.0,TIDAK SEHAT,DKI4 (Lubang Buaya),PM25,DKI4,Lubang Buaya,2021,4,4,13,6
80,202104,2021-04-05,2021-04-05,RkKKo,,52.0,80.0,43.0,14.0,23.0,16.0,SEDANG,DKI4 (Lubang Buaya),PM25,DKI4,Lubang Buaya,2021,4,5,14,0
50,202104,2021-04-06,2021-04-06,RkKKo,,30.0,50.0,43.0,6.0,15.0,10.0,BAIK,DKI4 (Lubang Buaya),PM25,DKI4,Lubang Buaya,2021,4,6,14,1
60,202103,2021-03-01,2021-03-01,RkKKo,,37.0,60.0,20.0,12.0,12.0,17.0,SEDANG,DKI1 (Bunderan HI),PM25,DKI1,Bundaran HI,2021,3,1,9,0
55,202103,2021-03-02,2021-03-02,RkKKo,,38.0,55.0,20.0,15.0,14.0,28.0,SEDANG,DKI1 (Bunderan HI),PM25,DKI1,Bundaran HI,2021,3,2,9,1
67,202103,2021-03-03,2021-03-03,RkKKo,,49.0,67.0,19.0,21.0,17.0,35.0,SEDANG,DKI1 (Bunderan HI),PM25,DKI1,Bundaran HI,2021,3,3,9,2
75,202103,2021-03-04,2021-03-04,RkKKo,,51.0,75.0,22.0,18.0,19.0,31.0,SEDANG,DKI1 (Bunderan HI),PM25,DKI1,Bundaran HI,2021,3,4,9,3
69,202103,2021-03-05,2021-03-05,RkKKo,,52.0,69.0,20.0,16.0,16.0,30.0,SEDANG,DKI1 (Bunderan HI),PM25,DKI1,Bundaran HI,2021,3,5,9,4
73,202103,2021-03-06,2021-03-06,RkKKo,,51.0,73.0,20.0,22.0,15.0,37.0,SEDANG,DKI1 (Bunderan HI),PM25,DKI1,Bundaran HI,2021,3,6,9,5
88,202103,2021-03-07,2021-03-07,RkKKo,,57.0,88.0,23.0,23.0,19.0,31.0,SEDANG,DKI1 (Bunderan HI),PM25,DKI1,Bundaran HI,2021,3,7,9,6
63,202103,2021-03-08,2021-03-08,RkKKo,,47.0,63.0,21.0,16.0,11.0,19.0,SEDANG,DKI1 (Bunderan HI),PM25,DKI1,Bundaran HI,2021,3,8,10,0
50,202103,2021-03-09,2021-03-09,RkKKo,,36.0,50.0,23.0,15.0,10.0,22.0,BAIK,DKI1 (Bunderan HI),PM25,DKI1,Bundaran HI,2021,3,9,10,1
65,202103,2021-03-10,2021-03-10,RkKKo,,45.0,65.0,20.0,20.0,14.0,27.0,SEDANG,DKI1 (Bunderan HI),PM25,DKI1,Bundaran HI,2021,3,10,10,2
35,202103,2021-03-11,2021-03-11,RkKKo,,27.0,35.0,19.0,9.0,15.0,21.0,BAIK,DKI1 (Bunderan HI),PM25,DKI1,Bundaran HI,2021,3,11,10,3
58,202103,2021-03-12,2021-03-12,RkKKo,,44.0,58.0,24.0,12.0,13.0,25.0,SEDANG,DKI1 (Bunderan HI),PM25,DKI1,Bundaran HI,2021,3,12,10,4
62,202103,2021-03-13,2021-03-13,RkKKo,,37.0,62.0,27.0,13.0,13.0,25.0,SEDANG,DKI1 (Bunderan HI),PM25,DKI1,Bundaran HI,2021,3,13,10,5
60,202103,2021-03-14,2021-03-14,RkKKo,,39.0,60.0,23.0,14.0,10.0,19.0,SEDANG,DKI1 (Bunderan HI),PM25,DKI1,Bundaran HI,2021,3,14,10,6
70,202103,2021-03-15,2021-03-15,RkKKo,,45.0,70.0,29.0,18.0,13.0,34.0,SEDANG,DKI1 (Bunderan HI),PM25,DKI1,Bundaran HI,2021,3,15,11,0
80,202103,2021-03-16,2021-03-16,RkKKo,,55.0,80.0,32.0,13.0,21.0,36.0,SEDANG,DKI1 (Bunderan HI),PM25,DKI1,Bundaran HI,2021,3,16,11,1
93,202103,2021-03-17,2021-03-17,RkKKo,,59.0,93.0,25.0,19.0,20.0,45.0,SEDANG,DKI1 (Bunderan HI),PM25,DKI1,Bundaran HI,2021,3,17,11,2
102,202103,2021-03-18,2021-03-18,RkKKo,,64.0,102.0,30.0,15.0,25.0,40.0,TIDAK SEHAT,DKI1 (Bunderan HI),PM25,DKI1,Bundaran HI,2021,3,18,11,3
88,202103,2021-03-19,2021-03-19,RkKKo,,60.0,88.0,29.0,14.0,24.0,35.0,SEDANG,DKI1 (Bunderan HI),PM25,DKI1,Bundaran HI,2021,3,19,11,4
80,202103,2021-03-20,2021-03-20,RkKKo,,55.0,80.0,28.0,16.0,19.0,31.0,SEDANG,DKI1 (Bunderan HI),PM25,DKI1,Bundaran HI,2021,3,20,11,5
55,202103,2021-03-21,2021-03-21,RkKKo,,43.0,55.0,21.0,11.0,18.0,17.0,SEDANG,DKI1 (Bunderan HI),PM25,DKI1,Bundaran HI,2021,3,21,11,6
61,202103,2021-03-22,2021-03-22,RkKKo,,38.0,61.0,21.0,13.0,14.0,18.0,SEDANG,DKI1 (Bunderan HI),PM25,DKI1,Bundaran HI,2021,3,22,12,0
54,202103,2021-03-23,2021-03-23,RkKKo,,37.0,54.0,23.0,11.0,12.0,16.0,SEDANG,DKI1 (Bunderan HI),PM25,DKI1,Bundaran HI,2021,3,23,12,1
53,202103,2021-03-24,2021-03-24,RkKKo,,32.0,53.0,21.0,10.0,9.0,15.0,SEDANG,DKI1 (Bunderan HI),PM25,DKI1,Bundaran HI,2021,3,24,12,2
47,202103,2021-03-25,2021-03-25,RkKKo,,25.0,47.0,22.0,9.0,14.0,17.0,BAIK,DKI1 (Bunderan HI),PM25,DKI1,Bundaran HI,2021,3,25,12,3
69,202103,2021-03-26,2021-03-26,RkKKo,,50.0,69.0,23.0,19.0,19.0,28.0,SEDANG,DKI1 (Bunderan HI),PM25,DKI1,Bundaran HI,2021,3,26,12,4
71,202103,2021-03-27,2021-03-27,RkKKo,,53.0,71.0,29.0,13.0,18.0,33.0,SEDANG,DKI1 (Bunderan HI),PM25,DKI1,Bundaran HI,2021,3,27,12,5
75,202103,2021-03-28,2021-03-28,RkKKo,,54.0,75.0,20.0,15.0,31.0,31.0,SEDANG,DKI1 (Bunderan HI),PM25,DKI1,Bundaran HI,2021,3,28,12,6
77,202103,2021-03-29,2021-03-29,RkKKo,,55.0,77.0,19.0,19.0,21.0,37.0,SEDANG,DKI1 (Bunderan HI),PM25,DKI1,Bundaran HI,2021,3,29,13,0
69,202103,2021-03-30,2021-03-30,RkKKo,,53.0,69.0,24.0,15.0,14.0,30.0,SEDANG,DKI1 (Bunderan HI),PM25,DKI1,Bundaran HI,2021,3,30,13,1
57,202103,2021-03-31,2021-03-31,RkKKo,,43.0,57.0,22.0,13.0,15.0,23.0,SEDANG,DKI1 (Bunderan HI),PM25,DKI1,Bundaran HI,2021,3,31,13,2
66,202103,2021-03-01,2021-03-01,RkKKo,,48.0,66.0,45.0,13.0,38.0,18.0,SEDANG,DKI2 (Kelapa Gading),PM25,DKI2,Kelapa Gading,2021,3,1,9,0
61,202103,2021-03-02,2021-03-02,RkKKo,,55.0,61.0,50.0,12.0,53.0,21.0,SEDANG,DKI2 (Kelapa Gading),PM25,DKI2,Kelapa Gading,2021,3,2,9,1
76,202103,2021-03-03,2021-03-03,RkKKo,,59.0,76.0,46.0,19.0,50.0,30.0,SEDANG,DKI2 (Kelapa Gading),PM25,DKI2,Kelapa Gading,2021,3,3,9,2
79,202103,2021-03-04,2021-03-04,RkKKo,,56.0,79.0,45.0,16.0,49.0,28.0,SEDANG,DKI2 (Kelapa Gading),PM25,DKI2,Kelapa Gading,2021,3,4,9,3
81,202103,2021-03-05,2021-03-05,RkKKo,,65.0,81.0,54.0,16.0,59.0,26.0,SEDANG,DKI2 (Kelapa Gading),PM25,DKI2,Kelapa Gading,2021,3,5,9,4
89,202103,2021-03-06,2021-03-06,RkKKo,,71.0,89.0,59.0,23.0,52.0,31.0,SEDANG,DKI2 (Kelapa Gading),PM25,DKI2,Kelapa Gading,2021,3,6,9,5
84,202103,2021-03-07,2021-03-07,RkKKo,,60.0,84.0,29.0,23.0,51.0,27.0,SEDANG,DKI2 (Kelapa Gading),PM25,DKI2,Kelapa Gading,2021,3,7,9,6
65,202103,2021-03-08,2021-03-08,RkKKo,,52.0,65.0,28.0,16.0,41.0,15.0,SEDANG,DKI2 (Kelapa Gading),PM25,DKI2,Kelapa Gading,2021,3,8,10,0
55,202103,2021-03-09,2021-03-09,RkKKo,,51.0,55.0,27.0,13.0,33.0,15.0,SEDANG,DKI2 (Kelapa Gading),PM25,DKI2,Kelapa Gading,2021,3,9,10,1
81,202103,2021-03-10,2021-03-10,RkKKo,,56.0,81.0,42.0,21.0,42.0,26.0,SEDANG,DKI2 (Kelapa Gading),PM25,DKI2,Kelapa Gading,2021,3,10,10,2
50,202103,2021-03-11,2021-03-11,RkKKo,,38.0,50.0,26.0,9.0,43.0,9.0,BAIK,DKI2 (Kelapa Gading),PM25,DKI2,Kelapa Gading,2021,3,11,10,3
60,202103,2021-03-12,2021-03-12,RkKKo,,51.0,60.0,27.0,12.0,45.0,19.0,SEDANG,DKI2 (Kelapa Gading),PM25,DKI2,Kelapa Gading,2021,3,12,10,4
58,202103,2021-03-13,2021-03-13,RkKKo,,40.0,58.0,29.0,11.0,41.0,16.0,SEDANG,DKI2 (Kelapa Gading),PM25,DKI2,Kelapa Gading,2021,3,13,10,5
62,202103,2021-03-14,2021-03-14,RkKKo,,50.0,62.0,27.0,12.0,37.0,15.0,SEDANG,DKI2 (Kelapa Gading),PM25,DKI2,Kelapa Gading,2021,3,14,10,6
72,202103,2021-03-15,2021-03-15,RkKKo,,51.0,72.0,33.0,15.0,49.0,19.0,SEDANG,DKI2 (Kelapa Gading),PM25,DKI2,Kelapa Gading,2021,3,15,11,0
89,202103,2021-03-16,2021-03-16,RkKKo,,67.0,89.0,41.0,13.0,57.0,25.0,SEDANG,DKI2 (Kelapa Gading),PM25,DKI2,Kelapa Gading,2021,3,16,11,1
107,202103,2021-03-17,2021-03-17,RkKKo,,78.0,107.0,55.0,20.0,53.0,41.0,TIDAK SEHAT,DKI2 (Kelapa Gading),PM25,DKI2,Kelapa Gading,2021,3,17,11,2
115,202103,2021-03-18,2021-03-18,RkKKo,,78.0,115.0,43.0,14.0,,23.0,TIDAK SEHAT,DKI2 (Kelapa Gading),PM25,DKI2,Kelapa Gading,2021,3,18,11,3
93,202103,2021-03-19,2021-03-19,RkKKo,,73.0,93.0,39.0,13.0,59.0,26.0,SEDANG,DKI2 (Kelapa Gading),PM25,DKI2,Kelapa Gading,2021,3,19,11,4
94,202103,2021-03-20,2021-03-20,RkKKo,,61.0,94.0,41.0,15.0,56.0,24.0,SEDANG,DKI2 (Kelapa Gading),PM25,DKI2,Kelapa Gading,2021,3,20,11,5
58,202103,2021-03-21,2021-03-21,RkKKo,,47.0,58.0,29.0,11.0,51.0,14.0,SEDANG,DKI2 (Kelapa Gading),PM25,DKI2,Kelapa Gading,2021,3,21,11,6
67,202103,2021-03-22,2021-03-22,RkKKo,,45.0,67.0,30.0,13.0,43.0,17.0,SEDANG,DKI2 (Kelapa Gading),PM25,DKI2,Kelapa Gading,2021,3,22,12,0
55,202103,2021-03-23,2021-03-23,RkKKo,,48.0,55.0,30.0,9.0,44.0,11.0,SEDANG,DKI2 (Kelapa Gading),PM25,DKI2,Kelapa Gading,2021,3,23,12,1
57,202103,2021-03-24,2021-03-24,RkKKo,,33.0,57.0,27.0,11.0,37.0,8.0,SEDANG,DKI2 (Kelapa Gading),PM25,DKI2,Kelapa Gading,2021,3,24,12,2
53,202103,2021-03-25,2021-03-25,RkKKo,,36.0,53.0,29.0,9.0,41.0,13.0,SEDANG,DKI2 (Kelapa Gading),PM25,DKI2,Kelapa Gading,2021,3,25,12,3
77,202103,2021-03-26,2021-03-26,RkKKo,,57.0,77.0,35.0,18.0,53.0,21.0,SEDANG,DKI2 (Kelapa Gading),PM25,DKI2,Kelapa Gading,2021,3,26,12,4
83,202103,2021-03-27,2021-03-27,RkKKo,,62.0,83.0,49.0,12.0,,19.0,SEDANG,DKI2 (Kelapa Gading),PM25,DKI2,Kelapa Gading,2021,3,27,12,5
76,202103,2021-03-28,2021-03-28,RkKKo,,57.0,76.0,43.0,15.0,,18.0,SEDANG,DKI2 (Kelapa Gading),PM25,DKI2,Kelapa Gading,2021,3,28,12,6
88,202103,2021-03-29,2021-03-29,RkKKo,,65.0,88.0,48.0,18.0,,25.0,SEDANG,DKI2 (Kelapa Gading),PM25,DKI2,Kelapa Gading,2021,3,29,13,0
68,202103,2021-03-30,2021-03-30,RkKKo,,53.0,68.0,34.0,13.0,55.0,17.0,SEDANG,DKI2 (Kelapa Gading),PM25,DKI2,Kelapa Gading,2021,3,30,13,1
58,202103,2021-03-31,2021-03-31,RkKKo,,39.0,58.0,30.0,12.0,48.0,18.0,SEDANG,DKI2 (Kelapa Gading),PM25,DKI2,Kelapa Gading,2021,3,31,13,2
97,202103,2021-03-01,2021-03-01,RkKKo,,62.0,97.0,28.0,13.0,21.0,14.0,SEDANG,DKI3 (Jagakarsa),PM25,DKI3,Jagakarsa,2021,3,1,9,0
71,202103,2021-03-02,2021-03-02,RkKKo,,54.0,71.0,26.0,13.0,41.0,14.0,SEDANG,DKI3 (Jagakarsa),PM25,DKI3,Jagakarsa,2021,3,2,9,1
83,202103,2021-03-03,2021-03-03,RkKKo,,57.0,83.0,27.0,18.0,38.0,20.0,SEDANG,DKI3 (Jagakarsa),PM25,DKI3,Jagakarsa,2021,3,3,9,2
77,202103,2021-03-04,2021-03-04,RkKKo,,56.0,77.0,29.0,13.0,28.0,19.0,SEDANG,DKI3 (Jagakarsa),PM25,DKI3,Jagakarsa,2021,3,4,9,3
77,202103,2021-03-05,2021-03-05,RkKKo,,54.0,77.0,31.0,11.0,39.0,20.0,SEDANG,DKI3 (Jagakarsa),PM25,DKI3,Jagakarsa,2021,3,5,9,4
80,202103,2021-03-06,2021-03-06,RkKKo,,54.0,80.0,27.0,17.0,34.0,18.0,SEDANG,DKI3 (Jagakarsa),PM25,DKI3,Jagakarsa,2021,3,6,9,5
93,202103,2021-03-07,2021-03-07,RkKKo,,64.0,93.0,28.0,18.0,31.0,19.0,SEDANG,DKI3 (Jagakarsa),PM25,DKI3,Jagakarsa,2021,3,7,9,6
77,202103,2021-03-08,2021-03-08,RkKKo,,53.0,77.0,28.0,11.0,18.0,10.0,SEDANG,DKI3 (Jagakarsa),PM25,DKI3,Jagakarsa,2021,3,8,10,0
63,202103,2021-03-09,2021-03-09,RkKKo,,41.0,63.0,30.0,7.0,19.0,10.0,SEDANG,DKI3 (Jagakarsa),PM25,DKI3,Jagakarsa,2021,3,9,10,1
89,202103,2021-03-10,2021-03-10,RkKKo,,60.0,89.0,28.0,14.0,25.0,14.0,SEDANG,DKI3 (Jagakarsa),PM25,DKI3,Jagakarsa,2021,3,10,10,2
52,202103,2021-03-11,2021-03-11,RkKKo,,29.0,52.0,26.0,7.0,28.0,11.0,SEDANG,DKI3 (Jagakarsa),PM25,DKI3,Jagakarsa,2021,3,11,10,3
99,202103,2021-03-12,2021-03-12,RkKKo,,66.0,99.0,29.0,13.0,29.0,15.0,SEDANG,DKI3 (Jagakarsa),PM25,DKI3,Jagakarsa,2021,3,12,10,4
72,202103,2021-03-13,2021-03-13,RkKKo,,53.0,72.0,29.0,7.0,23.0,9.0,SEDANG,DKI3 (Jagakarsa),PM25,DKI3,Jagakarsa,2021,3,13,10,5
73,202103,2021-03-14,2021-03-14,RkKKo,,52.0,73.0,28.0,10.0,16.0,10.0,SEDANG,DKI3 (Jagakarsa),PM25,DKI3,Jagakarsa,2021,3,14,10,6
76,202103,2021-03-15,2021-03-15,RkKKo,,51.0,76.0,28.0,9.0,25.0,10.0,SEDANG,DKI3 (Jagakarsa),PM25,DKI3,Jagakarsa,2021,3,15,11,0
88,202103,2021-03-16,2021-03-16,RkKKo,,59.0,88.0,40.0,8.0,41.0,18.0,SEDANG,DKI3 (Jagakarsa),PM25,DKI3,Jagakarsa,2021,3,16,11,1
106,202103,2021-03-17,2021-03-17,RkKKo,,71.0,106.0,32.0,11.0,39.0,19.0,TIDAK SEHAT,DKI3 (Jagakarsa),PM25,DKI3,Jagakarsa,2021,3,17,11,2
99,202103,2021-03-18,2021-03-18,RkKKo,,61.0,99.0,35.0,7.0,42.0,18.0,SEDANG,DKI3 (Jagakarsa),PM25,DKI3,Jagakarsa,2021,3,18,11,3
87,202103,2021-03-19,2021-03-19,RkKKo,,59.0,87.0,33.0,7.0,39.0,14.0,SEDANG,DKI3 (Jagakarsa),PM25,DKI3,Jagakarsa,2021,3,19,11,4
106,202103,2021-03-20,2021-03-20,RkKKo,,65.0,106.0,31.0,12.0,45.0,17.0,TIDAK SEHAT,DKI3 (Jagakarsa),PM25,DKI3,Jagakarsa,2021,3,20,11,5
118,202103,2021-03-21,2021-03-21,RkKKo,,81.0,118.0,27.0,15.0,37.0,16.0,TIDAK SEHAT,DKI3 (Jagakarsa),PM25,DKI3,Jagakarsa,2021,3,21,11,6
93,202103,2021-03-22,2021-03-22,RkKKo,,62.0,93.0,26.0,15.0,36.0,10.0,SEDANG,DKI3 (Jagakarsa),PM25,DKI3,Jagakarsa,2021,3,22,12,0
77,202103,2021-03-23,2021-03-23,RkKKo,,51.0,77.0,26.0,9.0,27.0,8.0,SEDANG,DKI3 (Jagakarsa),PM25,DKI3,Jagakarsa,2021,3,23,12,1
64,202103,2021-03-24,2021-03-24,RkKKo,,43.0,64.0,26.0,6.0,27.0,8.0,SEDANG,DKI3 (Jagakarsa),PM25,DKI3,Jagakarsa,2021,3,24,12,2
62,202103,2021-03-25,2021-03-25,RkKKo,,38.0,62.0,26.0,7.0,28.0,9.0,SEDANG,DKI3 (Jagakarsa),PM25,DKI3,Jagakarsa,2021,3,25,12,3
79,202103,2021-03-26,2021-03-26,RkKKo,,55.0,79.0,27.0,13.0,39.0,11.0,SEDANG,DKI3 (Jagakarsa),PM25,DKI3,Jagakarsa,2021,3,26,12,4
73,202103,2021-03-27,2021-03-27,RkKKo,,51.0,73.0,30.0,11.0,56.0,19.0,SEDANG,DKI3 (Jagakarsa),PM25,DKI3,Jagakarsa,2021,3,27,12,5
63,202103,2021-03-28,2021-03-28,RkKKo,,47.0,63.0,27.0,10.0,43.0,17.0,SEDANG,DKI3 (Jagakarsa),PM25,DKI3,Jagakarsa,2021,3,28,12,6
51,202103,2021-03-29,2021-03-29,RkKKo,,51.0,19.0,26.0,14.0,48.0,21.0,SEDANG,DKI3 (Jagakarsa),PM10,DKI3,Jagakarsa,2021,3,29,13,0
59,202103,2021-03-30,2021-03-30,RkKKo,,59.0,24.0,29.0,10.0,33.0,20.0,SEDANG,DKI3 (Jagakarsa),PM10,DKI3,Jagakarsa,2021,3,30,13,1
56,202103,2021-03-31,2021-03-31,RkKKo,,56.0,22.0,12.0,18.0,32.0,25.0,SEDANG,DKI3 (Jagakarsa),PM10,DKI3,Jagakarsa,2021,3,31,13,2
96,202103,2021-03-01,2021-03-01,RkKKo,,56.0,96.0,40.0,13.0,19.0,9.0,SEDANG,DKI4 (Lubang Buaya),PM25,DKI4,Lubang Buaya,2021,3,1,9,0
81,202103,2021-03-02,2021-03-02,RkKKo,,46.0,81.0,39.0,17.0,29.0,14.0,SEDANG,DKI4 (Lubang Buaya),PM25,DKI4,Lubang Buaya,2021,3,2,9,1
52,202103,2021-03-03,2021-03-03,RkKKo,,52.0,,41.0,19.0,31.0,14.0,SEDANG,DKI4 (Lubang Buaya),PM10,DKI4,Lubang Buaya,2021,3,3,9,2
108,202106,2021-06-20,2021-06-20,RkKKo,,81.0,108.0,66.0,18.0,44.0,35.0,TIDAK SEHAT,DKI2 (Kelapa Gading),PM25,DKI2,Kelapa Gading,2021,6,20,24,6
75,202106,2021-06-21,2021-06-21,RkKKo,,62.0,75.0,55.0,14.0,44.0,28.0,SEDANG,DKI2 (Kelapa Gading),PM25,DKI2,Kelapa Gading,2021,6,21,25,0
72,202106,2021-06-22,2021-06-22,RkKKo,,59.0,72.0,54.0,14.0,38.0,27.0,SEDANG,DKI2 (Kelapa Gading),PM25,DKI2,Kelapa Gading,2021,6,22,25,1
91,202106,2021-06-23,2021-06-23,RkKKo,,66.0,91.0,51.0,13.0,51.0,28.0,SEDANG,DKI2 (Kelapa Gading),PM25,DKI2,Kelapa Gading,2021,6,23,25,2
99,202106,2021-06-24,2021-06-24,RkKKo,,80.0,99.0,54.0,14.0,42.0,28.0,SEDANG,DKI2 (Kelapa Gading),PM25,DKI2,Kelapa Gading,2021,6,24,25,3
84,202106,2021-06-25,2021-06-25,RkKKo,,70.0,84.0,58.0,12.0,40.0,23.0,SEDANG,DKI2 (Kelapa Gading),PM25,DKI2,Kelapa Gading,2021,6,25,25,4
79,202106,2021-06-26,2021-06-26,RkKKo,,62.0,79.0,53.0,9.0,53.0,17.0,SEDANG,DKI2 (Kelapa Gading),PM25,DKI2,Kelapa Gading,2021,6,26,25,5
94,202106,2021-06-27,2021-06-27,RkKKo,,67.0,94.0,57.0,11.0,57.0,18.0,SEDANG,DKI2 (Kelapa Gading),PM25,DKI2,Kelapa Gading,2021,6,27,25,6
93,202106,2021-06-28,2021-06-28,RkKKo,,65.0,93.0,53.0,16.0,,28.0,SEDANG,DKI2 (Kelapa Gading),PM25,DKI2,Kelapa Gading,2021,6,28,26,0
102,202106,2021-06-29,2021-06-29,RkKKo,,75.0,102.0,52.0,12.0,51.0,18.0,TIDAK SEHAT,DKI2 (Kelapa Gading),PM25,DKI2,Kelapa Gading,2021,6,29,26,1
105,202106,2021-06-30,2021-06-30,RkKKo,,79.0,105.0,57.0,14.0,55.0,28.0,TIDAK SEHAT,DKI2 (Kelapa Gading),PM25,DKI2,Kelapa Gading,2021,6,30,26,2
105,202106,2021-06-01,2021-06-01,RkKKo,,73.0,105.0,43.0,12.0,,22.0,TIDAK SEHAT,DKI3 (Jagakarsa),PM25,DKI3,Jagakarsa,2021,6,1,22,1
81,202106,2021-06-02,2021-06-02,RkKKo,,62.0,81.0,45.0,8.0,,17.0,SEDANG,DKI3 (Jagakarsa),PM25,DKI3,Jagakarsa,2021,6,2,22,2
78,202106,2021-06-03,2021-06-03,RkKKo,,58.0,78.0,49.0,8.0,,16.0,SEDANG,DKI3 (Jagakarsa),PM25,DKI3,Jagakarsa,2021,6,3,22,3
86,202106,2021-06-04,2021-06-04,RkKKo,,59.0,86.0,48.0,6.0,,15.0,SEDANG,DKI3 (Jagakarsa),PM25,DKI3,Jagakarsa,2021,6,4,22,4
87,202106,2021-06-05,2021-06-05,RkKKo,,58.0,87.0,44.0,8.0,23.0,15.0,SEDANG,DKI3 (Jagakarsa),PM25,DKI3,Jagakarsa,2021,6,5,22,5
95,202106,2021-06-06,2021-06-06,RkKKo,,63.0,95.0,45.0,11.0,26.0,19.0,SEDANG,DKI3 (Jagakarsa),PM25,DKI3,Jagakarsa,2021,6,6,22,6
78,202106,2021-06-07,2021-06-07,RkKKo,,55.0,78.0,47.0,7.0,24.0,14.0,SEDANG,DKI3 (Jagakarsa),PM25,DKI3,Jagakarsa,2021,6,7,23,0
82,202106,2021-06-08,2021-06-08,RkKKo,,54.0,82.0,48.0,7.0,34.0,15.0,SEDANG,DKI3 (Jagakarsa),PM25,DKI3,Jagakarsa,2021,6,8,23,1
88,202106,2021-06-09,2021-06-09,RkKKo,,59.0,88.0,48.0,8.0,26.0,16.0,SEDANG,DKI3 (Jagakarsa),PM25,DKI3,Jagakarsa,2021,6,9,23,2
97,202106,2021-06-10,2021-06-10,RkKKo,,67.0,97.0,48.0,14.0,26.0,22.0,SEDANG,DKI3 (Jagakarsa),PM25,DKI3,Jagakarsa,2021,6,10,23,3
86,202106,2021-06-11,2021-06-11,RkKKo,,60.0,86.0,47.0,9.0,30.0,17.0,SEDANG,DKI3 (Jagakarsa),PM25,DKI3,Jagakarsa,2021,6,11,23,4
73,202106,2021-06-12,2021-06-12,RkKKo,,53.0,73.0,49.0,6.0,35.0,13.0,SEDANG,DKI3 (Jagakarsa),PM25,DKI3,Jagakarsa,2021,6,12,23,5
71,202106,2021-06-13,2021-06-13,RkKKo,,49.0,71.0,49.0,6.0,32.0,12.0,SEDANG,DKI3 (Jagakarsa),PM25,DKI3,Jagakarsa,2021,6,13,23,6
88,202106,2021-06-14,2021-06-14,RkKKo,,59.0,88.0,49.0,7.0,23.0,15.0,SEDANG,DKI3 (Jagakarsa),PM25,DKI3,Jagakarsa,2021,6,14,24,0
114,202106,2021-06-15,2021-06-15,RkKKo,,73.0,114.0,52.0,9.0,24.0,21.0,TIDAK SEHAT,DKI3 (Jagakarsa),PM25,DKI3,Jagakarsa,2021,6,15,24,1
89,202106,2021-06-16,2021-06-16,RkKKo,,63.0,89.0,51.0,10.0,21.0,17.0,SEDANG,DKI3 (Jagakarsa),PM25,DKI3,Jagakarsa,2021,6,16,24,2
99,202106,2021-06-17,2021-06-17,RkKKo,,66.0,99.0,50.0,14.0,21.0,19.0,SEDANG,DKI3 (Jagakarsa),PM25,DKI3,Jagakarsa,2021,6,17,24,3
87,202106,2021-06-18,2021-06-18,RkKKo,,62.0,87.0,48.0,10.0,25.0,21.0,SEDANG,DKI3 (Jagakarsa),PM25,DKI3,Jagakarsa,2021,6,18,24,4
93,202106,2021-06-19,2021-06-19,RkKKo,,63.0,93.0,50.0,7.0,18.0,22.0,SEDANG,DKI3 (Jagakarsa),PM25,DKI3,Jagakarsa,2021,6,19,24,5
111,202106,2021-06-20,2021-06-20,RkKKo,,80.0,111.0,52.0,7.0,24.0,29.0,TIDAK SEHAT,DKI3 (Jagakarsa),PM25,DKI3,Jagakarsa,2021,6,20,24,6
64,202106,2021-06-21,2021-06-21,RkKKo,,53.0,64.0,48.0,4.0,22.0,17.0,SEDANG,DKI3 (Jagakarsa),PM25,DKI3,Jagakarsa,2021,6,21,25,0
56,202106,2021-06-22,2021-06-22,RkKKo,,34.0,56.0,50.0,5.0,24.0,15.0,SEDANG,DKI3 (Jagakarsa),PM25,DKI3,Jagakarsa,2021,6,22,25,1
89,202106,2021-06-23,2021-06-23,RkKKo,,59.0,89.0,52.0,9.0,29.0,23.0,SEDANG,DKI3 (Jagakarsa),PM25,DKI3,Jagakarsa,2021,6,23,25,2
106,202106,2021-06-24,2021-06-24,RkKKo,,69.0,106.0,51.0,9.0,26.0,19.0,TIDAK SEHAT,DKI3 (Jagakarsa),PM25,DKI3,Jagakarsa,2021,6,24,25,3
127,202106,2021-06-25,2021-06-25,RkKKo,,85.0,127.0,51.0,11.0,27.0,22.0,TIDAK SEHAT,DKI3 (Jagakarsa),PM25,DKI3,Jagakarsa,2021,6,25,25,4
80,202106,2021-06-26,2021-06-26,RkKKo,,58.0,80.0,51.0,5.0,25.0,15.0,SEDANG,DKI3 (Jagakarsa),PM25,DKI3,Jagakarsa,2021,6,26,25,5
110,202106,2021-06-27,2021-06-27,RkKKo,,72.0,110.0,50.0,9.0,29.0,15.0,TIDAK SEHAT,DKI3 (Jagakarsa),PM25,DKI3,Jagakarsa,2021,6,27,25,6
81,202106,2021-06-28,2021-06-28,RkKKo,,58.0,81.0,50.0,6.0,26.0,14.0,SEDANG,DKI3 (Jagakarsa),PM25,DKI3,Jagakarsa,2021,6,28,26,0
71,202106,2021-06-29,2021-06-29,RkKKo,,71.0,30.0,52.0,8.0,25.0,19.0,SEDANG,DKI3 (Jagakarsa),PM10,DKI3,Jagakarsa,2021,6,29,26,1
79,202106,2021-06-30,2021-06-30,RkKKo,,79.0,26.0,49.0,10.0,23.0,19.0,SEDANG,DKI3 (Jagakarsa),PM10,DKI3,Jagakarsa,2021,6,30,26,2
105,202106,2021-06-01,2021-06-01,RkKKo,,65.0,105.0,41.0,,36.0,30.0,TIDAK SEHAT,DKI4 (Lubang Buaya),PM25,DKI4,Lubang Buaya,2021,6,1,22,1
100,202106,2021-06-02,2021-06-02,RkKKo,,63.0,100.0,41.0,,36.0,21.0,SEDANG,DKI4 (Lubang Buaya),PM25,DKI4,Lubang Buaya,2021,6,2,22,2
89,202106,2021-06-03,2021-06-03,RkKKo,,54.0,89.0,41.0,11.0,32.0,20.0,SEDANG,DKI4 (Lubang Buaya),PM25,DKI4,Lubang Buaya,2021,6,3,22,3
100,202106,2021-06-04,2021-06-04,RkKKo,,62.0,100.0,43.0,7.0,41.0,17.0,SEDANG,DKI4 (Lubang Buaya),PM25,DKI4,Lubang Buaya,2021,6,4,22,4
93,202106,2021-06-05,2021-06-05,RkKKo,,57.0,93.0,41.0,11.0,36.0,23.0,SEDANG,DKI4 (Lubang Buaya),PM25,DKI4,Lubang Buaya,2021,6,5,22,5
93,202106,2021-06-06,2021-06-06,RkKKo,,56.0,93.0,41.0,9.0,38.0,20.0,SEDANG,DKI4 (Lubang Buaya),PM25,DKI4,Lubang Buaya,2021,6,6,22,6
86,202106,2021-06-07,2021-06-07,RkKKo,,50.0,86.0,41.0,9.0,37.0,21.0,SEDANG,DKI4 (Lubang Buaya),PM25,DKI4,Lubang Buaya,2021,6,7,23,0
103,202106,2021-06-08,2021-06-08,RkKKo,,62.0,103.0,44.0,,30.0,29.0,TIDAK SEHAT,DKI4 (Lubang Buaya),PM25,DKI4,Lubang Buaya,2021,6,8,23,1
108,202106,2021-06-09,2021-06-09,RkKKo,,68.0,108.0,43.0,,27.0,28.0,TIDAK SEHAT,DKI4 (Lubang Buaya),PM25,DKI4,Lubang Buaya,2021,6,9,23,2
108,202106,2021-06-10,2021-06-10,RkKKo,,68.0,108.0,37.0,9.0,32.0,28.0,TIDAK SEHAT,DKI4 (Lubang Buaya),PM25,DKI4,Lubang Buaya,2021,6,10,23,3
99,202106,2021-06-11,2021-06-11,RkKKo,,64.0,99.0,,9.0,35.0,26.0,SEDANG,DKI4 (Lubang Buaya),PM25,DKI4,Lubang Buaya,2021,6,11,23,4
93,202106,2021-06-12,2021-06-12,RkKKo,,55.0,93.0,27.0,13.0,30.0,24.0,SEDANG,DKI4 (Lubang Buaya),PM25,DKI4,Lubang Buaya,2021,6,12,23,5
80,202106,2021-06-13,2021-06-13,RkKKo,,49.0,80.0,36.0,12.0,32.0,23.0,SEDANG,DKI4 (Lubang Buaya),PM25,DKI4,Lubang Buaya,2021,6,13,23,6
103,202106,2021-06-14,2021-06-14,RkKKo,,63.0,103.0,35.0,13.0,28.0,21.0,TIDAK SEHAT,DKI4 (Lubang Buaya),PM25,DKI4,Lubang Buaya,2021,6,14,24,0
111,202106,2021-06-15,2021-06-15,RkKKo,,67.0,111.0,42.0,13.0,22.0,25.0,TIDAK SEHAT,DKI4 (Lubang Buaya),PM25,DKI4,Lubang Buaya,2021,6,15,24,1
88,202106,2021-06-16,2021-06-16,RkKKo,,62.0,88.0,35.0,20.0,19.0,22.0,SEDANG,DKI4 (Lubang Buaya),PM25,DKI4,Lubang Buaya,2021,6,16,24,2
102,202106,2021-06-17,2021-06-17,RkKKo,,64.0,102.0,35.0,28.0,20.0,28.0,TIDAK SEHAT,DKI4 (Lubang Buaya),PM25,DKI4,Lubang Buaya,2021,6,17,24,3
102,202106,2021-06-18,2021-06-18,RkKKo,,67.0,102.0,38.0,19.0,18.0,24.0,TIDAK SEHAT,DKI4 (Lubang Buaya),PM25,DKI4,Lubang Buaya,2021,6,18,24,4
102,202106,2021-06-19,2021-06-19,RkKKo,,56.0,102.0,31.0,19.0,15.0,31.0,TIDAK SEHAT,DKI4 (Lubang Buaya),PM25,DKI4,Lubang Buaya,2021,6,19,24,5
140,202106,2021-06-20,2021-06-20,RkKKo,,74.0,,36.0,22.0,20.0,26.0,TIDAK SEHAT,DKI4 (Lubang Buaya),PM25,DKI4,Lubang Buaya,2021,6,20,24,6
90,202106,2021-06-21,2021-06-21,RkKKo,,51.0,90.0,29.0,14.0,19.0,21.0,SEDANG,DKI4 (Lubang Buaya),PM25,DKI4,Lubang Buaya,2021,6,21,25,0
84,202106,2021-06-22,2021-06-22,RkKKo,,47.0,84.0,33.0,16.0,21.0,22.0,SEDANG,DKI4 (Lubang Buaya),PM25,DKI4,Lubang Buaya,2021,6,22,25,1
107,202106,2021-06-23,2021-06-23,RkKKo,,58.0,107.0,38.0,14.0,23.0,25.0,TIDAK SEHAT,DKI4 (Lubang Buaya),PM25,DKI4,Lubang Buaya,2021,6,23,25,2
119,202106,2021-06-24,2021-06-24,RkKKo,,66.0,119.0,37.0,15.0,16.0,27.0,TIDAK SEHAT,DKI4 (Lubang Buaya),PM25,DKI4,Lubang Buaya,2021,6,24,25,3
147,202106,2021-06-25,2021-06-25,RkKKo,,82.0,,39.0,18.0,20.0,24.0,TIDAK SEHAT,DKI4 (Lubang Buaya),PM25,DKI4,Lubang Buaya,2021,6,25,25,4
118,202106,2021-06-26,2021-06-26,RkKKo,,67.0,118.0,36.0,10.0,26.0,18.0,TIDAK SEHAT,DKI4 (Lubang Buaya),PM25,DKI4,Lubang Buaya,2021,6,26,25,5
134,202106,2021-06-27,2021-06-27,RkKKo,,72.0,134.0,34.0,18.0,29.0,22.0,TIDAK SEHAT,DKI4 (Lubang Buaya),PM25,DKI4,Lubang Buaya,2021,6,27,25,6
117,202106,2021-06-28,2021-06-28,RkKKo,,60.0,117.0,36.0,18.0,30.0,22.0,TIDAK SEHAT,DKI4 (Lubang Buaya),PM25,DKI4,Lubang Buaya,2021,6,28,26,0
124,202106,2021-06-29,2021-06-29,RkKKo,,65.0,124.0,34.0,13.0,27.0,21.0,TIDAK SEHAT,DKI4 (Lubang Buaya),PM25,DKI4,Lubang Buaya,2021,6,29,26,1
125,202106,2021-06-30,2021-06-30,RkKKo,,65.0,125.0,36.0,14.0,21.0,29.0,TIDAK SEHAT,DKI4 (Lubang Buaya),PM25,DKI4,Lubang Buaya,2021,6,30,26,2
98,202106,2021-06-01,2021-06-01,RkKKo,,57.0,98.0,27.0,12.0,26.0,22.0,SEDANG,DKI5 (Kebon Jeruk) Jakarta Barat,PM25,DKI5,Kebon Jeruk,2021,6,1,22,1
92,202106,2021-06-02,2021-06-02,RkKKo,,57.0,92.0,25.0,15.0,27.0,27.0,SEDANG,DKI5 (Kebon Jeruk) Jakarta Barat,PM25,DKI5,Kebon Jeruk,2021,6,2,22,2
90,202106,2021-06-03,2021-06-03,RkKKo,,53.0,90.0,23.0,18.0,19.0,36.0,SEDANG,DKI5 (Kebon Jeruk) Jakarta Barat,PM25,DKI5,Kebon Jeruk,2021,6,3,22,3
89,202106,2021-06-04,2021-06-04,RkKKo,,53.0,89.0,29.0,9.0,25.0,19.0,SEDANG,DKI5 (Kebon Jeruk) Jakarta Barat,PM25,DKI5,Kebon Jeruk,2021,6,4,22,4
57,202106,2021-06-05,2021-06-05,RkKKo,,57.0,,24.0,15.0,21.0,29.0,SEDANG,DKI5 (Kebon Jeruk) Jakarta Barat,PM10,DKI5,Kebon Jeruk,2021,6,5,22,5
54,202106,2021-06-06,2021-06-06,RkKKo,,54.0,,23.0,13.0,25.0,22.0,SEDANG,DKI5 (Kebon Jeruk) Jakarta Barat,PM10,DKI5,Kebon Jeruk,2021,6,6,22,6
53,202106,2021-06-07,2021-06-07,RkKKo,,53.0,,25.0,12.0,32.0,21.0,SEDANG,DKI5 (Kebon Jeruk) Jakarta Barat,PM10,DKI5,Kebon Jeruk,2021,6,7,23,0
91,202106,2021-06-08,2021-06-08,RkKKo,,52.0,91.0,25.0,12.0,27.0,28.0,SEDANG,DKI5 (Kebon Jeruk) Jakarta Barat,PM25,DKI5,Kebon Jeruk,2021,6,8,23,1
86,202106,2021-06-09,2021-06-09,RkKKo,,52.0,86.0,29.0,9.0,28.0,19.0,SEDANG,DKI5 (Kebon Jeruk) Jakarta Barat,PM25,DKI5,Kebon Jeruk,2021,6,9,23,2
108,202106,2021-06-10,2021-06-10,RkKKo,,61.0,108.0,24.0,18.0,22.0,34.0,TIDAK SEHAT,DKI5 (Kebon Jeruk) Jakarta Barat,PM25,DKI5,Kebon Jeruk,2021,6,10,23,3
87,202106,2021-06-11,2021-06-11,RkKKo,,53.0,87.0,22.0,10.0,29.0,25.0,SEDANG,DKI5 (Kebon Jeruk) Jakarta Barat,PM25,DKI5,Kebon Jeruk,2021,6,11,23,4
81,202106,2021-06-12,2021-06-12,RkKKo,,49.0,81.0,28.0,10.0,29.0,26.0,SEDANG,DKI5 (Kebon Jeruk) Jakarta Barat,PM25,DKI5,Kebon Jeruk,2021,6,12,23,5
77,202106,2021-06-13,2021-06-13,RkKKo,,47.0,77.0,25.0,10.0,23.0,20.0,SEDANG,DKI5 (Kebon Jeruk) Jakarta Barat,PM25,DKI5,Kebon Jeruk,2021,6,13,23,6
98,202106,2021-06-14,2021-06-14,RkKKo,,57.0,98.0,27.0,13.0,18.0,25.0,SEDANG,DKI5 (Kebon Jeruk) Jakarta Barat,PM25,DKI5,Kebon Jeruk,2021,6,14,24,0
89,202106,2021-06-15,2021-06-15,RkKKo,,56.0,89.0,42.0,10.0,16.0,27.0,SEDANG,DKI5 (Kebon Jeruk) Jakarta Barat,PM25,DKI5,Kebon Jeruk,2021,6,15,24,1
97,202106,2021-06-16,2021-06-16,RkKKo,,58.0,97.0,28.0,25.0,9.0,55.0,SEDANG,DKI5 (Kebon Jeruk) Jakarta Barat,PM25,DKI5,Kebon Jeruk,2021,6,16,24,2
90,202106,2021-06-17,2021-06-17,RkKKo,,54.0,90.0,30.0,17.0,16.0,41.0,SEDANG,DKI5 (Kebon Jeruk) Jakarta Barat,PM25,DKI5,Kebon Jeruk,2021,6,17,24,3
101,202106,2021-06-18,2021-06-18,RkKKo,,62.0,101.0,28.0,23.0,16.0,45.0,TIDAK SEHAT,DKI5 (Kebon Jeruk) Jakarta Barat,PM25,DKI5,Kebon Jeruk,2021,6,18,24,4
83,202106,2021-06-19,2021-06-19,RkKKo,,53.0,83.0,34.0,19.0,11.0,45.0,SEDANG,DKI5 (Kebon Jeruk) Jakarta Barat,PM25,DKI5,Kebon Jeruk,2021,6,19,24,5
123,202106,2021-06-20,2021-06-20,RkKKo,,74.0,123.0,47.0,26.0,20.0,,TIDAK SEHAT,DKI5 (Kebon Jeruk) Jakarta Barat,PM25,DKI5,Kebon Jeruk,2021,6,20,24,6
68,202106,2021-06-21,2021-06-21,RkKKo,,50.0,68.0,23.0,16.0,12.0,35.0,SEDANG,DKI5 (Kebon Jeruk) Jakarta Barat,PM25,DKI5,Kebon Jeruk,2021,6,21,25,0
67,202106,2021-06-22,2021-06-22,RkKKo,,35.0,67.0,28.0,13.0,13.0,35.0,SEDANG,DKI5 (Kebon Jeruk) Jakarta Barat,PM25,DKI5,Kebon Jeruk,2021,6,22,25,1
103,202106,2021-06-23,2021-06-23,RkKKo,,58.0,103.0,26.0,14.0,23.0,28.0,TIDAK SEHAT,DKI5 (Kebon Jeruk) Jakarta Barat,PM25,DKI5,Kebon Jeruk,2021,6,23,25,2
107,202106,2021-06-24,2021-06-24,RkKKo,,64.0,107.0,39.0,19.0,17.0,52.0,TIDAK SEHAT,DKI5 (Kebon Jeruk) Jakarta Barat,PM25,DKI5,Kebon Jeruk,2021,6,24,25,3
129,202106,2021-06-25,2021-06-25,RkKKo,,76.0,129.0,35.0,30.0,14.0,,TIDAK SEHAT,DKI5 (Kebon Jeruk) Jakarta Barat,PM25,DKI5,Kebon Jeruk,2021,6,25,25,4
70,202106,2021-06-26,2021-06-26,RkKKo,,45.0,70.0,39.0,8.0,16.0,22.0,SEDANG,DKI5 (Kebon Jeruk) Jakarta Barat,PM25,DKI5,Kebon Jeruk,2021,6,26,25,5
120,202106,2021-06-27,2021-06-27,RkKKo,,68.0,120.0,28.0,22.0,17.0,41.0,TIDAK SEHAT,DKI5 (Kebon Jeruk) Jakarta Barat,PM25,DKI5,Kebon Jeruk,2021,6,27,25,6
99,202106,2021-06-28,2021-06-28,RkKKo,,59.0,99.0,25.0,17.0,21.0,30.0,SEDANG,DKI5 (Kebon Jeruk) Jakarta Barat,PM25,DKI5,Kebon Jeruk,2021,6,28,26,0
128,202106,2021-06-29,2021-06-29,RkKKo,,72.0,128.0,35.0,24.0,21.0,50.0,TIDAK SEHAT,DKI5 (Kebon Jeruk) Jakarta Barat,PM25,DKI5,Kebon Jeruk,2021,6,29,26,1
106,202106,2021-06-30,2021-06-30,RkKKo,,64.0,106.0,28.0,16.0,14.0,33.0,TIDAK SEHAT,DKI5 (Kebon Jeruk) Jakarta Barat,PM25,DKI5,Kebon Jeruk,2021,6,30,26,2
76,202107,2021-07-01,2021-07-01,RkKKo,,55.0,76.0,27.0,14.0,20.0,31.0,SEDANG,DKI1 (Bunderan HI),PM25,DKI1,Bundaran HI,2021,7,1,26,3
70,202107,2021-07-02,2021-07-02,RkKKo,,55.0,70.0,33.0,16.0,14.0,30.0,SEDANG,DKI1 (Bunderan HI),PM25,DKI1,Bundaran HI,2021,7,2,26,4
81,202107,2021-07-03,2021-07-03,RkKKo,,58.0,81.0,33.0,12.0,19.0,25.0,SEDANG,DKI1 (Bunderan HI),PM25,DKI1,Bundaran HI,2021,7,3,26,5
102,202107,2021-07-04,2021-07-04,RkKKo,,68.0,102.0,27.0,11.0,27.0,22.0,TIDAK SEHAT,DKI1 (Bunderan HI),PM25,DKI1,Bundaran HI,2021,7,4,26,6
106,202107,2021-07-05,2021-07-05,RkKKo,,71.0,106.0,28.0,12.0,34.0,25.0,TIDAK SEHAT,DKI1 (Bunderan HI),PM25,DKI1,Bundaran HI,2021,7,5,27,0
74,202107,2021-07-06,2021-07-06,RkKKo,,56.0,74.0,26.0,9.0,29.0,29.0,SEDANG,DKI1 (Bunderan HI),PM25,DKI1,Bundaran HI,2021,7,6,27,1
86,202107,2021-07-07,2021-07-07,RkKKo,,64.0,86.0,34.0,10.0,22.0,27.0,SEDANG,DKI1 (Bunderan HI),PM25,DKI1,Bundaran HI,2021,7,7,27,2
94,202107,2021-07-08,2021-07-08,RkKKo,,68.0,94.0,32.0,10.0,26.0,26.0,SEDANG,DKI1 (Bunderan HI),PM25,DKI1,Bundaran HI,2021,7,8,27,3
101,202107,2021-07-09,2021-07-09,RkKKo,,70.0,101.0,33.0,9.0,28.0,25.0,TIDAK SEHAT,DKI1 (Bunderan HI),PM25,DKI1,Bundaran HI,2021,7,9,27,4
83,202107,2021-07-10,2021-07-10,RkKKo,,64.0,83.0,35.0,7.0,24.0,23.0,SEDANG,DKI1 (Bunderan HI),PM25,DKI1,Bundaran HI,2021,7,10,27,5
71,202107,2021-07-11,2021-07-11,RkKKo,,54.0,71.0,32.0,6.0,21.0,15.0,SEDANG,DKI1 (Bunderan HI),PM25,DKI1,Bundaran HI,2021,7,11,27,6
59,202107,2021-07-12,2021-07-12,RkKKo,,46.0,59.0,29.0,5.0,18.0,13.0,SEDANG,DKI1 (Bunderan HI),PM25,DKI1,Bundaran HI,2021,7,12,28,0
89,202107,2021-07-13,2021-07-13,RkKKo,,63.0,89.0,33.0,10.0,18.0,24.0,SEDANG,DKI1 (Bunderan HI),PM25,DKI1,Bundaran HI,2021,7,13,28,1
69,202107,2021-07-14,2021-07-14,RkKKo,,53.0,69.0,28.0,10.0,17.0,23.0,SEDANG,DKI1 (Bunderan HI),PM25,DKI1,Bundaran HI,2021,7,14,28,2
95,202107,2021-07-15,2021-07-15,RkKKo,,66.0,95.0,31.0,12.0,24.0,30.0,SEDANG,DKI1 (Bunderan HI),PM25,DKI1,Bundaran HI,2021,7,15,28,3
97,202107,2021-07-16,2021-07-16,RkKKo,,71.0,97.0,30.0,11.0,24.0,29.0,SEDANG,DKI1 (Bunderan HI),PM25,DKI1,Bundaran HI,2021,7,16,28,4
80,202107,2021-07-17,2021-07-17,RkKKo,,63.0,80.0,29.0,8.0,28.0,20.0,SEDANG,DKI1 (Bunderan HI),PM25,DKI1,Bundaran HI,2021,7,17,28,5
89,202107,2021-07-18,2021-07-18,RkKKo,,63.0,89.0,31.0,8.0,32.0,19.0,SEDANG,DKI1 (Bunderan HI),PM25,DKI1,Bundaran HI,2021,7,18,28,6
95,202107,2021-07-19,2021-07-19,RkKKo,,66.0,95.0,26.0,10.0,32.0,28.0,SEDANG,DKI1 (Bunderan HI),PM25,DKI1,Bundaran HI,2021,7,19,29,0
100,202107,2021-07-20,2021-07-20,RkKKo,,74.0,100.0,27.0,15.0,24.0,24.0,SEDANG,DKI1 (Bunderan HI),PM25,DKI1,Bundaran HI,2021,7,20,29,1
66,202107,2021-07-21,2021-07-21,RkKKo,,48.0,66.0,27.0,7.0,26.0,17.0,SEDANG,DKI1 (Bunderan HI),PM25,DKI1,Bundaran HI,2021,7,21,29,2
76,202107,2021-07-22,2021-07-22,RkKKo,,53.0,76.0,31.0,9.0,24.0,26.0,SEDANG,DKI1 (Bunderan HI),PM25,DKI1,Bundaran HI,2021,7,22,29,3
80,202107,2021-07-23,2021-07-23,RkKKo,,58.0,80.0,26.0,9.0,27.0,28.0,SEDANG,DKI1 (Bunderan HI),PM25,DKI1,Bundaran HI,2021,7,23,29,4
79,202107,2021-07-24,2021-07-24,RkKKo,,53.0,79.0,26.0,13.0,21.0,34.0,SEDANG,DKI1 (Bunderan HI),PM25,DKI1,Bundaran HI,2021,7,24,29,5
108,202107,2021-07-25,2021-07-25,RkKKo,,70.0,108.0,25.0,23.0,28.0,38.0,TIDAK SEHAT,DKI1 (Bunderan HI),PM25,DKI1,Bundaran HI,2021,7,25,29,6
95,202107,2021-07-26,2021-07-26,RkKKo,,65.0,95.0,27.0,14.0,17.0,32.0,SEDANG,DKI1 (Bunderan HI),PM25,DKI1,Bundaran HI,2021,7,26,30,0
91,202107,2021-07-27,2021-07-27,RkKKo,,61.0,91.0,29.0,10.0,23.0,28.0,SEDANG,DKI1 (Bunderan HI),PM25,DKI1,Bundaran HI,2021,7,27,30,1
102,202107,2021-07-28,2021-07-28,RkKKo,,68.0,102.0,31.0,13.0,20.0,30.0,TIDAK SEHAT,DKI1 (Bunderan HI),PM25,DKI1,Bundaran HI,2021,7,28,30,2
85,202107,2021-07-29,2021-07-29,RkKKo,,59.0,85.0,28.0,13.0,24.0,32.0,SEDANG,DKI1 (Bunderan HI),PM25,DKI1,Bundaran HI,2021,7,29,30,3
105,202107,2021-07-30,2021-07-30,RkKKo,,73.0,105.0,29.0,12.0,39.0,35.0,TIDAK SEHAT,DKI1 (Bunderan HI),PM25,DKI1,Bundaran HI,2021,7,30,30,4
72,202107,2021-07-31,2021-07-31,RkKKo,,54.0,72.0,26.0,7.0,27.0,24.0,SEDANG,DKI1 (Bunderan HI),PM25,DKI1,Bundaran HI,2021,7,31,30,5
81,202107,2021-07-01,2021-07-01,RkKKo,,64.0,81.0,53.0,12.0,48.0,28.0,SEDANG,DKI2 (Kelapa Gading),PM25,DKI2,Kelapa Gading,2021,7,1,26,3
81,202107,2021-07-02,2021-07-02,RkKKo,,68.0,81.0,56.0,14.0,40.0,27.0,SEDANG,DKI2 (Kelapa Gading),PM25,DKI2,Kelapa Gading,2021,7,2,26,4
100,202107,2021-07-03,2021-07-03,RkKKo,,72.0,100.0,54.0,11.0,44.0,23.0,SEDANG,DKI2 (Kelapa Gading),PM25,DKI2,Kelapa Gading,2021,7,3,26,5
129,202107,2021-07-04,2021-07-04,RkKKo,,,129.0,51.0,15.0,50.0,23.0,TIDAK SEHAT,DKI2 (Kelapa Gading),PM25,DKI2,Kelapa Gading,2021,7,4,26,6
111,202107,2021-07-05,2021-07-05,RkKKo,,77.0,111.0,56.0,12.0,,20.0,TIDAK SEHAT,DKI2 (Kelapa Gading),PM25,DKI2,Kelapa Gading,2021,7,5,27,0
79,202107,2021-07-06,2021-07-06,RkKKo,,64.0,79.0,51.0,10.0,55.0,17.0,SEDANG,DKI2 (Kelapa Gading),PM25,DKI2,Kelapa Gading,2021,7,6,27,1
108,202107,2021-07-07,2021-07-07,RkKKo,,84.0,108.0,54.0,11.0,51.0,23.0,TIDAK SEHAT,DKI2 (Kelapa Gading),PM25,DKI2,Kelapa Gading,2021,7,7,27,2
83,202106,2021-06-01,2021-06-01,RkKKo,,59.0,83.0,22.0,18.0,19.0,35.0,SEDANG,DKI1 (Bunderan HI),PM25,DKI1,Bundaran HI,2021,6,1,22,1
84,202106,2021-06-02,2021-06-02,RkKKo,,59.0,84.0,21.0,20.0,24.0,38.0,SEDANG,DKI1 (Bunderan HI),PM25,DKI1,Bundaran HI,2021,6,2,22,2
76,202106,2021-06-03,2021-06-03,RkKKo,,54.0,76.0,22.0,20.0,17.0,41.0,SEDANG,DKI1 (Bunderan HI),PM25,DKI1,Bundaran HI,2021,6,3,22,3
87,202106,2021-06-04,2021-06-04,RkKKo,,63.0,87.0,20.0,13.0,14.0,30.0,SEDANG,DKI1 (Bunderan HI),PM25,DKI1,Bundaran HI,2021,6,4,22,4
79,202106,2021-06-05,2021-06-05,RkKKo,,59.0,79.0,23.0,20.0,19.0,38.0,SEDANG,DKI1 (Bunderan HI),PM25,DKI1,Bundaran HI,2021,6,5,22,5
83,202106,2021-06-06,2021-06-06,RkKKo,,59.0,83.0,22.0,15.0,19.0,32.0,SEDANG,DKI1 (Bunderan HI),PM25,DKI1,Bundaran HI,2021,6,6,22,6
72,202106,2021-06-07,2021-06-07,RkKKo,,52.0,72.0,24.0,13.0,28.0,31.0,SEDANG,DKI1 (Bunderan HI),PM25,DKI1,Bundaran HI,2021,6,7,23,0
80,202106,2021-06-08,2021-06-08,RkKKo,,58.0,80.0,26.0,16.0,24.0,38.0,SEDANG,DKI1 (Bunderan HI),PM25,DKI1,Bundaran HI,2021,6,8,23,1
77,202106,2021-06-09,2021-06-09,RkKKo,,58.0,77.0,24.0,14.0,23.0,34.0,SEDANG,DKI1 (Bunderan HI),PM25,DKI1,Bundaran HI,2021,6,9,23,2
89,202106,2021-06-10,2021-06-10,RkKKo,,66.0,89.0,23.0,23.0,18.0,47.0,SEDANG,DKI1 (Bunderan HI),PM25,DKI1,Bundaran HI,2021,6,10,23,3
77,202106,2021-06-11,2021-06-11,RkKKo,,59.0,77.0,22.0,15.0,23.0,40.0,SEDANG,DKI1 (Bunderan HI),PM25,DKI1,Bundaran HI,2021,6,11,23,4
77,202106,2021-06-12,2021-06-12,RkKKo,,57.0,77.0,24.0,17.0,27.0,35.0,SEDANG,DKI1 (Bunderan HI),PM25,DKI1,Bundaran HI,2021,6,12,23,5
70,202106,2021-06-13,2021-06-13,RkKKo,,51.0,70.0,23.0,14.0,25.0,25.0,SEDANG,DKI1 (Bunderan HI),PM25,DKI1,Bundaran HI,2021,6,13,23,6
82,202106,2021-06-14,2021-06-14,RkKKo,,58.0,82.0,25.0,13.0,22.0,26.0,SEDANG,DKI1 (Bunderan HI),PM25,DKI1,Bundaran HI,2021,6,14,24,0
86,202106,2021-06-15,2021-06-15,RkKKo,,62.0,86.0,31.0,13.0,17.0,29.0,SEDANG,DKI1 (Bunderan HI),PM25,DKI1,Bundaran HI,2021,6,15,24,1
74,202106,2021-06-16,2021-06-16,RkKKo,,56.0,74.0,39.0,18.0,13.0,35.0,SEDANG,DKI1 (Bunderan HI),PM25,DKI1,Bundaran HI,2021,6,16,24,2
80,202106,2021-06-17,2021-06-17,RkKKo,,56.0,80.0,28.0,25.0,17.0,39.0,SEDANG,DKI1 (Bunderan HI),PM25,DKI1,Bundaran HI,2021,6,17,24,3
84,202106,2021-06-18,2021-06-18,RkKKo,,64.0,84.0,29.0,17.0,16.0,34.0,SEDANG,DKI1 (Bunderan HI),PM25,DKI1,Bundaran HI,2021,6,18,24,4
68,202106,2021-06-19,2021-06-19,RkKKo,,54.0,68.0,26.0,21.0,13.0,45.0,SEDANG,DKI1 (Bunderan HI),PM25,DKI1,Bundaran HI,2021,6,19,24,5
109,202106,2021-06-20,2021-06-20,RkKKo,,75.0,109.0,33.0,25.0,21.0,44.0,TIDAK SEHAT,DKI1 (Bunderan HI),PM25,DKI1,Bundaran HI,2021,6,20,24,6
64,202106,2021-06-21,2021-06-21,RkKKo,,52.0,64.0,24.0,16.0,18.0,31.0,SEDANG,DKI1 (Bunderan HI),PM25,DKI1,Bundaran HI,2021,6,21,25,0
58,202106,2021-06-22,2021-06-22,RkKKo,,44.0,58.0,27.0,15.0,16.0,32.0,SEDANG,DKI1 (Bunderan HI),PM25,DKI1,Bundaran HI,2021,6,22,25,1
79,202106,2021-06-23,2021-06-23,RkKKo,,54.0,79.0,26.0,17.0,24.0,43.0,SEDANG,DKI1 (Bunderan HI),PM25,DKI1,Bundaran HI,2021,6,23,25,2
90,202106,2021-06-24,2021-06-24,RkKKo,,65.0,90.0,31.0,17.0,17.0,39.0,SEDANG,DKI1 (Bunderan HI),PM25,DKI1,Bundaran HI,2021,6,24,25,3
82,202106,2021-06-25,2021-06-25,RkKKo,,59.0,82.0,36.0,14.0,17.0,32.0,SEDANG,DKI1 (Bunderan HI),PM25,DKI1,Bundaran HI,2021,6,25,25,4
66,202106,2021-06-26,2021-06-26,RkKKo,,54.0,66.0,31.0,10.0,21.0,23.0,SEDANG,DKI1 (Bunderan HI),PM25,DKI1,Bundaran HI,2021,6,26,25,5
94,202106,2021-06-27,2021-06-27,RkKKo,,65.0,94.0,27.0,18.0,22.0,32.0,SEDANG,DKI1 (Bunderan HI),PM25,DKI1,Bundaran HI,2021,6,27,25,6
79,202106,2021-06-28,2021-06-28,RkKKo,,55.0,79.0,24.0,18.0,26.0,38.0,SEDANG,DKI1 (Bunderan HI),PM25,DKI1,Bundaran HI,2021,6,28,26,0
94,202106,2021-06-29,2021-06-29,RkKKo,,66.0,94.0,30.0,15.0,20.0,28.0,SEDANG,DKI1 (Bunderan HI),PM25,DKI1,Bundaran HI,2021,6,29,26,1
94,202106,2021-06-30,2021-06-30,RkKKo,,65.0,94.0,26.0,19.0,19.0,38.0,SEDANG,DKI1 (Bunderan HI),PM25,DKI1,Bundaran HI,2021,6,30,26,2
82,202106,2021-06-01,2021-06-01,RkKKo,,60.0,82.0,50.0,16.0,,26.0,SEDANG,DKI2 (Kelapa Gading),PM25,DKI2,Kelapa Gading,2021,6,1,22,1
92,202106,2021-06-02,2021-06-02,RkKKo,,68.0,92.0,54.0,16.0,,28.0,SEDANG,DKI2 (Kelapa Gading),PM25,DKI2,Kelapa Gading,2021,6,2,22,2
93,202106,2021-06-03,2021-06-03,RkKKo,,68.0,93.0,57.0,16.0,,32.0,SEDANG,DKI2 (Kelapa Gading),PM25,DKI2,Kelapa Gading,2021,6,3,22,3
86,202106,2021-06-04,2021-06-04,RkKKo,,66.0,86.0,46.0,12.0,,13.0,SEDANG,DKI2 (Kelapa Gading),PM25,DKI2,Kelapa Gading,2021,6,4,22,4
84,202106,2021-06-05,2021-06-05,RkKKo,,64.0,84.0,51.0,16.0,,25.0,SEDANG,DKI2 (Kelapa Gading),PM25,DKI2,Kelapa Gading,2021,6,5,22,5
80,202106,2021-06-06,2021-06-06,RkKKo,,61.0,80.0,50.0,11.0,,14.0,SEDANG,DKI2 (Kelapa Gading),PM25,DKI2,Kelapa Gading,2021,6,6,22,6
83,202106,2021-06-07,2021-06-07,RkKKo,,61.0,83.0,52.0,15.0,,24.0,SEDANG,DKI2 (Kelapa Gading),PM25,DKI2,Kelapa Gading,2021,6,7,23,0
99,202106,2021-06-08,2021-06-08,RkKKo,,70.0,99.0,53.0,14.0,,23.0,SEDANG,DKI2 (Kelapa Gading),PM25,DKI2,Kelapa Gading,2021,6,8,23,1
87,202106,2021-06-09,2021-06-09,RkKKo,,68.0,87.0,54.0,13.0,,22.0,SEDANG,DKI2 (Kelapa Gading),PM25,DKI2,Kelapa Gading,2021,6,9,23,2
99,202106,2021-06-10,2021-06-10,RkKKo,,71.0,99.0,56.0,15.0,48.0,32.0,SEDANG,DKI2 (Kelapa Gading),PM25,DKI2,Kelapa Gading,2021,6,10,23,3
90,202106,2021-06-11,2021-06-11,RkKKo,,65.0,90.0,51.0,12.0,,25.0,SEDANG,DKI2 (Kelapa Gading),PM25,DKI2,Kelapa Gading,2021,6,11,23,4
91,202106,2021-06-12,2021-06-12,RkKKo,,67.0,91.0,54.0,12.0,57.0,25.0,SEDANG,DKI2 (Kelapa Gading),PM25,DKI2,Kelapa Gading,2021,6,12,23,5
73,202106,2021-06-13,2021-06-13,RkKKo,,55.0,73.0,52.0,11.0,58.0,17.0,SEDANG,DKI2 (Kelapa Gading),PM25,DKI2,Kelapa Gading,2021,6,13,23,6
91,202106,2021-06-14,2021-06-14,RkKKo,,69.0,91.0,53.0,12.0,58.0,20.0,SEDANG,DKI2 (Kelapa Gading),PM25,DKI2,Kelapa Gading,2021,6,14,24,0
90,202106,2021-06-15,2021-06-15,RkKKo,,69.0,90.0,52.0,11.0,44.0,16.0,SEDANG,DKI2 (Kelapa Gading),PM25,DKI2,Kelapa Gading,2021,6,15,24,1
85,202106,2021-06-16,2021-06-16,RkKKo,,67.0,85.0,66.0,17.0,43.0,28.0,SEDANG,DKI2 (Kelapa Gading),PM25,DKI2,Kelapa Gading,2021,6,16,24,2
84,202106,2021-06-17,2021-06-17,RkKKo,,61.0,84.0,51.0,20.0,44.0,33.0,SEDANG,DKI2 (Kelapa Gading),PM25,DKI2,Kelapa Gading,2021,6,17,24,3
98,202106,2021-06-18,2021-06-18,RkKKo,,77.0,98.0,59.0,15.0,49.0,27.0,SEDANG,DKI2 (Kelapa Gading),PM25,DKI2,Kelapa Gading,2021,6,18,24,4
65,202105,2021-05-17,2021-05-17,RkKKo,,47.0,65.0,22.0,11.0,24.0,24.0,SEDANG,DKI1 (Bunderan HI),PM25,DKI1,Bundaran HI,2021,5,17,20,0
54,202105,2021-05-18,2021-05-18,RkKKo,,40.0,54.0,24.0,10.0,23.0,26.0,SEDANG,DKI1 (Bunderan HI),PM25,DKI1,Bundaran HI,2021,5,18,20,1
69,202105,2021-05-19,2021-05-19,RkKKo,,52.0,69.0,23.0,17.0,19.0,36.0,SEDANG,DKI1 (Bunderan HI),PM25,DKI1,Bundaran HI,2021,5,19,20,2
79,202105,2021-05-20,2021-05-20,RkKKo,,57.0,79.0,24.0,12.0,23.0,27.0,SEDANG,DKI1 (Bunderan HI),PM25,DKI1,Bundaran HI,2021,5,20,20,3
76,202105,2021-05-21,2021-05-21,RkKKo,,52.0,76.0,24.0,15.0,22.0,34.0,SEDANG,DKI1 (Bunderan HI),PM25,DKI1,Bundaran HI,2021,5,21,20,4
79,202105,2021-05-22,2021-05-22,RkKKo,,56.0,79.0,22.0,16.0,28.0,36.0,SEDANG,DKI1 (Bunderan HI),PM25,DKI1,Bundaran HI,2021,5,22,20,5
91,202105,2021-05-23,2021-05-23,RkKKo,,60.0,91.0,24.0,21.0,27.0,37.0,SEDANG,DKI1 (Bunderan HI),PM25,DKI1,Bundaran HI,2021,5,23,20,6
108,202105,2021-05-24,2021-05-24,RkKKo,,74.0,108.0,22.0,20.0,23.0,38.0,TIDAK SEHAT,DKI1 (Bunderan HI),PM25,DKI1,Bundaran HI,2021,5,24,21,0
60,202105,2021-05-25,2021-05-25,RkKKo,,44.0,60.0,23.0,15.0,23.0,35.0,SEDANG,DKI1 (Bunderan HI),PM25,DKI1,Bundaran HI,2021,5,25,21,1
77,202105,2021-05-26,2021-05-26,RkKKo,,56.0,77.0,27.0,11.0,21.0,24.0,SEDANG,DKI1 (Bunderan HI),PM25,DKI1,Bundaran HI,2021,5,26,21,2
64,202105,2021-05-27,2021-05-27,RkKKo,,51.0,64.0,27.0,8.0,16.0,20.0,SEDANG,DKI1 (Bunderan HI),PM25,DKI1,Bundaran HI,2021,5,27,21,3
70,202105,2021-05-28,2021-05-28,RkKKo,,54.0,70.0,29.0,12.0,16.0,24.0,SEDANG,DKI1 (Bunderan HI),PM25,DKI1,Bundaran HI,2021,5,28,21,4
76,202105,2021-05-29,2021-05-29,RkKKo,,56.0,76.0,23.0,14.0,17.0,32.0,SEDANG,DKI1 (Bunderan HI),PM25,DKI1,Bundaran HI,2021,5,29,21,5
61,202105,2021-05-30,2021-05-30,RkKKo,,47.0,61.0,24.0,16.0,18.0,29.0,SEDANG,DKI1 (Bunderan HI),PM25,DKI1,Bundaran HI,2021,5,30,21,6
73,202105,2021-05-31,2021-05-31,RkKKo,,55.0,73.0,21.0,15.0,19.0,33.0,SEDANG,DKI1 (Bunderan HI),PM25,DKI1,Bundaran HI,2021,5,31,22,0
74,202105,2021-05-01,2021-05-01,RkKKo,,62.0,74.0,51.0,10.0,57.0,14.0,SEDANG,DKI2 (Kelapa Gading),PM25,DKI2,Kelapa Gading,2021,5,1,17,5
73,202105,2021-05-02,2021-05-02,RkKKo,,55.0,73.0,47.0,9.0,53.0,,SEDANG,DKI2 (Kelapa Gading),PM25,DKI2,Kelapa Gading,2021,5,2,17,6
74,202105,2021-05-03,2021-05-03,RkKKo,,59.0,74.0,50.0,9.0,51.0,11.0,SEDANG,DKI2 (Kelapa Gading),PM25,DKI2,Kelapa Gading,2021,5,3,18,0
82,202105,2021-05-04,2021-05-04,RkKKo,,68.0,82.0,54.0,12.0,39.0,17.0,SEDANG,DKI2 (Kelapa Gading),PM25,DKI2,Kelapa Gading,2021,5,4,18,1
83,202105,2021-05-05,2021-05-05,RkKKo,,64.0,83.0,53.0,14.0,45.0,20.0,SEDANG,DKI2 (Kelapa Gading),PM25,DKI2,Kelapa Gading,2021,5,5,18,2
72,202105,2021-05-06,2021-05-06,RkKKo,,57.0,72.0,53.0,13.0,,21.0,SEDANG,DKI2 (Kelapa Gading),PM25,DKI2,Kelapa Gading,2021,5,6,18,3
83,202105,2021-05-07,2021-05-07,RkKKo,,67.0,83.0,61.0,20.0,46.0,33.0,SEDANG,DKI2 (Kelapa Gading),PM25,DKI2,Kelapa Gading,2021,5,7,18,4
79,202105,2021-05-08,2021-05-08,RkKKo,,60.0,79.0,53.0,11.0,54.0,17.0,SEDANG,DKI2 (Kelapa Gading),PM25,DKI2,Kelapa Gading,2021,5,8,18,5
61,202105,2021-05-09,2021-05-09,RkKKo,,46.0,59.0,46.0,9.0,,7.0,SEDANG,DKI2 (Kelapa Gading),O3,DKI2,Kelapa Gading,2021,5,9,18,6
73,202105,2021-05-10,2021-05-10,RkKKo,,55.0,73.0,51.0,10.0,58.0,8.0,SEDANG,DKI2 (Kelapa Gading),PM25,DKI2,Kelapa Gading,2021,5,10,19,0
87,202105,2021-05-11,2021-05-11,RkKKo,,69.0,87.0,50.0,11.0,57.0,12.0,SEDANG,DKI2 (Kelapa Gading),PM25,DKI2,Kelapa Gading,2021,5,11,19,1
87,202105,2021-05-12,2021-05-12,RkKKo,,67.0,87.0,52.0,10.0,,8.0,SEDANG,DKI2 (Kelapa Gading),PM25,DKI2,Kelapa Gading,2021,5,12,19,2
112,202105,2021-05-13,2021-05-13,RkKKo,,81.0,112.0,49.0,13.0,48.0,9.0,TIDAK SEHAT,DKI2 (Kelapa Gading),PM25,DKI2,Kelapa Gading,2021,5,13,19,3
70,202105,2021-05-14,2021-05-14,RkKKo,,56.0,70.0,51.0,9.0,52.0,,SEDANG,DKI2 (Kelapa Gading),PM25,DKI2,Kelapa Gading,2021,5,14,19,4
67,202105,2021-05-15,2021-05-15,RkKKo,,54.0,67.0,54.0,10.0,40.0,,SEDANG,DKI2 (Kelapa Gading),PM25,DKI2,Kelapa Gading,2021,5,15,19,5
52,202105,2021-05-16,2021-05-16,RkKKo,,52.0,,50.0,9.0,52.0,,SEDANG,DKI2 (Kelapa Gading),PM10,DKI2,Kelapa Gading,2021,5,16,19,6
70,202105,2021-05-17,2021-05-17,RkKKo,,54.0,70.0,55.0,11.0,51.0,13.0,SEDANG,DKI2 (Kelapa Gading),PM25,DKI2,Kelapa Gading,2021,5,17,20,0
55,202105,2021-05-18,2021-05-18,RkKKo,,41.0,55.0,48.0,8.0,49.0,10.0,SEDANG,DKI2 (Kelapa Gading),PM25,DKI2,Kelapa Gading,2021,5,18,20,1
77,202105,2021-05-19,2021-05-19,RkKKo,,56.0,77.0,52.0,13.0,55.0,21.0,SEDANG,DKI2 (Kelapa Gading),PM25,DKI2,Kelapa Gading,2021,5,19,20,2
87,202105,2021-05-20,2021-05-20,RkKKo,,66.0,87.0,53.0,12.0,56.0,17.0,SEDANG,DKI2 (Kelapa Gading),PM25,DKI2,Kelapa Gading,2021,5,20,20,3
81,202105,2021-05-21,2021-05-21,RkKKo,,60.0,81.0,58.0,13.0,,21.0,SEDANG,DKI2 (Kelapa Gading),PM25,DKI2,Kelapa Gading,2021,5,21,20,4
90,202105,2021-05-22,2021-05-22,RkKKo,,64.0,90.0,62.0,15.0,,28.0,SEDANG,DKI2 (Kelapa Gading),PM25,DKI2,Kelapa Gading,2021,5,22,20,5
97,202105,2021-05-23,2021-05-23,RkKKo,,73.0,97.0,64.0,18.0,57.0,34.0,SEDANG,DKI2 (Kelapa Gading),PM25,DKI2,Kelapa Gading,2021,5,23,20,6
116,202105,2021-05-24,2021-05-24,RkKKo,,86.0,116.0,74.0,19.0,,30.0,TIDAK SEHAT,DKI2 (Kelapa Gading),PM25,DKI2,Kelapa Gading,2021,5,24,21,0
66,202105,2021-05-25,2021-05-25,RkKKo,,56.0,64.0,52.0,12.0,,19.0,SEDANG,DKI2 (Kelapa Gading),O3,DKI2,Kelapa Gading,2021,5,25,21,1
83,202105,2021-05-26,2021-05-26,RkKKo,,62.0,83.0,52.0,12.0,,20.0,SEDANG,DKI2 (Kelapa Gading),PM25,DKI2,Kelapa Gading,2021,5,26,21,2
73,202105,2021-05-27,2021-05-27,RkKKo,,60.0,73.0,52.0,10.0,,13.0,SEDANG,DKI2 (Kelapa Gading),PM25,DKI2,Kelapa Gading,2021,5,27,21,3
81,202105,2021-05-28,2021-05-28,RkKKo,,66.0,81.0,53.0,11.0,,16.0,SEDANG,DKI2 (Kelapa Gading),PM25,DKI2,Kelapa Gading,2021,5,28,21,4
76,202105,2021-05-29,2021-05-29,RkKKo,,60.0,76.0,46.0,13.0,,21.0,SEDANG,DKI2 (Kelapa Gading),PM25,DKI2,Kelapa Gading,2021,5,29,21,5
65,202105,2021-05-30,2021-05-30,RkKKo,,53.0,65.0,55.0,17.0,51.0,28.0,SEDANG,DKI2 (Kelapa Gading),PM25,DKI2,Kelapa Gading,2021,5,30,21,6
81,202105,2021-05-31,2021-05-31,RkKKo,,62.0,81.0,49.0,14.0,,20.0,SEDANG,DKI2 (Kelapa Gading),PM25,DKI2,Kelapa Gading,2021,5,31,22,0
102,202105,2021-05-01,2021-05-01,RkKKo,,66.0,102.0,13.0,15.0,,20.0,TIDAK SEHAT,DKI3 (Jagakarsa),PM25,DKI3,Jagakarsa,2021,5,1,17,5
77,202105,2021-05-02,2021-05-02,RkKKo,,55.0,77.0,13.0,13.0,,17.0,SEDANG,DKI3 (Jagakarsa),PM25,DKI3,Jagakarsa,2021,5,2,17,6
83,202105,2021-05-03,2021-05-03,RkKKo,,55.0,83.0,12.0,9.0,25.0,16.0,SEDANG,DKI3 (Jagakarsa),PM25,DKI3,Jagakarsa,2021,5,3,18,0
108,202105,2021-05-04,2021-05-04,RkKKo,,65.0,108.0,13.0,18.0,,19.0,TIDAK SEHAT,DKI3 (Jagakarsa),PM25,DKI3,Jagakarsa,2021,5,4,18,1
102,202105,2021-05-05,2021-05-05,RkKKo,,61.0,102.0,23.0,13.0,35.0,20.0,TIDAK SEHAT,DKI3 (Jagakarsa),PM25,DKI3,Jagakarsa,2021,5,5,18,2
66,202105,2021-05-06,2021-05-06,RkKKo,,39.0,66.0,20.0,9.0,60.0,15.0,SEDANG,DKI3 (Jagakarsa),PM25,DKI3,Jagakarsa,2021,5,6,18,3
151,202105,2021-05-07,2021-05-07,RkKKo,,39.0,69.0,19.0,15.0,,20.0,TIDAK SEHAT,DKI3 (Jagakarsa),O3,DKI3,Jagakarsa,2021,5,7,18,4
76,202105,2021-05-08,2021-05-08,RkKKo,,50.0,76.0,20.0,8.0,,15.0,SEDANG,DKI3 (Jagakarsa),PM25,DKI3,Jagakarsa,2021,5,8,18,5
58,202105,2021-05-09,2021-05-09,RkKKo,,35.0,58.0,17.0,6.0,47.0,13.0,SEDANG,DKI3 (Jagakarsa),PM25,DKI3,Jagakarsa,2021,5,9,18,6
76,202105,2021-05-10,2021-05-10,RkKKo,,46.0,76.0,22.0,8.0,,13.0,SEDANG,DKI3 (Jagakarsa),PM25,DKI3,Jagakarsa,2021,5,10,19,0
89,202105,2021-05-11,2021-05-11,RkKKo,,,89.0,26.0,8.0,34.0,13.0,SEDANG,DKI3 (Jagakarsa),PM25,DKI3,Jagakarsa,2021,5,11,19,1
96,202105,2021-05-12,2021-05-12,RkKKo,,,96.0,21.0,10.0,29.0,15.0,SEDANG,DKI3 (Jagakarsa),PM25,DKI3,Jagakarsa,2021,5,12,19,2
94,202105,2021-05-13,2021-05-13,RkKKo,,,94.0,19.0,11.0,25.0,14.0,SEDANG,DKI3 (Jagakarsa),PM25,DKI3,Jagakarsa,2021,5,13,19,3
77,202105,2021-05-14,2021-05-14,RkKKo,,,77.0,18.0,6.0,26.0,10.0,SEDANG,DKI3 (Jagakarsa),PM25,DKI3,Jagakarsa,2021,5,14,19,4
79,202105,2021-05-15,2021-05-15,RkKKo,,,79.0,21.0,8.0,33.0,14.0,SEDANG,DKI3 (Jagakarsa),PM25,DKI3,Jagakarsa,2021,5,15,19,5
68,202105,2021-05-16,2021-05-16,RkKKo,,,68.0,18.0,7.0,29.0,10.0,SEDANG,DKI3 (Jagakarsa),PM25,DKI3,Jagakarsa,2021,5,16,19,6
65,202105,2021-05-17,2021-05-17,RkKKo,,,65.0,18.0,7.0,24.0,11.0,SEDANG,DKI3 (Jagakarsa),PM25,DKI3,Jagakarsa,2021,5,17,20,0
58,202105,2021-05-18,2021-05-18,RkKKo,,,58.0,43.0,6.0,25.0,4.0,SEDANG,DKI3 (Jagakarsa),PM25,DKI3,Jagakarsa,2021,5,18,20,1
86,202105,2021-05-19,2021-05-19,RkKKo,,,86.0,49.0,11.0,29.0,1.0,SEDANG,DKI3 (Jagakarsa),PM25,DKI3,Jagakarsa,2021,5,19,20,2
81,202105,2021-05-20,2021-05-20,RkKKo,,,81.0,37.0,7.0,29.0,11.0,SEDANG,DKI3 (Jagakarsa),PM25,DKI3,Jagakarsa,2021,5,20,20,3
74,202105,2021-05-21,2021-05-21,RkKKo,,49.0,74.0,47.0,8.0,26.0,14.0,SEDANG,DKI3 (Jagakarsa),PM25,DKI3,Jagakarsa,2021,5,21,20,4
73,202105,2021-05-22,2021-05-22,RkKKo,,53.0,73.0,45.0,10.0,25.0,15.0,SEDANG,DKI3 (Jagakarsa),PM25,DKI3,Jagakarsa,2021,5,22,20,5
85,202105,2021-05-23,2021-05-23,RkKKo,,60.0,85.0,49.0,12.0,31.0,19.0,SEDANG,DKI3 (Jagakarsa),PM25,DKI3,Jagakarsa,2021,5,23,20,6
112,202105,2021-05-24,2021-05-24,RkKKo,,76.0,112.0,45.0,13.0,,17.0,TIDAK SEHAT,DKI3 (Jagakarsa),PM25,DKI3,Jagakarsa,2021,5,24,21,0
60,202105,2021-05-25,2021-05-25,RkKKo,,51.0,60.0,45.0,7.0,27.0,13.0,SEDANG,DKI3 (Jagakarsa),PM25,DKI3,Jagakarsa,2021,5,25,21,1
82,202105,2021-05-26,2021-05-26,RkKKo,,58.0,82.0,47.0,8.0,29.0,16.0,SEDANG,DKI3 (Jagakarsa),PM25,DKI3,Jagakarsa,2021,5,26,21,2
68,202105,2021-05-27,2021-05-27,RkKKo,,51.0,68.0,51.0,5.0,23.0,11.0,SEDANG,DKI3 (Jagakarsa),PM25,DKI3,Jagakarsa,2021,5,27,21,3
86,202105,2021-05-28,2021-05-28,RkKKo,,62.0,86.0,48.0,8.0,,16.0,SEDANG,DKI3 (Jagakarsa),PM25,DKI3,Jagakarsa,2021,5,28,21,4
58,202105,2021-05-29,2021-05-29,RkKKo,,58.0,23.0,45.0,8.0,19.0,16.0,SEDANG,DKI3 (Jagakarsa),PM10,DKI3,Jagakarsa,2021,5,29,21,5
45,202105,2021-05-30,2021-05-30,RkKKo,,44.0,24.0,45.0,9.0,,14.0,BAIK,DKI3 (Jagakarsa),SO2,DKI3,Jagakarsa,2021,5,30,21,6
57,202105,2021-05-31,2021-05-31,RkKKo,,57.0,21.0,9.0,20.0,,37.0,SEDANG,DKI3 (Jagakarsa),PM10,DKI3,Jagakarsa,2021,5,31,22,0
91,202105,2021-05-01,2021-05-01,RkKKo,,58.0,91.0,37.0,,26.0,13.0,SEDANG,DKI4 (Lubang Buaya),PM25,DKI4,Lubang Buaya,2021,5,1,17,5
89,202105,2021-05-02,2021-05-02,RkKKo,,54.0,89.0,38.0,,22.0,10.0,SEDANG,DKI4 (Lubang Buaya),PM25,DKI4,Lubang Buaya,2021,5,2,17,6
95,202105,2021-05-03,2021-05-03,RkKKo,,61.0,95.0,39.0,,22.0,12.0,SEDANG,DKI4 (Lubang Buaya),PM25,DKI4,Lubang Buaya,2021,5,3,18,0
113,202105,2021-05-04,2021-05-04,RkKKo,,74.0,113.0,41.0,15.0,17.0,13.0,TIDAK SEHAT,DKI4 (Lubang Buaya),PM25,DKI4,Lubang Buaya,2021,5,4,18,1
117,202105,2021-05-05,2021-05-05,RkKKo,,73.0,117.0,38.0,20.0,21.0,21.0,TIDAK SEHAT,DKI4 (Lubang Buaya),PM25,DKI4,Lubang Buaya,2021,5,5,18,2
77,202105,2021-05-06,2021-05-06,RkKKo,,54.0,77.0,37.0,7.0,27.0,16.0,SEDANG,DKI4 (Lubang Buaya),PM25,DKI4,Lubang Buaya,2021,5,6,18,3
78,202105,2021-05-07,2021-05-07,RkKKo,,51.0,78.0,38.0,22.0,25.0,20.0,SEDANG,DKI4 (Lubang Buaya),PM25,DKI4,Lubang Buaya,2021,5,7,18,4
87,202105,2021-05-08,2021-05-08,RkKKo,,56.0,87.0,39.0,9.0,29.0,15.0,SEDANG,DKI4 (Lubang Buaya),PM25,DKI4,Lubang Buaya,2021,5,8,18,5
66,202105,2021-05-09,2021-05-09,RkKKo,,46.0,66.0,37.0,6.0,31.0,11.0,SEDANG,DKI4 (Lubang Buaya),PM25,DKI4,Lubang Buaya,2021,5,9,18,6
73,202105,2021-05-10,2021-05-10,RkKKo,,42.0,73.0,37.0,7.0,31.0,12.0,SEDANG,DKI4 (Lubang Buaya),PM25,DKI4,Lubang Buaya,2021,5,10,19,0
102,202105,2021-05-11,2021-05-11,RkKKo,,65.0,102.0,38.0,8.0,31.0,11.0,TIDAK SEHAT,DKI4 (Lubang Buaya),PM25,DKI4,Lubang Buaya,2021,5,11,19,1
105,202105,2021-05-12,2021-05-12,RkKKo,,67.0,105.0,37.0,9.0,27.0,11.0,TIDAK SEHAT,DKI4 (Lubang Buaya),PM25,DKI4,Lubang Buaya,2021,5,12,19,2
112,202105,2021-05-13,2021-05-13,RkKKo,,75.0,112.0,36.0,13.0,24.0,13.0,TIDAK SEHAT,DKI4 (Lubang Buaya),PM25,DKI4,Lubang Buaya,2021,5,13,19,3
76,202105,2021-05-14,2021-05-14,RkKKo,,51.0,76.0,38.0,3.0,27.0,8.0,SEDANG,DKI4 (Lubang Buaya),PM25,DKI4,Lubang Buaya,2021,5,14,19,4
89,202105,2021-05-15,2021-05-15,RkKKo,,62.0,89.0,38.0,,16.0,13.0,SEDANG,DKI4 (Lubang Buaya),PM25,DKI4,Lubang Buaya,2021,5,15,19,5
92,202105,2021-05-16,2021-05-16,RkKKo,,54.0,92.0,37.0,,25.0,15.0,SEDANG,DKI4 (Lubang Buaya),PM25,DKI4,Lubang Buaya,2021,5,16,19,6
74,202105,2021-05-17,2021-05-17,RkKKo,,49.0,74.0,37.0,4.0,28.0,17.0,SEDANG,DKI4 (Lubang Buaya),PM25,DKI4,Lubang Buaya,2021,5,17,20,0
57,202105,2021-05-18,2021-05-18,RkKKo,,39.0,57.0,36.0,,32.0,18.0,SEDANG,DKI4 (Lubang Buaya),PM25,DKI4,Lubang Buaya,2021,5,18,20,1
99,202105,2021-05-19,2021-05-19,RkKKo,,61.0,99.0,39.0,10.0,25.0,23.0,SEDANG,DKI4 (Lubang Buaya),PM25,DKI4,Lubang Buaya,2021,5,19,20,2
103,202105,2021-05-20,2021-05-20,RkKKo,,60.0,103.0,36.0,9.0,29.0,19.0,TIDAK SEHAT,DKI4 (Lubang Buaya),PM25,DKI4,Lubang Buaya,2021,5,20,20,3
95,202105,2021-05-21,2021-05-21,RkKKo,,55.0,95.0,37.0,9.0,27.0,20.0,SEDANG,DKI4 (Lubang Buaya),PM25,DKI4,Lubang Buaya,2021,5,21,20,4
85,202105,2021-05-22,2021-05-22,RkKKo,,53.0,85.0,32.0,,36.0,22.0,SEDANG,DKI4 (Lubang Buaya),PM25,DKI4,Lubang Buaya,2021,5,22,20,5
107,202105,2021-05-23,2021-05-23,RkKKo,,64.0,107.0,43.0,31.0,30.0,26.0,TIDAK SEHAT,DKI4 (Lubang Buaya),PM25,DKI4,Lubang Buaya,2021,5,23,20,6
118,202105,2021-05-24,2021-05-24,RkKKo,,72.0,118.0,57.0,26.0,33.0,24.0,TIDAK SEHAT,DKI4 (Lubang Buaya),PM25,DKI4,Lubang Buaya,2021,5,24,21,0
68,202105,2021-05-25,2021-05-25,RkKKo,,42.0,68.0,49.0,7.0,37.0,22.0,SEDANG,DKI4 (Lubang Buaya),PM25,DKI4,Lubang Buaya,2021,5,25,21,1
93,202105,2021-05-26,2021-05-26,RkKKo,,55.0,93.0,38.0,9.0,28.0,20.0,SEDANG,DKI4 (Lubang Buaya),PM25,DKI4,Lubang Buaya,2021,5,26,21,2
79,202105,2021-05-27,2021-05-27,RkKKo,,50.0,79.0,41.0,6.0,26.0,18.0,SEDANG,DKI4 (Lubang Buaya),PM25,DKI4,Lubang Buaya,2021,5,27,21,3
93,202105,2021-05-28,2021-05-28,RkKKo,,56.0,93.0,40.0,11.0,26.0,20.0,SEDANG,DKI4 (Lubang Buaya),PM25,DKI4,Lubang Buaya,2021,5,28,21,4
91,202105,2021-05-29,2021-05-29,RkKKo,,57.0,91.0,40.0,10.0,29.0,26.0,SEDANG,DKI4 (Lubang Buaya),PM25,DKI4,Lubang Buaya,2021,5,29,21,5
72,202105,2021-05-30,2021-05-30,RkKKo,,47.0,72.0,41.0,15.0,26.0,23.0,SEDANG,DKI4 (Lubang Buaya),PM25,DKI4,Lubang Buaya,2021,5,30,21,6
93,202105,2021-05-31,2021-05-31,RkKKo,,59.0,93.0,41.0,9.0,37.0,24.0,SEDANG,DKI4 (Lubang Buaya),PM25,DKI4,Lubang Buaya,2021,5,31,22,0
77,202105,2021-05-01,2021-05-01,RkKKo,,47.0,77.0,22.0,9.0,27.0,15.0,SEDANG,DKI5 (Kebon Jeruk) Jakarta Barat,PM25,DKI5,Kebon Jeruk,2021,5,1,17,5
69,202105,2021-05-02,2021-05-02,RkKKo,,41.0,69.0,29.0,7.0,23.0,11.0,SEDANG,DKI5 (Kebon Jeruk) Jakarta Barat,PM25,DKI5,Kebon Jeruk,2021,5,2,17,6
69,202105,2021-05-03,2021-05-03,RkKKo,,42.0,69.0,34.0,7.0,25.0,12.0,SEDANG,DKI5 (Kebon Jeruk) Jakarta Barat,PM25,DKI5,Kebon Jeruk,2021,5,3,18,0
77,202105,2021-05-04,2021-05-04,RkKKo,,50.0,77.0,40.0,10.0,19.0,24.0,SEDANG,DKI5 (Kebon Jeruk) Jakarta Barat,PM25,DKI5,Kebon Jeruk,2021,5,4,18,1
90,202105,2021-05-05,2021-05-05,RkKKo,,54.0,90.0,25.0,14.0,21.0,25.0,SEDANG,DKI5 (Kebon Jeruk) Jakarta Barat,PM25,DKI5,Kebon Jeruk,2021,5,5,18,2
67,202105,2021-05-06,2021-05-06,RkKKo,,37.0,67.0,19.0,11.0,29.0,20.0,SEDANG,DKI5 (Kebon Jeruk) Jakarta Barat,PM25,DKI5,Kebon Jeruk,2021,5,6,18,3
82,202105,2021-05-07,2021-05-07,RkKKo,,50.0,82.0,21.0,20.0,31.0,32.0,SEDANG,DKI5 (Kebon Jeruk) Jakarta Barat,PM25,DKI5,Kebon Jeruk,2021,5,7,18,4
74,202105,2021-05-08,2021-05-08,RkKKo,,43.0,74.0,21.0,8.0,30.0,14.0,SEDANG,DKI5 (Kebon Jeruk) Jakarta Barat,PM25,DKI5,Kebon Jeruk,2021,5,8,18,5
58,202105,2021-05-09,2021-05-09,RkKKo,,33.0,58.0,17.0,6.0,38.0,6.0,SEDANG,DKI5 (Kebon Jeruk) Jakarta Barat,PM25,DKI5,Kebon Jeruk,2021,5,9,18,6
72,202105,2021-05-10,2021-05-10,RkKKo,,40.0,72.0,23.0,8.0,38.0,8.0,SEDANG,DKI5 (Kebon Jeruk) Jakarta Barat,PM25,DKI5,Kebon Jeruk,2021,5,10,19,0
89,202105,2021-05-11,2021-05-11,RkKKo,,53.0,89.0,29.0,9.0,38.0,13.0,SEDANG,DKI5 (Kebon Jeruk) Jakarta Barat,PM25,DKI5,Kebon Jeruk,2021,5,11,19,1
83,202105,2021-05-12,2021-05-12,RkKKo,,50.0,83.0,27.0,8.0,36.0,10.0,SEDANG,DKI5 (Kebon Jeruk) Jakarta Barat,PM25,DKI5,Kebon Jeruk,2021,5,12,19,2
115,202105,2021-05-13,2021-05-13,RkKKo,,65.0,115.0,25.0,14.0,31.0,13.0,TIDAK SEHAT,DKI5 (Kebon Jeruk) Jakarta Barat,PM25,DKI5,Kebon Jeruk,2021,5,13,19,3
81,202105,2021-05-14,2021-05-14,RkKKo,,51.0,81.0,25.0,7.0,32.0,6.0,SEDANG,DKI5 (Kebon Jeruk) Jakarta Barat,PM25,DKI5,Kebon Jeruk,2021,5,14,19,4
81,202105,2021-05-15,2021-05-15,RkKKo,,51.0,81.0,24.0,10.0,25.0,13.0,SEDANG,DKI5 (Kebon Jeruk) Jakarta Barat,PM25,DKI5,Kebon Jeruk,2021,5,15,19,5
69,202105,2021-05-16,2021-05-16,RkKKo,,39.0,69.0,23.0,8.0,28.0,8.0,SEDANG,DKI5 (Kebon Jeruk) Jakarta Barat,PM25,DKI5,Kebon Jeruk,2021,5,16,19,6
75,202105,2021-05-17,2021-05-17,RkKKo,,45.0,75.0,22.0,10.0,29.0,13.0,SEDANG,DKI5 (Kebon Jeruk) Jakarta Barat,PM25,DKI5,Kebon Jeruk,2021,5,17,20,0
56,202105,2021-05-18,2021-05-18,RkKKo,,30.0,56.0,24.0,7.0,39.0,12.0,SEDANG,DKI5 (Kebon Jeruk) Jakarta Barat,PM25,DKI5,Kebon Jeruk,2021,5,18,20,1
82,202105,2021-05-19,2021-05-19,RkKKo,,51.0,82.0,22.0,15.0,26.0,24.0,SEDANG,DKI5 (Kebon Jeruk) Jakarta Barat,PM25,DKI5,Kebon Jeruk,2021,5,19,20,2
87,202105,2021-05-20,2021-05-20,RkKKo,,51.0,87.0,26.0,8.0,28.0,16.0,SEDANG,DKI5 (Kebon Jeruk) Jakarta Barat,PM25,DKI5,Kebon Jeruk,2021,5,20,20,3
84,202105,2021-05-21,2021-05-21,RkKKo,,50.0,84.0,25.0,13.0,26.0,24.0,SEDANG,DKI5 (Kebon Jeruk) Jakarta Barat,PM25,DKI5,Kebon Jeruk,2021,5,21,20,4
90,202105,2021-05-22,2021-05-22,RkKKo,,52.0,90.0,21.0,14.0,30.0,21.0,SEDANG,DKI5 (Kebon Jeruk) Jakarta Barat,PM25,DKI5,Kebon Jeruk,2021,5,22,20,5
109,202105,2021-05-23,2021-05-23,RkKKo,,63.0,109.0,24.0,23.0,27.0,40.0,TIDAK SEHAT,DKI5 (Kebon Jeruk) Jakarta Barat,PM25,DKI5,Kebon Jeruk,2021,5,23,20,6
108,202105,2021-05-24,2021-05-24,RkKKo,,64.0,108.0,25.0,17.0,30.0,25.0,TIDAK SEHAT,DKI5 (Kebon Jeruk) Jakarta Barat,PM25,DKI5,Kebon Jeruk,2021,5,24,21,0
70,202105,2021-05-25,2021-05-25,RkKKo,,44.0,70.0,24.0,9.0,30.0,22.0,SEDANG,DKI5 (Kebon Jeruk) Jakarta Barat,PM25,DKI5,Kebon Jeruk,2021,5,25,21,1
79,202105,2021-05-26,2021-05-26,RkKKo,,48.0,79.0,34.0,7.0,24.0,17.0,SEDANG,DKI5 (Kebon Jeruk) Jakarta Barat,PM25,DKI5,Kebon Jeruk,2021,5,26,21,2
61,202105,2021-05-27,2021-05-27,RkKKo,,34.0,61.0,32.0,5.0,20.0,11.0,SEDANG,DKI5 (Kebon Jeruk) Jakarta Barat,PM25,DKI5,Kebon Jeruk,2021,5,27,21,3
77,202105,2021-05-28,2021-05-28,RkKKo,,49.0,77.0,37.0,8.0,20.0,19.0,SEDANG,DKI5 (Kebon Jeruk) Jakarta Barat,PM25,DKI5,Kebon Jeruk,2021,5,28,21,4
88,202105,2021-05-29,2021-05-29,RkKKo,,54.0,88.0,37.0,11.0,19.0,29.0,SEDANG,DKI5 (Kebon Jeruk) Jakarta Barat,PM25,DKI5,Kebon Jeruk,2021,5,29,21,5
66,202105,2021-05-30,2021-05-30,RkKKo,,46.0,66.0,24.0,15.0,18.0,29.0,SEDANG,DKI5 (Kebon Jeruk) Jakarta Barat,PM25,DKI5,Kebon Jeruk,2021,5,30,21,6
82,202105,2021-05-31,2021-05-31,RkKKo,,52.0,82.0,21.0,11.0,27.0,18.0,SEDANG,DKI5 (Kebon Jeruk) Jakarta Barat,PM25,DKI5,Kebon Jeruk,2021,5,31,22,0
77,202106,2021-06-19,2021-06-19,RkKKo,,64.0,77.0,59.0,16.0,41.0,43.0,SEDANG,DKI2 (Kelapa Gading),PM25,DKI2,Kelapa Gading,2021,6,19,24,5
84,202108,2021-08-07,2021-08-07,RkKKo,,59.0,84.0,45.0,10.0,23.0,14.0,SEDANG,DKI3 (Jagakarsa),PM25,DKI3,Jagakarsa,2021,8,7,31,5
84,202108,2021-08-08,2021-08-08,RkKKo,,57.0,84.0,47.0,9.0,26.0,13.0,SEDANG,DKI3 (Jagakarsa),PM25,DKI3,Jagakarsa,2021,8,8,31,6
69,202108,2021-08-09,2021-08-09,RkKKo,,53.0,69.0,45.0,7.0,25.0,10.0,SEDANG,DKI3 (Jagakarsa),PM25,DKI3,Jagakarsa,2021,8,9,32,0
54,202108,2021-08-10,2021-08-10,RkKKo,,36.0,54.0,41.0,6.0,27.0,12.0,SEDANG,DKI3 (Jagakarsa),PM25,DKI3,Jagakarsa,2021,8,10,32,1
88,202108,2021-08-11,2021-08-11,RkKKo,,61.0,88.0,44.0,12.0,30.0,14.0,SEDANG,DKI3 (Jagakarsa),PM25,DKI3,Jagakarsa,2021,8,11,32,2
73,202108,2021-08-12,2021-08-12,RkKKo,,54.0,73.0,46.0,7.0,32.0,11.0,SEDANG,DKI3 (Jagakarsa),PM25,DKI3,Jagakarsa,2021,8,12,32,3
91,202108,2021-08-13,2021-08-13,RkKKo,,61.0,91.0,46.0,11.0,29.0,16.0,SEDANG,DKI3 (Jagakarsa),PM25,DKI3,Jagakarsa,2021,8,13,32,4
102,202108,2021-08-14,2021-08-14,RkKKo,,69.0,102.0,45.0,14.0,29.0,16.0,TIDAK SEHAT,DKI3 (Jagakarsa),PM25,DKI3,Jagakarsa,2021,8,14,32,5
84,202108,2021-08-15,2021-08-15,RkKKo,,57.0,84.0,45.0,12.0,22.0,15.0,SEDANG,DKI3 (Jagakarsa),PM25,DKI3,Jagakarsa,2021,8,15,32,6
79,202108,2021-08-16,2021-08-16,RkKKo,,53.0,79.0,48.0,9.0,24.0,15.0,SEDANG,DKI3 (Jagakarsa),PM25,DKI3,Jagakarsa,2021,8,16,33,0
88,202108,2021-08-17,2021-08-17,RkKKo,,60.0,88.0,45.0,11.0,30.0,13.0,SEDANG,DKI3 (Jagakarsa),PM25,DKI3,Jagakarsa,2021,8,17,33,1
86,202108,2021-08-18,2021-08-18,RkKKo,,58.0,86.0,43.0,10.0,35.0,11.0,SEDANG,DKI3 (Jagakarsa),PM25,DKI3,Jagakarsa,2021,8,18,33,2
104,202108,2021-08-19,2021-08-19,RkKKo,,68.0,104.0,45.0,14.0,27.0,14.0,TIDAK SEHAT,DKI3 (Jagakarsa),PM25,DKI3,Jagakarsa,2021,8,19,33,3
83,202108,2021-08-20,2021-08-20,RkKKo,,57.0,83.0,46.0,10.0,29.0,14.0,SEDANG,DKI3 (Jagakarsa),PM25,DKI3,Jagakarsa,2021,8,20,33,4
80,202108,2021-08-21,2021-08-21,RkKKo,,53.0,80.0,44.0,10.0,33.0,15.0,SEDANG,DKI3 (Jagakarsa),PM25,DKI3,Jagakarsa,2021,8,21,33,5
88,202108,2021-08-22,2021-08-22,RkKKo,,58.0,88.0,49.0,14.0,29.0,18.0,SEDANG,DKI3 (Jagakarsa),PM25,DKI3,Jagakarsa,2021,8,22,33,6
100,202108,2021-08-23,2021-08-23,RkKKo,,66.0,100.0,46.0,13.0,31.0,17.0,SEDANG,DKI3 (Jagakarsa),PM25,DKI3,Jagakarsa,2021,8,23,34,0
100,202108,2021-08-24,2021-08-24,RkKKo,,66.0,100.0,46.0,11.0,32.0,15.0,SEDANG,DKI3 (Jagakarsa),PM25,DKI3,Jagakarsa,2021,8,24,34,1
81,202108,2021-08-25,2021-08-25,RkKKo,,57.0,81.0,44.0,10.0,33.0,11.0,SEDANG,DKI3 (Jagakarsa),PM25,DKI3,Jagakarsa,2021,8,25,34,2
82,202108,2021-08-26,2021-08-26,RkKKo,,54.0,82.0,46.0,9.0,30.0,15.0,SEDANG,DKI3 (Jagakarsa),PM25,DKI3,Jagakarsa,2021,8,26,34,3
92,202108,2021-08-27,2021-08-27,RkKKo,,62.0,92.0,47.0,9.0,31.0,13.0,SEDANG,DKI3 (Jagakarsa),PM25,DKI3,Jagakarsa,2021,8,27,34,4
94,202108,2021-08-28,2021-08-28,RkKKo,,63.0,94.0,46.0,10.0,42.0,17.0,SEDANG,DKI3 (Jagakarsa),PM25,DKI3,Jagakarsa,2021,8,28,34,5
67,202108,2021-08-29,2021-08-29,RkKKo,,67.0,28.0,46.0,12.0,35.0,15.0,SEDANG,DKI3 (Jagakarsa),PM10,DKI3,Jagakarsa,2021,8,29,34,6
87,202108,2021-08-30,2021-08-30,RkKKo,,87.0,27.0,46.0,16.0,38.0,17.0,SEDANG,DKI3 (Jagakarsa),PM10,DKI3,Jagakarsa,2021,8,30,35,0
64,202108,2021-08-31,2021-08-31,RkKKo,,64.0,27.0,10.0,19.0,38.0,32.0,SEDANG,DKI3 (Jagakarsa),PM10,DKI3,Jagakarsa,2021,8,31,35,1
86,202108,2021-08-01,2021-08-01,RkKKo,,51.0,86.0,39.0,8.0,30.0,22.0,SEDANG,DKI4 (Lubang Buaya),PM25,DKI4,Lubang Buaya,2021,8,1,30,6
81,202108,2021-08-02,2021-08-02,RkKKo,,42.0,81.0,38.0,9.0,27.0,20.0,SEDANG,DKI4 (Lubang Buaya),PM25,DKI4,Lubang Buaya,2021,8,2,31,0
104,202108,2021-08-03,2021-08-03,RkKKo,,55.0,104.0,38.0,12.0,21.0,25.0,TIDAK SEHAT,DKI4 (Lubang Buaya),PM25,DKI4,Lubang Buaya,2021,8,3,31,1
87,202108,2021-08-04,2021-08-04,RkKKo,,51.0,87.0,41.0,7.0,23.0,20.0,SEDANG,DKI4 (Lubang Buaya),PM25,DKI4,Lubang Buaya,2021,8,4,31,2
90,202108,2021-08-05,2021-08-05,RkKKo,,53.0,90.0,38.0,8.0,21.0,19.0,SEDANG,DKI4 (Lubang Buaya),PM25,DKI4,Lubang Buaya,2021,8,5,31,3
105,202108,2021-08-06,2021-08-06,RkKKo,,59.0,105.0,37.0,16.0,13.0,21.0,TIDAK SEHAT,DKI4 (Lubang Buaya),PM25,DKI4,Lubang Buaya,2021,8,6,31,4
101,202108,2021-08-07,2021-08-07,RkKKo,,59.0,101.0,38.0,8.0,19.0,18.0,TIDAK SEHAT,DKI4 (Lubang Buaya),PM25,DKI4,Lubang Buaya,2021,8,7,31,5
92,202108,2021-08-08,2021-08-08,RkKKo,,54.0,92.0,40.0,7.0,21.0,17.0,SEDANG,DKI4 (Lubang Buaya),PM25,DKI4,Lubang Buaya,2021,8,8,31,6
82,202108,2021-08-09,2021-08-09,RkKKo,,48.0,82.0,40.0,6.0,26.0,16.0,SEDANG,DKI4 (Lubang Buaya),PM25,DKI4,Lubang Buaya,2021,8,9,32,0
68,202108,2021-08-10,2021-08-10,RkKKo,,35.0,68.0,38.0,6.0,30.0,19.0,SEDANG,DKI4 (Lubang Buaya),PM25,DKI4,Lubang Buaya,2021,8,10,32,1
102,202108,2021-08-11,2021-08-11,RkKKo,,56.0,102.0,39.0,11.0,27.0,23.0,TIDAK SEHAT,DKI4 (Lubang Buaya),PM25,DKI4,Lubang Buaya,2021,8,11,32,2
104,202108,2021-08-12,2021-08-12,RkKKo,,57.0,104.0,40.0,8.0,21.0,20.0,TIDAK SEHAT,DKI4 (Lubang Buaya),PM25,DKI4,Lubang Buaya,2021,8,12,32,3
101,202108,2021-08-13,2021-08-13,RkKKo,,55.0,101.0,40.0,11.0,19.0,25.0,TIDAK SEHAT,DKI4 (Lubang Buaya),PM25,DKI4,Lubang Buaya,2021,8,13,32,4
98,202108,2021-08-14,2021-08-14,RkKKo,,58.0,98.0,41.0,9.0,21.0,21.0,SEDANG,DKI4 (Lubang Buaya),PM25,DKI4,Lubang Buaya,2021,8,14,32,5
114,202108,2021-08-15,2021-08-15,RkKKo,,63.0,114.0,39.0,11.0,15.0,21.0,TIDAK SEHAT,DKI4 (Lubang Buaya),PM25,DKI4,Lubang Buaya,2021,8,15,32,6
100,202108,2021-08-16,2021-08-16,RkKKo,,55.0,100.0,41.0,8.0,17.0,21.0,SEDANG,DKI4 (Lubang Buaya),PM25,DKI4,Lubang Buaya,2021,8,16,33,0
103,202108,2021-08-17,2021-08-17,RkKKo,,59.0,103.0,41.0,8.0,24.0,20.0,TIDAK SEHAT,DKI4 (Lubang Buaya),PM25,DKI4,Lubang Buaya,2021,8,17,33,1
97,202108,2021-08-18,2021-08-18,RkKKo,,58.0,97.0,38.0,9.0,30.0,20.0,SEDANG,DKI4 (Lubang Buaya),PM25,DKI4,Lubang Buaya,2021,8,18,33,2
119,202108,2021-08-19,2021-08-19,RkKKo,,67.0,119.0,42.0,13.0,28.0,28.0,TIDAK SEHAT,DKI4 (Lubang Buaya),PM25,DKI4,Lubang Buaya,2021,8,19,33,3
106,202108,2021-08-20,2021-08-20,RkKKo,,64.0,106.0,40.0,11.0,28.0,23.0,TIDAK SEHAT,DKI4 (Lubang Buaya),PM25,DKI4,Lubang Buaya,2021,8,20,33,4
85,202108,2021-08-21,2021-08-21,RkKKo,,50.0,85.0,39.0,8.0,25.0,21.0,SEDANG,DKI4 (Lubang Buaya),PM25,DKI4,Lubang Buaya,2021,8,21,33,5
134,202108,2021-08-22,2021-08-22,RkKKo,,74.0,134.0,43.0,14.0,22.0,29.0,TIDAK SEHAT,DKI4 (Lubang Buaya),PM25,DKI4,Lubang Buaya,2021,8,22,33,6
106,202108,2021-08-23,2021-08-23,RkKKo,,63.0,106.0,40.0,10.0,24.0,20.0,TIDAK SEHAT,DKI4 (Lubang Buaya),PM25,DKI4,Lubang Buaya,2021,8,23,34,0
110,202108,2021-08-24,2021-08-24,RkKKo,,61.0,110.0,42.0,11.0,26.0,24.0,TIDAK SEHAT,DKI4 (Lubang Buaya),PM25,DKI4,Lubang Buaya,2021,8,24,34,1
106,202108,2021-08-25,2021-08-25,RkKKo,,62.0,106.0,42.0,9.0,26.0,28.0,TIDAK SEHAT,DKI4 (Lubang Buaya),PM25,DKI4,Lubang Buaya,2021,8,25,34,2
91,202108,2021-08-26,2021-08-26,RkKKo,,53.0,91.0,40.0,7.0,28.0,19.0,SEDANG,DKI4 (Lubang Buaya),PM25,DKI4,Lubang Buaya,2021,8,26,34,3
105,202108,2021-08-27,2021-08-27,RkKKo,,58.0,105.0,39.0,10.0,28.0,22.0,TIDAK SEHAT,DKI4 (Lubang Buaya),PM25,DKI4,Lubang Buaya,2021,8,27,34,4
123,202108,2021-08-28,2021-08-28,RkKKo,,65.0,123.0,38.0,10.0,36.0,23.0,TIDAK SEHAT,DKI4 (Lubang Buaya),PM25,DKI4,Lubang Buaya,2021,8,28,34,5
122,202108,2021-08-29,2021-08-29,RkKKo,,66.0,122.0,39.0,12.0,28.0,25.0,TIDAK SEHAT,DKI4 (Lubang Buaya),PM25,DKI4,Lubang Buaya,2021,8,29,34,6
140,202108,2021-08-30,2021-08-30,RkKKo,,76.0,,41.0,16.0,30.0,31.0,TIDAK SEHAT,DKI4 (Lubang Buaya),PM25,DKI4,Lubang Buaya,2021,8,30,35,0
109,202108,2021-08-31,2021-08-31,RkKKo,,61.0,109.0,41.0,10.0,32.0,26.0,TIDAK SEHAT,DKI4 (Lubang Buaya),PM25,DKI4,Lubang Buaya,2021,8,31,35,1
70,202108,2021-08-01,2021-08-01,RkKKo,,44.0,70.0,30.0,8.0,29.0,11.0,SEDANG,DKI5 (Kebon Jeruk) Jakarta Barat,PM25,DKI5,Kebon Jeruk,2021,8,1,30,6
75,202108,2021-08-02,2021-08-02,RkKKo,,46.0,75.0,27.0,8.0,27.0,12.0,SEDANG,DKI5 (Kebon Jeruk) Jakarta Barat,PM25,DKI5,Kebon Jeruk,2021,8,2,31,0
80,202108,2021-08-03,2021-08-03,RkKKo,,53.0,80.0,30.0,9.0,27.0,21.0,SEDANG,DKI5 (Kebon Jeruk) Jakarta Barat,PM25,DKI5,Kebon Jeruk,2021,8,3,31,1
74,202108,2021-08-04,2021-08-04,RkKKo,,46.0,74.0,33.0,7.0,26.0,18.0,SEDANG,DKI5 (Kebon Jeruk) Jakarta Barat,PM25,DKI5,Kebon Jeruk,2021,8,4,31,2
78,202108,2021-08-05,2021-08-05,RkKKo,,50.0,78.0,30.0,9.0,17.0,21.0,SEDANG,DKI5 (Kebon Jeruk) Jakarta Barat,PM25,DKI5,Kebon Jeruk,2021,8,5,31,3
94,202108,2021-08-06,2021-08-06,RkKKo,,57.0,94.0,31.0,20.0,12.0,52.0,SEDANG,DKI5 (Kebon Jeruk) Jakarta Barat,PM25,DKI5,Kebon Jeruk,2021,8,6,31,4
71,202108,2021-08-07,2021-08-07,RkKKo,,50.0,71.0,37.0,7.0,19.0,18.0,SEDANG,DKI5 (Kebon Jeruk) Jakarta Barat,PM25,DKI5,Kebon Jeruk,2021,8,7,31,5
73,202108,2021-08-08,2021-08-08,RkKKo,,49.0,73.0,39.0,7.0,23.0,13.0,SEDANG,DKI5 (Kebon Jeruk) Jakarta Barat,PM25,DKI5,Kebon Jeruk,2021,8,8,31,6
61,202108,2021-08-09,2021-08-09,RkKKo,,45.0,61.0,39.0,4.0,21.0,14.0,SEDANG,DKI5 (Kebon Jeruk) Jakarta Barat,PM25,DKI5,Kebon Jeruk,2021,8,9,32,0
52,202108,2021-08-10,2021-08-10,RkKKo,,26.0,52.0,27.0,6.0,24.0,14.0,SEDANG,DKI5 (Kebon Jeruk) Jakarta Barat,PM25,DKI5,Kebon Jeruk,2021,8,10,32,1
92,202108,2021-08-11,2021-08-11,RkKKo,,54.0,92.0,29.0,11.0,25.0,25.0,SEDANG,DKI5 (Kebon Jeruk) Jakarta Barat,PM25,DKI5,Kebon Jeruk,2021,8,11,32,2
78,202108,2021-08-12,2021-08-12,RkKKo,,54.0,78.0,32.0,7.0,27.0,18.0,SEDANG,DKI5 (Kebon Jeruk) Jakarta Barat,PM25,DKI5,Kebon Jeruk,2021,8,12,32,3
100,202108,2021-08-13,2021-08-13,RkKKo,,61.0,100.0,33.0,11.0,21.0,32.0,SEDANG,DKI5 (Kebon Jeruk) Jakarta Barat,PM25,DKI5,Kebon Jeruk,2021,8,13,32,4
116,202108,2021-08-14,2021-08-14,RkKKo,,73.0,116.0,38.0,14.0,26.0,40.0,TIDAK SEHAT,DKI5 (Kebon Jeruk) Jakarta Barat,PM25,DKI5,Kebon Jeruk,2021,8,14,32,5
87,202108,2021-08-15,2021-08-15,RkKKo,,62.0,87.0,33.0,12.0,17.0,30.0,SEDANG,DKI5 (Kebon Jeruk) Jakarta Barat,PM25,DKI5,Kebon Jeruk,2021,8,15,32,6
74,202108,2021-08-16,2021-08-16,RkKKo,,51.0,74.0,35.0,7.0,22.0,20.0,SEDANG,DKI5 (Kebon Jeruk) Jakarta Barat,PM25,DKI5,Kebon Jeruk,2021,8,16,33,0
89,202108,2021-08-17,2021-08-17,RkKKo,,59.0,89.0,32.0,8.0,26.0,19.0,SEDANG,DKI5 (Kebon Jeruk) Jakarta Barat,PM25,DKI5,Kebon Jeruk,2021,8,17,33,1
97,202108,2021-08-18,2021-08-18,RkKKo,,62.0,97.0,28.0,9.0,30.0,17.0,SEDANG,DKI5 (Kebon Jeruk) Jakarta Barat,PM25,DKI5,Kebon Jeruk,2021,8,18,33,2
106,202108,2021-08-19,2021-08-19,RkKKo,,63.0,106.0,38.0,13.0,26.0,33.0,TIDAK SEHAT,DKI5 (Kebon Jeruk) Jakarta Barat,PM25,DKI5,Kebon Jeruk,2021,8,19,33,3
81,202108,2021-08-20,2021-08-20,RkKKo,,55.0,81.0,39.0,8.0,34.0,27.0,SEDANG,DKI5 (Kebon Jeruk) Jakarta Barat,PM25,DKI5,Kebon Jeruk,2021,8,20,33,4
89,202108,2021-08-21,2021-08-21,RkKKo,,58.0,89.0,32.0,10.0,31.0,24.0,SEDANG,DKI5 (Kebon Jeruk) Jakarta Barat,PM25,DKI5,Kebon Jeruk,2021,8,21,33,5
94,202108,2021-08-22,2021-08-22,RkKKo,,62.0,94.0,35.0,12.0,24.0,29.0,SEDANG,DKI5 (Kebon Jeruk) Jakarta Barat,PM25,DKI5,Kebon Jeruk,2021,8,22,33,6
88,202108,2021-08-23,2021-08-23,RkKKo,,59.0,88.0,31.0,9.0,22.0,22.0,SEDANG,DKI5 (Kebon Jeruk) Jakarta Barat,PM25,DKI5,Kebon Jeruk,2021,8,23,34,0
97,202108,2021-08-24,2021-08-24,RkKKo,,60.0,97.0,31.0,7.0,32.0,12.0,SEDANG,DKI5 (Kebon Jeruk) Jakarta Barat,PM25,DKI5,Kebon Jeruk,2021,8,24,34,1
95,202108,2021-08-25,2021-08-25,RkKKo,,63.0,95.0,31.0,10.0,29.0,20.0,SEDANG,DKI5 (Kebon Jeruk) Jakarta Barat,PM25,DKI5,Kebon Jeruk,2021,8,25,34,2
96,202108,2021-08-26,2021-08-26,RkKKo,,64.0,96.0,32.0,9.0,31.0,14.0,SEDANG,DKI5 (Kebon Jeruk) Jakarta Barat,PM25,DKI5,Kebon Jeruk,2021,8,26,34,3
96,202108,2021-08-27,2021-08-27,RkKKo,,61.0,96.0,34.0,8.0,29.0,15.0,SEDANG,DKI5 (Kebon Jeruk) Jakarta Barat,PM25,DKI5,Kebon Jeruk,2021,8,27,34,4
100,202108,2021-08-28,2021-08-28,RkKKo,,63.0,100.0,31.0,8.0,44.0,12.0,SEDANG,DKI5 (Kebon Jeruk) Jakarta Barat,PM25,DKI5,Kebon Jeruk,2021,8,28,34,5
111,202108,2021-08-29,2021-08-29,RkKKo,,67.0,111.0,32.0,10.0,36.0,13.0,TIDAK SEHAT,DKI5 (Kebon Jeruk) Jakarta Barat,PM25,DKI5,Kebon Jeruk,2021,8,29,34,6
126,202108,2021-08-30,2021-08-30,RkKKo,,83.0,126.0,35.0,16.0,32.0,29.0,TIDAK SEHAT,DKI5 (Kebon Jeruk) Jakarta Barat,PM25,DKI5,Kebon Jeruk,2021,8,30,35,0
92,202108,2021-08-31,2021-08-31,RkKKo,,60.0,92.0,30.0,7.0,32.0,14.0,SEDANG,DKI5 (Kebon Jeruk) Jakarta Barat,PM25,DKI5,Kebon Jeruk,2021,8,31,35,1
86,202109,2021-09-07,2021-09-07,RkKKo,,56.0,86.0,42.0,8.0,21.0,21.0,SEDANG,DKI4 (Lubang Buaya),PM25,DKI4,Lubang Buaya,2021,9,7,36,1
106,202109,2021-09-08,2021-09-08,RkKKo,,63.0,106.0,40.0,15.0,29.0,25.0,TIDAK SEHAT,DKI4 (Lubang Buaya),PM25,DKI4,Lubang Buaya,2021,9,8,36,2
82,202109,2021-09-09,2021-09-09,RkKKo,,52.0,82.0,41.0,12.0,27.0,24.0,SEDANG,DKI4 (Lubang Buaya),PM25,DKI4,Lubang Buaya,2021,9,9,36,3
80,202109,2021-09-10,2021-09-10,RkKKo,,45.0,80.0,42.0,8.0,26.0,19.0,SEDANG,DKI4 (Lubang Buaya),PM25,DKI4,Lubang Buaya,2021,9,10,36,4
109,202109,2021-09-11,2021-09-11,RkKKo,,59.0,109.0,43.0,10.0,33.0,30.0,TIDAK SEHAT,DKI4 (Lubang Buaya),PM25,DKI4,Lubang Buaya,2021,9,11,36,5
88,202109,2021-09-01,2021-09-01,RkKKo,,63.0,88.0,29.0,15.0,24.0,38.0,SEDANG,DKI1 (Bunderan HI),PM25,DKI1,Bundaran HI,2021,9,1,35,2
83,202109,2021-09-02,2021-09-02,RkKKo,,60.0,83.0,29.0,11.0,30.0,28.0,SEDANG,DKI1 (Bunderan HI),PM25,DKI1,Bundaran HI,2021,9,2,35,3
82,202109,2021-09-03,2021-09-03,RkKKo,,60.0,82.0,27.0,11.0,37.0,30.0,SEDANG,DKI1 (Bunderan HI),PM25,DKI1,Bundaran HI,2021,9,3,35,4
77,202109,2021-09-04,2021-09-04,RkKKo,,58.0,77.0,26.0,10.0,31.0,28.0,SEDANG,DKI1 (Bunderan HI),PM25,DKI1,Bundaran HI,2021,9,4,35,5
85,202109,2021-09-05,2021-09-05,RkKKo,,63.0,85.0,27.0,11.0,28.0,28.0,SEDANG,DKI1 (Bunderan HI),PM25,DKI1,Bundaran HI,2021,9,5,35,6
92,202109,2021-09-06,2021-09-06,RkKKo,,68.0,92.0,31.0,11.0,26.0,24.0,SEDANG,DKI1 (Bunderan HI),PM25,DKI1,Bundaran HI,2021,9,6,36,0
65,202109,2021-09-07,2021-09-07,RkKKo,,52.0,65.0,28.0,9.0,19.0,24.0,SEDANG,DKI1 (Bunderan HI),PM25,DKI1,Bundaran HI,2021,9,7,36,1
76,202109,2021-09-08,2021-09-08,RkKKo,,53.0,76.0,25.0,16.0,23.0,34.0,SEDANG,DKI1 (Bunderan HI),PM25,DKI1,Bundaran HI,2021,9,8,36,2
62,202109,2021-09-09,2021-09-09,RkKKo,,45.0,62.0,25.0,12.0,27.0,31.0,SEDANG,DKI1 (Bunderan HI),PM25,DKI1,Bundaran HI,2021,9,9,36,3
66,202109,2021-09-10,2021-09-10,RkKKo,,51.0,66.0,27.0,10.0,25.0,32.0,SEDANG,DKI1 (Bunderan HI),PM25,DKI1,Bundaran HI,2021,9,10,36,4
93,202109,2021-09-11,2021-09-11,RkKKo,,66.0,93.0,32.0,12.0,34.0,41.0,SEDANG,DKI1 (Bunderan HI),PM25,DKI1,Bundaran HI,2021,9,11,36,5
80,202109,2021-09-12,2021-09-12,RkKKo,,61.0,80.0,26.0,10.0,28.0,27.0,SEDANG,DKI1 (Bunderan HI),PM25,DKI1,Bundaran HI,2021,9,12,36,6
64,202109,2021-09-13,2021-09-13,RkKKo,,51.0,64.0,29.0,8.0,23.0,21.0,SEDANG,DKI1 (Bunderan HI),PM25,DKI1,Bundaran HI,2021,9,13,37,0
42,202109,2021-09-14,2021-09-14,RkKKo,,31.0,42.0,24.0,8.0,20.0,19.0,BAIK,DKI1 (Bunderan HI),PM25,DKI1,Bundaran HI,2021,9,14,37,1
81,202109,2021-09-15,2021-09-15,RkKKo,,54.0,81.0,29.0,20.0,20.0,45.0,SEDANG,DKI1 (Bunderan HI),PM25,DKI1,Bundaran HI,2021,9,15,37,2
65,202109,2021-09-16,2021-09-16,RkKKo,,48.0,65.0,29.0,9.0,23.0,24.0,SEDANG,DKI1 (Bunderan HI),PM25,DKI1,Bundaran HI,2021,9,16,37,3
66,202109,2021-09-17,2021-09-17,RkKKo,,42.0,66.0,29.0,7.0,26.0,20.0,SEDANG,DKI1 (Bunderan HI),PM25,DKI1,Bundaran HI,2021,9,17,37,4
73,202109,2021-09-18,2021-09-18,RkKKo,,50.0,73.0,29.0,8.0,23.0,22.0,SEDANG,DKI1 (Bunderan HI),PM25,DKI1,Bundaran HI,2021,9,18,37,5
78,202109,2021-09-19,2021-09-19,RkKKo,,53.0,78.0,26.0,8.0,33.0,19.0,SEDANG,DKI1 (Bunderan HI),PM25,DKI1,Bundaran HI,2021,9,19,37,6
69,202109,2021-09-20,2021-09-20,RkKKo,,51.0,69.0,27.0,10.0,25.0,34.0,SEDANG,DKI1 (Bunderan HI),PM25,DKI1,Bundaran HI,2021,9,20,38,0
81,202109,2021-09-21,2021-09-21,RkKKo,,55.0,81.0,28.0,11.0,29.0,36.0,SEDANG,DKI1 (Bunderan HI),PM25,DKI1,Bundaran HI,2021,9,21,38,1
80,202109,2021-09-22,2021-09-22,RkKKo,,57.0,80.0,29.0,11.0,24.0,32.0,SEDANG,DKI1 (Bunderan HI),PM25,DKI1,Bundaran HI,2021,9,22,38,2
80,202109,2021-09-23,2021-09-23,RkKKo,,54.0,80.0,29.0,8.0,27.0,22.0,SEDANG,DKI1 (Bunderan HI),PM25,DKI1,Bundaran HI,2021,9,23,38,3
74,202109,2021-09-24,2021-09-24,RkKKo,,57.0,74.0,34.0,8.0,20.0,26.0,SEDANG,DKI1 (Bunderan HI),PM25,DKI1,Bundaran HI,2021,9,24,38,4
67,202109,2021-09-25,2021-09-25,RkKKo,,49.0,67.0,31.0,7.0,24.0,20.0,SEDANG,DKI1 (Bunderan HI),PM25,DKI1,Bundaran HI,2021,9,25,38,5
72,202109,2021-09-26,2021-09-26,RkKKo,,52.0,72.0,28.0,6.0,28.0,19.0,SEDANG,DKI1 (Bunderan HI),PM25,DKI1,Bundaran HI,2021,9,26,38,6
72,202109,2021-09-27,2021-09-27,RkKKo,,51.0,72.0,27.0,12.0,22.0,33.0,SEDANG,DKI1 (Bunderan HI),PM25,DKI1,Bundaran HI,2021,9,27,39,0
63,202109,2021-09-28,2021-09-28,RkKKo,,45.0,63.0,25.0,9.0,24.0,28.0,SEDANG,DKI1 (Bunderan HI),PM25,DKI1,Bundaran HI,2021,9,28,39,1
76,202109,2021-09-29,2021-09-29,RkKKo,,54.0,76.0,26.0,12.0,29.0,38.0,SEDANG,DKI1 (Bunderan HI),PM25,DKI1,Bundaran HI,2021,9,29,39,2
94,202109,2021-09-30,2021-09-30,RkKKo,,63.0,94.0,27.0,13.0,38.0,37.0,SEDANG,DKI1 (Bunderan HI),PM25,DKI1,Bundaran HI,2021,9,30,39,3
102,202109,2021-09-01,2021-09-01,RkKKo,,79.0,102.0,55.0,14.0,30.0,29.0,TIDAK SEHAT,DKI2 (Kelapa Gading),PM25,DKI2,Kelapa Gading,2021,9,1,35,2
89,202109,2021-09-02,2021-09-02,RkKKo,,66.0,89.0,52.0,10.0,39.0,19.0,SEDANG,DKI2 (Kelapa Gading),PM25,DKI2,Kelapa Gading,2021,9,2,35,3
87,202109,2021-09-03,2021-09-03,RkKKo,,66.0,87.0,51.0,9.0,39.0,18.0,SEDANG,DKI2 (Kelapa Gading),PM25,DKI2,Kelapa Gading,2021,9,3,35,4
79,202109,2021-09-04,2021-09-04,RkKKo,,62.0,79.0,50.0,9.0,37.0,18.0,SEDANG,DKI2 (Kelapa Gading),PM25,DKI2,Kelapa Gading,2021,9,4,35,5
100,202109,2021-09-05,2021-09-05,RkKKo,,74.0,100.0,52.0,12.0,35.0,22.0,SEDANG,DKI2 (Kelapa Gading),PM25,DKI2,Kelapa Gading,2021,9,5,35,6
87,202109,2021-09-06,2021-09-06,RkKKo,,66.0,87.0,51.0,10.0,34.0,13.0,SEDANG,DKI2 (Kelapa Gading),PM25,DKI2,Kelapa Gading,2021,9,6,36,0
72,202109,2021-09-07,2021-09-07,RkKKo,,58.0,72.0,51.0,9.0,27.0,16.0,SEDANG,DKI2 (Kelapa Gading),PM25,DKI2,Kelapa Gading,2021,9,7,36,1
87,202109,2021-09-08,2021-09-08,RkKKo,,64.0,87.0,52.0,13.0,27.0,31.0,SEDANG,DKI2 (Kelapa Gading),PM25,DKI2,Kelapa Gading,2021,9,8,36,2
88,202109,2021-09-09,2021-09-09,RkKKo,,68.0,88.0,54.0,12.0,35.0,29.0,SEDANG,DKI2 (Kelapa Gading),PM25,DKI2,Kelapa Gading,2021,9,9,36,3
77,202109,2021-09-10,2021-09-10,RkKKo,,58.0,77.0,53.0,9.0,32.0,20.0,SEDANG,DKI2 (Kelapa Gading),PM25,DKI2,Kelapa Gading,2021,9,10,36,4
99,202109,2021-09-11,2021-09-11,RkKKo,,70.0,99.0,53.0,11.0,46.0,22.0,SEDANG,DKI2 (Kelapa Gading),PM25,DKI2,Kelapa Gading,2021,9,11,36,5
82,202109,2021-09-12,2021-09-12,RkKKo,,66.0,82.0,51.0,9.0,36.0,12.0,SEDANG,DKI2 (Kelapa Gading),PM25,DKI2,Kelapa Gading,2021,9,12,36,6
71,202109,2021-09-13,2021-09-13,RkKKo,,56.0,71.0,52.0,9.0,27.0,14.0,SEDANG,DKI2 (Kelapa Gading),PM25,DKI2,Kelapa Gading,2021,9,13,37,0
50,202109,2021-09-14,2021-09-14,RkKKo,,36.0,47.0,50.0,8.0,47.0,15.0,BAIK,DKI2 (Kelapa Gading),SO2,DKI2,Kelapa Gading,2021,9,14,37,1
95,202109,2021-09-15,2021-09-15,RkKKo,,69.0,95.0,54.0,17.0,45.0,35.0,SEDANG,DKI2 (Kelapa Gading),PM25,DKI2,Kelapa Gading,2021,9,15,37,2
66,202109,2021-09-16,2021-09-16,RkKKo,,52.0,66.0,52.0,8.0,52.0,15.0,SEDANG,DKI2 (Kelapa Gading),PM25,DKI2,Kelapa Gading,2021,9,16,37,3
66,202109,2021-09-17,2021-09-17,RkKKo,,46.0,66.0,51.0,7.0,53.0,9.0,SEDANG,DKI2 (Kelapa Gading),PM25,DKI2,Kelapa Gading,2021,9,17,37,4
79,202109,2021-09-18,2021-09-18,RkKKo,,56.0,79.0,53.0,8.0,51.0,15.0,SEDANG,DKI2 (Kelapa Gading),PM25,DKI2,Kelapa Gading,2021,9,18,37,5
73,202109,2021-09-19,2021-09-19,RkKKo,,52.0,73.0,50.0,8.0,,10.0,SEDANG,DKI2 (Kelapa Gading),PM25,DKI2,Kelapa Gading,2021,9,19,37,6
81,202109,2021-09-20,2021-09-20,RkKKo,,58.0,81.0,52.0,11.0,54.0,25.0,SEDANG,DKI2 (Kelapa Gading),PM25,DKI2,Kelapa Gading,2021,9,20,38,0
85,202109,2021-09-21,2021-09-21,RkKKo,,61.0,85.0,52.0,10.0,58.0,19.0,SEDANG,DKI2 (Kelapa Gading),PM25,DKI2,Kelapa Gading,2021,9,21,38,1
82,202109,2021-09-22,2021-09-22,RkKKo,,64.0,82.0,54.0,10.0,48.0,22.0,SEDANG,DKI2 (Kelapa Gading),PM25,DKI2,Kelapa Gading,2021,9,22,38,2
85,202109,2021-09-23,2021-09-23,RkKKo,,61.0,85.0,53.0,8.0,53.0,13.0,SEDANG,DKI2 (Kelapa Gading),PM25,DKI2,Kelapa Gading,2021,9,23,38,3
76,202109,2021-09-24,2021-09-24,RkKKo,,57.0,76.0,53.0,8.0,47.0,13.0,SEDANG,DKI2 (Kelapa Gading),PM25,DKI2,Kelapa Gading,2021,9,24,38,4
81,202109,2021-09-25,2021-09-25,RkKKo,,55.0,81.0,52.0,8.0,50.0,13.0,SEDANG,DKI2 (Kelapa Gading),PM25,DKI2,Kelapa Gading,2021,9,25,38,5
74,202109,2021-09-26,2021-09-26,RkKKo,,56.0,74.0,,7.0,54.0,6.0,SEDANG,DKI2 (Kelapa Gading),PM25,DKI2,Kelapa Gading,2021,9,26,38,6
77,202109,2021-09-27,2021-09-27,RkKKo,,53.0,77.0,,11.0,47.0,17.0,SEDANG,DKI2 (Kelapa Gading),PM25,DKI2,Kelapa Gading,2021,9,27,39,0
71,202109,2021-09-28,2021-09-28,RkKKo,,49.0,71.0,,8.0,49.0,13.0,SEDANG,DKI2 (Kelapa Gading),PM25,DKI2,Kelapa Gading,2021,9,28,39,1
81,202109,2021-09-29,2021-09-29,RkKKo,,54.0,81.0,57.0,10.0,,16.0,SEDANG,DKI2 (Kelapa Gading),PM25,DKI2,Kelapa Gading,2021,9,29,39,2
105,202109,2021-09-30,2021-09-30,RkKKo,,71.0,105.0,63.0,12.0,,24.0,TIDAK SEHAT,DKI2 (Kelapa Gading),PM25,DKI2,Kelapa Gading,2021,9,30,39,3
83,202109,2021-09-01,2021-09-01,RkKKo,,57.0,83.0,46.0,13.0,32.0,14.0,SEDANG,DKI3 (Jagakarsa),PM25,DKI3,Jagakarsa,2021,9,1,35,2
99,202109,2021-09-02,2021-09-02,RkKKo,,65.0,99.0,46.0,15.0,29.0,16.0,SEDANG,DKI3 (Jagakarsa),PM25,DKI3,Jagakarsa,2021,9,2,35,3
86,202109,2021-09-03,2021-09-03,RkKKo,,56.0,86.0,45.0,9.0,39.0,13.0,SEDANG,DKI3 (Jagakarsa),PM25,DKI3,Jagakarsa,2021,9,3,35,4
77,202109,2021-09-04,2021-09-04,RkKKo,,53.0,77.0,45.0,9.0,30.0,13.0,SEDANG,DKI3 (Jagakarsa),PM25,DKI3,Jagakarsa,2021,9,4,35,5
93,202109,2021-09-05,2021-09-05,RkKKo,,61.0,93.0,46.0,11.0,36.0,14.0,SEDANG,DKI3 (Jagakarsa),PM25,DKI3,Jagakarsa,2021,9,5,35,6
108,202109,2021-09-06,2021-09-06,RkKKo,,73.0,108.0,48.0,13.0,29.0,15.0,TIDAK SEHAT,DKI3 (Jagakarsa),PM25,DKI3,Jagakarsa,2021,9,6,36,0
84,202109,2021-09-07,2021-09-07,RkKKo,,60.0,84.0,48.0,11.0,26.0,15.0,SEDANG,DKI3 (Jagakarsa),PM25,DKI3,Jagakarsa,2021,9,7,36,1
82,202109,2021-09-08,2021-09-08,RkKKo,,60.0,82.0,48.0,12.0,29.0,15.0,SEDANG,DKI3 (Jagakarsa),PM25,DKI3,Jagakarsa,2021,9,8,36,2
61,202109,2021-09-09,2021-09-09,RkKKo,,48.0,61.0,46.0,9.0,31.0,12.0,SEDANG,DKI3 (Jagakarsa),PM25,DKI3,Jagakarsa,2021,9,9,36,3
71,202109,2021-09-10,2021-09-10,RkKKo,,49.0,71.0,49.0,9.0,36.0,15.0,SEDANG,DKI3 (Jagakarsa),PM25,DKI3,Jagakarsa,2021,9,10,36,4
89,202109,2021-09-11,2021-09-11,RkKKo,,61.0,89.0,50.0,10.0,43.0,16.0,SEDANG,DKI3 (Jagakarsa),PM25,DKI3,Jagakarsa,2021,9,11,36,5
78,202109,2021-09-12,2021-09-12,RkKKo,,55.0,78.0,47.0,9.0,30.0,13.0,SEDANG,DKI3 (Jagakarsa),PM25,DKI3,Jagakarsa,2021,9,12,36,6
65,202109,2021-09-13,2021-09-13,RkKKo,,51.0,65.0,47.0,8.0,26.0,11.0,SEDANG,DKI3 (Jagakarsa),PM25,DKI3,Jagakarsa,2021,9,13,37,0
51,202109,2021-09-14,2021-09-14,RkKKo,,32.0,51.0,46.0,7.0,21.0,11.0,SEDANG,DKI3 (Jagakarsa),PM25,DKI3,Jagakarsa,2021,9,14,37,1
81,202109,2021-09-15,2021-09-15,RkKKo,,53.0,81.0,50.0,17.0,24.0,22.0,SEDANG,DKI3 (Jagakarsa),PM25,DKI3,Jagakarsa,2021,9,15,37,2
72,202109,2021-09-16,2021-09-16,RkKKo,,51.0,72.0,50.0,10.0,27.0,15.0,SEDANG,DKI3 (Jagakarsa),PM25,DKI3,Jagakarsa,2021,9,16,37,3
72,202109,2021-09-17,2021-09-17,RkKKo,,47.0,72.0,49.0,7.0,29.0,13.0,SEDANG,DKI3 (Jagakarsa),PM25,DKI3,Jagakarsa,2021,9,17,37,4
80,202109,2021-09-18,2021-09-18,RkKKo,,55.0,80.0,50.0,9.0,27.0,15.0,SEDANG,DKI3 (Jagakarsa),PM25,DKI3,Jagakarsa,2021,9,18,37,5
81,202109,2021-09-19,2021-09-19,RkKKo,,56.0,81.0,48.0,10.0,31.0,12.0,SEDANG,DKI3 (Jagakarsa),PM25,DKI3,Jagakarsa,2021,9,19,37,6
59,202109,2021-09-20,2021-09-20,RkKKo,,45.0,59.0,49.0,7.0,33.0,10.0,SEDANG,DKI3 (Jagakarsa),PM25,DKI3,Jagakarsa,2021,9,20,38,0
78,202109,2021-09-21,2021-09-21,RkKKo,,54.0,78.0,50.0,9.0,35.0,15.0,SEDANG,DKI3 (Jagakarsa),PM25,DKI3,Jagakarsa,2021,9,21,38,1
78,202109,2021-09-22,2021-09-22,RkKKo,,57.0,78.0,49.0,14.0,26.0,18.0,SEDANG,DKI3 (Jagakarsa),PM25,DKI3,Jagakarsa,2021,9,22,38,2
82,202109,2021-09-23,2021-09-23,RkKKo,,57.0,82.0,51.0,10.0,29.0,16.0,SEDANG,DKI3 (Jagakarsa),PM25,DKI3,Jagakarsa,2021,9,23,38,3
77,202109,2021-09-24,2021-09-24,RkKKo,,55.0,77.0,52.0,8.0,27.0,15.0,SEDANG,DKI3 (Jagakarsa),PM25,DKI3,Jagakarsa,2021,9,24,38,4
75,202109,2021-09-25,2021-09-25,RkKKo,,54.0,75.0,50.0,11.0,22.0,16.0,SEDANG,DKI3 (Jagakarsa),PM25,DKI3,Jagakarsa,2021,9,25,38,5
74,202109,2021-09-26,2021-09-26,RkKKo,,54.0,74.0,50.0,10.0,27.0,13.0,SEDANG,DKI3 (Jagakarsa),PM25,DKI3,Jagakarsa,2021,9,26,38,6
71,202109,2021-09-27,2021-09-27,RkKKo,,48.0,71.0,49.0,12.0,26.0,16.0,SEDANG,DKI3 (Jagakarsa),PM25,DKI3,Jagakarsa,2021,9,27,39,0
49,202109,2021-09-28,2021-09-28,RkKKo,,46.0,,49.0,10.0,32.0,13.0,BAIK,DKI3 (Jagakarsa),SO2,DKI3,Jagakarsa,2021,9,28,39,1
61,202109,2021-09-29,2021-09-29,RkKKo,,61.0,26.0,49.0,13.0,31.0,22.0,SEDANG,DKI3 (Jagakarsa),PM10,DKI3,Jagakarsa,2021,9,29,39,2
67,202109,2021-09-30,2021-09-30,RkKKo,,67.0,27.0,49.0,16.0,40.0,19.0,SEDANG,DKI3 (Jagakarsa),PM10,DKI3,Jagakarsa,2021,9,30,39,3
118,202109,2021-09-01,2021-09-01,RkKKo,,68.0,118.0,40.0,16.0,26.0,27.0,TIDAK SEHAT,DKI4 (Lubang Buaya),PM25,DKI4,Lubang Buaya,2021,9,1,35,2
115,202109,2021-09-02,2021-09-02,RkKKo,,65.0,115.0,39.0,12.0,26.0,25.0,TIDAK SEHAT,DKI4 (Lubang Buaya),PM25,DKI4,Lubang Buaya,2021,9,2,35,3
111,202109,2021-09-03,2021-09-03,RkKKo,,62.0,111.0,42.0,10.0,34.0,23.0,TIDAK SEHAT,DKI4 (Lubang Buaya),PM25,DKI4,Lubang Buaya,2021,9,3,35,4
93,202109,2021-09-04,2021-09-04,RkKKo,,57.0,93.0,42.0,9.0,31.0,19.0,SEDANG,DKI4 (Lubang Buaya),PM25,DKI4,Lubang Buaya,2021,9,4,35,5
120,202109,2021-09-05,2021-09-05,RkKKo,,69.0,120.0,43.0,12.0,27.0,26.0,TIDAK SEHAT,DKI4 (Lubang Buaya),PM25,DKI4,Lubang Buaya,2021,9,5,35,6
109,202109,2021-09-06,2021-09-06,RkKKo,,62.0,109.0,42.0,9.0,29.0,16.0,TIDAK SEHAT,DKI4 (Lubang Buaya),PM25,DKI4,Lubang Buaya,2021,9,6,36,0
111,202107,2021-07-08,2021-07-08,RkKKo,,83.0,111.0,56.0,11.0,50.0,24.0,TIDAK SEHAT,DKI2 (Kelapa Gading),PM25,DKI2,Kelapa Gading,2021,7,8,27,3
120,202107,2021-07-09,2021-07-09,RkKKo,,92.0,120.0,59.0,11.0,56.0,26.0,TIDAK SEHAT,DKI2 (Kelapa Gading),PM25,DKI2,Kelapa Gading,2021,7,9,27,4
104,202107,2021-07-10,2021-07-10,RkKKo,,78.0,104.0,54.0,10.0,,17.0,TIDAK SEHAT,DKI2 (Kelapa Gading),PM25,DKI2,Kelapa Gading,2021,7,10,27,5
54,202107,2021-07-11,2021-07-11,RkKKo,,,,54.0,10.0,54.0,13.0,SEDANG,DKI2 (Kelapa Gading),SO2,DKI2,Kelapa Gading,2021,7,11,27,6
64,202107,2021-07-12,2021-07-12,RkKKo,,64.0,,52.0,9.0,44.0,13.0,SEDANG,DKI2 (Kelapa Gading),PM10,DKI2,Kelapa Gading,2021,7,12,28,0
119,202107,2021-07-13,2021-07-13,RkKKo,,78.0,119.0,54.0,11.0,43.0,23.0,TIDAK SEHAT,DKI2 (Kelapa Gading),PM25,DKI2,Kelapa Gading,2021,7,13,28,1
75,202107,2021-07-14,2021-07-14,RkKKo,,56.0,75.0,51.0,12.0,50.0,23.0,SEDANG,DKI2 (Kelapa Gading),PM25,DKI2,Kelapa Gading,2021,7,14,28,2
111,202107,2021-07-15,2021-07-15,RkKKo,,79.0,111.0,62.0,11.0,56.0,26.0,TIDAK SEHAT,DKI2 (Kelapa Gading),PM25,DKI2,Kelapa Gading,2021,7,15,28,3
115,202107,2021-07-16,2021-07-16,RkKKo,,85.0,115.0,53.0,11.0,53.0,19.0,TIDAK SEHAT,DKI2 (Kelapa Gading),PM25,DKI2,Kelapa Gading,2021,7,16,28,4
99,202107,2021-07-17,2021-07-17,RkKKo,,74.0,99.0,55.0,10.0,58.0,20.0,SEDANG,DKI2 (Kelapa Gading),PM25,DKI2,Kelapa Gading,2021,7,17,28,5
114,202107,2021-07-18,2021-07-18,RkKKo,,82.0,114.0,55.0,11.0,58.0,17.0,TIDAK SEHAT,DKI2 (Kelapa Gading),PM25,DKI2,Kelapa Gading,2021,7,18,28,6
100,202107,2021-07-19,2021-07-19,RkKKo,,74.0,100.0,51.0,10.0,,13.0,SEDANG,DKI2 (Kelapa Gading),PM25,DKI2,Kelapa Gading,2021,7,19,29,0
113,202107,2021-07-20,2021-07-20,RkKKo,,86.0,113.0,51.0,14.0,60.0,19.0,TIDAK SEHAT,DKI2 (Kelapa Gading),PM25,DKI2,Kelapa Gading,2021,7,20,29,1
72,202107,2021-07-21,2021-07-21,RkKKo,,54.0,72.0,52.0,9.0,58.0,13.0,SEDANG,DKI2 (Kelapa Gading),PM25,DKI2,Kelapa Gading,2021,7,21,29,2
82,202107,2021-07-22,2021-07-22,RkKKo,,60.0,82.0,53.0,11.0,54.0,22.0,SEDANG,DKI2 (Kelapa Gading),PM25,DKI2,Kelapa Gading,2021,7,22,29,3
61,202107,2021-07-23,2021-07-23,RkKKo,,61.0,,52.0,9.0,59.0,20.0,SEDANG,DKI2 (Kelapa Gading),PM10,DKI2,Kelapa Gading,2021,7,23,29,4
95,202107,2021-07-24,2021-07-24,RkKKo,,66.0,95.0,54.0,13.0,51.0,30.0,SEDANG,DKI2 (Kelapa Gading),PM25,DKI2,Kelapa Gading,2021,7,24,29,5
112,202107,2021-07-25,2021-07-25,RkKKo,,81.0,112.0,55.0,16.0,54.0,28.0,TIDAK SEHAT,DKI2 (Kelapa Gading),PM25,DKI2,Kelapa Gading,2021,7,25,29,6
109,202107,2021-07-26,2021-07-26,RkKKo,,79.0,109.0,54.0,12.0,46.0,22.0,TIDAK SEHAT,DKI2 (Kelapa Gading),PM25,DKI2,Kelapa Gading,2021,7,26,30,0
112,202107,2021-07-27,2021-07-27,RkKKo,,82.0,112.0,56.0,12.0,41.0,27.0,TIDAK SEHAT,DKI2 (Kelapa Gading),PM25,DKI2,Kelapa Gading,2021,7,27,30,1
113,202107,2021-07-28,2021-07-28,RkKKo,,82.0,113.0,53.0,13.0,40.0,28.0,TIDAK SEHAT,DKI2 (Kelapa Gading),PM25,DKI2,Kelapa Gading,2021,7,28,30,2
97,202107,2021-07-29,2021-07-29,RkKKo,,69.0,97.0,52.0,12.0,53.0,24.0,SEDANG,DKI2 (Kelapa Gading),PM25,DKI2,Kelapa Gading,2021,7,29,30,3
117,202107,2021-07-30,2021-07-30,RkKKo,,90.0,117.0,54.0,12.0,,29.0,TIDAK SEHAT,DKI2 (Kelapa Gading),PM25,DKI2,Kelapa Gading,2021,7,30,30,4
65,202107,2021-07-31,2021-07-31,RkKKo,,63.0,,50.0,8.0,,18.0,SEDANG,DKI2 (Kelapa Gading),O3,DKI2,Kelapa Gading,2021,7,31,30,5
92,202107,2021-07-01,2021-07-01,RkKKo,,64.0,92.0,48.0,8.0,22.0,18.0,SEDANG,DKI3 (Jagakarsa),PM25,DKI3,Jagakarsa,2021,7,1,26,3
84,202107,2021-07-02,2021-07-02,RkKKo,,60.0,84.0,47.0,7.0,23.0,18.0,SEDANG,DKI3 (Jagakarsa),PM25,DKI3,Jagakarsa,2021,7,2,26,4
124,202107,2021-07-03,2021-07-03,RkKKo,,80.0,124.0,45.0,10.0,28.0,17.0,TIDAK SEHAT,DKI3 (Jagakarsa),PM25,DKI3,Jagakarsa,2021,7,3,26,5
132,202107,2021-07-04,2021-07-04,RkKKo,,86.0,132.0,44.0,9.0,28.0,14.0,TIDAK SEHAT,DKI3 (Jagakarsa),PM25,DKI3,Jagakarsa,2021,7,4,26,6
105,202107,2021-07-05,2021-07-05,RkKKo,,67.0,105.0,46.0,7.0,38.0,15.0,TIDAK SEHAT,DKI3 (Jagakarsa),PM25,DKI3,Jagakarsa,2021,7,5,27,0
102,202107,2021-07-06,2021-07-06,RkKKo,,68.0,102.0,44.0,7.0,32.0,16.0,TIDAK SEHAT,DKI3 (Jagakarsa),PM25,DKI3,Jagakarsa,2021,7,6,27,1
109,202107,2021-07-07,2021-07-07,RkKKo,,73.0,109.0,48.0,8.0,31.0,17.0,TIDAK SEHAT,DKI3 (Jagakarsa),PM25,DKI3,Jagakarsa,2021,7,7,27,2
110,202107,2021-07-08,2021-07-08,RkKKo,,71.0,110.0,50.0,6.0,33.0,16.0,TIDAK SEHAT,DKI3 (Jagakarsa),PM25,DKI3,Jagakarsa,2021,7,8,27,3
119,202107,2021-07-09,2021-07-09,RkKKo,,79.0,119.0,51.0,7.0,34.0,17.0,TIDAK SEHAT,DKI3 (Jagakarsa),PM25,DKI3,Jagakarsa,2021,7,9,27,4
97,202107,2021-07-10,2021-07-10,RkKKo,,67.0,97.0,51.0,4.0,31.0,14.0,SEDANG,DKI3 (Jagakarsa),PM25,DKI3,Jagakarsa,2021,7,10,27,5
80,202107,2021-07-11,2021-07-11,RkKKo,,60.0,80.0,47.0,5.0,21.0,14.0,SEDANG,DKI3 (Jagakarsa),PM25,DKI3,Jagakarsa,2021,7,11,27,6
50,202107,2021-07-12,2021-07-12,RkKKo,,50.0,,47.0,4.0,14.0,11.0,BAIK,DKI3 (Jagakarsa),PM10,DKI3,Jagakarsa,2021,7,12,28,0
99,202107,2021-07-13,2021-07-13,RkKKo,,62.0,99.0,50.0,8.0,25.0,18.0,SEDANG,DKI3 (Jagakarsa),PM25,DKI3,Jagakarsa,2021,7,13,28,1
94,202107,2021-07-14,2021-07-14,RkKKo,,66.0,94.0,45.0,6.0,23.0,15.0,SEDANG,DKI3 (Jagakarsa),PM25,DKI3,Jagakarsa,2021,7,14,28,2
126,202107,2021-07-15,2021-07-15,RkKKo,,80.0,126.0,49.0,9.0,28.0,23.0,TIDAK SEHAT,DKI3 (Jagakarsa),PM25,DKI3,Jagakarsa,2021,7,15,28,3
123,202107,2021-07-16,2021-07-16,RkKKo,,84.0,123.0,49.0,7.0,29.0,16.0,TIDAK SEHAT,DKI3 (Jagakarsa),PM25,DKI3,Jagakarsa,2021,7,16,28,4
102,202107,2021-07-17,2021-07-17,RkKKo,,70.0,102.0,49.0,5.0,31.0,14.0,TIDAK SEHAT,DKI3 (Jagakarsa),PM25,DKI3,Jagakarsa,2021,7,17,28,5
121,202107,2021-07-18,2021-07-18,RkKKo,,79.0,121.0,49.0,5.0,33.0,16.0,TIDAK SEHAT,DKI3 (Jagakarsa),PM25,DKI3,Jagakarsa,2021,7,18,28,6
122,202107,2021-07-19,2021-07-19,RkKKo,,80.0,122.0,48.0,4.0,33.0,17.0,TIDAK SEHAT,DKI3 (Jagakarsa),PM25,DKI3,Jagakarsa,2021,7,19,29,0
110,202107,2021-07-20,2021-07-20,RkKKo,,77.0,110.0,45.0,5.0,25.0,18.0,TIDAK SEHAT,DKI3 (Jagakarsa),PM25,DKI3,Jagakarsa,2021,7,20,29,1
81,202107,2021-07-21,2021-07-21,RkKKo,,54.0,81.0,45.0,4.0,19.0,13.0,SEDANG,DKI3 (Jagakarsa),PM25,DKI3,Jagakarsa,2021,7,21,29,2
79,202107,2021-07-22,2021-07-22,RkKKo,,57.0,79.0,49.0,5.0,22.0,20.0,SEDANG,DKI3 (Jagakarsa),PM25,DKI3,Jagakarsa,2021,7,22,29,3
91,202107,2021-07-23,2021-07-23,RkKKo,,63.0,91.0,46.0,5.0,38.0,16.0,SEDANG,DKI3 (Jagakarsa),PM25,DKI3,Jagakarsa,2021,7,23,29,4
73,202107,2021-07-24,2021-07-24,RkKKo,,51.0,73.0,45.0,4.0,29.0,12.0,SEDANG,DKI3 (Jagakarsa),PM25,DKI3,Jagakarsa,2021,7,24,29,5
102,202107,2021-07-25,2021-07-25,RkKKo,,68.0,102.0,47.0,6.0,32.0,17.0,TIDAK SEHAT,DKI3 (Jagakarsa),PM25,DKI3,Jagakarsa,2021,7,25,29,6
103,202107,2021-07-26,2021-07-26,RkKKo,,69.0,103.0,49.0,6.0,28.0,17.0,TIDAK SEHAT,DKI3 (Jagakarsa),PM25,DKI3,Jagakarsa,2021,7,26,30,0
96,202107,2021-07-27,2021-07-27,RkKKo,,64.0,96.0,50.0,11.0,30.0,15.0,SEDANG,DKI3 (Jagakarsa),PM25,DKI3,Jagakarsa,2021,7,27,30,1
124,202107,2021-07-28,2021-07-28,RkKKo,,76.0,124.0,49.0,18.0,26.0,20.0,TIDAK SEHAT,DKI3 (Jagakarsa),PM25,DKI3,Jagakarsa,2021,7,28,30,2
73,202107,2021-07-29,2021-07-29,RkKKo,,73.0,28.0,47.0,17.0,26.0,18.0,SEDANG,DKI3 (Jagakarsa),PM10,DKI3,Jagakarsa,2021,7,29,30,3
75,202107,2021-07-30,2021-07-30,RkKKo,,75.0,29.0,51.0,14.0,43.0,21.0,SEDANG,DKI3 (Jagakarsa),PM10,DKI3,Jagakarsa,2021,7,30,30,4
57,202107,2021-07-31,2021-07-31,RkKKo,,57.0,26.0,9.0,18.0,31.0,29.0,SEDANG,DKI3 (Jagakarsa),PM10,DKI3,Jagakarsa,2021,7,31,30,5
114,202107,2021-07-01,2021-07-01,RkKKo,,62.0,114.0,37.0,13.0,23.0,27.0,TIDAK SEHAT,DKI4 (Lubang Buaya),PM25,DKI4,Lubang Buaya,2021,7,1,26,3
108,202107,2021-07-02,2021-07-02,RkKKo,,59.0,108.0,40.0,10.0,18.0,23.0,TIDAK SEHAT,DKI4 (Lubang Buaya),PM25,DKI4,Lubang Buaya,2021,7,2,26,4
141,202107,2021-07-03,2021-07-03,RkKKo,,72.0,,37.0,13.0,25.0,20.0,TIDAK SEHAT,DKI4 (Lubang Buaya),PM25,DKI4,Lubang Buaya,2021,7,3,26,5
161,202107,2021-07-04,2021-07-04,RkKKo,,84.0,,38.0,14.0,27.0,22.0,TIDAK SEHAT,DKI4 (Lubang Buaya),PM25,DKI4,Lubang Buaya,2021,7,4,26,6
153,202107,2021-07-05,2021-07-05,RkKKo,,83.0,,39.0,13.0,31.0,26.0,TIDAK SEHAT,DKI4 (Lubang Buaya),PM25,DKI4,Lubang Buaya,2021,7,5,27,0
100,202107,2021-07-06,2021-07-06,RkKKo,,58.0,100.0,38.0,9.0,31.0,22.0,SEDANG,DKI4 (Lubang Buaya),PM25,DKI4,Lubang Buaya,2021,7,6,27,1
130,202107,2021-07-07,2021-07-07,RkKKo,,69.0,130.0,40.0,12.0,26.0,26.0,TIDAK SEHAT,DKI4 (Lubang Buaya),PM25,DKI4,Lubang Buaya,2021,7,7,27,2
145,202107,2021-07-08,2021-07-08,RkKKo,,74.0,,40.0,10.0,29.0,25.0,TIDAK SEHAT,DKI4 (Lubang Buaya),PM25,DKI4,Lubang Buaya,2021,7,8,27,3
156,202107,2021-07-09,2021-07-09,RkKKo,,87.0,,42.0,11.0,30.0,25.0,TIDAK SEHAT,DKI4 (Lubang Buaya),PM25,DKI4,Lubang Buaya,2021,7,9,27,4
132,202107,2021-07-10,2021-07-10,RkKKo,,71.0,132.0,45.0,9.0,29.0,21.0,TIDAK SEHAT,DKI4 (Lubang Buaya),PM25,DKI4,Lubang Buaya,2021,7,10,27,5
119,202107,2021-07-11,2021-07-11,RkKKo,,66.0,119.0,39.0,10.0,21.0,17.0,TIDAK SEHAT,DKI4 (Lubang Buaya),PM25,DKI4,Lubang Buaya,2021,7,11,27,6
119,202107,2021-07-13,2021-07-13,RkKKo,,67.0,119.0,39.0,11.0,20.0,23.0,TIDAK SEHAT,DKI4 (Lubang Buaya),PM25,DKI4,Lubang Buaya,2021,7,13,28,1
116,202107,2021-07-14,2021-07-14,RkKKo,,57.0,116.0,39.0,13.0,20.0,26.0,TIDAK SEHAT,DKI4 (Lubang Buaya),PM25,DKI4,Lubang Buaya,2021,7,14,28,2
174,202107,2021-07-15,2021-07-15,RkKKo,,,,40.0,15.0,22.0,24.0,TIDAK SEHAT,DKI4 (Lubang Buaya),PM25,DKI4,Lubang Buaya,2021,7,15,28,3
138,202107,2021-07-16,2021-07-16,RkKKo,,71.0,,37.0,11.0,24.0,29.0,TIDAK SEHAT,DKI4 (Lubang Buaya),PM25,DKI4,Lubang Buaya,2021,7,16,28,4
134,202107,2021-07-17,2021-07-17,RkKKo,,73.0,134.0,35.0,9.0,26.0,19.0,TIDAK SEHAT,DKI4 (Lubang Buaya),PM25,DKI4,Lubang Buaya,2021,7,17,28,5
150,202107,2021-07-18,2021-07-18,RkKKo,,75.0,,37.0,12.0,32.0,22.0,TIDAK SEHAT,DKI4 (Lubang Buaya),PM25,DKI4,Lubang Buaya,2021,7,18,28,6
140,202107,2021-07-19,2021-07-19,RkKKo,,74.0,,36.0,11.0,32.0,21.0,TIDAK SEHAT,DKI4 (Lubang Buaya),PM25,DKI4,Lubang Buaya,2021,7,19,29,0
147,202107,2021-07-20,2021-07-20,RkKKo,,80.0,,38.0,13.0,26.0,21.0,TIDAK SEHAT,DKI4 (Lubang Buaya),PM25,DKI4,Lubang Buaya,2021,7,20,29,1
102,202107,2021-07-21,2021-07-21,RkKKo,,55.0,102.0,36.0,9.0,30.0,18.0,TIDAK SEHAT,DKI4 (Lubang Buaya),PM25,DKI4,Lubang Buaya,2021,7,21,29,2
110,202107,2021-07-22,2021-07-22,RkKKo,,57.0,110.0,39.0,9.0,28.0,26.0,TIDAK SEHAT,DKI4 (Lubang Buaya),PM25,DKI4,Lubang Buaya,2021,7,22,29,3
104,202107,2021-07-23,2021-07-23,RkKKo,,56.0,104.0,36.0,10.0,35.0,25.0,TIDAK SEHAT,DKI4 (Lubang Buaya),PM25,DKI4,Lubang Buaya,2021,7,23,29,4
104,202107,2021-07-24,2021-07-24,RkKKo,,56.0,104.0,37.0,12.0,27.0,25.0,TIDAK SEHAT,DKI4 (Lubang Buaya),PM25,DKI4,Lubang Buaya,2021,7,24,29,5
148,202107,2021-07-25,2021-07-25,RkKKo,,81.0,,38.0,22.0,28.0,24.0,TIDAK SEHAT,DKI4 (Lubang Buaya),PM25,DKI4,Lubang Buaya,2021,7,25,29,6
131,202107,2021-07-26,2021-07-26,RkKKo,,68.0,131.0,39.0,14.0,24.0,25.0,TIDAK SEHAT,DKI4 (Lubang Buaya),PM25,DKI4,Lubang Buaya,2021,7,26,30,0
140,202107,2021-07-27,2021-07-27,RkKKo,,71.0,,40.0,12.0,24.0,26.0,TIDAK SEHAT,DKI4 (Lubang Buaya),PM25,DKI4,Lubang Buaya,2021,7,27,30,1
145,202107,2021-07-28,2021-07-28,RkKKo,,73.0,,39.0,14.0,24.0,27.0,TIDAK SEHAT,DKI4 (Lubang Buaya),PM25,DKI4,Lubang Buaya,2021,7,28,30,2
130,202107,2021-07-29,2021-07-29,RkKKo,,66.0,130.0,40.0,12.0,25.0,25.0,TIDAK SEHAT,DKI4 (Lubang Buaya),PM25,DKI4,Lubang Buaya,2021,7,29,30,3
154,202107,2021-07-30,2021-07-30,RkKKo,,83.0,,39.0,15.0,37.0,34.0,TIDAK SEHAT,DKI4 (Lubang Buaya),PM25,DKI4,Lubang Buaya,2021,7,30,30,4
100,202107,2021-07-31,2021-07-31,RkKKo,,56.0,100.0,38.0,9.0,29.0,22.0,SEDANG,DKI4 (Lubang Buaya),PM25,DKI4,Lubang Buaya,2021,7,31,30,5
88,202107,2021-07-01,2021-07-01,RkKKo,,54.0,88.0,31.0,12.0,17.0,28.0,SEDANG,DKI5 (Kebon Jeruk) Jakarta Barat,PM25,DKI5,Kebon Jeruk,2021,7,1,26,3
90,202107,2021-07-02,2021-07-02,RkKKo,,56.0,90.0,29.0,23.0,11.0,51.0,SEDANG,DKI5 (Kebon Jeruk) Jakarta Barat,PM25,DKI5,Kebon Jeruk,2021,7,2,26,4
103,202107,2021-07-03,2021-07-03,RkKKo,,60.0,103.0,31.0,13.0,20.0,27.0,TIDAK SEHAT,DKI5 (Kebon Jeruk) Jakarta Barat,PM25,DKI5,Kebon Jeruk,2021,7,3,26,5
126,202107,2021-07-04,2021-07-04,RkKKo,,73.0,126.0,32.0,13.0,26.0,25.0,TIDAK SEHAT,DKI5 (Kebon Jeruk) Jakarta Barat,PM25,DKI5,Kebon Jeruk,2021,7,4,26,6
115,202107,2021-07-05,2021-07-05,RkKKo,,66.0,115.0,35.0,11.0,36.0,20.0,TIDAK SEHAT,DKI5 (Kebon Jeruk) Jakarta Barat,PM25,DKI5,Kebon Jeruk,2021,7,5,27,0
80,202107,2021-07-06,2021-07-06,RkKKo,,52.0,80.0,32.0,8.0,32.0,23.0,SEDANG,DKI5 (Kebon Jeruk) Jakarta Barat,PM25,DKI5,Kebon Jeruk,2021,7,6,27,1
101,202107,2021-07-07,2021-07-07,RkKKo,,60.0,101.0,36.0,10.0,31.0,23.0,TIDAK SEHAT,DKI5 (Kebon Jeruk) Jakarta Barat,PM25,DKI5,Kebon Jeruk,2021,7,7,27,2
108,202107,2021-07-08,2021-07-08,RkKKo,,62.0,108.0,37.0,10.0,30.0,23.0,TIDAK SEHAT,DKI5 (Kebon Jeruk) Jakarta Barat,PM25,DKI5,Kebon Jeruk,2021,7,8,27,3
113,202107,2021-07-09,2021-07-09,RkKKo,,65.0,113.0,40.0,11.0,34.0,22.0,TIDAK SEHAT,DKI5 (Kebon Jeruk) Jakarta Barat,PM25,DKI5,Kebon Jeruk,2021,7,9,27,4
85,202107,2021-07-10,2021-07-10,RkKKo,,55.0,85.0,42.0,6.0,26.0,17.0,SEDANG,DKI5 (Kebon Jeruk) Jakarta Barat,PM25,DKI5,Kebon Jeruk,2021,7,10,27,5
70,202107,2021-07-11,2021-07-11,RkKKo,,46.0,70.0,40.0,6.0,18.0,13.0,SEDANG,DKI5 (Kebon Jeruk) Jakarta Barat,PM25,DKI5,Kebon Jeruk,2021,7,11,27,6
58,202107,2021-07-12,2021-07-12,RkKKo,,39.0,58.0,28.0,6.0,14.0,14.0,SEDANG,DKI5 (Kebon Jeruk) Jakarta Barat,PM25,DKI5,Kebon Jeruk,2021,7,12,28,0
102,202107,2021-07-13,2021-07-13,RkKKo,,59.0,102.0,42.0,11.0,19.0,26.0,TIDAK SEHAT,DKI5 (Kebon Jeruk) Jakarta Barat,PM25,DKI5,Kebon Jeruk,2021,7,13,28,1
82,202107,2021-07-14,2021-07-14,RkKKo,,51.0,82.0,38.0,9.0,20.0,26.0,SEDANG,DKI5 (Kebon Jeruk) Jakarta Barat,PM25,DKI5,Kebon Jeruk,2021,7,14,28,2
129,202107,2021-07-15,2021-07-15,RkKKo,,75.0,129.0,35.0,14.0,26.0,26.0,TIDAK SEHAT,DKI5 (Kebon Jeruk) Jakarta Barat,PM25,DKI5,Kebon Jeruk,2021,7,15,28,3
114,202107,2021-07-16,2021-07-16,RkKKo,,70.0,114.0,33.0,11.0,30.0,22.0,TIDAK SEHAT,DKI5 (Kebon Jeruk) Jakarta Barat,PM25,DKI5,Kebon Jeruk,2021,7,16,28,4
89,202107,2021-07-17,2021-07-17,RkKKo,,57.0,89.0,32.0,8.0,32.0,19.0,SEDANG,DKI5 (Kebon Jeruk) Jakarta Barat,PM25,DKI5,Kebon Jeruk,2021,7,17,28,5
115,202107,2021-07-18,2021-07-18,RkKKo,,67.0,115.0,33.0,13.0,34.0,27.0,TIDAK SEHAT,DKI5 (Kebon Jeruk) Jakarta Barat,PM25,DKI5,Kebon Jeruk,2021,7,18,28,6
108,202107,2021-07-19,2021-07-19,RkKKo,,61.0,108.0,28.0,9.0,38.0,20.0,TIDAK SEHAT,DKI5 (Kebon Jeruk) Jakarta Barat,PM25,DKI5,Kebon Jeruk,2021,7,19,29,0
112,202107,2021-07-20,2021-07-20,RkKKo,,70.0,112.0,32.0,14.0,24.0,21.0,TIDAK SEHAT,DKI5 (Kebon Jeruk) Jakarta Barat,PM25,DKI5,Kebon Jeruk,2021,7,20,29,1
80,202107,2021-07-21,2021-07-21,RkKKo,,49.0,80.0,31.0,8.0,18.0,19.0,SEDANG,DKI5 (Kebon Jeruk) Jakarta Barat,PM25,DKI5,Kebon Jeruk,2021,7,21,29,2
85,202107,2021-07-22,2021-07-22,RkKKo,,51.0,85.0,37.0,9.0,22.0,27.0,SEDANG,DKI5 (Kebon Jeruk) Jakarta Barat,PM25,DKI5,Kebon Jeruk,2021,7,22,29,3
85,202107,2021-07-23,2021-07-23,RkKKo,,53.0,85.0,30.0,8.0,27.0,25.0,SEDANG,DKI5 (Kebon Jeruk) Jakarta Barat,PM25,DKI5,Kebon Jeruk,2021,7,23,29,4
83,202107,2021-07-24,2021-07-24,RkKKo,,49.0,83.0,27.0,11.0,23.0,32.0,SEDANG,DKI5 (Kebon Jeruk) Jakarta Barat,PM25,DKI5,Kebon Jeruk,2021,7,24,29,5
131,202107,2021-07-25,2021-07-25,RkKKo,,77.0,131.0,28.0,24.0,27.0,42.0,TIDAK SEHAT,DKI5 (Kebon Jeruk) Jakarta Barat,PM25,DKI5,Kebon Jeruk,2021,7,25,29,6
116,202107,2021-07-26,2021-07-26,RkKKo,,66.0,116.0,29.0,16.0,24.0,31.0,TIDAK SEHAT,DKI5 (Kebon Jeruk) Jakarta Barat,PM25,DKI5,Kebon Jeruk,2021,7,26,30,0
110,202107,2021-07-27,2021-07-27,RkKKo,,64.0,110.0,32.0,13.0,29.0,35.0,TIDAK SEHAT,DKI5 (Kebon Jeruk) Jakarta Barat,PM25,DKI5,Kebon Jeruk,2021,7,27,30,1
130,202107,2021-07-28,2021-07-28,RkKKo,,70.0,130.0,33.0,17.0,28.0,45.0,TIDAK SEHAT,DKI5 (Kebon Jeruk) Jakarta Barat,PM25,DKI5,Kebon Jeruk,2021,7,28,30,2
140,202107,2021-07-29,2021-07-29,RkKKo,,78.0,,32.0,18.0,29.0,39.0,TIDAK SEHAT,DKI5 (Kebon Jeruk) Jakarta Barat,PM25,DKI5,Kebon Jeruk,2021,7,29,30,3
121,202107,2021-07-30,2021-07-30,RkKKo,,75.0,121.0,37.0,12.0,50.0,21.0,TIDAK SEHAT,DKI5 (Kebon Jeruk) Jakarta Barat,PM25,DKI5,Kebon Jeruk,2021,7,30,30,4
80,202107,2021-07-31,2021-07-31,RkKKo,,53.0,80.0,29.0,6.0,34.0,13.0,SEDANG,DKI5 (Kebon Jeruk) Jakarta Barat,PM25,DKI5,Kebon Jeruk,2021,7,31,30,5
68,202108,2021-08-01,2021-08-01,RkKKo,,51.0,68.0,25.0,8.0,29.0,22.0,SEDANG,DKI1 (Bunderan HI),PM25,DKI1,Bundaran HI,2021,8,1,30,6
63,202108,2021-08-02,2021-08-02,RkKKo,,47.0,63.0,24.0,10.0,25.0,28.0,SEDANG,DKI1 (Bunderan HI),PM25,DKI1,Bundaran HI,2021,8,2,31,0
68,202108,2021-08-03,2021-08-03,RkKKo,,50.0,68.0,26.0,11.0,19.0,35.0,SEDANG,DKI1 (Bunderan HI),PM25,DKI1,Bundaran HI,2021,8,3,31,1
70,202108,2021-08-04,2021-08-04,RkKKo,,52.0,70.0,29.0,8.0,24.0,26.0,SEDANG,DKI1 (Bunderan HI),PM25,DKI1,Bundaran HI,2021,8,4,31,2
66,202108,2021-08-05,2021-08-05,RkKKo,,52.0,66.0,29.0,9.0,21.0,27.0,SEDANG,DKI1 (Bunderan HI),PM25,DKI1,Bundaran HI,2021,8,5,31,3
73,202108,2021-08-06,2021-08-06,RkKKo,,56.0,73.0,28.0,15.0,11.0,28.0,SEDANG,DKI1 (Bunderan HI),PM25,DKI1,Bundaran HI,2021,8,6,31,4
71,202108,2021-08-07,2021-08-07,RkKKo,,55.0,71.0,31.0,7.0,18.0,18.0,SEDANG,DKI1 (Bunderan HI),PM25,DKI1,Bundaran HI,2021,8,7,31,5
69,202108,2021-08-08,2021-08-08,RkKKo,,53.0,69.0,33.0,6.0,23.0,16.0,SEDANG,DKI1 (Bunderan HI),PM25,DKI1,Bundaran HI,2021,8,8,31,6
60,202108,2021-08-09,2021-08-09,RkKKo,,52.0,60.0,30.0,6.0,25.0,15.0,SEDANG,DKI1 (Bunderan HI),PM25,DKI1,Bundaran HI,2021,8,9,32,0
50,202108,2021-08-10,2021-08-10,RkKKo,,32.0,50.0,25.0,7.0,29.0,16.0,BAIK,DKI1 (Bunderan HI),PM25,DKI1,Bundaran HI,2021,8,10,32,1
73,202108,2021-08-11,2021-08-11,RkKKo,,55.0,73.0,25.0,10.0,24.0,25.0,SEDANG,DKI1 (Bunderan HI),PM25,DKI1,Bundaran HI,2021,8,11,32,2
70,202108,2021-08-12,2021-08-12,RkKKo,,55.0,70.0,28.0,8.0,20.0,19.0,SEDANG,DKI1 (Bunderan HI),PM25,DKI1,Bundaran HI,2021,8,12,32,3
75,202108,2021-08-13,2021-08-13,RkKKo,,56.0,75.0,28.0,10.0,17.0,28.0,SEDANG,DKI1 (Bunderan HI),PM25,DKI1,Bundaran HI,2021,8,13,32,4
92,202108,2021-08-14,2021-08-14,RkKKo,,65.0,92.0,30.0,15.0,24.0,36.0,SEDANG,DKI1 (Bunderan HI),PM25,DKI1,Bundaran HI,2021,8,14,32,5
72,202108,2021-08-15,2021-08-15,RkKKo,,56.0,72.0,31.0,8.0,17.0,20.0,SEDANG,DKI1 (Bunderan HI),PM25,DKI1,Bundaran HI,2021,8,15,32,6
70,202108,2021-08-16,2021-08-16,RkKKo,,53.0,70.0,30.0,8.0,17.0,19.0,SEDANG,DKI1 (Bunderan HI),PM25,DKI1,Bundaran HI,2021,8,16,33,0
77,202108,2021-08-17,2021-08-17,RkKKo,,56.0,77.0,28.0,13.0,26.0,22.0,SEDANG,DKI1 (Bunderan HI),PM25,DKI1,Bundaran HI,2021,8,17,33,1
78,202108,2021-08-18,2021-08-18,RkKKo,,59.0,78.0,25.0,11.0,27.0,26.0,SEDANG,DKI1 (Bunderan HI),PM25,DKI1,Bundaran HI,2021,8,18,33,2
89,202108,2021-08-19,2021-08-19,RkKKo,,60.0,89.0,31.0,15.0,24.0,35.0,SEDANG,DKI1 (Bunderan HI),PM25,DKI1,Bundaran HI,2021,8,19,33,3
84,202108,2021-08-20,2021-08-20,RkKKo,,58.0,84.0,29.0,11.0,32.0,34.0,SEDANG,DKI1 (Bunderan HI),PM25,DKI1,Bundaran HI,2021,8,20,33,4
80,202108,2021-08-21,2021-08-21,RkKKo,,59.0,80.0,25.0,13.0,26.0,35.0,SEDANG,DKI1 (Bunderan HI),PM25,DKI1,Bundaran HI,2021,8,21,33,5
81,202108,2021-08-22,2021-08-22,RkKKo,,59.0,81.0,28.0,14.0,25.0,28.0,SEDANG,DKI1 (Bunderan HI),PM25,DKI1,Bundaran HI,2021,8,22,33,6
77,202108,2021-08-23,2021-08-23,RkKKo,,56.0,77.0,28.0,10.0,25.0,27.0,SEDANG,DKI1 (Bunderan HI),PM25,DKI1,Bundaran HI,2021,8,23,34,0
87,202108,2021-08-24,2021-08-24,RkKKo,,59.0,87.0,27.0,12.0,32.0,30.0,SEDANG,DKI1 (Bunderan HI),PM25,DKI1,Bundaran HI,2021,8,24,34,1
89,202108,2021-08-25,2021-08-25,RkKKo,,62.0,89.0,26.0,12.0,34.0,34.0,SEDANG,DKI1 (Bunderan HI),PM25,DKI1,Bundaran HI,2021,8,25,34,2
77,202108,2021-08-26,2021-08-26,RkKKo,,56.0,77.0,27.0,10.0,22.0,33.0,SEDANG,DKI1 (Bunderan HI),PM25,DKI1,Bundaran HI,2021,8,26,34,3
89,202108,2021-08-27,2021-08-27,RkKKo,,62.0,89.0,30.0,11.0,25.0,31.0,SEDANG,DKI1 (Bunderan HI),PM25,DKI1,Bundaran HI,2021,8,27,34,4
93,202108,2021-08-28,2021-08-28,RkKKo,,65.0,93.0,26.0,11.0,40.0,27.0,SEDANG,DKI1 (Bunderan HI),PM25,DKI1,Bundaran HI,2021,8,28,34,5
96,202108,2021-08-29,2021-08-29,RkKKo,,65.0,96.0,28.0,12.0,30.0,29.0,SEDANG,DKI1 (Bunderan HI),PM25,DKI1,Bundaran HI,2021,8,29,34,6
112,202108,2021-08-30,2021-08-30,RkKKo,,79.0,112.0,27.0,17.0,39.0,41.0,TIDAK SEHAT,DKI1 (Bunderan HI),PM25,DKI1,Bundaran HI,2021,8,30,35,0
86,202108,2021-08-31,2021-08-31,RkKKo,,64.0,86.0,27.0,12.0,35.0,33.0,SEDANG,DKI1 (Bunderan HI),PM25,DKI1,Bundaran HI,2021,8,31,35,1
75,202108,2021-08-01,2021-08-01,RkKKo,,55.0,75.0,50.0,9.0,,13.0,SEDANG,DKI2 (Kelapa Gading),PM25,DKI2,Kelapa Gading,2021,8,1,30,6
69,202108,2021-08-02,2021-08-02,RkKKo,,52.0,69.0,50.0,10.0,59.0,16.0,SEDANG,DKI2 (Kelapa Gading),PM25,DKI2,Kelapa Gading,2021,8,2,31,0
85,202108,2021-08-03,2021-08-03,RkKKo,,61.0,85.0,53.0,12.0,47.0,25.0,SEDANG,DKI2 (Kelapa Gading),PM25,DKI2,Kelapa Gading,2021,8,3,31,1
89,202108,2021-08-04,2021-08-04,RkKKo,,64.0,89.0,53.0,9.0,50.0,14.0,SEDANG,DKI2 (Kelapa Gading),PM25,DKI2,Kelapa Gading,2021,8,4,31,2
79,202108,2021-08-05,2021-08-05,RkKKo,,61.0,79.0,55.0,9.0,58.0,18.0,SEDANG,DKI2 (Kelapa Gading),PM25,DKI2,Kelapa Gading,2021,8,5,31,3
100,202108,2021-08-06,2021-08-06,RkKKo,,76.0,100.0,58.0,17.0,38.0,31.0,SEDANG,DKI2 (Kelapa Gading),PM25,DKI2,Kelapa Gading,2021,8,6,31,4
79,202108,2021-08-07,2021-08-07,RkKKo,,63.0,79.0,53.0,8.0,48.0,16.0,SEDANG,DKI2 (Kelapa Gading),PM25,DKI2,Kelapa Gading,2021,8,7,31,5
78,202108,2021-08-08,2021-08-08,RkKKo,,60.0,78.0,53.0,9.0,57.0,12.0,SEDANG,DKI2 (Kelapa Gading),PM25,DKI2,Kelapa Gading,2021,8,8,31,6
67,202108,2021-08-09,2021-08-09,RkKKo,,56.0,67.0,52.0,8.0,57.0,10.0,SEDANG,DKI2 (Kelapa Gading),PM25,DKI2,Kelapa Gading,2021,8,9,32,0
55,202108,2021-08-10,2021-08-10,RkKKo,,36.0,53.0,48.0,8.0,55.0,9.0,SEDANG,DKI2 (Kelapa Gading),O3,DKI2,Kelapa Gading,2021,8,10,32,1
83,202108,2021-08-11,2021-08-11,RkKKo,,58.0,83.0,50.0,10.0,59.0,17.0,SEDANG,DKI2 (Kelapa Gading),PM25,DKI2,Kelapa Gading,2021,8,11,32,2
88,202108,2021-08-12,2021-08-12,RkKKo,,65.0,88.0,52.0,10.0,47.0,18.0,SEDANG,DKI2 (Kelapa Gading),PM25,DKI2,Kelapa Gading,2021,8,12,32,3
79,202108,2021-08-13,2021-08-13,RkKKo,,58.0,79.0,51.0,10.0,49.0,19.0,SEDANG,DKI2 (Kelapa Gading),PM25,DKI2,Kelapa Gading,2021,8,13,32,4
94,202108,2021-08-14,2021-08-14,RkKKo,,69.0,94.0,53.0,11.0,53.0,21.0,SEDANG,DKI2 (Kelapa Gading),PM25,DKI2,Kelapa Gading,2021,8,14,32,5
84,202108,2021-08-15,2021-08-15,RkKKo,,63.0,84.0,53.0,9.0,46.0,16.0,SEDANG,DKI2 (Kelapa Gading),PM25,DKI2,Kelapa Gading,2021,8,15,32,6
80,202108,2021-08-16,2021-08-16,RkKKo,,60.0,80.0,54.0,9.0,42.0,17.0,SEDANG,DKI2 (Kelapa Gading),PM25,DKI2,Kelapa Gading,2021,8,16,33,0
84,202108,2021-08-17,2021-08-17,RkKKo,,62.0,84.0,51.0,9.0,40.0,14.0,SEDANG,DKI2 (Kelapa Gading),PM25,DKI2,Kelapa Gading,2021,8,17,33,1
83,202108,2021-08-18,2021-08-18,RkKKo,,59.0,83.0,51.0,9.0,42.0,17.0,SEDANG,DKI2 (Kelapa Gading),PM25,DKI2,Kelapa Gading,2021,8,18,33,2
101,202108,2021-08-19,2021-08-19,RkKKo,,72.0,101.0,55.0,13.0,26.0,36.0,TIDAK SEHAT,DKI2 (Kelapa Gading),PM25,DKI2,Kelapa Gading,2021,8,19,33,3
97,202108,2021-08-20,2021-08-20,RkKKo,,73.0,97.0,55.0,12.0,34.0,30.0,SEDANG,DKI2 (Kelapa Gading),PM25,DKI2,Kelapa Gading,2021,8,20,33,4
87,202108,2021-08-21,2021-08-21,RkKKo,,60.0,87.0,51.0,10.0,29.0,21.0,SEDANG,DKI2 (Kelapa Gading),PM25,DKI2,Kelapa Gading,2021,8,21,33,5
100,202108,2021-08-22,2021-08-22,RkKKo,,71.0,100.0,52.0,13.0,25.0,26.0,SEDANG,DKI2 (Kelapa Gading),PM25,DKI2,Kelapa Gading,2021,8,22,33,6
86,202108,2021-08-23,2021-08-23,RkKKo,,63.0,86.0,52.0,9.0,33.0,13.0,SEDANG,DKI2 (Kelapa Gading),PM25,DKI2,Kelapa Gading,2021,8,23,34,0
101,202108,2021-08-24,2021-08-24,RkKKo,,69.0,101.0,52.0,9.0,41.0,18.0,TIDAK SEHAT,DKI2 (Kelapa Gading),PM25,DKI2,Kelapa Gading,2021,8,24,34,1
98,202108,2021-08-25,2021-08-25,RkKKo,,69.0,98.0,51.0,11.0,38.0,24.0,SEDANG,DKI2 (Kelapa Gading),PM25,DKI2,Kelapa Gading,2021,8,25,34,2
84,202108,2021-08-26,2021-08-26,RkKKo,,61.0,84.0,51.0,9.0,26.0,18.0,SEDANG,DKI2 (Kelapa Gading),PM25,DKI2,Kelapa Gading,2021,8,26,34,3
90,202108,2021-08-27,2021-08-27,RkKKo,,63.0,90.0,52.0,10.0,32.0,21.0,SEDANG,DKI2 (Kelapa Gading),PM25,DKI2,Kelapa Gading,2021,8,27,34,4
104,202108,2021-08-28,2021-08-28,RkKKo,,76.0,104.0,51.0,10.0,41.0,22.0,TIDAK SEHAT,DKI2 (Kelapa Gading),PM25,DKI2,Kelapa Gading,2021,8,28,34,5
97,202108,2021-08-29,2021-08-29,RkKKo,,68.0,97.0,52.0,10.0,30.0,16.0,SEDANG,DKI2 (Kelapa Gading),PM25,DKI2,Kelapa Gading,2021,8,29,34,6
110,202108,2021-08-30,2021-08-30,RkKKo,,79.0,110.0,52.0,12.0,38.0,29.0,TIDAK SEHAT,DKI2 (Kelapa Gading),PM25,DKI2,Kelapa Gading,2021,8,30,35,0
96,202108,2021-08-31,2021-08-31,RkKKo,,74.0,96.0,51.0,10.0,48.0,19.0,SEDANG,DKI2 (Kelapa Gading),PM25,DKI2,Kelapa Gading,2021,8,31,35,1
66,202108,2021-08-01,2021-08-01,RkKKo,,51.0,66.0,44.0,9.0,31.0,11.0,SEDANG,DKI3 (Jagakarsa),PM25,DKI3,Jagakarsa,2021,8,1,30,6
65,202108,2021-08-02,2021-08-02,RkKKo,,48.0,65.0,47.0,10.0,29.0,12.0,SEDANG,DKI3 (Jagakarsa),PM25,DKI3,Jagakarsa,2021,8,2,31,0
66,202108,2021-08-03,2021-08-03,RkKKo,,45.0,66.0,48.0,9.0,30.0,13.0,SEDANG,DKI3 (Jagakarsa),PM25,DKI3,Jagakarsa,2021,8,3,31,1
82,202108,2021-08-04,2021-08-04,RkKKo,,56.0,82.0,51.0,8.0,27.0,14.0,SEDANG,DKI3 (Jagakarsa),PM25,DKI3,Jagakarsa,2021,8,4,31,2
82,202108,2021-08-05,2021-08-05,RkKKo,,52.0,82.0,51.0,11.0,23.0,15.0,SEDANG,DKI3 (Jagakarsa),PM25,DKI3,Jagakarsa,2021,8,5,31,3
77,202108,2021-08-06,2021-08-06,RkKKo,,52.0,77.0,42.0,16.0,19.0,18.0,SEDANG,DKI3 (Jagakarsa),PM25,DKI3,Jagakarsa,2021,8,6,31,4
85,202111,2021-11-01,2021-11-01,RkKKo,,58.0,85.0,32.0,16.0,22.0,41.0,SEDANG,DKI1 (Bunderan HI),PM25,DKI1,Bundaran HI,2021,11,1,44,0
63,202111,2021-11-02,2021-11-02,RkKKo,,50.0,63.0,29.0,14.0,22.0,35.0,SEDANG,DKI1 (Bunderan HI),PM25,DKI1,Bundaran HI,2021,11,2,44,1
63,202111,2021-11-03,2021-11-03,RkKKo,,49.0,63.0,33.0,13.0,21.0,38.0,SEDANG,DKI1 (Bunderan HI),PM25,DKI1,Bundaran HI,2021,11,3,44,2
83,202111,2021-11-04,2021-11-04,RkKKo,,57.0,83.0,30.0,17.0,34.0,47.0,SEDANG,DKI1 (Bunderan HI),PM25,DKI1,Bundaran HI,2021,11,4,44,3
75,202111,2021-11-05,2021-11-05,RkKKo,,56.0,75.0,31.0,19.0,18.0,46.0,SEDANG,DKI1 (Bunderan HI),PM25,DKI1,Bundaran HI,2021,11,5,44,4
72,202111,2021-11-06,2021-11-06,RkKKo,,55.0,72.0,30.0,13.0,22.0,40.0,SEDANG,DKI1 (Bunderan HI),PM25,DKI1,Bundaran HI,2021,11,6,44,5
56,202111,2021-11-07,2021-11-07,RkKKo,,38.0,56.0,27.0,8.0,23.0,25.0,SEDANG,DKI1 (Bunderan HI),PM25,DKI1,Bundaran HI,2021,11,7,44,6
55,202111,2021-11-08,2021-11-08,RkKKo,,38.0,55.0,29.0,18.0,15.0,32.0,SEDANG,DKI1 (Bunderan HI),PM25,DKI1,Bundaran HI,2021,11,8,45,0
73,202111,2021-11-09,2021-11-09,RkKKo,,55.0,73.0,32.0,14.0,17.0,38.0,SEDANG,DKI1 (Bunderan HI),PM25,DKI1,Bundaran HI,2021,11,9,45,1
55,202111,2021-11-10,2021-11-10,RkKKo,,38.0,55.0,28.0,10.0,16.0,25.0,SEDANG,DKI1 (Bunderan HI),PM25,DKI1,Bundaran HI,2021,11,10,45,2
55,202111,2021-11-11,2021-11-11,RkKKo,,41.0,55.0,48.0,12.0,13.0,15.0,SEDANG,DKI1 (Bunderan HI),PM25,DKI1,Bundaran HI,2021,11,11,45,3
49,202111,2021-11-12,2021-11-12,RkKKo,,32.0,49.0,31.0,10.0,16.0,9.0,BAIK,DKI1 (Bunderan HI),PM25,DKI1,Bundaran HI,2021,11,12,45,4
70,202111,2021-11-13,2021-11-13,RkKKo,,51.0,70.0,36.0,16.0,27.0,12.0,SEDANG,DKI1 (Bunderan HI),PM25,DKI1,Bundaran HI,2021,11,13,45,5
53,202111,2021-11-14,2021-11-14,RkKKo,,42.0,53.0,29.0,11.0,18.0,7.0,SEDANG,DKI1 (Bunderan HI),PM25,DKI1,Bundaran HI,2021,11,14,45,6
39,202111,2021-11-15,2021-11-15,RkKKo,,27.0,39.0,30.0,8.0,16.0,7.0,BAIK,DKI1 (Bunderan HI),PM25,DKI1,Bundaran HI,2021,11,15,46,0
47,202111,2021-11-16,2021-11-16,RkKKo,,31.0,47.0,31.0,8.0,11.0,6.0,BAIK,DKI1 (Bunderan HI),PM25,DKI1,Bundaran HI,2021,11,16,46,1
71,202111,2021-11-17,2021-11-17,RkKKo,,55.0,71.0,50.0,13.0,15.0,9.0,SEDANG,DKI1 (Bunderan HI),PM25,DKI1,Bundaran HI,2021,11,17,46,2
75,202111,2021-11-18,2021-11-18,RkKKo,,55.0,75.0,43.0,18.0,19.0,13.0,SEDANG,DKI1 (Bunderan HI),PM25,DKI1,Bundaran HI,2021,11,18,46,3
40,202111,2021-11-19,2021-11-19,RkKKo,,28.0,40.0,31.0,7.0,16.0,5.0,BAIK,DKI1 (Bunderan HI),PM25,DKI1,Bundaran HI,2021,11,19,46,4
44,202111,2021-11-20,2021-11-20,RkKKo,,28.0,44.0,33.0,7.0,13.0,6.0,BAIK,DKI1 (Bunderan HI),PM25,DKI1,Bundaran HI,2021,11,20,46,5
54,202111,2021-11-21,2021-11-21,RkKKo,,41.0,54.0,33.0,15.0,16.0,6.0,SEDANG,DKI1 (Bunderan HI),PM25,DKI1,Bundaran HI,2021,11,21,46,6
33,202111,2021-11-22,2021-11-22,RkKKo,,27.0,33.0,32.0,7.0,14.0,5.0,BAIK,DKI1 (Bunderan HI),PM25,DKI1,Bundaran HI,2021,11,22,47,0
32,202111,2021-11-23,2021-11-23,RkKKo,,20.0,30.0,32.0,7.0,13.0,5.0,BAIK,DKI1 (Bunderan HI),SO2,DKI1,Bundaran HI,2021,11,23,47,1
35,202111,2021-11-24,2021-11-24,RkKKo,,23.0,35.0,30.0,8.0,12.0,6.0,BAIK,DKI1 (Bunderan HI),PM25,DKI1,Bundaran HI,2021,11,24,47,2
57,202111,2021-11-25,2021-11-25,RkKKo,,39.0,57.0,34.0,10.0,11.0,7.0,SEDANG,DKI1 (Bunderan HI),PM25,DKI1,Bundaran HI,2021,11,25,47,3
56,202111,2021-11-26,2021-11-26,RkKKo,,34.0,56.0,32.0,12.0,9.0,7.0,SEDANG,DKI1 (Bunderan HI),PM25,DKI1,Bundaran HI,2021,11,26,47,4
37,202111,2021-11-27,2021-11-27,RkKKo,,30.0,37.0,30.0,10.0,8.0,5.0,BAIK,DKI1 (Bunderan HI),PM25,DKI1,Bundaran HI,2021,11,27,47,5
29,202111,2021-11-28,2021-11-28,RkKKo,,19.0,20.0,29.0,5.0,14.0,4.0,BAIK,DKI1 (Bunderan HI),SO2,DKI1,Bundaran HI,2021,11,28,47,6
30,202111,2021-11-29,2021-11-29,RkKKo,,23.0,28.0,30.0,7.0,12.0,5.0,BAIK,DKI1 (Bunderan HI),SO2,DKI1,Bundaran HI,2021,11,29,48,0
50,202111,2021-11-30,2021-11-30,RkKKo,,29.0,50.0,31.0,9.0,18.0,7.0,BAIK,DKI1 (Bunderan HI),PM25,DKI1,Bundaran HI,2021,11,30,48,1
88,202111,2021-11-01,2021-11-01,RkKKo,,64.0,88.0,77.0,12.0,48.0,28.0,SEDANG,DKI2 (Kelapa Gading),PM25,DKI2,Kelapa Gading,2021,11,1,44,0
70,202111,2021-11-02,2021-11-02,RkKKo,,51.0,70.0,13.0,14.0,49.0,34.0,SEDANG,DKI2 (Kelapa Gading),PM25,DKI2,Kelapa Gading,2021,11,2,44,1
52,202111,2021-11-03,2021-11-03,RkKKo,,52.0,,14.0,,41.0,27.0,SEDANG,DKI2 (Kelapa Gading),PM10,DKI2,Kelapa Gading,2021,11,3,44,2
95,202111,2021-11-04,2021-11-04,RkKKo,,63.0,95.0,20.0,13.0,,42.0,SEDANG,DKI2 (Kelapa Gading),PM25,DKI2,Kelapa Gading,2021,11,4,44,3
84,202111,2021-11-05,2021-11-05,RkKKo,,64.0,84.0,26.0,14.0,46.0,34.0,SEDANG,DKI2 (Kelapa Gading),PM25,DKI2,Kelapa Gading,2021,11,5,44,4
73,202111,2021-11-06,2021-11-06,RkKKo,,51.0,73.0,13.0,11.0,52.0,26.0,SEDANG,DKI2 (Kelapa Gading),PM25,DKI2,Kelapa Gading,2021,11,6,44,5
62,202111,2021-11-07,2021-11-07,RkKKo,,39.0,62.0,7.0,10.0,55.0,17.0,SEDANG,DKI2 (Kelapa Gading),PM25,DKI2,Kelapa Gading,2021,11,7,44,6
73,202111,2021-11-08,2021-11-08,RkKKo,,53.0,73.0,,14.0,39.0,26.0,SEDANG,DKI2 (Kelapa Gading),PM25,DKI2,Kelapa Gading,2021,11,8,45,0
86,202111,2021-11-09,2021-11-09,RkKKo,,61.0,86.0,,11.0,47.0,28.0,SEDANG,DKI2 (Kelapa Gading),PM25,DKI2,Kelapa Gading,2021,11,9,45,1
59,202111,2021-11-10,2021-11-10,RkKKo,,32.0,59.0,,9.0,36.0,21.0,SEDANG,DKI2 (Kelapa Gading),PM25,DKI2,Kelapa Gading,2021,11,10,45,2
58,202111,2021-11-11,2021-11-11,RkKKo,,37.0,58.0,28.0,11.0,36.0,21.0,SEDANG,DKI2 (Kelapa Gading),PM25,DKI2,Kelapa Gading,2021,11,11,45,3
54,202111,2021-11-12,2021-11-12,RkKKo,,34.0,54.0,18.0,9.0,38.0,19.0,SEDANG,DKI2 (Kelapa Gading),PM25,DKI2,Kelapa Gading,2021,11,12,45,4
78,202111,2021-11-13,2021-11-13,RkKKo,,,78.0,,16.0,52.0,25.0,SEDANG,DKI2 (Kelapa Gading),PM25,DKI2,Kelapa Gading,2021,11,13,45,5
59,202111,2021-11-14,2021-11-14,RkKKo,,,59.0,,13.0,46.0,19.0,SEDANG,DKI2 (Kelapa Gading),PM25,DKI2,Kelapa Gading,2021,11,14,45,6
57,202111,2021-11-15,2021-11-15,RkKKo,,,57.0,,9.0,36.0,17.0,SEDANG,DKI2 (Kelapa Gading),PM25,DKI2,Kelapa Gading,2021,11,15,46,0
53,202111,2021-11-16,2021-11-16,RkKKo,,28.0,53.0,5.0,8.0,41.0,14.0,SEDANG,DKI2 (Kelapa Gading),PM25,DKI2,Kelapa Gading,2021,11,16,46,1
80,202111,2021-11-17,2021-11-17,RkKKo,,60.0,80.0,21.0,11.0,45.0,27.0,SEDANG,DKI2 (Kelapa Gading),PM25,DKI2,Kelapa Gading,2021,11,17,46,2
81,202111,2021-11-18,2021-11-18,RkKKo,,58.0,81.0,14.0,10.0,56.0,24.0,SEDANG,DKI2 (Kelapa Gading),PM25,DKI2,Kelapa Gading,2021,11,18,46,3
111,202109,2021-09-12,2021-09-12,RkKKo,,63.0,111.0,41.0,10.0,24.0,19.0,TIDAK SEHAT,DKI4 (Lubang Buaya),PM25,DKI4,Lubang Buaya,2021,9,12,36,6
88,202109,2021-09-13,2021-09-13,RkKKo,,54.0,88.0,42.0,7.0,18.0,16.0,SEDANG,DKI4 (Lubang Buaya),PM25,DKI4,Lubang Buaya,2021,9,13,37,0
61,202109,2021-09-14,2021-09-14,RkKKo,,36.0,61.0,41.0,6.0,19.0,15.0,SEDANG,DKI4 (Lubang Buaya),PM25,DKI4,Lubang Buaya,2021,9,14,37,1
110,202109,2021-09-15,2021-09-15,RkKKo,,60.0,110.0,42.0,19.0,18.0,23.0,TIDAK SEHAT,DKI4 (Lubang Buaya),PM25,DKI4,Lubang Buaya,2021,9,15,37,2
89,202109,2021-09-16,2021-09-16,RkKKo,,53.0,89.0,42.0,7.0,28.0,15.0,SEDANG,DKI4 (Lubang Buaya),PM25,DKI4,Lubang Buaya,2021,9,16,37,3
85,202109,2021-09-17,2021-09-17,RkKKo,,50.0,85.0,42.0,6.0,29.0,14.0,SEDANG,DKI4 (Lubang Buaya),PM25,DKI4,Lubang Buaya,2021,9,17,37,4
101,202109,2021-09-18,2021-09-18,RkKKo,,57.0,101.0,43.0,7.0,23.0,15.0,TIDAK SEHAT,DKI4 (Lubang Buaya),PM25,DKI4,Lubang Buaya,2021,9,18,37,5
99,202109,2021-09-21,2021-09-21,RkKKo,,,99.0,44.0,9.0,32.0,20.0,SEDANG,DKI4 (Lubang Buaya),PM25,DKI4,Lubang Buaya,2021,9,21,38,1
119,202109,2021-09-22,2021-09-22,RkKKo,,,119.0,44.0,10.0,22.0,21.0,TIDAK SEHAT,DKI4 (Lubang Buaya),PM25,DKI4,Lubang Buaya,2021,9,22,38,2
116,202109,2021-09-23,2021-09-23,RkKKo,,,116.0,43.0,9.0,24.0,18.0,TIDAK SEHAT,DKI4 (Lubang Buaya),PM25,DKI4,Lubang Buaya,2021,9,23,38,3
109,202109,2021-09-24,2021-09-24,RkKKo,,,109.0,46.0,8.0,21.0,18.0,TIDAK SEHAT,DKI4 (Lubang Buaya),PM25,DKI4,Lubang Buaya,2021,9,24,38,4
102,202109,2021-09-25,2021-09-25,RkKKo,,,102.0,45.0,7.0,26.0,16.0,TIDAK SEHAT,DKI4 (Lubang Buaya),PM25,DKI4,Lubang Buaya,2021,9,25,38,5
98,202109,2021-09-26,2021-09-26,RkKKo,,,98.0,45.0,7.0,33.0,12.0,SEDANG,DKI4 (Lubang Buaya),PM25,DKI4,Lubang Buaya,2021,9,26,38,6
89,202109,2021-09-27,2021-09-27,RkKKo,,,89.0,42.0,11.0,29.0,19.0,SEDANG,DKI4 (Lubang Buaya),PM25,DKI4,Lubang Buaya,2021,9,27,39,0
69,202109,2021-09-28,2021-09-28,RkKKo,,,69.0,41.0,6.0,38.0,15.0,SEDANG,DKI4 (Lubang Buaya),PM25,DKI4,Lubang Buaya,2021,9,28,39,1
102,202109,2021-09-29,2021-09-29,RkKKo,,,102.0,45.0,13.0,38.0,24.0,TIDAK SEHAT,DKI4 (Lubang Buaya),PM25,DKI4,Lubang Buaya,2021,9,29,39,2
117,202109,2021-09-30,2021-09-30,RkKKo,,,117.0,45.0,13.0,40.0,27.0,TIDAK SEHAT,DKI4 (Lubang Buaya),PM25,DKI4,Lubang Buaya,2021,9,30,39,3
95,202109,2021-09-01,2021-09-01,RkKKo,,64.0,95.0,30.0,12.0,28.0,26.0,SEDANG,DKI5 (Kebon Jeruk) Jakarta Barat,PM25,DKI5,Kebon Jeruk,2021,9,1,35,2
101,202109,2021-09-02,2021-09-02,RkKKo,,62.0,101.0,28.0,9.0,25.0,18.0,TIDAK SEHAT,DKI5 (Kebon Jeruk) Jakarta Barat,PM25,DKI5,Kebon Jeruk,2021,9,2,35,3
92,202109,2021-09-03,2021-09-03,RkKKo,,56.0,92.0,7.0,6.0,45.0,9.0,SEDANG,DKI5 (Kebon Jeruk) Jakarta Barat,PM25,DKI5,Kebon Jeruk,2021,9,3,35,4
84,202109,2021-09-04,2021-09-04,RkKKo,,58.0,84.0,,6.0,37.0,11.0,SEDANG,DKI5 (Kebon Jeruk) Jakarta Barat,PM25,DKI5,Kebon Jeruk,2021,9,4,35,5
89,202109,2021-09-05,2021-09-05,RkKKo,,57.0,89.0,,7.0,36.0,11.0,SEDANG,DKI5 (Kebon Jeruk) Jakarta Barat,PM25,DKI5,Kebon Jeruk,2021,9,5,35,6
95,202109,2021-09-06,2021-09-06,RkKKo,,65.0,95.0,,8.0,27.0,13.0,SEDANG,DKI5 (Kebon Jeruk) Jakarta Barat,PM25,DKI5,Kebon Jeruk,2021,9,6,36,0
77,202109,2021-09-07,2021-09-07,RkKKo,,56.0,77.0,,6.0,19.0,17.0,SEDANG,DKI5 (Kebon Jeruk) Jakarta Barat,PM25,DKI5,Kebon Jeruk,2021,9,7,36,1
78,202109,2021-09-08,2021-09-08,RkKKo,,51.0,78.0,,8.0,28.0,15.0,SEDANG,DKI5 (Kebon Jeruk) Jakarta Barat,PM25,DKI5,Kebon Jeruk,2021,9,8,36,2
69,202109,2021-09-09,2021-09-09,RkKKo,,47.0,69.0,,8.0,32.0,15.0,SEDANG,DKI5 (Kebon Jeruk) Jakarta Barat,PM25,DKI5,Kebon Jeruk,2021,9,9,36,3
73,202109,2021-09-10,2021-09-10,RkKKo,,46.0,73.0,,6.0,39.0,13.0,SEDANG,DKI5 (Kebon Jeruk) Jakarta Barat,PM25,DKI5,Kebon Jeruk,2021,9,10,36,4
98,202109,2021-09-11,2021-09-11,RkKKo,,60.0,98.0,,8.0,45.0,16.0,SEDANG,DKI5 (Kebon Jeruk) Jakarta Barat,PM25,DKI5,Kebon Jeruk,2021,9,11,36,5
84,202109,2021-09-12,2021-09-12,RkKKo,,58.0,84.0,,7.0,29.0,12.0,SEDANG,DKI5 (Kebon Jeruk) Jakarta Barat,PM25,DKI5,Kebon Jeruk,2021,9,12,36,6
70,202109,2021-09-13,2021-09-13,RkKKo,,51.0,70.0,,6.0,20.0,10.0,SEDANG,DKI5 (Kebon Jeruk) Jakarta Barat,PM25,DKI5,Kebon Jeruk,2021,9,13,37,0
37,202109,2021-09-14,2021-09-14,RkKKo,,26.0,37.0,,3.0,17.0,8.0,BAIK,DKI5 (Kebon Jeruk) Jakarta Barat,PM25,DKI5,Kebon Jeruk,2021,9,14,37,1
79,202109,2021-09-15,2021-09-15,RkKKo,,53.0,79.0,,14.0,22.0,26.0,SEDANG,DKI5 (Kebon Jeruk) Jakarta Barat,PM25,DKI5,Kebon Jeruk,2021,9,15,37,2
59,202109,2021-09-16,2021-09-16,RkKKo,,38.0,59.0,,4.0,23.0,14.0,SEDANG,DKI5 (Kebon Jeruk) Jakarta Barat,PM25,DKI5,Kebon Jeruk,2021,9,16,37,3
60,202109,2021-09-17,2021-09-17,RkKKo,,35.0,60.0,,3.0,25.0,12.0,SEDANG,DKI5 (Kebon Jeruk) Jakarta Barat,PM25,DKI5,Kebon Jeruk,2021,9,17,37,4
69,202109,2021-09-18,2021-09-18,RkKKo,,46.0,69.0,,5.0,27.0,12.0,SEDANG,DKI5 (Kebon Jeruk) Jakarta Barat,PM25,DKI5,Kebon Jeruk,2021,9,18,37,5
83,202109,2021-09-19,2021-09-19,RkKKo,,53.0,83.0,,7.0,28.0,10.0,SEDANG,DKI5 (Kebon Jeruk) Jakarta Barat,PM25,DKI5,Kebon Jeruk,2021,9,19,37,6
65,202109,2021-09-20,2021-09-20,RkKKo,,45.0,65.0,,5.0,30.0,10.0,SEDANG,DKI5 (Kebon Jeruk) Jakarta Barat,PM25,DKI5,Kebon Jeruk,2021,9,20,38,0
77,202109,2021-09-21,2021-09-21,RkKKo,,47.0,77.0,,6.0,34.0,13.0,SEDANG,DKI5 (Kebon Jeruk) Jakarta Barat,PM25,DKI5,Kebon Jeruk,2021,9,21,38,1
78,202109,2021-09-22,2021-09-22,RkKKo,,53.0,78.0,,7.0,25.0,16.0,SEDANG,DKI5 (Kebon Jeruk) Jakarta Barat,PM25,DKI5,Kebon Jeruk,2021,9,22,38,2
77,202109,2021-09-23,2021-09-23,RkKKo,,53.0,77.0,,6.0,27.0,14.0,SEDANG,DKI5 (Kebon Jeruk) Jakarta Barat,PM25,DKI5,Kebon Jeruk,2021,9,23,38,3
73,202109,2021-09-24,2021-09-24,RkKKo,,51.0,73.0,,6.0,20.0,17.0,SEDANG,DKI5 (Kebon Jeruk) Jakarta Barat,PM25,DKI5,Kebon Jeruk,2021,9,24,38,4
64,202109,2021-09-25,2021-09-25,RkKKo,,45.0,64.0,,4.0,24.0,12.0,SEDANG,DKI5 (Kebon Jeruk) Jakarta Barat,PM25,DKI5,Kebon Jeruk,2021,9,25,38,5
67,202109,2021-09-26,2021-09-26,RkKKo,,48.0,67.0,,4.0,30.0,9.0,SEDANG,DKI5 (Kebon Jeruk) Jakarta Barat,PM25,DKI5,Kebon Jeruk,2021,9,26,38,6
78,202109,2021-09-27,2021-09-27,RkKKo,,51.0,78.0,,9.0,22.0,18.0,SEDANG,DKI5 (Kebon Jeruk) Jakarta Barat,PM25,DKI5,Kebon Jeruk,2021,9,27,39,0
64,202109,2021-09-28,2021-09-28,RkKKo,,42.0,64.0,,5.0,26.0,14.0,SEDANG,DKI5 (Kebon Jeruk) Jakarta Barat,PM25,DKI5,Kebon Jeruk,2021,9,28,39,1
87,202109,2021-09-29,2021-09-29,RkKKo,,56.0,87.0,,11.0,34.0,19.0,SEDANG,DKI5 (Kebon Jeruk) Jakarta Barat,PM25,DKI5,Kebon Jeruk,2021,9,29,39,2
108,202109,2021-09-30,2021-09-30,RkKKo,,68.0,108.0,,10.0,46.0,13.0,TIDAK SEHAT,DKI5 (Kebon Jeruk) Jakarta Barat,PM25,DKI5,Kebon Jeruk,2021,9,30,39,3
81,202110,2021-10-01,2021-10-01,RkKKo,,57.0,81.0,30.0,11.0,32.0,38.0,SEDANG,DKI1 (Bunderan HI),PM25,DKI1,Bundaran HI,2021,10,1,39,4
99,202110,2021-10-02,2021-10-02,RkKKo,,67.0,99.0,32.0,11.0,30.0,35.0,SEDANG,DKI1 (Bunderan HI),PM25,DKI1,Bundaran HI,2021,10,2,39,5
85,202110,2021-10-03,2021-10-03,RkKKo,,70.0,85.0,29.0,10.0,28.0,28.0,SEDANG,DKI1 (Bunderan HI),PM25,DKI1,Bundaran HI,2021,10,3,39,6
82,202110,2021-10-04,2021-10-04,RkKKo,,58.0,82.0,30.0,11.0,34.0,29.0,SEDANG,DKI1 (Bunderan HI),PM25,DKI1,Bundaran HI,2021,10,4,40,0
76,202110,2021-10-05,2021-10-05,RkKKo,,55.0,76.0,29.0,11.0,30.0,33.0,SEDANG,DKI1 (Bunderan HI),PM25,DKI1,Bundaran HI,2021,10,5,40,1
83,202110,2021-10-06,2021-10-06,RkKKo,,60.0,83.0,38.0,10.0,26.0,35.0,SEDANG,DKI1 (Bunderan HI),PM25,DKI1,Bundaran HI,2021,10,6,40,2
62,202110,2021-10-07,2021-10-07,RkKKo,,45.0,62.0,29.0,9.0,21.0,28.0,SEDANG,DKI1 (Bunderan HI),PM25,DKI1,Bundaran HI,2021,10,7,40,3
77,202110,2021-10-08,2021-10-08,RkKKo,,54.0,77.0,33.0,11.0,24.0,35.0,SEDANG,DKI1 (Bunderan HI),PM25,DKI1,Bundaran HI,2021,10,8,40,4
69,202110,2021-10-09,2021-10-09,RkKKo,,52.0,69.0,27.0,9.0,32.0,29.0,SEDANG,DKI1 (Bunderan HI),PM25,DKI1,Bundaran HI,2021,10,9,40,5
83,202110,2021-10-10,2021-10-10,RkKKo,,58.0,83.0,26.0,9.0,38.0,26.0,SEDANG,DKI1 (Bunderan HI),PM25,DKI1,Bundaran HI,2021,10,10,40,6
80,202110,2021-10-11,2021-10-11,RkKKo,,59.0,80.0,29.0,10.0,35.0,30.0,SEDANG,DKI1 (Bunderan HI),PM25,DKI1,Bundaran HI,2021,10,11,41,0
76,202110,2021-10-12,2021-10-12,RkKKo,,56.0,76.0,37.0,9.0,23.0,35.0,SEDANG,DKI1 (Bunderan HI),PM25,DKI1,Bundaran HI,2021,10,12,41,1
67,202110,2021-10-13,2021-10-13,RkKKo,,52.0,67.0,28.0,8.0,25.0,31.0,SEDANG,DKI1 (Bunderan HI),PM25,DKI1,Bundaran HI,2021,10,13,41,2
90,202110,2021-10-14,2021-10-14,RkKKo,,64.0,90.0,33.0,11.0,35.0,35.0,SEDANG,DKI1 (Bunderan HI),PM25,DKI1,Bundaran HI,2021,10,14,41,3
106,202110,2021-10-15,2021-10-15,RkKKo,,75.0,106.0,29.0,12.0,34.0,37.0,TIDAK SEHAT,DKI1 (Bunderan HI),PM25,DKI1,Bundaran HI,2021,10,15,41,4
95,202110,2021-10-16,2021-10-16,RkKKo,,66.0,95.0,28.0,15.0,32.0,44.0,SEDANG,DKI1 (Bunderan HI),PM25,DKI1,Bundaran HI,2021,10,16,41,5
93,202110,2021-10-17,2021-10-17,RkKKo,,65.0,93.0,34.0,11.0,36.0,30.0,SEDANG,DKI1 (Bunderan HI),PM25,DKI1,Bundaran HI,2021,10,17,41,6
55,202110,2021-10-18,2021-10-18,RkKKo,,44.0,55.0,25.0,9.0,19.0,26.0,SEDANG,DKI1 (Bunderan HI),PM25,DKI1,Bundaran HI,2021,10,18,42,0
58,202110,2021-10-19,2021-10-19,RkKKo,,41.0,58.0,29.0,14.0,15.0,30.0,SEDANG,DKI1 (Bunderan HI),PM25,DKI1,Bundaran HI,2021,10,19,42,1
53,202110,2021-10-20,2021-10-20,RkKKo,,33.0,53.0,29.0,10.0,21.0,27.0,SEDANG,DKI1 (Bunderan HI),PM25,DKI1,Bundaran HI,2021,10,20,42,2
65,202110,2021-10-21,2021-10-21,RkKKo,,45.0,65.0,25.0,9.0,28.0,32.0,SEDANG,DKI1 (Bunderan HI),PM25,DKI1,Bundaran HI,2021,10,21,42,3
95,202110,2021-10-22,2021-10-22,RkKKo,,64.0,95.0,31.0,18.0,19.0,48.0,SEDANG,DKI1 (Bunderan HI),PM25,DKI1,Bundaran HI,2021,10,22,42,4
83,202110,2021-10-23,2021-10-23,RkKKo,,57.0,83.0,29.0,10.0,20.0,36.0,SEDANG,DKI1 (Bunderan HI),PM25,DKI1,Bundaran HI,2021,10,23,42,5
85,202110,2021-10-24,2021-10-24,RkKKo,,58.0,85.0,27.0,11.0,28.0,36.0,SEDANG,DKI1 (Bunderan HI),PM25,DKI1,Bundaran HI,2021,10,24,42,6
95,202110,2021-10-25,2021-10-25,RkKKo,,62.0,95.0,27.0,14.0,33.0,37.0,SEDANG,DKI1 (Bunderan HI),PM25,DKI1,Bundaran HI,2021,10,25,43,0
78,202110,2021-10-26,2021-10-26,RkKKo,,55.0,78.0,29.0,14.0,23.0,43.0,SEDANG,DKI1 (Bunderan HI),PM25,DKI1,Bundaran HI,2021,10,26,43,1
76,202110,2021-10-27,2021-10-27,RkKKo,,55.0,76.0,29.0,15.0,22.0,39.0,SEDANG,DKI1 (Bunderan HI),PM25,DKI1,Bundaran HI,2021,10,27,43,2
69,202110,2021-10-28,2021-10-28,RkKKo,,51.0,69.0,28.0,16.0,22.0,39.0,SEDANG,DKI1 (Bunderan HI),PM25,DKI1,Bundaran HI,2021,10,28,43,3
64,202110,2021-10-29,2021-10-29,RkKKo,,50.0,64.0,31.0,19.0,18.0,35.0,SEDANG,DKI1 (Bunderan HI),PM25,DKI1,Bundaran HI,2021,10,29,43,4
68,202110,2021-10-30,2021-10-30,RkKKo,,48.0,68.0,31.0,12.0,25.0,40.0,SEDANG,DKI1 (Bunderan HI),PM25,DKI1,Bundaran HI,2021,10,30,43,5
70,202110,2021-10-31,2021-10-31,RkKKo,,53.0,70.0,27.0,11.0,32.0,32.0,SEDANG,DKI1 (Bunderan HI),PM25,DKI1,Bundaran HI,2021,10,31,43,6
84,202110,2021-10-01,2021-10-01,RkKKo,,57.0,84.0,59.0,10.0,,16.0,SEDANG,DKI2 (Kelapa Gading),PM25,DKI2,Kelapa Gading,2021,10,1,39,4
103,202110,2021-10-02,2021-10-02,RkKKo,,70.0,103.0,61.0,10.0,58.0,17.0,TIDAK SEHAT,DKI2 (Kelapa Gading),PM25,DKI2,Kelapa Gading,2021,10,2,39,5
86,202110,2021-10-03,2021-10-03,RkKKo,,64.0,86.0,62.0,11.0,53.0,18.0,SEDANG,DKI2 (Kelapa Gading),PM25,DKI2,Kelapa Gading,2021,10,3,39,6
95,202110,2021-10-04,2021-10-04,RkKKo,,62.0,95.0,60.0,11.0,,24.0,SEDANG,DKI2 (Kelapa Gading),PM25,DKI2,Kelapa Gading,2021,10,4,40,0
90,202110,2021-10-05,2021-10-05,RkKKo,,65.0,90.0,67.0,11.0,54.0,27.0,SEDANG,DKI2 (Kelapa Gading),PM25,DKI2,Kelapa Gading,2021,10,5,40,1
91,202110,2021-10-06,2021-10-06,RkKKo,,65.0,91.0,66.0,9.0,58.0,23.0,SEDANG,DKI2 (Kelapa Gading),PM25,DKI2,Kelapa Gading,2021,10,6,40,2
64,202110,2021-10-07,2021-10-07,RkKKo,,49.0,64.0,60.0,9.0,50.0,20.0,SEDANG,DKI2 (Kelapa Gading),PM25,DKI2,Kelapa Gading,2021,10,7,40,3
85,202110,2021-10-08,2021-10-08,RkKKo,,60.0,85.0,64.0,10.0,54.0,20.0,SEDANG,DKI2 (Kelapa Gading),PM25,DKI2,Kelapa Gading,2021,10,8,40,4
77,202110,2021-10-09,2021-10-09,RkKKo,,53.0,77.0,62.0,9.0,60.0,19.0,SEDANG,DKI2 (Kelapa Gading),PM25,DKI2,Kelapa Gading,2021,10,9,40,5
83,202110,2021-10-10,2021-10-10,RkKKo,,60.0,83.0,61.0,9.0,,12.0,SEDANG,DKI2 (Kelapa Gading),PM25,DKI2,Kelapa Gading,2021,10,10,40,6
100,202110,2021-10-11,2021-10-11,RkKKo,,68.0,100.0,64.0,12.0,,26.0,SEDANG,DKI2 (Kelapa Gading),PM25,DKI2,Kelapa Gading,2021,10,11,41,0
105,202110,2021-10-12,2021-10-12,RkKKo,,77.0,105.0,76.0,12.0,49.0,31.0,TIDAK SEHAT,DKI2 (Kelapa Gading),PM25,DKI2,Kelapa Gading,2021,10,12,41,1
76,202110,2021-10-13,2021-10-13,RkKKo,,57.0,76.0,63.0,9.0,58.0,18.0,SEDANG,DKI2 (Kelapa Gading),PM25,DKI2,Kelapa Gading,2021,10,13,41,2
105,202110,2021-10-14,2021-10-14,RkKKo,,73.0,105.0,65.0,12.0,,28.0,TIDAK SEHAT,DKI2 (Kelapa Gading),PM25,DKI2,Kelapa Gading,2021,10,14,41,3
108,202110,2021-10-15,2021-10-15,RkKKo,,82.0,108.0,64.0,13.0,,27.0,TIDAK SEHAT,DKI2 (Kelapa Gading),PM25,DKI2,Kelapa Gading,2021,10,15,41,4
95,202110,2021-10-16,2021-10-16,RkKKo,,64.0,95.0,63.0,13.0,,28.0,SEDANG,DKI2 (Kelapa Gading),PM25,DKI2,Kelapa Gading,2021,10,16,41,5
71,202110,2021-10-17,2021-10-17,RkKKo,,71.0,,63.0,12.0,,22.0,SEDANG,DKI2 (Kelapa Gading),PM10,DKI2,Kelapa Gading,2021,10,17,41,6
60,202110,2021-10-18,2021-10-18,RkKKo,,50.0,60.0,58.0,9.0,45.0,13.0,SEDANG,DKI2 (Kelapa Gading),PM25,DKI2,Kelapa Gading,2021,10,18,42,0
63,202110,2021-10-19,2021-10-19,RkKKo,,46.0,63.0,60.0,16.0,42.0,29.0,SEDANG,DKI2 (Kelapa Gading),PM25,DKI2,Kelapa Gading,2021,10,19,42,1
73,202110,2021-10-20,2021-10-20,RkKKo,,50.0,67.0,73.0,11.0,50.0,26.0,SEDANG,DKI2 (Kelapa Gading),SO2,DKI2,Kelapa Gading,2021,10,20,42,2
68,202110,2021-10-21,2021-10-21,RkKKo,,52.0,68.0,61.0,9.0,57.0,24.0,SEDANG,DKI2 (Kelapa Gading),PM25,DKI2,Kelapa Gading,2021,10,21,42,3
115,202110,2021-10-22,2021-10-22,RkKKo,,73.0,115.0,82.0,14.0,46.0,38.0,TIDAK SEHAT,DKI2 (Kelapa Gading),PM25,DKI2,Kelapa Gading,2021,10,22,42,4
95,202110,2021-10-23,2021-10-23,RkKKo,,67.0,95.0,81.0,10.0,53.0,28.0,SEDANG,DKI2 (Kelapa Gading),PM25,DKI2,Kelapa Gading,2021,10,23,42,5
96,202110,2021-10-24,2021-10-24,RkKKo,,62.0,96.0,60.0,12.0,,21.0,SEDANG,DKI2 (Kelapa Gading),PM25,DKI2,Kelapa Gading,2021,10,24,42,6
100,202110,2021-10-25,2021-10-25,RkKKo,,65.0,100.0,62.0,12.0,,27.0,SEDANG,DKI2 (Kelapa Gading),PM25,DKI2,Kelapa Gading,2021,10,25,43,0
83,202110,2021-10-26,2021-10-26,RkKKo,,63.0,83.0,67.0,13.0,50.0,32.0,SEDANG,DKI2 (Kelapa Gading),PM25,DKI2,Kelapa Gading,2021,10,26,43,1
86,202110,2021-10-27,2021-10-27,RkKKo,,62.0,86.0,64.0,10.0,49.0,21.0,SEDANG,DKI2 (Kelapa Gading),PM25,DKI2,Kelapa Gading,2021,10,27,43,2
70,202110,2021-10-28,2021-10-28,RkKKo,,51.0,70.0,67.0,12.0,49.0,30.0,SEDANG,DKI2 (Kelapa Gading),PM25,DKI2,Kelapa Gading,2021,10,28,43,3
80,202110,2021-10-29,2021-10-29,RkKKo,,54.0,74.0,80.0,14.0,49.0,26.0,SEDANG,DKI2 (Kelapa Gading),SO2,DKI2,Kelapa Gading,2021,10,29,43,4
90,202110,2021-10-30,2021-10-30,RkKKo,,64.0,90.0,81.0,13.0,56.0,32.0,SEDANG,DKI2 (Kelapa Gading),PM25,DKI2,Kelapa Gading,2021,10,30,43,5
79,202110,2021-10-31,2021-10-31,RkKKo,,56.0,79.0,63.0,12.0,56.0,28.0,SEDANG,DKI2 (Kelapa Gading),PM25,DKI2,Kelapa Gading,2021,10,31,43,6
77,202110,2021-10-01,2021-10-01,RkKKo,,58.0,77.0,49.0,9.0,35.0,11.0,SEDANG,DKI3 (Jagakarsa),PM25,DKI3,Jagakarsa,2021,10,1,39,4
100,202110,2021-10-02,2021-10-02,RkKKo,,64.0,100.0,50.0,12.0,28.0,27.0,SEDANG,DKI3 (Jagakarsa),PM25,DKI3,Jagakarsa,2021,10,2,39,5
76,202110,2021-10-03,2021-10-03,RkKKo,,54.0,76.0,50.0,8.0,32.0,14.0,SEDANG,DKI3 (Jagakarsa),PM25,DKI3,Jagakarsa,2021,10,3,39,6
72,202110,2021-10-04,2021-10-04,RkKKo,,52.0,72.0,50.0,9.0,36.0,11.0,SEDANG,DKI3 (Jagakarsa),PM25,DKI3,Jagakarsa,2021,10,4,40,0
65,202110,2021-10-05,2021-10-05,RkKKo,,42.0,65.0,51.0,7.0,36.0,10.0,SEDANG,DKI3 (Jagakarsa),PM25,DKI3,Jagakarsa,2021,10,5,40,1
67,202110,2021-10-06,2021-10-06,RkKKo,,48.0,67.0,51.0,6.0,34.0,11.0,SEDANG,DKI3 (Jagakarsa),PM25,DKI3,Jagakarsa,2021,10,6,40,2
62,202110,2021-10-07,2021-10-07,RkKKo,,44.0,62.0,50.0,7.0,28.0,11.0,SEDANG,DKI3 (Jagakarsa),PM25,DKI3,Jagakarsa,2021,10,7,40,3
63,202110,2021-10-09,2021-10-09,RkKKo,,45.0,63.0,51.0,7.0,38.0,11.0,SEDANG,DKI3 (Jagakarsa),PM25,DKI3,Jagakarsa,2021,10,9,40,5
77,202110,2021-10-10,2021-10-10,RkKKo,,55.0,77.0,51.0,9.0,40.0,14.0,SEDANG,DKI3 (Jagakarsa),PM25,DKI3,Jagakarsa,2021,10,10,40,6
79,202110,2021-10-11,2021-10-11,RkKKo,,58.0,79.0,51.0,10.0,39.0,12.0,SEDANG,DKI3 (Jagakarsa),PM25,DKI3,Jagakarsa,2021,10,11,41,0
65,202110,2021-10-12,2021-10-12,RkKKo,,47.0,65.0,51.0,8.0,37.0,11.0,SEDANG,DKI3 (Jagakarsa),PM25,DKI3,Jagakarsa,2021,10,12,41,1
71,202110,2021-10-13,2021-10-13,RkKKo,,52.0,71.0,52.0,9.0,38.0,15.0,SEDANG,DKI3 (Jagakarsa),PM25,DKI3,Jagakarsa,2021,10,13,41,2
88,202110,2021-10-14,2021-10-14,RkKKo,,61.0,88.0,51.0,12.0,32.0,17.0,SEDANG,DKI3 (Jagakarsa),PM25,DKI3,Jagakarsa,2021,10,14,41,3
107,202110,2021-10-15,2021-10-15,RkKKo,,72.0,107.0,52.0,14.0,40.0,19.0,TIDAK SEHAT,DKI3 (Jagakarsa),PM25,DKI3,Jagakarsa,2021,10,15,41,4
92,202110,2021-10-16,2021-10-16,RkKKo,,64.0,92.0,51.0,15.0,35.0,18.0,SEDANG,DKI3 (Jagakarsa),PM25,DKI3,Jagakarsa,2021,10,16,41,5
95,202110,2021-10-17,2021-10-17,RkKKo,,65.0,95.0,51.0,15.0,39.0,18.0,SEDANG,DKI3 (Jagakarsa),PM25,DKI3,Jagakarsa,2021,10,17,41,6
66,202110,2021-10-18,2021-10-18,RkKKo,,51.0,66.0,50.0,11.0,24.0,15.0,SEDANG,DKI3 (Jagakarsa),PM25,DKI3,Jagakarsa,2021,10,18,42,0
61,202110,2021-10-19,2021-10-19,RkKKo,,45.0,61.0,50.0,15.0,18.0,17.0,SEDANG,DKI3 (Jagakarsa),PM25,DKI3,Jagakarsa,2021,10,19,42,1
52,202110,2021-10-20,2021-10-20,RkKKo,,36.0,52.0,51.0,10.0,29.0,12.0,SEDANG,DKI3 (Jagakarsa),PM25,DKI3,Jagakarsa,2021,10,20,42,2
74,202110,2021-10-21,2021-10-21,RkKKo,,53.0,74.0,53.0,11.0,29.0,15.0,SEDANG,DKI3 (Jagakarsa),PM25,DKI3,Jagakarsa,2021,10,21,42,3
82,202110,2021-10-22,2021-10-22,RkKKo,,58.0,82.0,51.0,15.0,,17.0,SEDANG,DKI3 (Jagakarsa),PM25,DKI3,Jagakarsa,2021,10,22,42,4
87,202110,2021-10-23,2021-10-23,RkKKo,,59.0,87.0,52.0,13.0,39.0,21.0,SEDANG,DKI3 (Jagakarsa),PM25,DKI3,Jagakarsa,2021,10,23,42,5
102,202110,2021-10-24,2021-10-24,RkKKo,,68.0,102.0,51.0,17.0,47.0,18.0,TIDAK SEHAT,DKI3 (Jagakarsa),PM25,DKI3,Jagakarsa,2021,10,24,42,6
90,202110,2021-10-25,2021-10-25,RkKKo,,62.0,90.0,51.0,13.0,38.0,15.0,SEDANG,DKI3 (Jagakarsa),PM25,DKI3,Jagakarsa,2021,10,25,43,0
71,202110,2021-10-26,2021-10-26,RkKKo,,51.0,71.0,51.0,13.0,30.0,15.0,SEDANG,DKI3 (Jagakarsa),PM25,DKI3,Jagakarsa,2021,10,26,43,1
64,202110,2021-10-27,2021-10-27,RkKKo,,45.0,64.0,52.0,8.0,33.0,13.0,SEDANG,DKI3 (Jagakarsa),PM25,DKI3,Jagakarsa,2021,10,27,43,2
60,202110,2021-10-28,2021-10-28,RkKKo,,47.0,60.0,51.0,14.0,15.0,18.0,SEDANG,DKI3 (Jagakarsa),PM25,DKI3,Jagakarsa,2021,10,28,43,3
52,202110,2021-10-29,2021-10-29,RkKKo,,37.0,31.0,52.0,17.0,13.0,18.0,SEDANG,DKI3 (Jagakarsa),SO2,DKI3,Jagakarsa,2021,10,29,43,4
51,202110,2021-10-30,2021-10-30,RkKKo,,48.0,31.0,51.0,12.0,39.0,18.0,SEDANG,DKI3 (Jagakarsa),SO2,DKI3,Jagakarsa,2021,10,30,43,5
45,202110,2021-10-31,2021-10-31,RkKKo,,45.0,27.0,,28.0,39.0,,BAIK,DKI3 (Jagakarsa),PM10,DKI3,Jagakarsa,2021,10,31,43,6
91,202110,2021-10-01,2021-10-01,RkKKo,,,91.0,45.0,10.0,35.0,33.0,SEDANG,DKI4 (Lubang Buaya),PM25,DKI4,Lubang Buaya,2021,10,1,39,4
127,202110,2021-10-02,2021-10-02,RkKKo,,,127.0,46.0,10.0,35.0,19.0,TIDAK SEHAT,DKI4 (Lubang Buaya),PM25,DKI4,Lubang Buaya,2021,10,2,39,5
96,202110,2021-10-03,2021-10-03,RkKKo,,,96.0,44.0,9.0,32.0,19.0,SEDANG,DKI4 (Lubang Buaya),PM25,DKI4,Lubang Buaya,2021,10,3,39,6
110,202110,2021-10-04,2021-10-04,RkKKo,,,110.0,44.0,11.0,33.0,24.0,TIDAK SEHAT,DKI4 (Lubang Buaya),PM25,DKI4,Lubang Buaya,2021,10,4,40,0
103,202110,2021-10-06,2021-10-06,RkKKo,,66.0,103.0,47.0,8.0,37.0,17.0,TIDAK SEHAT,DKI4 (Lubang Buaya),PM25,DKI4,Lubang Buaya,2021,10,6,40,2
77,202110,2021-10-07,2021-10-07,RkKKo,,52.0,77.0,41.0,7.0,27.0,23.0,SEDANG,DKI4 (Lubang Buaya),PM25,DKI4,Lubang Buaya,2021,10,7,40,3
98,202110,2021-10-08,2021-10-08,RkKKo,,58.0,98.0,45.0,9.0,30.0,22.0,SEDANG,DKI4 (Lubang Buaya),PM25,DKI4,Lubang Buaya,2021,10,8,40,4
83,202110,2021-10-09,2021-10-09,RkKKo,,55.0,83.0,47.0,7.0,36.0,21.0,SEDANG,DKI4 (Lubang Buaya),PM25,DKI4,Lubang Buaya,2021,10,9,40,5
97,202110,2021-10-10,2021-10-10,RkKKo,,61.0,97.0,42.0,9.0,43.0,16.0,SEDANG,DKI4 (Lubang Buaya),PM25,DKI4,Lubang Buaya,2021,10,10,40,6
100,202110,2021-10-11,2021-10-11,RkKKo,,62.0,100.0,43.0,10.0,44.0,26.0,SEDANG,DKI4 (Lubang Buaya),PM25,DKI4,Lubang Buaya,2021,10,11,41,0
111,202110,2021-10-12,2021-10-12,RkKKo,,70.0,111.0,47.0,9.0,32.0,25.0,TIDAK SEHAT,DKI4 (Lubang Buaya),PM25,DKI4,Lubang Buaya,2021,10,12,41,1
91,202110,2021-10-13,2021-10-13,RkKKo,,,91.0,44.0,8.0,38.0,19.0,SEDANG,DKI4 (Lubang Buaya),PM25,DKI4,Lubang Buaya,2021,10,13,41,2
131,202110,2021-10-14,2021-10-14,RkKKo,,,131.0,44.0,12.0,45.0,32.0,TIDAK SEHAT,DKI4 (Lubang Buaya),PM25,DKI4,Lubang Buaya,2021,10,14,41,3
157,202110,2021-10-15,2021-10-15,RkKKo,,,,41.0,15.0,50.0,26.0,TIDAK SEHAT,DKI4 (Lubang Buaya),PM25,DKI4,Lubang Buaya,2021,10,15,41,4
122,202110,2021-10-16,2021-10-16,RkKKo,,67.0,122.0,40.0,14.0,51.0,23.0,TIDAK SEHAT,DKI4 (Lubang Buaya),PM25,DKI4,Lubang Buaya,2021,10,16,41,5
126,202110,2021-10-17,2021-10-17,RkKKo,,,126.0,39.0,13.0,53.0,27.0,TIDAK SEHAT,DKI4 (Lubang Buaya),PM25,DKI4,Lubang Buaya,2021,10,17,41,6
88,202110,2021-10-18,2021-10-18,RkKKo,,57.0,88.0,42.0,11.0,32.0,19.0,SEDANG,DKI4 (Lubang Buaya),PM25,DKI4,Lubang Buaya,2021,10,18,42,0
80,202110,2021-10-19,2021-10-19,RkKKo,,52.0,80.0,41.0,18.0,31.0,23.0,SEDANG,DKI4 (Lubang Buaya),PM25,DKI4,Lubang Buaya,2021,10,19,42,1
96,202110,2021-10-20,2021-10-20,RkKKo,,,96.0,45.0,10.0,33.0,17.0,SEDANG,DKI4 (Lubang Buaya),PM25,DKI4,Lubang Buaya,2021,10,20,42,2
48,202110,2021-10-21,2021-10-21,RkKKo,,,,44.0,10.0,48.0,18.0,BAIK,DKI4 (Lubang Buaya),O3,DKI4,Lubang Buaya,2021,10,21,42,3
120,202110,2021-10-22,2021-10-22,RkKKo,,71.0,120.0,45.0,13.0,36.0,21.0,TIDAK SEHAT,DKI4 (Lubang Buaya),PM25,DKI4,Lubang Buaya,2021,10,22,42,4
109,202110,2021-10-23,2021-10-23,RkKKo,,65.0,109.0,45.0,10.0,35.0,20.0,TIDAK SEHAT,DKI4 (Lubang Buaya),PM25,DKI4,Lubang Buaya,2021,10,23,42,5
113,202110,2021-10-24,2021-10-24,RkKKo,,68.0,113.0,44.0,15.0,39.0,23.0,TIDAK SEHAT,DKI4 (Lubang Buaya),PM25,DKI4,Lubang Buaya,2021,10,24,42,6
104,202110,2021-10-25,2021-10-25,RkKKo,,62.0,104.0,44.0,11.0,41.0,22.0,TIDAK SEHAT,DKI4 (Lubang Buaya),PM25,DKI4,Lubang Buaya,2021,10,25,43,0
130,202110,2021-10-26,2021-10-26,RkKKo,,75.0,130.0,45.0,16.0,36.0,24.0,TIDAK SEHAT,DKI4 (Lubang Buaya),PM25,DKI4,Lubang Buaya,2021,10,26,43,1
90,202110,2021-10-27,2021-10-27,RkKKo,,59.0,90.0,43.0,10.0,50.0,21.0,SEDANG,DKI4 (Lubang Buaya),PM25,DKI4,Lubang Buaya,2021,10,27,43,2
78,202110,2021-10-28,2021-10-28,RkKKo,,54.0,78.0,40.0,11.0,56.0,18.0,SEDANG,DKI4 (Lubang Buaya),PM25,DKI4,Lubang Buaya,2021,10,28,43,3
79,202110,2021-10-29,2021-10-29,RkKKo,,51.0,79.0,41.0,15.0,45.0,15.0,SEDANG,DKI4 (Lubang Buaya),PM25,DKI4,Lubang Buaya,2021,10,29,43,4
103,202110,2021-10-30,2021-10-30,RkKKo,,62.0,103.0,43.0,15.0,58.0,18.0,TIDAK SEHAT,DKI4 (Lubang Buaya),PM25,DKI4,Lubang Buaya,2021,10,30,43,5
79,202110,2021-10-31,2021-10-31,RkKKo,,,79.0,,,,,SEDANG,DKI4 (Lubang Buaya),PM25,DKI4,Lubang Buaya,2021,10,31,43,6
84,202110,2021-10-01,2021-10-01,RkKKo,,55.0,84.0,,8.0,34.0,12.0,SEDANG,DKI5 (Kebon Jeruk) Jakarta Barat,PM25,DKI5,Kebon Jeruk,2021,10,1,39,4
102,202110,2021-10-02,2021-10-02,RkKKo,,67.0,102.0,,10.0,31.0,16.0,TIDAK SEHAT,DKI5 (Kebon Jeruk) Jakarta Barat,PM25,DKI5,Kebon Jeruk,2021,10,2,39,5
82,202110,2021-10-03,2021-10-03,RkKKo,,55.0,82.0,,8.0,28.0,12.0,SEDANG,DKI5 (Kebon Jeruk) Jakarta Barat,PM25,DKI5,Kebon Jeruk,2021,10,3,39,6
80,202110,2021-10-04,2021-10-04,RkKKo,,53.0,80.0,,7.0,31.0,10.0,SEDANG,DKI5 (Kebon Jeruk) Jakarta Barat,PM25,DKI5,Kebon Jeruk,2021,10,4,40,0
79,202110,2021-10-05,2021-10-05,RkKKo,,52.0,79.0,,10.0,35.0,16.0,SEDANG,DKI5 (Kebon Jeruk) Jakarta Barat,PM25,DKI5,Kebon Jeruk,2021,10,5,40,1
74,202110,2021-10-06,2021-10-06,RkKKo,,52.0,74.0,,6.0,28.0,14.0,SEDANG,DKI5 (Kebon Jeruk) Jakarta Barat,PM25,DKI5,Kebon Jeruk,2021,10,6,40,2
71,202110,2021-10-07,2021-10-07,RkKKo,,50.0,71.0,,8.0,25.0,17.0,SEDANG,DKI5 (Kebon Jeruk) Jakarta Barat,PM25,DKI5,Kebon Jeruk,2021,10,7,40,3
81,202110,2021-10-08,2021-10-08,RkKKo,,53.0,81.0,,7.0,32.0,16.0,SEDANG,DKI5 (Kebon Jeruk) Jakarta Barat,PM25,DKI5,Kebon Jeruk,2021,10,8,40,4
74,202110,2021-10-09,2021-10-09,RkKKo,,53.0,74.0,,7.0,43.0,12.0,SEDANG,DKI5 (Kebon Jeruk) Jakarta Barat,PM25,DKI5,Kebon Jeruk,2021,10,9,40,5
80,202110,2021-10-10,2021-10-10,RkKKo,,55.0,80.0,,8.0,46.0,11.0,SEDANG,DKI5 (Kebon Jeruk) Jakarta Barat,PM25,DKI5,Kebon Jeruk,2021,10,10,40,6
88,202110,2021-10-11,2021-10-11,RkKKo,,59.0,88.0,,9.0,39.0,11.0,SEDANG,DKI5 (Kebon Jeruk) Jakarta Barat,PM25,DKI5,Kebon Jeruk,2021,10,11,41,0
81,202110,2021-10-12,2021-10-12,RkKKo,,57.0,81.0,,12.0,31.0,23.0,SEDANG,DKI5 (Kebon Jeruk) Jakarta Barat,PM25,DKI5,Kebon Jeruk,2021,10,12,41,1
69,202110,2021-10-13,2021-10-13,RkKKo,,47.0,69.0,,7.0,30.0,13.0,SEDANG,DKI5 (Kebon Jeruk) Jakarta Barat,PM25,DKI5,Kebon Jeruk,2021,10,13,41,2
91,202110,2021-10-14,2021-10-14,RkKKo,,58.0,91.0,,10.0,35.0,14.0,SEDANG,DKI5 (Kebon Jeruk) Jakarta Barat,PM25,DKI5,Kebon Jeruk,2021,10,14,41,3
107,202110,2021-10-15,2021-10-15,RkKKo,,70.0,107.0,,11.0,39.0,16.0,TIDAK SEHAT,DKI5 (Kebon Jeruk) Jakarta Barat,PM25,DKI5,Kebon Jeruk,2021,10,15,41,4
112,202110,2021-10-16,2021-10-16,RkKKo,,68.0,112.0,,14.0,32.0,17.0,TIDAK SEHAT,DKI5 (Kebon Jeruk) Jakarta Barat,PM25,DKI5,Kebon Jeruk,2021,10,16,41,5
100,202110,2021-10-17,2021-10-17,RkKKo,,62.0,100.0,,11.0,48.0,10.0,SEDANG,DKI5 (Kebon Jeruk) Jakarta Barat,PM25,DKI5,Kebon Jeruk,2021,10,17,41,6
73,202110,2021-10-18,2021-10-18,RkKKo,,52.0,73.0,,11.0,19.0,15.0,SEDANG,DKI5 (Kebon Jeruk) Jakarta Barat,PM25,DKI5,Kebon Jeruk,2021,10,18,42,0
81,202110,2021-10-19,2021-10-19,RkKKo,,50.0,81.0,,16.0,13.0,35.0,SEDANG,DKI5 (Kebon Jeruk) Jakarta Barat,PM25,DKI5,Kebon Jeruk,2021,10,19,42,1
68,202110,2021-10-20,2021-10-20,RkKKo,,42.0,68.0,,11.0,22.0,23.0,SEDANG,DKI5 (Kebon Jeruk) Jakarta Barat,PM25,DKI5,Kebon Jeruk,2021,10,20,42,2
70,202110,2021-10-21,2021-10-21,RkKKo,,42.0,70.0,,7.0,34.0,14.0,SEDANG,DKI5 (Kebon Jeruk) Jakarta Barat,PM25,DKI5,Kebon Jeruk,2021,10,21,42,3
95,202110,2021-10-22,2021-10-22,RkKKo,,60.0,95.0,,15.0,24.0,26.0,SEDANG,DKI5 (Kebon Jeruk) Jakarta Barat,PM25,DKI5,Kebon Jeruk,2021,10,22,42,4
80,202110,2021-10-23,2021-10-23,RkKKo,,52.0,80.0,,10.0,29.0,16.0,SEDANG,DKI5 (Kebon Jeruk) Jakarta Barat,PM25,DKI5,Kebon Jeruk,2021,10,23,42,5
93,202110,2021-10-24,2021-10-24,RkKKo,,60.0,93.0,,12.0,35.0,14.0,SEDANG,DKI5 (Kebon Jeruk) Jakarta Barat,PM25,DKI5,Kebon Jeruk,2021,10,24,42,6
101,202110,2021-10-25,2021-10-25,RkKKo,,64.0,101.0,,13.0,36.0,14.0,TIDAK SEHAT,DKI5 (Kebon Jeruk) Jakarta Barat,PM25,DKI5,Kebon Jeruk,2021,10,25,43,0
92,202110,2021-10-26,2021-10-26,RkKKo,,58.0,92.0,,16.0,29.0,24.0,SEDANG,DKI5 (Kebon Jeruk) Jakarta Barat,PM25,DKI5,Kebon Jeruk,2021,10,26,43,1
76,202110,2021-10-27,2021-10-27,RkKKo,,53.0,76.0,,11.0,32.0,17.0,SEDANG,DKI5 (Kebon Jeruk) Jakarta Barat,PM25,DKI5,Kebon Jeruk,2021,10,27,43,2
77,202110,2021-10-28,2021-10-28,RkKKo,,51.0,77.0,,16.0,29.0,27.0,SEDANG,DKI5 (Kebon Jeruk) Jakarta Barat,PM25,DKI5,Kebon Jeruk,2021,10,28,43,3
70,202110,2021-10-29,2021-10-29,RkKKo,,50.0,70.0,,18.0,23.0,33.0,SEDANG,DKI5 (Kebon Jeruk) Jakarta Barat,PM25,DKI5,Kebon Jeruk,2021,10,29,43,4
74,202110,2021-10-30,2021-10-30,RkKKo,,50.0,74.0,,12.0,30.0,24.0,SEDANG,DKI5 (Kebon Jeruk) Jakarta Barat,PM25,DKI5,Kebon Jeruk,2021,10,30,43,5
74,202110,2021-10-31,2021-10-31,RkKKo,,49.0,74.0,,10.0,31.0,13.0,SEDANG,DKI5 (Kebon Jeruk) Jakarta Barat,PM25,DKI5,Kebon Jeruk,2021,10,31,43,6
45,202111,2021-11-19,2021-11-19,RkKKo,,32.0,45.0,5.0,7.0,42.0,12.0,BAIK,DKI2 (Kelapa Gading),PM25,DKI2,Kelapa Gading,2021,11,19,46,4
50,202111,2021-11-20,2021-11-20,RkKKo,,29.0,50.0,7.0,8.0,41.0,16.0,BAIK,DKI2 (Kelapa Gading),PM25,DKI2,Kelapa Gading,2021,11,20,46,5
58,202111,2021-11-21,2021-11-21,RkKKo,,40.0,58.0,7.0,15.0,45.0,18.0,SEDANG,DKI2 (Kelapa Gading),PM25,DKI2,Kelapa Gading,2021,11,21,46,6
44,202111,2021-11-22,2021-11-22,RkKKo,,25.0,44.0,8.0,7.0,41.0,12.0,BAIK,DKI2 (Kelapa Gading),PM25,DKI2,Kelapa Gading,2021,11,22,47,0
55,202111,2021-11-23,2021-11-23,RkKKo,,25.0,55.0,5.0,7.0,41.0,9.0,SEDANG,DKI2 (Kelapa Gading),PM25,DKI2,Kelapa Gading,2021,11,23,47,1
45,202111,2021-11-24,2021-11-24,RkKKo,,21.0,45.0,4.0,7.0,37.0,12.0,BAIK,DKI2 (Kelapa Gading),PM25,DKI2,Kelapa Gading,2021,11,24,47,2
58,202111,2021-11-25,2021-11-25,RkKKo,,39.0,58.0,7.0,9.0,40.0,21.0,SEDANG,DKI2 (Kelapa Gading),PM25,DKI2,Kelapa Gading,2021,11,25,47,3
68,202111,2021-11-26,2021-11-26,RkKKo,,48.0,68.0,11.0,11.0,39.0,31.0,SEDANG,DKI2 (Kelapa Gading),PM25,DKI2,Kelapa Gading,2021,11,26,47,4
45,202111,2021-11-27,2021-11-27,RkKKo,,34.0,,7.0,8.0,45.0,15.0,BAIK,DKI2 (Kelapa Gading),O3,DKI2,Kelapa Gading,2021,11,27,47,5
47,202111,2021-11-28,2021-11-28,RkKKo,,18.0,,3.0,7.0,47.0,9.0,BAIK,DKI2 (Kelapa Gading),O3,DKI2,Kelapa Gading,2021,11,28,47,6
42,202111,2021-11-29,2021-11-29,RkKKo,,22.0,,4.0,8.0,42.0,12.0,BAIK,DKI2 (Kelapa Gading),O3,DKI2,Kelapa Gading,2021,11,29,48,0
44,202111,2021-11-30,2021-11-30,RkKKo,,30.0,,5.0,8.0,44.0,17.0,BAIK,DKI2 (Kelapa Gading),O3,DKI2,Kelapa Gading,2021,11,30,48,1
71,202111,2021-11-01,2021-11-01,RkKKo,,50.0,71.0,51.0,17.0,27.0,20.0,SEDANG,DKI3 (Jagakarsa),PM25,DKI3,Jagakarsa,2021,11,1,44,0
63,202111,2021-11-02,2021-11-02,RkKKo,,50.0,63.0,51.0,16.0,18.0,18.0,SEDANG,DKI3 (Jagakarsa),PM25,DKI3,Jagakarsa,2021,11,2,44,1
62,202111,2021-11-03,2021-11-03,RkKKo,,40.0,62.0,51.0,13.0,37.0,18.0,SEDANG,DKI3 (Jagakarsa),PM25,DKI3,Jagakarsa,2021,11,3,44,2
74,202111,2021-11-04,2021-11-04,RkKKo,,52.0,74.0,52.0,16.0,36.0,19.0,SEDANG,DKI3 (Jagakarsa),PM25,DKI3,Jagakarsa,2021,11,4,44,3
71,202111,2021-11-05,2021-11-05,RkKKo,,52.0,71.0,52.0,17.0,22.0,19.0,SEDANG,DKI3 (Jagakarsa),PM25,DKI3,Jagakarsa,2021,11,5,44,4
75,202111,2021-11-06,2021-11-06,RkKKo,,55.0,75.0,52.0,13.0,42.0,20.0,SEDANG,DKI3 (Jagakarsa),PM25,DKI3,Jagakarsa,2021,11,6,44,5
61,202111,2021-11-07,2021-11-07,RkKKo,,44.0,61.0,51.0,10.0,24.0,16.0,SEDANG,DKI3 (Jagakarsa),PM25,DKI3,Jagakarsa,2021,11,7,44,6
52,202111,2021-11-08,2021-11-08,RkKKo,,33.0,52.0,52.0,17.0,25.0,16.0,SEDANG,DKI3 (Jagakarsa),PM25,DKI3,Jagakarsa,2021,11,8,45,0
95,202111,2021-11-09,2021-11-09,RkKKo,,67.0,95.0,51.0,21.0,,24.0,SEDANG,DKI3 (Jagakarsa),PM25,DKI3,Jagakarsa,2021,11,9,45,1
62,202111,2021-11-10,2021-11-10,RkKKo,,51.0,62.0,51.0,8.0,14.0,11.0,SEDANG,DKI3 (Jagakarsa),PM25,DKI3,Jagakarsa,2021,11,10,45,2
61,202111,2021-11-11,2021-11-11,RkKKo,,47.0,61.0,51.0,12.0,12.0,14.0,SEDANG,DKI3 (Jagakarsa),PM25,DKI3,Jagakarsa,2021,11,11,45,3
61,202111,2021-11-12,2021-11-12,RkKKo,,44.0,61.0,47.0,10.0,30.0,12.0,SEDANG,DKI3 (Jagakarsa),PM25,DKI3,Jagakarsa,2021,11,12,45,4
65,202111,2021-11-13,2021-11-13,RkKKo,,43.0,65.0,47.0,13.0,40.0,18.0,SEDANG,DKI3 (Jagakarsa),PM25,DKI3,Jagakarsa,2021,11,13,45,5
56,202111,2021-11-14,2021-11-14,RkKKo,,40.0,56.0,47.0,11.0,,11.0,SEDANG,DKI3 (Jagakarsa),PM25,DKI3,Jagakarsa,2021,11,14,45,6
53,202111,2021-11-15,2021-11-15,RkKKo,,29.0,53.0,47.0,8.0,,10.0,SEDANG,DKI3 (Jagakarsa),PM25,DKI3,Jagakarsa,2021,11,15,46,0
82,202111,2021-11-16,2021-11-16,RkKKo,,53.0,82.0,47.0,11.0,24.0,11.0,SEDANG,DKI3 (Jagakarsa),PM25,DKI3,Jagakarsa,2021,11,16,46,1
66,202111,2021-11-17,2021-11-17,RkKKo,,47.0,66.0,49.0,9.0,28.0,11.0,SEDANG,DKI3 (Jagakarsa),PM25,DKI3,Jagakarsa,2021,11,17,46,2
71,202111,2021-11-18,2021-11-18,RkKKo,,55.0,71.0,43.0,9.0,,18.0,SEDANG,DKI3 (Jagakarsa),PM25,DKI3,Jagakarsa,2021,11,18,46,3
41,202111,2021-11-19,2021-11-19,RkKKo,,20.0,28.0,41.0,3.0,28.0,5.0,BAIK,DKI3 (Jagakarsa),SO2,DKI3,Jagakarsa,2021,11,19,46,4
53,202111,2021-11-20,2021-11-20,RkKKo,,37.0,53.0,43.0,6.0,31.0,8.0,SEDANG,DKI3 (Jagakarsa),PM25,DKI3,Jagakarsa,2021,11,20,46,5
76,202111,2021-11-21,2021-11-21,RkKKo,,52.0,76.0,41.0,14.0,29.0,13.0,SEDANG,DKI3 (Jagakarsa),PM25,DKI3,Jagakarsa,2021,11,21,46,6
42,202111,2021-11-22,2021-11-22,RkKKo,,29.0,41.0,42.0,4.0,27.0,6.0,BAIK,DKI3 (Jagakarsa),SO2,DKI3,Jagakarsa,2021,11,22,47,0
41,202111,2021-11-23,2021-11-23,RkKKo,,24.0,30.0,41.0,3.0,29.0,4.0,BAIK,DKI3 (Jagakarsa),SO2,DKI3,Jagakarsa,2021,11,23,47,1
55,202111,2021-11-24,2021-11-24,RkKKo,,35.0,55.0,42.0,5.0,34.0,7.0,SEDANG,DKI3 (Jagakarsa),PM25,DKI3,Jagakarsa,2021,11,24,47,2
83,202111,2021-11-25,2021-11-25,RkKKo,,63.0,83.0,42.0,12.0,27.0,11.0,SEDANG,DKI3 (Jagakarsa),PM25,DKI3,Jagakarsa,2021,11,25,47,3
71,202111,2021-11-26,2021-11-26,RkKKo,,51.0,71.0,41.0,17.0,,10.0,SEDANG,DKI3 (Jagakarsa),PM25,DKI3,Jagakarsa,2021,11,26,47,4
41,202111,2021-11-27,2021-11-27,RkKKo,,31.0,41.0,41.0,8.0,,13.0,BAIK,DKI3 (Jagakarsa),PM25,DKI3,Jagakarsa,2021,11,27,47,5
41,202111,2021-11-28,2021-11-28,RkKKo,,16.0,25.0,41.0,4.0,34.0,6.0,BAIK,DKI3 (Jagakarsa),SO2,DKI3,Jagakarsa,2021,11,28,47,6
42,202111,2021-11-29,2021-11-29,RkKKo,,29.0,30.0,42.0,7.0,19.0,8.0,BAIK,DKI3 (Jagakarsa),SO2,DKI3,Jagakarsa,2021,11,29,48,0
46,202111,2021-11-30,2021-11-30,RkKKo,,46.0,31.0,43.0,10.0,35.0,11.0,BAIK,DKI3 (Jagakarsa),PM10,DKI3,Jagakarsa,2021,11,30,48,1
77,202111,2021-11-02,2021-11-02,RkKKo,,54.0,77.0,40.0,18.0,47.0,22.0,SEDANG,DKI4 (Lubang Buaya),PM25,DKI4,Lubang Buaya,2021,11,2,44,1
83,202111,2021-11-03,2021-11-03,RkKKo,,51.0,83.0,42.0,12.0,,17.0,SEDANG,DKI4 (Lubang Buaya),PM25,DKI4,Lubang Buaya,2021,11,3,44,2
93,202111,2021-11-04,2021-11-04,RkKKo,,58.0,93.0,43.0,17.0,27.0,24.0,SEDANG,DKI4 (Lubang Buaya),PM25,DKI4,Lubang Buaya,2021,11,4,44,3
95,202111,2021-11-05,2021-11-05,RkKKo,,61.0,95.0,43.0,16.0,14.0,20.0,SEDANG,DKI4 (Lubang Buaya),PM25,DKI4,Lubang Buaya,2021,11,5,44,4
86,202111,2021-11-06,2021-11-06,RkKKo,,55.0,86.0,44.0,11.0,26.0,29.0,SEDANG,DKI4 (Lubang Buaya),PM25,DKI4,Lubang Buaya,2021,11,6,44,5
81,202111,2021-11-07,2021-11-07,RkKKo,,52.0,81.0,44.0,9.0,35.0,17.0,SEDANG,DKI4 (Lubang Buaya),PM25,DKI4,Lubang Buaya,2021,11,7,44,6
70,202111,2021-11-08,2021-11-08,RkKKo,,52.0,70.0,44.0,14.0,26.0,16.0,SEDANG,DKI4 (Lubang Buaya),PM25,DKI4,Lubang Buaya,2021,11,8,45,0
106,202111,2021-11-09,2021-11-09,RkKKo,,64.0,106.0,43.0,15.0,31.0,19.0,TIDAK SEHAT,DKI4 (Lubang Buaya),PM25,DKI4,Lubang Buaya,2021,11,9,45,1
100,202111,2021-11-10,2021-11-10,RkKKo,,61.0,100.0,37.0,11.0,20.0,19.0,SEDANG,DKI4 (Lubang Buaya),PM25,DKI4,Lubang Buaya,2021,11,10,45,2
71,202111,2021-11-11,2021-11-11,RkKKo,,45.0,71.0,37.0,10.0,13.0,14.0,SEDANG,DKI4 (Lubang Buaya),PM25,DKI4,Lubang Buaya,2021,11,11,45,3
63,202111,2021-11-12,2021-11-12,RkKKo,,32.0,63.0,37.0,7.0,19.0,14.0,SEDANG,DKI4 (Lubang Buaya),PM25,DKI4,Lubang Buaya,2021,11,12,45,4
82,202111,2021-11-13,2021-11-13,RkKKo,,52.0,82.0,38.0,14.0,30.0,17.0,SEDANG,DKI4 (Lubang Buaya),PM25,DKI4,Lubang Buaya,2021,11,13,45,5
68,202111,2021-11-14,2021-11-14,RkKKo,,48.0,68.0,36.0,13.0,24.0,14.0,SEDANG,DKI4 (Lubang Buaya),PM25,DKI4,Lubang Buaya,2021,11,14,45,6
58,202111,2021-11-15,2021-11-15,RkKKo,,36.0,58.0,36.0,7.0,16.0,11.0,SEDANG,DKI4 (Lubang Buaya),PM25,DKI4,Lubang Buaya,2021,11,15,46,0
68,202111,2021-11-16,2021-11-16,RkKKo,,42.0,68.0,36.0,10.0,15.0,14.0,SEDANG,DKI4 (Lubang Buaya),PM25,DKI4,Lubang Buaya,2021,11,16,46,1
99,202111,2021-11-17,2021-11-17,RkKKo,,60.0,99.0,39.0,10.0,19.0,14.0,SEDANG,DKI4 (Lubang Buaya),PM25,DKI4,Lubang Buaya,2021,11,17,46,2
106,202111,2021-11-18,2021-11-18,RkKKo,,63.0,106.0,41.0,9.0,27.0,18.0,TIDAK SEHAT,DKI4 (Lubang Buaya),PM25,DKI4,Lubang Buaya,2021,11,18,46,3
38,202111,2021-11-19,2021-11-19,RkKKo,,23.0,38.0,36.0,3.0,17.0,8.0,BAIK,DKI4 (Lubang Buaya),PM25,DKI4,Lubang Buaya,2021,11,19,46,4
58,202111,2021-11-20,2021-11-20,RkKKo,,26.0,58.0,38.0,6.0,21.0,13.0,SEDANG,DKI4 (Lubang Buaya),PM25,DKI4,Lubang Buaya,2021,11,20,46,5
65,202111,2021-11-21,2021-11-21,RkKKo,,44.0,65.0,37.0,19.0,13.0,14.0,SEDANG,DKI4 (Lubang Buaya),PM25,DKI4,Lubang Buaya,2021,11,21,46,6
45,202111,2021-11-22,2021-11-22,RkKKo,,23.0,45.0,37.0,4.0,14.0,9.0,BAIK,DKI4 (Lubang Buaya),PM25,DKI4,Lubang Buaya,2021,11,22,47,0
37,202111,2021-11-23,2021-11-23,RkKKo,,17.0,37.0,36.0,3.0,15.0,7.0,BAIK,DKI4 (Lubang Buaya),PM25,DKI4,Lubang Buaya,2021,11,23,47,1
59,202111,2021-11-24,2021-11-24,RkKKo,,27.0,59.0,37.0,5.0,26.0,12.0,SEDANG,DKI4 (Lubang Buaya),PM25,DKI4,Lubang Buaya,2021,11,24,47,2
80,202111,2021-11-25,2021-11-25,RkKKo,,54.0,80.0,38.0,11.0,24.0,18.0,SEDANG,DKI4 (Lubang Buaya),PM25,DKI4,Lubang Buaya,2021,11,25,47,3
78,202111,2021-11-26,2021-11-26,RkKKo,,58.0,78.0,38.0,14.0,17.0,13.0,SEDANG,DKI4 (Lubang Buaya),PM25,DKI4,Lubang Buaya,2021,11,26,47,4
56,202111,2021-11-27,2021-11-27,RkKKo,,37.0,56.0,37.0,8.0,13.0,12.0,SEDANG,DKI4 (Lubang Buaya),PM25,DKI4,Lubang Buaya,2021,11,27,47,5
37,202111,2021-11-28,2021-11-28,RkKKo,,18.0,33.0,37.0,4.0,18.0,10.0,BAIK,DKI4 (Lubang Buaya),SO2,DKI4,Lubang Buaya,2021,11,28,47,6
55,202111,2021-11-29,2021-11-29,RkKKo,,29.0,55.0,37.0,8.0,17.0,11.0,SEDANG,DKI4 (Lubang Buaya),PM25,DKI4,Lubang Buaya,2021,11,29,48,0
66,202111,2021-11-30,2021-11-30,RkKKo,,39.0,66.0,38.0,8.0,24.0,15.0,SEDANG,DKI4 (Lubang Buaya),PM25,DKI4,Lubang Buaya,2021,11,30,48,1
91,202111,2021-11-01,2021-11-01,RkKKo,,59.0,91.0,,17.0,22.0,27.0,SEDANG,DKI5 (Kebon Jeruk) Jakarta Barat,PM25,DKI5,Kebon Jeruk,2021,11,1,44,0
72,202111,2021-11-02,2021-11-02,RkKKo,,51.0,72.0,,14.0,13.0,22.0,SEDANG,DKI5 (Kebon Jeruk) Jakarta Barat,PM25,DKI5,Kebon Jeruk,2021,11,2,44,1
69,202111,2021-11-03,2021-11-03,RkKKo,,44.0,69.0,,12.0,21.0,24.0,SEDANG,DKI5 (Kebon Jeruk) Jakarta Barat,PM25,DKI5,Kebon Jeruk,2021,11,3,44,2
65,202112,2021-12-04,2021-12-04,RkKKo,,50.0,65.0,45.0,10.0,26.0,13.0,SEDANG,DKI3 (Jagakarsa),PM25,DKI3,Jagakarsa,2021,12,4,48,5
66,202112,2021-12-05,2021-12-05,RkKKo,,51.0,66.0,43.0,15.0,27.0,12.0,SEDANG,DKI3 (Jagakarsa),PM25,DKI3,Jagakarsa,2021,12,5,48,6
91,202112,2021-12-06,2021-12-06,RkKKo,,62.0,91.0,47.0,17.0,42.0,18.0,SEDANG,DKI3 (Jagakarsa),PM25,DKI3,Jagakarsa,2021,12,6,49,0
44,202112,2021-12-07,2021-12-07,RkKKo,,20.0,28.0,44.0,7.0,32.0,10.0,BAIK,DKI3 (Jagakarsa),SO2,DKI3,Jagakarsa,2021,12,7,49,1
62,202112,2021-12-08,2021-12-08,RkKKo,,39.0,62.0,45.0,17.0,45.0,13.0,SEDANG,DKI3 (Jagakarsa),PM25,DKI3,Jagakarsa,2021,12,8,49,2
60,202112,2021-12-09,2021-12-09,RkKKo,,46.0,60.0,46.0,11.0,51.0,16.0,SEDANG,DKI3 (Jagakarsa),PM25,DKI3,Jagakarsa,2021,12,9,49,3
65,202112,2021-12-10,2021-12-10,RkKKo,,51.0,65.0,47.0,12.0,,15.0,SEDANG,DKI3 (Jagakarsa),PM25,DKI3,Jagakarsa,2021,12,10,49,4
55,202112,2021-12-11,2021-12-11,RkKKo,,38.0,55.0,45.0,8.0,47.0,12.0,SEDANG,DKI3 (Jagakarsa),PM25,DKI3,Jagakarsa,2021,12,11,49,5
63,202112,2021-12-12,2021-12-12,RkKKo,,48.0,63.0,43.0,13.0,,13.0,SEDANG,DKI3 (Jagakarsa),PM25,DKI3,Jagakarsa,2021,12,12,49,6
68,202112,2021-12-13,2021-12-13,RkKKo,,53.0,68.0,44.0,11.0,23.0,10.0,SEDANG,DKI3 (Jagakarsa),PM25,DKI3,Jagakarsa,2021,12,13,50,0
44,202112,2021-12-14,2021-12-14,RkKKo,,40.0,,44.0,7.0,37.0,11.0,BAIK,DKI3 (Jagakarsa),SO2,DKI3,Jagakarsa,2021,12,14,50,1
80,202112,2021-12-15,2021-12-15,RkKKo,,54.0,80.0,43.0,16.0,,16.0,SEDANG,DKI3 (Jagakarsa),PM25,DKI3,Jagakarsa,2021,12,15,50,2
68,202112,2021-12-16,2021-12-16,RkKKo,,47.0,68.0,43.0,11.0,,15.0,SEDANG,DKI3 (Jagakarsa),PM25,DKI3,Jagakarsa,2021,12,16,50,3
59,202112,2021-12-17,2021-12-17,RkKKo,,39.0,59.0,43.0,13.0,,16.0,SEDANG,DKI3 (Jagakarsa),PM25,DKI3,Jagakarsa,2021,12,17,50,4
58,202112,2021-12-18,2021-12-18,RkKKo,,35.0,58.0,35.0,10.0,33.0,12.0,SEDANG,DKI3 (Jagakarsa),PM25,DKI3,Jagakarsa,2021,12,18,50,5
90,202112,2021-12-19,2021-12-19,RkKKo,,57.0,90.0,34.0,20.0,48.0,23.0,SEDANG,DKI3 (Jagakarsa),PM25,DKI3,Jagakarsa,2021,12,19,50,6
74,202112,2021-12-20,2021-12-20,RkKKo,,54.0,74.0,34.0,13.0,43.0,15.0,SEDANG,DKI3 (Jagakarsa),PM25,DKI3,Jagakarsa,2021,12,20,51,0
72,202112,2021-12-21,2021-12-21,RkKKo,,49.0,72.0,34.0,14.0,39.0,18.0,SEDANG,DKI3 (Jagakarsa),PM25,DKI3,Jagakarsa,2021,12,21,51,1
82,202112,2021-12-22,2021-12-22,RkKKo,,56.0,82.0,34.0,21.0,44.0,24.0,SEDANG,DKI3 (Jagakarsa),PM25,DKI3,Jagakarsa,2021,12,22,51,2
78,202112,2021-12-23,2021-12-23,RkKKo,,56.0,78.0,34.0,12.0,44.0,17.0,SEDANG,DKI3 (Jagakarsa),PM25,DKI3,Jagakarsa,2021,12,23,51,3
53,202112,2021-12-24,2021-12-24,RkKKo,,33.0,53.0,34.0,9.0,31.0,10.0,SEDANG,DKI3 (Jagakarsa),PM25,DKI3,Jagakarsa,2021,12,24,51,4
77,202112,2021-12-25,2021-12-25,RkKKo,,54.0,77.0,33.0,18.0,31.0,13.0,SEDANG,DKI3 (Jagakarsa),PM25,DKI3,Jagakarsa,2021,12,25,51,5
59,202112,2021-12-26,2021-12-26,RkKKo,,39.0,59.0,33.0,14.0,36.0,12.0,SEDANG,DKI3 (Jagakarsa),PM25,DKI3,Jagakarsa,2021,12,26,51,6
116,202112,2021-12-27,2021-12-27,RkKKo,,75.0,116.0,35.0,23.0,38.0,21.0,TIDAK SEHAT,DKI3 (Jagakarsa),PM25,DKI3,Jagakarsa,2021,12,27,52,0
74,202112,2021-12-28,2021-12-28,RkKKo,,51.0,74.0,,13.0,17.0,18.0,SEDANG,DKI3 (Jagakarsa),PM25,DKI3,Jagakarsa,2021,12,28,52,1
54,202112,2021-12-29,2021-12-29,RkKKo,,47.0,54.0,21.0,12.0,20.0,9.0,SEDANG,DKI3 (Jagakarsa),PM25,DKI3,Jagakarsa,2021,12,29,52,2
60,202112,2021-12-30,2021-12-30,RkKKo,,60.0,53.0,21.0,15.0,19.0,13.0,SEDANG,DKI3 (Jagakarsa),PM10,DKI3,Jagakarsa,2021,12,30,52,3
64,202112,2021-12-31,2021-12-31,RkKKo,,64.0,52.0,21.0,,17.0,,SEDANG,DKI3 (Jagakarsa),PM10,DKI3,Jagakarsa,2021,12,31,52,4
100,202112,2021-12-01,2021-12-01,RkKKo,,63.0,100.0,39.0,12.0,19.0,23.0,SEDANG,DKI4 (Lubang Buaya),PM25,DKI4,Lubang Buaya,2021,12,1,48,2
56,202112,2021-12-02,2021-12-02,RkKKo,,33.0,56.0,38.0,5.0,18.0,13.0,SEDANG,DKI4 (Lubang Buaya),PM25,DKI4,Lubang Buaya,2021,12,2,48,3
71,202112,2021-12-03,2021-12-03,RkKKo,,41.0,71.0,39.0,7.0,23.0,15.0,SEDANG,DKI4 (Lubang Buaya),PM25,DKI4,Lubang Buaya,2021,12,3,48,4
62,202112,2021-12-04,2021-12-04,RkKKo,,42.0,62.0,39.0,8.0,14.0,15.0,SEDANG,DKI4 (Lubang Buaya),PM25,DKI4,Lubang Buaya,2021,12,4,48,5
80,202112,2021-12-05,2021-12-05,RkKKo,,53.0,80.0,39.0,17.0,13.0,15.0,SEDANG,DKI4 (Lubang Buaya),PM25,DKI4,Lubang Buaya,2021,12,5,48,6
83,202112,2021-12-06,2021-12-06,RkKKo,,52.0,83.0,41.0,20.0,23.0,19.0,SEDANG,DKI4 (Lubang Buaya),PM25,DKI4,Lubang Buaya,2021,12,6,49,0
179,202112,2021-12-07,2021-12-07,RkKKo,,,58.0,39.0,9.0,17.0,15.0,TIDAK SEHAT,DKI4 (Lubang Buaya),PM10,DKI4,Lubang Buaya,2021,12,7,49,1
76,202112,2021-12-08,2021-12-08,RkKKo,,47.0,76.0,40.0,14.0,25.0,14.0,SEDANG,DKI4 (Lubang Buaya),PM25,DKI4,Lubang Buaya,2021,12,8,49,2
63,202112,2021-12-09,2021-12-09,RkKKo,,38.0,63.0,40.0,9.0,28.0,19.0,SEDANG,DKI4 (Lubang Buaya),PM25,DKI4,Lubang Buaya,2021,12,9,49,3
73,202112,2021-12-10,2021-12-10,RkKKo,,45.0,73.0,42.0,10.0,24.0,19.0,SEDANG,DKI4 (Lubang Buaya),PM25,DKI4,Lubang Buaya,2021,12,10,49,4
60,202112,2021-12-11,2021-12-11,RkKKo,,32.0,60.0,39.0,7.0,22.0,17.0,SEDANG,DKI4 (Lubang Buaya),PM25,DKI4,Lubang Buaya,2021,12,11,49,5
76,202112,2021-12-14,2021-12-14,RkKKo,,50.0,76.0,40.0,7.0,28.0,14.0,SEDANG,DKI4 (Lubang Buaya),PM25,DKI4,Lubang Buaya,2021,12,14,50,1
124,202112,2021-12-15,2021-12-15,RkKKo,,69.0,124.0,40.0,15.0,29.0,23.0,TIDAK SEHAT,DKI4 (Lubang Buaya),PM25,DKI4,Lubang Buaya,2021,12,15,50,2
136,202112,2021-12-16,2021-12-16,RkKKo,,78.0,136.0,41.0,14.0,32.0,18.0,TIDAK SEHAT,DKI4 (Lubang Buaya),PM25,DKI4,Lubang Buaya,2021,12,16,50,3
81,202112,2021-12-17,2021-12-17,RkKKo,,55.0,81.0,39.0,13.0,34.0,17.0,SEDANG,DKI4 (Lubang Buaya),PM25,DKI4,Lubang Buaya,2021,12,17,50,4
69,202112,2021-12-18,2021-12-18,RkKKo,,,69.0,42.0,13.0,24.0,17.0,SEDANG,DKI4 (Lubang Buaya),PM25,DKI4,Lubang Buaya,2021,12,18,50,5
102,202112,2021-12-19,2021-12-19,RkKKo,,64.0,102.0,41.0,21.0,40.0,22.0,TIDAK SEHAT,DKI4 (Lubang Buaya),PM25,DKI4,Lubang Buaya,2021,12,19,50,6
86,202112,2021-12-20,2021-12-20,RkKKo,,57.0,86.0,42.0,10.0,30.0,16.0,SEDANG,DKI4 (Lubang Buaya),PM25,DKI4,Lubang Buaya,2021,12,20,51,0
62,202112,2021-12-21,2021-12-21,RkKKo,,62.0,,42.0,17.0,13.0,27.0,SEDANG,DKI4 (Lubang Buaya),PM10,DKI4,Lubang Buaya,2021,12,21,51,1
98,202112,2021-12-22,2021-12-22,RkKKo,,62.0,98.0,27.0,22.0,,34.0,SEDANG,DKI4 (Lubang Buaya),PM25,DKI4,Lubang Buaya,2021,12,22,51,2
99,202112,2021-12-23,2021-12-23,RkKKo,,62.0,99.0,26.0,13.0,,26.0,SEDANG,DKI4 (Lubang Buaya),PM25,DKI4,Lubang Buaya,2021,12,23,51,3
65,202112,2021-12-24,2021-12-24,RkKKo,,34.0,65.0,,,,,SEDANG,DKI4 (Lubang Buaya),PM25,DKI4,Lubang Buaya,2021,12,24,51,4
85,202112,2021-12-25,2021-12-25,RkKKo,,56.0,85.0,15.0,23.0,,,SEDANG,DKI4 (Lubang Buaya),PM25,DKI4,Lubang Buaya,2021,12,25,51,5
71,202112,2021-12-26,2021-12-26,RkKKo,,44.0,71.0,13.0,14.0,,8.0,SEDANG,DKI4 (Lubang Buaya),PM25,DKI4,Lubang Buaya,2021,12,26,51,6
121,202112,2021-12-27,2021-12-27,RkKKo,,68.0,121.0,17.0,21.0,,12.0,TIDAK SEHAT,DKI4 (Lubang Buaya),PM25,DKI4,Lubang Buaya,2021,12,27,52,0
89,202112,2021-12-28,2021-12-28,RkKKo,,59.0,89.0,38.0,15.0,,22.0,SEDANG,DKI4 (Lubang Buaya),PM25,DKI4,Lubang Buaya,2021,12,28,52,1
98,202112,2021-12-29,2021-12-29,RkKKo,,61.0,98.0,37.0,15.0,,19.0,SEDANG,DKI4 (Lubang Buaya),PM25,DKI4,Lubang Buaya,2021,12,29,52,2
102,202112,2021-12-30,2021-12-30,RkKKo,,60.0,102.0,38.0,17.0,,21.0,TIDAK SEHAT,DKI4 (Lubang Buaya),PM25,DKI4,Lubang Buaya,2021,12,30,52,3
90,202112,2021-12-31,2021-12-31,RkKKo,,58.0,90.0,36.0,21.0,,22.0,SEDANG,DKI4 (Lubang Buaya),PM25,DKI4,Lubang Buaya,2021,12,31,52,4
71,202112,2021-12-01,2021-12-01,RkKKo,,50.0,71.0,18.0,8.0,19.0,18.0,SEDANG,DKI5 (Kebon Jeruk) Jakarta Barat,PM25,DKI5,Kebon Jeruk,2021,12,1,48,2
42,202112,2021-12-02,2021-12-02,RkKKo,,22.0,42.0,14.0,2.0,19.0,5.0,BAIK,DKI5 (Kebon Jeruk) Jakarta Barat,PM25,DKI5,Kebon Jeruk,2021,12,2,48,3
54,202112,2021-12-03,2021-12-03,RkKKo,,30.0,54.0,16.0,3.0,18.0,9.0,SEDANG,DKI5 (Kebon Jeruk) Jakarta Barat,PM25,DKI5,Kebon Jeruk,2021,12,3,48,4
54,202112,2021-12-04,2021-12-04,RkKKo,,34.0,54.0,27.0,5.0,14.0,15.0,SEDANG,DKI5 (Kebon Jeruk) Jakarta Barat,PM25,DKI5,Kebon Jeruk,2021,12,4,48,5
71,202112,2021-12-05,2021-12-05,RkKKo,,51.0,71.0,30.0,12.0,12.0,29.0,SEDANG,DKI5 (Kebon Jeruk) Jakarta Barat,PM25,DKI5,Kebon Jeruk,2021,12,5,48,6
85,202112,2021-12-06,2021-12-06,RkKKo,,61.0,85.0,36.0,23.0,18.0,,SEDANG,DKI5 (Kebon Jeruk) Jakarta Barat,PM25,DKI5,Kebon Jeruk,2021,12,6,49,0
44,202112,2021-12-07,2021-12-07,RkKKo,,25.0,44.0,22.0,5.0,15.0,21.0,BAIK,DKI5 (Kebon Jeruk) Jakarta Barat,PM25,DKI5,Kebon Jeruk,2021,12,7,49,1
66,202112,2021-12-08,2021-12-08,RkKKo,,44.0,66.0,17.0,13.0,23.0,30.0,SEDANG,DKI5 (Kebon Jeruk) Jakarta Barat,PM25,DKI5,Kebon Jeruk,2021,12,8,49,2
50,202112,2021-12-09,2021-12-09,RkKKo,,30.0,50.0,20.0,5.0,31.0,15.0,BAIK,DKI5 (Kebon Jeruk) Jakarta Barat,PM25,DKI5,Kebon Jeruk,2021,12,9,49,3
63,202112,2021-12-10,2021-12-10,RkKKo,,48.0,63.0,32.0,8.0,28.0,30.0,SEDANG,DKI5 (Kebon Jeruk) Jakarta Barat,PM25,DKI5,Kebon Jeruk,2021,12,10,49,4
54,202112,2021-12-11,2021-12-11,RkKKo,,32.0,54.0,21.0,5.0,31.0,15.0,SEDANG,DKI5 (Kebon Jeruk) Jakarta Barat,PM25,DKI5,Kebon Jeruk,2021,12,11,49,5
60,202112,2021-12-12,2021-12-12,RkKKo,,39.0,60.0,16.0,13.0,20.0,34.0,SEDANG,DKI5 (Kebon Jeruk) Jakarta Barat,PM25,DKI5,Kebon Jeruk,2021,12,12,49,6
45,202112,2021-12-13,2021-12-13,RkKKo,,22.0,45.0,20.0,3.0,16.0,14.0,BAIK,DKI5 (Kebon Jeruk) Jakarta Barat,PM25,DKI5,Kebon Jeruk,2021,12,13,50,0
56,202112,2021-12-14,2021-12-14,RkKKo,,36.0,56.0,33.0,3.0,21.0,21.0,SEDANG,DKI5 (Kebon Jeruk) Jakarta Barat,PM25,DKI5,Kebon Jeruk,2021,12,14,50,1
67,202112,2021-12-15,2021-12-15,RkKKo,,51.0,67.0,32.0,5.0,31.0,28.0,SEDANG,DKI5 (Kebon Jeruk) Jakarta Barat,PM25,DKI5,Kebon Jeruk,2021,12,15,50,2
82,202112,2021-12-16,2021-12-16,RkKKo,,56.0,82.0,23.0,11.0,34.0,36.0,SEDANG,DKI5 (Kebon Jeruk) Jakarta Barat,PM25,DKI5,Kebon Jeruk,2021,12,16,50,3
73,202112,2021-12-17,2021-12-17,RkKKo,,52.0,73.0,26.0,8.0,28.0,35.0,SEDANG,DKI5 (Kebon Jeruk) Jakarta Barat,PM25,DKI5,Kebon Jeruk,2021,12,17,50,4
63,202112,2021-12-18,2021-12-18,RkKKo,,45.0,63.0,18.0,8.0,22.0,32.0,SEDANG,DKI5 (Kebon Jeruk) Jakarta Barat,PM25,DKI5,Kebon Jeruk,2021,12,18,50,5
84,202112,2021-12-19,2021-12-19,RkKKo,,54.0,84.0,19.0,18.0,35.0,45.0,SEDANG,DKI5 (Kebon Jeruk) Jakarta Barat,PM25,DKI5,Kebon Jeruk,2021,12,19,50,6
65,202112,2021-12-20,2021-12-20,RkKKo,,48.0,65.0,20.0,6.0,22.0,16.0,SEDANG,DKI5 (Kebon Jeruk) Jakarta Barat,PM25,DKI5,Kebon Jeruk,2021,12,20,51,0
73,202112,2021-12-21,2021-12-21,RkKKo,,47.0,73.0,20.0,15.0,31.0,49.0,SEDANG,DKI5 (Kebon Jeruk) Jakarta Barat,PM25,DKI5,Kebon Jeruk,2021,12,21,51,1
90,202112,2021-12-22,2021-12-22,RkKKo,,62.0,90.0,19.0,24.0,29.0,,SEDANG,DKI5 (Kebon Jeruk) Jakarta Barat,PM25,DKI5,Kebon Jeruk,2021,12,22,51,2
88,202112,2021-12-23,2021-12-23,RkKKo,,59.0,88.0,24.0,16.0,23.0,44.0,SEDANG,DKI5 (Kebon Jeruk) Jakarta Barat,PM25,DKI5,Kebon Jeruk,2021,12,23,51,3
59,202112,2021-12-24,2021-12-24,RkKKo,,32.0,59.0,25.0,9.0,19.0,52.0,SEDANG,DKI5 (Kebon Jeruk) Jakarta Barat,PM25,DKI5,Kebon Jeruk,2021,12,24,51,4
81,202112,2021-12-25,2021-12-25,RkKKo,,55.0,81.0,34.0,17.0,15.0,,SEDANG,DKI5 (Kebon Jeruk) Jakarta Barat,PM25,DKI5,Kebon Jeruk,2021,12,25,51,5
57,202112,2021-12-26,2021-12-26,RkKKo,,32.0,57.0,27.0,9.0,20.0,34.0,SEDANG,DKI5 (Kebon Jeruk) Jakarta Barat,PM25,DKI5,Kebon Jeruk,2021,12,26,51,6
76,202112,2021-12-27,2021-12-27,RkKKo,,54.0,76.0,36.0,14.0,21.0,47.0,SEDANG,DKI5 (Kebon Jeruk) Jakarta Barat,PM25,DKI5,Kebon Jeruk,2021,12,27,52,0
68,202112,2021-12-28,2021-12-28,RkKKo,,44.0,68.0,20.0,11.0,21.0,33.0,SEDANG,DKI5 (Kebon Jeruk) Jakarta Barat,PM25,DKI5,Kebon Jeruk,2021,12,28,52,1
54,202112,2021-12-29,2021-12-29,RkKKo,,34.0,54.0,28.0,8.0,25.0,29.0,SEDANG,DKI5 (Kebon Jeruk) Jakarta Barat,PM25,DKI5,Kebon Jeruk,2021,12,29,52,2
75,202112,2021-12-30,2021-12-30,RkKKo,,53.0,75.0,25.0,15.0,23.0,44.0,SEDANG,DKI5 (Kebon Jeruk) Jakarta Barat,PM25,DKI5,Kebon Jeruk,2021,12,30,52,3
87,202112,2021-12-31,2021-12-31,RkKKo,,60.0,87.0,28.0,19.0,30.0,53.0,SEDANG,DKI5 (Kebon Jeruk) Jakarta Barat,PM25,DKI5,Kebon Jeruk,2021,12,31,52,4
87,202111,2021-11-04,2021-11-04,RkKKo,,57.0,87.0,,13.0,31.0,22.0,SEDANG,DKI5 (Kebon Jeruk) Jakarta Barat,PM25,DKI5,Kebon Jeruk,2021,11,4,44,3
87,202111,2021-11-05,2021-11-05,RkKKo,,57.0,87.0,,23.0,16.0,38.0,SEDANG,DKI5 (Kebon Jeruk) Jakarta Barat,PM25,DKI5,Kebon Jeruk,2021,11,5,44,4
81,202111,2021-11-06,2021-11-06,RkKKo,,57.0,81.0,,11.0,24.0,20.0,SEDANG,DKI5 (Kebon Jeruk) Jakarta Barat,PM25,DKI5,Kebon Jeruk,2021,11,6,44,5
59,202111,2021-11-07,2021-11-07,RkKKo,,35.0,59.0,,6.0,22.0,8.0,SEDANG,DKI5 (Kebon Jeruk) Jakarta Barat,PM25,DKI5,Kebon Jeruk,2021,11,7,44,6
61,202111,2021-11-08,2021-11-08,RkKKo,,35.0,61.0,,20.0,13.0,41.0,SEDANG,DKI5 (Kebon Jeruk) Jakarta Barat,PM25,DKI5,Kebon Jeruk,2021,11,8,45,0
86,202111,2021-11-09,2021-11-09,RkKKo,,57.0,86.0,,16.0,19.0,30.0,SEDANG,DKI5 (Kebon Jeruk) Jakarta Barat,PM25,DKI5,Kebon Jeruk,2021,11,9,45,1
65,202111,2021-11-10,2021-11-10,RkKKo,,40.0,65.0,,8.0,17.0,18.0,SEDANG,DKI5 (Kebon Jeruk) Jakarta Barat,PM25,DKI5,Kebon Jeruk,2021,11,10,45,2
62,202111,2021-11-11,2021-11-11,RkKKo,,42.0,62.0,,8.0,10.0,32.0,SEDANG,DKI5 (Kebon Jeruk) Jakarta Barat,PM25,DKI5,Kebon Jeruk,2021,11,11,45,3
57,202111,2021-11-12,2021-11-12,RkKKo,,37.0,57.0,,5.0,15.0,15.0,SEDANG,DKI5 (Kebon Jeruk) Jakarta Barat,PM25,DKI5,Kebon Jeruk,2021,11,12,45,4
75,202111,2021-11-13,2021-11-13,RkKKo,,46.0,75.0,,14.0,29.0,40.0,SEDANG,DKI5 (Kebon Jeruk) Jakarta Barat,PM25,DKI5,Kebon Jeruk,2021,11,13,45,5
63,202111,2021-11-14,2021-11-14,RkKKo,,50.0,63.0,,12.0,19.0,34.0,SEDANG,DKI5 (Kebon Jeruk) Jakarta Barat,PM25,DKI5,Kebon Jeruk,2021,11,14,45,6
39,202111,2021-11-15,2021-11-15,RkKKo,,19.0,39.0,,3.0,14.0,10.0,BAIK,DKI5 (Kebon Jeruk) Jakarta Barat,PM25,DKI5,Kebon Jeruk,2021,11,15,46,0
49,202111,2021-11-16,2021-11-16,RkKKo,,26.0,49.0,,3.0,13.0,10.0,BAIK,DKI5 (Kebon Jeruk) Jakarta Barat,PM25,DKI5,Kebon Jeruk,2021,11,16,46,1
77,202111,2021-11-17,2021-11-17,RkKKo,,52.0,77.0,19.0,10.0,14.0,35.0,SEDANG,DKI5 (Kebon Jeruk) Jakarta Barat,PM25,DKI5,Kebon Jeruk,2021,11,17,46,2
74,202111,2021-11-18,2021-11-18,RkKKo,,52.0,74.0,24.0,10.0,20.0,35.0,SEDANG,DKI5 (Kebon Jeruk) Jakarta Barat,PM25,DKI5,Kebon Jeruk,2021,11,18,46,3
34,202111,2021-11-19,2021-11-19,RkKKo,,23.0,34.0,13.0,2.0,15.0,7.0,BAIK,DKI5 (Kebon Jeruk) Jakarta Barat,PM25,DKI5,Kebon Jeruk,2021,11,19,46,4
50,202111,2021-11-20,2021-11-20,RkKKo,,28.0,50.0,17.0,4.0,16.0,17.0,BAIK,DKI5 (Kebon Jeruk) Jakarta Barat,PM25,DKI5,Kebon Jeruk,2021,11,20,46,5
62,202111,2021-11-21,2021-11-21,RkKKo,,46.0,62.0,15.0,17.0,14.0,44.0,SEDANG,DKI5 (Kebon Jeruk) Jakarta Barat,PM25,DKI5,Kebon Jeruk,2021,11,21,46,6
38,202111,2021-11-22,2021-11-22,RkKKo,,22.0,38.0,15.0,3.0,14.0,10.0,BAIK,DKI5 (Kebon Jeruk) Jakarta Barat,PM25,DKI5,Kebon Jeruk,2021,11,22,47,0
34,202111,2021-11-23,2021-11-23,RkKKo,,15.0,34.0,15.0,2.0,13.0,6.0,BAIK,DKI5 (Kebon Jeruk) Jakarta Barat,PM25,DKI5,Kebon Jeruk,2021,11,23,47,1
43,202111,2021-11-24,2021-11-24,RkKKo,,22.0,43.0,13.0,3.0,13.0,8.0,BAIK,DKI5 (Kebon Jeruk) Jakarta Barat,PM25,DKI5,Kebon Jeruk,2021,11,24,47,2
67,202111,2021-11-25,2021-11-25,RkKKo,,43.0,67.0,19.0,6.0,14.0,16.0,SEDANG,DKI5 (Kebon Jeruk) Jakarta Barat,PM25,DKI5,Kebon Jeruk,2021,11,25,47,3
59,202111,2021-11-26,2021-11-26,RkKKo,,32.0,59.0,16.0,7.0,15.0,20.0,SEDANG,DKI5 (Kebon Jeruk) Jakarta Barat,PM25,DKI5,Kebon Jeruk,2021,11,26,47,4
36,202111,2021-11-27,2021-11-27,RkKKo,,22.0,36.0,13.0,7.0,18.0,22.0,BAIK,DKI5 (Kebon Jeruk) Jakarta Barat,PM25,DKI5,Kebon Jeruk,2021,11,27,47,5
26,202111,2021-11-28,2021-11-28,RkKKo,,18.0,26.0,12.0,2.0,16.0,8.0,BAIK,DKI5 (Kebon Jeruk) Jakarta Barat,PM25,DKI5,Kebon Jeruk,2021,11,28,47,6
34,202111,2021-11-29,2021-11-29,RkKKo,,15.0,34.0,13.0,3.0,13.0,9.0,BAIK,DKI5 (Kebon Jeruk) Jakarta Barat,PM25,DKI5,Kebon Jeruk,2021,11,29,48,0
52,202111,2021-11-30,2021-11-30,RkKKo,,23.0,52.0,15.0,4.0,21.0,10.0,SEDANG,DKI5 (Kebon Jeruk) Jakarta Barat,PM25,DKI5,Kebon Jeruk,2021,11,30,48,1
65,202112,2021-12-01,2021-12-01,RkKKo,,49.0,65.0,33.0,13.0,15.0,12.0,SEDANG,DKI1 (Bunderan HI),PM25,DKI1,Bundaran HI,2021,12,1,48,2
34,202112,2021-12-02,2021-12-02,RkKKo,,28.0,34.0,31.0,7.0,15.0,5.0,BAIK,DKI1 (Bunderan HI),PM25,DKI1,Bundaran HI,2021,12,2,48,3
PM25,202112,2021-12-03,2021-12-03,RkKKo,,49.0,31.0,9.0,19.0,7.0,49.0,,DKI1 (Bunderan HI),BAIK,DKI1,Bundaran HI,2021,12,3,48,4
52,202112,2021-12-04,2021-12-04,RkKKo,,39.0,52.0,35.0,13.0,15.0,9.0,SEDANG,DKI1 (Bunderan HI),PM25,DKI1,Bundaran HI,2021,12,4,48,5
57,202112,2021-12-05,2021-12-05,RkKKo,,41.0,57.0,39.0,15.0,15.0,9.0,SEDANG,DKI1 (Bunderan HI),PM25,DKI1,Bundaran HI,2021,12,5,48,6
81,202112,2021-12-06,2021-12-06,RkKKo,,60.0,81.0,55.0,23.0,18.0,11.0,SEDANG,DKI1 (Bunderan HI),PM25,DKI1,Bundaran HI,2021,12,6,49,0
34,202112,2021-12-07,2021-12-07,RkKKo,,30.0,31.0,34.0,12.0,16.0,9.0,BAIK,DKI1 (Bunderan HI),SO2,DKI1,Bundaran HI,2021,12,7,49,1
60,202112,2021-12-08,2021-12-08,RkKKo,,45.0,60.0,33.0,17.0,18.0,10.0,SEDANG,DKI1 (Bunderan HI),PM25,DKI1,Bundaran HI,2021,12,8,49,2
50,202112,2021-12-09,2021-12-09,RkKKo,,33.0,50.0,36.0,10.0,21.0,11.0,BAIK,DKI1 (Bunderan HI),PM25,DKI1,Bundaran HI,2021,12,9,49,3
59,202112,2021-12-10,2021-12-10,RkKKo,,46.0,59.0,43.0,14.0,19.0,12.0,SEDANG,DKI1 (Bunderan HI),PM25,DKI1,Bundaran HI,2021,12,10,49,4
43,202112,2021-12-11,2021-12-11,RkKKo,,28.0,43.0,33.0,8.0,24.0,9.0,BAIK,DKI1 (Bunderan HI),PM25,DKI1,Bundaran HI,2021,12,11,49,5
57,202112,2021-12-12,2021-12-12,RkKKo,,44.0,57.0,32.0,17.0,15.0,7.0,SEDANG,DKI1 (Bunderan HI),PM25,DKI1,Bundaran HI,2021,12,12,49,6
46,202112,2021-12-13,2021-12-13,RkKKo,,31.0,46.0,34.0,10.0,13.0,6.0,BAIK,DKI1 (Bunderan HI),PM25,DKI1,Bundaran HI,2021,12,13,50,0
61,202112,2021-12-14,2021-12-14,RkKKo,,46.0,61.0,46.0,15.0,16.0,10.0,SEDANG,DKI1 (Bunderan HI),PM25,DKI1,Bundaran HI,2021,12,14,50,1
75,202112,2021-12-15,2021-12-15,RkKKo,,58.0,75.0,43.0,19.0,20.0,14.0,SEDANG,DKI1 (Bunderan HI),PM25,DKI1,Bundaran HI,2021,12,15,50,2
74,202112,2021-12-16,2021-12-16,RkKKo,,56.0,74.0,39.0,20.0,24.0,16.0,SEDANG,DKI1 (Bunderan HI),PM25,DKI1,Bundaran HI,2021,12,16,50,3
71,202112,2021-12-17,2021-12-17,RkKKo,,53.0,71.0,42.0,18.0,24.0,15.0,SEDANG,DKI1 (Bunderan HI),PM25,DKI1,Bundaran HI,2021,12,17,50,4
63,202112,2021-12-18,2021-12-18,RkKKo,,51.0,63.0,39.0,18.0,22.0,10.0,SEDANG,DKI1 (Bunderan HI),PM25,DKI1,Bundaran HI,2021,12,18,50,5
81,202112,2021-12-19,2021-12-19,RkKKo,,58.0,81.0,38.0,24.0,33.0,15.0,SEDANG,DKI1 (Bunderan HI),PM25,DKI1,Bundaran HI,2021,12,19,50,6
63,202112,2021-12-20,2021-12-20,RkKKo,,52.0,63.0,39.0,13.0,23.0,11.0,SEDANG,DKI1 (Bunderan HI),PM25,DKI1,Bundaran HI,2021,12,20,51,0
74,202112,2021-12-21,2021-12-21,RkKKo,,52.0,74.0,41.0,19.0,22.0,17.0,SEDANG,DKI1 (Bunderan HI),PM25,DKI1,Bundaran HI,2021,12,21,51,1
85,202112,2021-12-22,2021-12-22,RkKKo,,63.0,85.0,56.0,28.0,25.0,19.0,SEDANG,DKI1 (Bunderan HI),PM25,DKI1,Bundaran HI,2021,12,22,51,2
77,202112,2021-12-23,2021-12-23,RkKKo,,56.0,77.0,57.0,18.0,20.0,18.0,SEDANG,DKI1 (Bunderan HI),PM25,DKI1,Bundaran HI,2021,12,23,51,3
53,202112,2021-12-24,2021-12-24,RkKKo,,34.0,52.0,53.0,15.0,17.0,11.0,SEDANG,DKI1 (Bunderan HI),SO2,DKI1,Bundaran HI,2021,12,24,51,4
68,202112,2021-12-25,2021-12-25,RkKKo,,53.0,68.0,56.0,17.0,17.0,9.0,SEDANG,DKI1 (Bunderan HI),PM25,DKI1,Bundaran HI,2021,12,25,51,5
53,202112,2021-12-26,2021-12-26,RkKKo,,35.0,53.0,51.0,11.0,22.0,10.0,SEDANG,DKI1 (Bunderan HI),PM25,DKI1,Bundaran HI,2021,12,26,51,6
71,202112,2021-12-27,2021-12-27,RkKKo,,52.0,71.0,61.0,15.0,20.0,15.0,SEDANG,DKI1 (Bunderan HI),PM25,DKI1,Bundaran HI,2021,12,27,52,0
65,202112,2021-12-28,2021-12-28,RkKKo,,51.0,65.0,53.0,15.0,18.0,13.0,SEDANG,DKI1 (Bunderan HI),PM25,DKI1,Bundaran HI,2021,12,28,52,1
54,202112,2021-12-29,2021-12-29,RkKKo,,31.0,49.0,54.0,10.0,24.0,11.0,SEDANG,DKI1 (Bunderan HI),SO2,DKI1,Bundaran HI,2021,12,29,52,2
71,202112,2021-12-30,2021-12-30,RkKKo,,55.0,71.0,53.0,16.0,23.0,14.0,SEDANG,DKI1 (Bunderan HI),PM25,DKI1,Bundaran HI,2021,12,30,52,3
85,202112,2021-12-31,2021-12-31,RkKKo,,62.0,85.0,52.0,23.0,20.0,14.0,SEDANG,DKI1 (Bunderan HI),PM25,DKI1,Bundaran HI,2021,12,31,52,4
53,202112,2021-12-01,2021-12-01,RkKKo,,53.0,,8.0,12.0,41.0,30.0,SEDANG,DKI2 (Kelapa Gading),PM10,DKI2,Kelapa Gading,2021,12,1,48,2
50,202112,2021-12-02,2021-12-02,RkKKo,,32.0,50.0,40.0,7.0,40.0,14.0,BAIK,DKI2 (Kelapa Gading),PM25,DKI2,Kelapa Gading,2021,12,2,48,3
55,202112,2021-12-03,2021-12-03,RkKKo,,34.0,55.0,41.0,9.0,48.0,17.0,SEDANG,DKI2 (Kelapa Gading),PM25,DKI2,Kelapa Gading,2021,12,3,48,4
63,202112,2021-12-04,2021-12-04,RkKKo,,40.0,63.0,43.0,8.0,43.0,16.0,SEDANG,DKI2 (Kelapa Gading),PM25,DKI2,Kelapa Gading,2021,12,4,48,5
65,202112,2021-12-05,2021-12-05,RkKKo,,46.0,65.0,44.0,14.0,39.0,24.0,SEDANG,DKI2 (Kelapa Gading),PM25,DKI2,Kelapa Gading,2021,12,5,48,6
88,202112,2021-12-06,2021-12-06,RkKKo,,61.0,88.0,51.0,18.0,45.0,31.0,SEDANG,DKI2 (Kelapa Gading),PM25,DKI2,Kelapa Gading,2021,12,6,49,0
58,202112,2021-12-07,2021-12-07,RkKKo,,33.0,58.0,42.0,11.0,43.0,19.0,SEDANG,DKI2 (Kelapa Gading),PM25,DKI2,Kelapa Gading,2021,12,7,49,1
71,202112,2021-12-08,2021-12-08,RkKKo,,49.0,71.0,31.0,15.0,51.0,30.0,SEDANG,DKI2 (Kelapa Gading),PM25,DKI2,Kelapa Gading,2021,12,8,49,2
52,202112,2021-12-09,2021-12-09,RkKKo,,31.0,52.0,32.0,8.0,50.0,20.0,SEDANG,DKI2 (Kelapa Gading),PM25,DKI2,Kelapa Gading,2021,12,9,49,3
54,202112,2021-12-10,2021-12-10,RkKKo,,33.0,54.0,34.0,9.0,41.0,24.0,SEDANG,DKI2 (Kelapa Gading),PM25,DKI2,Kelapa Gading,2021,12,10,49,4
51,202112,2021-12-11,2021-12-11,RkKKo,,33.0,50.0,33.0,8.0,51.0,22.0,SEDANG,DKI2 (Kelapa Gading),O3,DKI2,Kelapa Gading,2021,12,11,49,5
62,202112,2021-12-12,2021-12-12,RkKKo,,49.0,62.0,40.0,13.0,42.0,22.0,SEDANG,DKI2 (Kelapa Gading),PM25,DKI2,Kelapa Gading,2021,12,12,49,6
53,202112,2021-12-13,2021-12-13,RkKKo,,31.0,53.0,34.0,9.0,34.0,23.0,SEDANG,DKI2 (Kelapa Gading),PM25,DKI2,Kelapa Gading,2021,12,13,50,0
65,202112,2021-12-14,2021-12-14,RkKKo,,51.0,65.0,43.0,9.0,35.0,26.0,SEDANG,DKI2 (Kelapa Gading),PM25,DKI2,Kelapa Gading,2021,12,14,50,1
86,202112,2021-12-15,2021-12-15,RkKKo,,62.0,86.0,44.0,11.0,50.0,30.0,SEDANG,DKI2 (Kelapa Gading),PM25,DKI2,Kelapa Gading,2021,12,15,50,2
75,202112,2021-12-17,2021-12-17,RkKKo,,58.0,75.0,35.0,15.0,57.0,32.0,SEDANG,DKI2 (Kelapa Gading),PM25,DKI2,Kelapa Gading,2021,12,17,50,4
64,202112,2021-12-18,2021-12-18,RkKKo,,44.0,64.0,35.0,13.0,54.0,24.0,SEDANG,DKI2 (Kelapa Gading),PM25,DKI2,Kelapa Gading,2021,12,18,50,5
96,202112,2021-12-19,2021-12-19,RkKKo,,65.0,96.0,40.0,21.0,,33.0,SEDANG,DKI2 (Kelapa Gading),PM25,DKI2,Kelapa Gading,2021,12,19,50,6
67,202112,2021-12-20,2021-12-20,RkKKo,,53.0,67.0,32.0,11.0,58.0,20.0,SEDANG,DKI2 (Kelapa Gading),PM25,DKI2,Kelapa Gading,2021,12,20,51,0
74,202112,2021-12-21,2021-12-21,RkKKo,,55.0,74.0,40.0,15.0,,33.0,SEDANG,DKI2 (Kelapa Gading),PM25,DKI2,Kelapa Gading,2021,12,21,51,1
94,202112,2021-12-22,2021-12-22,RkKKo,,65.0,94.0,36.0,21.0,54.0,49.0,SEDANG,DKI2 (Kelapa Gading),PM25,DKI2,Kelapa Gading,2021,12,22,51,2
99,202112,2021-12-23,2021-12-23,RkKKo,,70.0,99.0,46.0,19.0,42.0,42.0,SEDANG,DKI2 (Kelapa Gading),PM25,DKI2,Kelapa Gading,2021,12,23,51,3
56,202112,2021-12-24,2021-12-24,RkKKo,,36.0,56.0,35.0,15.0,36.0,27.0,SEDANG,DKI2 (Kelapa Gading),PM25,DKI2,Kelapa Gading,2021,12,24,51,4
70,202112,2021-12-25,2021-12-25,RkKKo,,53.0,70.0,38.0,19.0,35.0,30.0,SEDANG,DKI2 (Kelapa Gading),PM25,DKI2,Kelapa Gading,2021,12,25,51,5
55,202112,2021-12-26,2021-12-26,RkKKo,,41.0,55.0,38.0,15.0,37.0,24.0,SEDANG,DKI2 (Kelapa Gading),PM25,DKI2,Kelapa Gading,2021,12,26,51,6
66,202112,2021-12-27,2021-12-27,RkKKo,,50.0,66.0,35.0,14.0,40.0,24.0,SEDANG,DKI2 (Kelapa Gading),PM25,DKI2,Kelapa Gading,2021,12,27,52,0
68,202112,2021-12-28,2021-12-28,RkKKo,,53.0,68.0,38.0,16.0,34.0,33.0,SEDANG,DKI2 (Kelapa Gading),PM25,DKI2,Kelapa Gading,2021,12,28,52,1
37,202112,2021-12-29,2021-12-29,RkKKo,,28.0,,32.0,12.0,37.0,29.0,BAIK,DKI2 (Kelapa Gading),O3,DKI2,Kelapa Gading,2021,12,29,52,2
64,202112,2021-12-30,2021-12-30,RkKKo,,47.0,64.0,38.0,13.0,38.0,35.0,SEDANG,DKI2 (Kelapa Gading),PM25,DKI2,Kelapa Gading,2021,12,30,52,3
85,202112,2021-12-31,2021-12-31,RkKKo,,61.0,85.0,33.0,23.0,37.0,44.0,SEDANG,DKI2 (Kelapa Gading),PM25,DKI2,Kelapa Gading,2021,12,31,52,4
70,202112,2021-12-01,2021-12-01,RkKKo,,53.0,70.0,43.0,12.0,32.0,15.0,SEDANG,DKI3 (Jagakarsa),PM25,DKI3,Jagakarsa,2021,12,1,48,2
55,202112,2021-12-02,2021-12-02,RkKKo,,35.0,55.0,42.0,7.0,29.0,9.0,SEDANG,DKI3 (Jagakarsa),PM25,DKI3,Jagakarsa,2021,12,2,48,3
67,202112,2021-12-03,2021-12-03,RkKKo,,54.0,67.0,43.0,9.0,32.0,11.0,SEDANG,DKI3 (Jagakarsa),PM25,DKI3,Jagakarsa,2021,12,3,48,4
64,202212,2022-12-30,2022-12-30,_6xCp,,40.0,64.0,57.0,21.0,17.0,24.0,SEDANG,DKI4,"PM2,5",DKI4,Lubang Buaya,2022,12,30,52,4
129,202207,2022-07-06,2022-07-06,_6xCp,,75.0,129.0,45.0,25.0,,26.0,TIDAK SEHAT,DKI4,"PM2,5",DKI4,Lubang Buaya,2022,7,6,27,2
110,202207,2022-07-05,2022-07-05,_6xCp,,66.0,110.0,47.0,16.0,,23.0,TIDAK SEHAT,DKI4,"PM2,5",DKI4,Lubang Buaya,2022,7,5,27,1
78,202207,2022-07-04,2022-07-04,_6xCp,,56.0,78.0,49.0,11.0,60.0,13.0,SEDANG,DKI4,"PM2,5",DKI4,Lubang Buaya,2022,7,4,27,0
126,202207,2022-07-03,2022-07-03,_6xCp,,78.0,126.0,48.0,17.0,,25.0,TIDAK SEHAT,DKI2,"PM2,5",DKI2,Kelapa Gading,2022,7,3,26,6
137,202207,2022-07-02,2022-07-02,_6xCp,,81.0,137.0,47.0,18.0,,29.0,TIDAK SEHAT,DKI4,"PM2,5",DKI4,Lubang Buaya,2022,7,2,26,5
109,202208,2022-08-01,2022-08-01,_6xCp,,68.0,109.0,50.0,12.0,,19.0,TIDAK SEHAT,DKI4,"PM2,5",DKI4,Lubang Buaya,2022,8,1,31,0
148,202208,2022-08-31,2022-08-31,_6xCp,,85.0,,51.0,25.0,,37.0,TIDAK SEHAT,DKI4,"PM2,5",DKI4,Lubang Buaya,2022,8,31,35,2
84,202208,2022-08-30,2022-08-30,_6xCp,,59.0,84.0,50.0,15.0,56.0,29.0,SEDANG,DKI4,"PM2,5",DKI4,Lubang Buaya,2022,8,30,35,1
82,202208,2022-08-29,2022-08-29,_6xCp,,58.0,82.0,49.0,16.0,55.0,29.0,SEDANG,DKI4,"PM2,5",DKI4,Lubang Buaya,2022,8,29,35,0
85,202208,2022-08-28,2022-08-28,_6xCp,,64.0,85.0,49.0,17.0,56.0,30.0,SEDANG,DKI5,"PM2,5",DKI5,Kebon Jeruk,2022,8,28,34,6
130,202208,2022-08-27,2022-08-27,_6xCp,,80.0,130.0,50.0,25.0,57.0,37.0,TIDAK SEHAT,DKI4,"PM2,5",DKI4,Lubang Buaya,2022,8,27,34,5
119,202208,2022-08-26,2022-08-26,_6xCp,,76.0,119.0,53.0,19.0,53.0,31.0,TIDAK SEHAT,DKI4,"PM2,5",DKI4,Lubang Buaya,2022,8,26,34,4
98,202208,2022-08-25,2022-08-25,_6xCp,,64.0,98.0,50.0,12.0,,19.0,SEDANG,DKI4,"PM2,5",DKI4,Lubang Buaya,2022,8,25,34,3
119,202208,2022-08-24,2022-08-24,_6xCp,,71.0,119.0,50.0,15.0,,20.0,TIDAK SEHAT,DKI4,"PM2,5",DKI4,Lubang Buaya,2022,8,24,34,2
116,202208,2022-08-23,2022-08-23,_6xCp,,76.0,116.0,49.0,17.0,,27.0,TIDAK SEHAT,DKI4,"PM2,5",DKI4,Lubang Buaya,2022,8,23,34,1
79,202208,2022-08-22,2022-08-22,_6xCp,,57.0,78.0,49.0,13.0,,22.0,SEDANG,DKI2,O3,DKI2,Kelapa Gading,2022,8,22,34,0
101,202208,2022-08-21,2022-08-21,_6xCp,,59.0,101.0,49.0,13.0,,17.0,TIDAK SEHAT,DKI4,"PM2,5",DKI4,Lubang Buaya,2022,8,21,33,6
117,202208,2022-08-20,2022-08-20,_6xCp,,76.0,117.0,50.0,14.0,,18.0,TIDAK SEHAT,DKI4,"PM2,5",DKI4,Lubang Buaya,2022,8,20,33,5
105,202208,2022-08-19,2022-08-19,_6xCp,,70.0,105.0,49.0,14.0,,26.0,TIDAK SEHAT,DKI4,"PM2,5",DKI4,Lubang Buaya,2022,8,19,33,4
89,202208,2022-08-18,2022-08-18,_6xCp,,64.0,89.0,49.0,25.0,,28.0,SEDANG,DKI4,"PM2,5",DKI4,Lubang Buaya,2022,8,18,33,3
108,202208,2022-08-17,2022-08-17,_6xCp,,55.0,78.0,48.0,17.0,,25.0,TIDAK SEHAT,DKI2,O3,DKI2,Kelapa Gading,2022,8,17,33,2
181,202208,2022-08-16,2022-08-16,_6xCp,,61.0,89.0,51.0,15.0,,33.0,TIDAK SEHAT,DKI2,O3,DKI2,Kelapa Gading,2022,8,16,33,1
84,202208,2022-08-15,2022-08-15,_6xCp,,64.0,84.0,50.0,17.0,,28.0,SEDANG,DKI4,"PM2,5",DKI4,Lubang Buaya,2022,8,15,33,0
93,202208,2022-08-14,2022-08-14,_6xCp,,68.0,93.0,50.0,14.0,,20.0,SEDANG,DKI4,"PM2,5",DKI4,Lubang Buaya,2022,8,14,32,6
77,202208,2022-08-13,2022-08-13,_6xCp,,58.0,77.0,48.0,21.0,,36.0,SEDANG,DKI5,"PM2,5",DKI5,Kebon Jeruk,2022,8,13,32,5
97,202208,2022-08-12,2022-08-12,_6xCp,,65.0,94.0,49.0,17.0,,25.0,SEDANG,DKI2,O3,DKI2,Kelapa Gading,2022,8,12,32,4
107,202208,2022-08-11,2022-08-11,_6xCp,,74.0,107.0,52.0,19.0,,27.0,TIDAK SEHAT,DKI4,"PM2,5",DKI4,Lubang Buaya,2022,8,11,32,3
116,202208,2022-08-10,2022-08-10,_6xCp,,73.0,116.0,49.0,19.0,,29.0,TIDAK SEHAT,DKI4,"PM2,5",DKI4,Lubang Buaya,2022,8,10,32,2
103,202208,2022-08-09,2022-08-09,_6xCp,,61.0,88.0,50.0,14.0,,21.0,TIDAK SEHAT,DKI2,O3,DKI2,Kelapa Gading,2022,8,9,32,1
97,202208,2022-08-08,2022-08-08,_6xCp,,60.0,84.0,48.0,18.0,,27.0,SEDANG,DKI2,O3,DKI2,Kelapa Gading,2022,8,8,32,0
119,202208,2022-08-07,2022-08-07,_6xCp,,76.0,119.0,50.0,18.0,,29.0,TIDAK SEHAT,DKI4,"PM2,5",DKI4,Lubang Buaya,2022,8,7,31,6
101,202208,2022-08-06,2022-08-06,_6xCp,,69.0,101.0,49.0,19.0,,29.0,TIDAK SEHAT,DKI4,"PM2,5",DKI4,Lubang Buaya,2022,8,6,31,5
82,202208,2022-08-05,2022-08-05,_6xCp,,60.0,82.0,47.0,17.0,,26.0,SEDANG,DKI4,"PM2,5",DKI4,Lubang Buaya,2022,8,5,31,4
99,202208,2022-08-04,2022-08-04,_6xCp,,69.0,99.0,48.0,15.0,,20.0,SEDANG,DKI4,"PM2,5",DKI4,Lubang Buaya,2022,8,4,31,3
141,202208,2022-08-03,2022-08-03,_6xCp,,82.0,,51.0,19.0,,24.0,TIDAK SEHAT,DKI4,"PM2,5",DKI4,Lubang Buaya,2022,8,3,31,2
113,202208,2022-08-02,2022-08-02,_6xCp,,67.0,113.0,50.0,15.0,,28.0,TIDAK SEHAT,DKI4,"PM2,5",DKI4,Lubang Buaya,2022,8,2,31,1
130,202209,2022-09-01,2022-09-01,_6xCp,,83.0,130.0,51.0,15.0,42.0,25.0,TIDAK SEHAT,DKI4,"PM2,5",DKI4,Lubang Buaya,2022,9,1,35,3
103,202209,2022-09-30,2022-09-30,_6xCp,,71.0,103.0,51.0,14.0,45.0,23.0,TIDAK SEHAT,DKI4,"PM2,5",DKI4,Lubang Buaya,2022,9,30,39,4
100,202209,2022-09-29,2022-09-29,_6xCp,,62.0,100.0,51.0,14.0,50.0,21.0,SEDANG,DKI4,"PM2,5",DKI4,Lubang Buaya,2022,9,29,39,3
92,202209,2022-09-28,2022-09-28,_6xCp,,62.0,92.0,51.0,13.0,55.0,24.0,SEDANG,DKI4,"PM2,5",DKI4,Lubang Buaya,2022,9,28,39,2
86,202209,2022-09-27,2022-09-27,_6xCp,,63.0,86.0,51.0,14.0,58.0,26.0,SEDANG,DKI4,"PM2,5",DKI4,Lubang Buaya,2022,9,27,39,1
79,202209,2022-09-26,2022-09-26,_6xCp,,57.0,79.0,51.0,14.0,56.0,26.0,SEDANG,DKI5,"PM2,5",DKI5,Kebon Jeruk,2022,9,26,39,0
94,202209,2022-09-25,2022-09-25,_6xCp,,58.0,94.0,50.0,14.0,48.0,25.0,SEDANG,DKI4,"PM2,5",DKI4,Lubang Buaya,2022,9,25,38,6
83,202209,2022-09-24,2022-09-24,_6xCp,,57.0,83.0,50.0,17.0,39.0,33.0,SEDANG,DKI4,"PM2,5",DKI4,Lubang Buaya,2022,9,24,38,5
97,202209,2022-09-23,2022-09-23,_6xCp,,73.0,97.0,50.0,24.0,50.0,45.0,SEDANG,DKI2,"PM2,5",DKI2,Kelapa Gading,2022,9,23,38,4
90,202209,2022-09-22,2022-09-22,_6xCp,,63.0,90.0,50.0,16.0,37.0,24.0,SEDANG,DKI5,"PM2,5",DKI5,Kebon Jeruk,2022,9,22,38,3
112,202209,2022-09-21,2022-09-21,_6xCp,,69.0,112.0,50.0,17.0,42.0,32.0,TIDAK SEHAT,DKI4,"PM2,5",DKI4,Lubang Buaya,2022,9,21,38,2
110,202209,2022-09-20,2022-09-20,_6xCp,,66.0,110.0,51.0,21.0,37.0,41.0,TIDAK SEHAT,DKI4,"PM2,5",DKI4,Lubang Buaya,2022,9,20,38,1
113,202209,2022-09-19,2022-09-19,_6xCp,,70.0,113.0,51.0,17.0,46.0,28.0,TIDAK SEHAT,DKI4,"PM2,5",DKI4,Lubang Buaya,2022,9,19,38,0
113,202209,2022-09-18,2022-09-18,_6xCp,,72.0,113.0,51.0,21.0,43.0,33.0,TIDAK SEHAT,DKI4,"PM2,5",DKI4,Lubang Buaya,2022,9,18,37,6
103,202209,2022-09-17,2022-09-17,_6xCp,,70.0,103.0,51.0,19.0,49.0,35.0,TIDAK SEHAT,DKI4,"PM2,5",DKI4,Lubang Buaya,2022,9,17,37,5
100,202209,2022-09-16,2022-09-16,_6xCp,,62.0,100.0,51.0,18.0,52.0,33.0,SEDANG,DKI4,"PM2,5",DKI4,Lubang Buaya,2022,9,16,37,4
117,202209,2022-09-15,2022-09-15,_6xCp,,78.0,117.0,51.0,26.0,34.0,39.0,TIDAK SEHAT,DKI4,"PM2,5",DKI4,Lubang Buaya,2022,9,15,37,3
113,202209,2022-09-14,2022-09-14,_6xCp,,67.0,113.0,53.0,18.0,42.0,38.0,TIDAK SEHAT,DKI4,"PM2,5",DKI4,Lubang Buaya,2022,9,14,37,2
81,202209,2022-09-13,2022-09-13,_6xCp,,59.0,81.0,52.0,18.0,45.0,32.0,SEDANG,DKI1,"PM2,5",DKI1,Bundaran HI,2022,9,13,37,1
79,202209,2022-09-12,2022-09-12,_6xCp,,53.0,79.0,52.0,18.0,35.0,27.0,SEDANG,DKI4,"PM2,5",DKI4,Lubang Buaya,2022,9,12,37,0
88,202209,2022-09-11,2022-09-11,_6xCp,,64.0,88.0,51.0,20.0,37.0,34.0,SEDANG,DKI4,"PM2,5",DKI4,Lubang Buaya,2022,9,11,36,6
72,202209,2022-09-10,2022-09-10,_6xCp,,56.0,72.0,48.0,22.0,41.0,39.0,SEDANG,DKI4,"PM2,5",DKI4,Lubang Buaya,2022,9,10,36,5
91,202209,2022-09-09,2022-09-09,_6xCp,,71.0,91.0,49.0,28.0,32.0,43.0,SEDANG,DKI5,"PM2,5",DKI5,Kebon Jeruk,2022,9,9,36,4
87,202209,2022-09-08,2022-09-08,_6xCp,,61.0,87.0,48.0,26.0,32.0,45.0,SEDANG,DKI4,"PM2,5",DKI4,Lubang Buaya,2022,9,8,36,3
79,202209,2022-09-07,2022-09-07,_6xCp,,55.0,79.0,49.0,15.0,38.0,21.0,SEDANG,DKI4,"PM2,5",DKI4,Lubang Buaya,2022,9,7,36,2
86,202209,2022-09-06,2022-09-06,_6xCp,,63.0,86.0,51.0,12.0,43.0,17.0,SEDANG,DKI4,"PM2,5",DKI4,Lubang Buaya,2022,9,6,36,1
105,202209,2022-09-05,2022-09-05,_6xCp,,59.0,105.0,51.0,15.0,45.0,23.0,TIDAK SEHAT,DKI4,"PM2,5",DKI4,Lubang Buaya,2022,9,5,36,0
76,202209,2022-09-04,2022-09-04,_6xCp,,42.0,76.0,50.0,9.0,33.0,14.0,SEDANG,DKI4,"PM2,5",DKI4,Lubang Buaya,2022,9,4,35,6
102,202209,2022-09-03,2022-09-03,_6xCp,,64.0,102.0,50.0,18.0,37.0,31.0,TIDAK SEHAT,DKI4,"PM2,5",DKI4,Lubang Buaya,2022,9,3,35,5
108,202209,2022-09-02,2022-09-02,_6xCp,,71.0,108.0,51.0,21.0,35.0,32.0,TIDAK SEHAT,DKI4,"PM2,5",DKI4,Lubang Buaya,2022,9,2,35,4
51,202210,2022-10-26,2022-10-26,_6xCp,,39.0,43.0,51.0,11.0,27.0,17.0,SEDANG,DKI4,SO2,DKI4,Lubang Buaya,2022,10,26,43,2
53,202210,2022-10-25,2022-10-25,_6xCp,,27.0,53.0,51.0,9.0,30.0,19.0,SEDANG,DKI2,"PM2,5",DKI2,Kelapa Gading,2022,10,25,43,1
57,202210,2022-10-24,2022-10-24,_6xCp,,41.0,57.0,50.0,10.0,31.0,18.0,SEDANG,DKI4,"PM2,5",DKI4,Lubang Buaya,2022,10,24,43,0
66,202210,2022-10-23,2022-10-23,_6xCp,,52.0,66.0,51.0,11.0,45.0,21.0,SEDANG,DKI4,"PM2,5",DKI4,Lubang Buaya,2022,10,23,42,6
82,202210,2022-10-22,2022-10-22,_6xCp,,58.0,82.0,51.0,19.0,39.0,41.0,SEDANG,DKI4,"PM2,5",DKI4,Lubang Buaya,2022,10,22,42,5
67,202210,2022-10-21,2022-10-21,_6xCp,,52.0,67.0,50.0,16.0,31.0,27.0,SEDANG,DKI4,"PM2,5",DKI4,Lubang Buaya,2022,10,21,42,4
88,202210,2022-10-20,2022-10-20,_6xCp,,67.0,88.0,51.0,28.0,47.0,45.0,SEDANG,DKI4,"PM2,5",DKI4,Lubang Buaya,2022,10,20,42,3
92,202210,2022-10-19,2022-10-19,_6xCp,,64.0,92.0,51.0,22.0,42.0,44.0,SEDANG,DKI4,"PM2,5",DKI4,Lubang Buaya,2022,10,19,42,2
79,202210,2022-10-18,2022-10-18,_6xCp,,59.0,79.0,50.0,16.0,45.0,35.0,SEDANG,DKI1,"PM2,5",DKI1,Bundaran HI,2022,10,18,42,1
85,202210,2022-10-17,2022-10-17,_6xCp,,56.0,85.0,51.0,13.0,54.0,25.0,SEDANG,DKI4,"PM2,5",DKI4,Lubang Buaya,2022,10,17,42,0
93,202210,2022-10-16,2022-10-16,_6xCp,,62.0,93.0,51.0,19.0,52.0,36.0,SEDANG,DKI4,"PM2,5",DKI4,Lubang Buaya,2022,10,16,41,6
78,202210,2022-10-15,2022-10-15,_6xCp,,55.0,78.0,51.0,13.0,58.0,27.0,SEDANG,DKI4,"PM2,5",DKI4,Lubang Buaya,2022,10,15,41,5
94,202210,2022-10-14,2022-10-14,_6xCp,,67.0,94.0,50.0,28.0,47.0,45.0,SEDANG,DKI4,"PM2,5",DKI4,Lubang Buaya,2022,10,14,41,4
91,202210,2022-10-13,2022-10-13,_6xCp,,63.0,91.0,52.0,17.0,54.0,36.0,SEDANG,DKI4,"PM2,5",DKI4,Lubang Buaya,2022,10,13,41,3
97,202210,2022-10-12,2022-10-12,_6xCp,,70.0,97.0,54.0,27.0,44.0,42.0,SEDANG,DKI4,"PM2,5",DKI4,Lubang Buaya,2022,10,12,41,2
126,202210,2022-10-11,2022-10-11,_6xCp,,77.0,126.0,51.0,23.0,59.0,45.0,TIDAK SEHAT,DKI4,"PM2,5",DKI4,Lubang Buaya,2022,10,11,41,1
74,202210,2022-10-10,2022-10-10,_6xCp,,54.0,74.0,50.0,14.0,38.0,25.0,SEDANG,DKI4,"PM2,5",DKI4,Lubang Buaya,2022,10,10,41,0
95,202210,2022-10-09,2022-10-09,_6xCp,,58.0,95.0,50.0,24.0,39.0,35.0,SEDANG,DKI4,"PM2,5",DKI4,Lubang Buaya,2022,10,9,40,6
61,202210,2022-10-08,2022-10-08,_6xCp,,35.0,61.0,50.0,17.0,28.0,25.0,SEDANG,DKI5,"PM2,5",DKI5,Kebon Jeruk,2022,10,8,40,5
66,202210,2022-10-07,2022-10-07,_6xCp,,51.0,66.0,53.0,17.0,35.0,34.0,SEDANG,DKI1,"PM2,5",DKI1,Bundaran HI,2022,10,7,40,4
89,202210,2022-10-06,2022-10-06,_6xCp,,61.0,89.0,51.0,20.0,39.0,32.0,SEDANG,DKI4,"PM2,5",DKI4,Lubang Buaya,2022,10,6,40,3
68,202210,2022-10-05,2022-10-05,_6xCp,,51.0,68.0,50.0,22.0,36.0,42.0,SEDANG,DKI4,"PM2,5",DKI4,Lubang Buaya,2022,10,5,40,2
98,202210,2022-10-04,2022-10-04,_6xCp,,67.0,98.0,51.0,15.0,40.0,33.0,SEDANG,DKI4,"PM2,5",DKI4,Lubang Buaya,2022,10,4,40,1
76,202210,2022-10-03,2022-10-03,_6xCp,,56.0,76.0,51.0,18.0,38.0,35.0,SEDANG,DKI5,"PM2,5",DKI5,Kebon Jeruk,2022,10,3,40,0
79,202210,2022-10-02,2022-10-02,_6xCp,,54.0,79.0,50.0,12.0,43.0,19.0,SEDANG,DKI4,"PM2,5",DKI4,Lubang Buaya,2022,10,2,39,6
128,202210,2022-10-01,2022-10-01,_6xCp,,80.0,128.0,52.0,14.0,39.0,21.0,TIDAK SEHAT,DKI4,"PM2,5",DKI4,Lubang Buaya,2022,10,1,39,5
66,202210,2022-10-27,2022-10-27,_6xCp,,41.0,66.0,51.0,18.0,35.0,27.0,SEDANG,DKI4,"PM2,5",DKI4,Lubang Buaya,2022,10,27,43,3
77,202210,2022-10-28,2022-10-28,_6xCp,,54.0,77.0,51.0,16.0,33.0,32.0,SEDANG,DKI4,"PM2,5",DKI4,Lubang Buaya,2022,10,28,43,4
86,202210,2022-10-29,2022-10-29,_6xCp,,53.0,86.0,51.0,15.0,41.0,29.0,SEDANG,DKI4,"PM2,5",DKI4,Lubang Buaya,2022,10,29,43,5
87,202210,2022-10-30,2022-10-30,_6xCp,,51.0,87.0,51.0,11.0,49.0,19.0,SEDANG,DKI4,"PM2,5",DKI4,Lubang Buaya,2022,10,30,43,6
78,202210,2022-10-31,2022-10-31,_6xCp,,60.0,78.0,51.0,21.0,44.0,22.0,SEDANG,DKI4,"PM2,5",DKI4,Lubang Buaya,2022,10,31,44,0
70,202211,2022-11-01,2022-11-01,_6xCp,,49.0,70.0,51.0,10.0,44.0,21.0,SEDANG,DKI4,"PM2,5",DKI4,Lubang Buaya,2022,11,1,44,1
144,202211,2022-11-02,2022-11-02,_6xCp,,84.0,,51.0,14.0,54.0,34.0,TIDAK SEHAT,DKI4,"PM2,5",DKI4,Lubang Buaya,2022,11,2,44,2
89,202211,2022-11-03,2022-11-03,_6xCp,,65.0,89.0,51.0,13.0,49.0,23.0,SEDANG,DKI4,"PM2,5",DKI4,Lubang Buaya,2022,11,3,44,3
95,202211,2022-11-04,2022-11-04,_6xCp,,66.0,95.0,52.0,23.0,49.0,42.0,SEDANG,DKI4,"PM2,5",DKI4,Lubang Buaya,2022,11,4,44,4
81,202211,2022-11-05,2022-11-05,_6xCp,,62.0,81.0,51.0,22.0,55.0,42.0,SEDANG,DKI4,"PM2,5",DKI4,Lubang Buaya,2022,11,5,44,5
90,202211,2022-11-06,2022-11-06,_6xCp,,63.0,90.0,51.0,18.0,38.0,34.0,SEDANG,DKI3,"PM2,5",DKI3,Jagakarsa,2022,11,6,44,6
104,202211,2022-11-07,2022-11-07,_6xCp,,74.0,104.0,51.0,13.0,48.0,22.0,TIDAK SEHAT,DKI4,"PM2,5",DKI4,Lubang Buaya,2022,11,7,45,0
101,202211,2022-11-08,2022-11-08,_6xCp,,66.0,101.0,53.0,30.0,36.0,50.0,TIDAK SEHAT,DKI3,"PM2,5",DKI3,Jagakarsa,2022,11,8,45,1
96,202211,2022-11-09,2022-11-09,_6xCp,,64.0,96.0,51.0,25.0,41.0,47.0,SEDANG,DKI4,"PM2,5",DKI4,Lubang Buaya,2022,11,9,45,2
76,202211,2022-11-10,2022-11-10,_6xCp,,53.0,76.0,51.0,18.0,29.0,30.0,SEDANG,DKI3,"PM2,5",DKI3,Jagakarsa,2022,11,10,45,3
71,202211,2022-11-11,2022-11-11,_6xCp,,46.0,71.0,51.0,19.0,31.0,25.0,SEDANG,DKI4,"PM2,5",DKI4,Lubang Buaya,2022,11,11,45,4
61,202211,2022-11-12,2022-11-12,_6xCp,,40.0,61.0,51.0,11.0,36.0,18.0,SEDANG,DKI3,"PM2,5",DKI3,Jagakarsa,2022,11,12,45,5
63,202211,2022-11-13,2022-11-13,_6xCp,,38.0,63.0,51.0,17.0,38.0,27.0,SEDANG,DKI4,"PM2,5",DKI4,Lubang Buaya,2022,11,13,45,6
85,202211,2022-11-14,2022-11-14,_6xCp,,60.0,85.0,51.0,17.0,44.0,28.0,SEDANG,DKI4,"PM2,5",DKI4,Lubang Buaya,2022,11,14,46,0
95,202211,2022-11-15,2022-11-15,_6xCp,,59.0,95.0,51.0,16.0,39.0,33.0,SEDANG,DKI4,"PM2,5",DKI4,Lubang Buaya,2022,11,15,46,1
80,202211,2022-11-16,2022-11-16,_6xCp,,54.0,80.0,52.0,10.0,31.0,22.0,SEDANG,DKI3,"PM2,5",DKI3,Jagakarsa,2022,11,16,46,2
72,202211,2022-11-17,2022-11-17,_6xCp,,58.0,72.0,52.0,12.0,35.0,25.0,SEDANG,DKI4,"PM2,5",DKI4,Lubang Buaya,2022,11,17,46,3
53,202211,2022-11-18,2022-11-18,_6xCp,,42.0,53.0,53.0,16.0,29.0,27.0,SEDANG,DKI2,"PM2,5",DKI2,Kelapa Gading,2022,11,18,46,4
77,202211,2022-11-19,2022-11-19,_6xCp,,47.0,77.0,56.0,12.0,27.0,24.0,SEDANG,DKI4,"PM2,5",DKI4,Lubang Buaya,2022,11,19,46,5
51,202211,2022-11-20,2022-11-20,_6xCp,,34.0,51.0,51.0,7.0,30.0,12.0,SEDANG,DKI4,"PM2,5",DKI4,Lubang Buaya,2022,11,20,46,6
62,202211,2022-11-21,2022-11-21,_6xCp,,40.0,62.0,51.0,11.0,29.0,19.0,SEDANG,DKI3,"PM2,5",DKI3,Jagakarsa,2022,11,21,47,0
72,202211,2022-11-22,2022-11-22,_6xCp,,46.0,72.0,51.0,10.0,26.0,15.0,SEDANG,DKI3,"PM2,5",DKI3,Jagakarsa,2022,11,22,47,1
71,202211,2022-11-23,2022-11-23,_6xCp,,50.0,71.0,52.0,11.0,29.0,23.0,SEDANG,DKI3,"PM2,5",DKI3,Jagakarsa,2022,11,23,47,2
66,202211,2022-11-24,2022-11-24,_6xCp,,51.0,66.0,52.0,10.0,34.0,24.0,SEDANG,DKI4,"PM2,5",DKI4,Lubang Buaya,2022,11,24,47,3
77,202211,2022-11-25,2022-11-25,_6xCp,,52.0,77.0,52.0,15.0,38.0,26.0,SEDANG,DKI4,"PM2,5",DKI4,Lubang Buaya,2022,11,25,47,4
131,202211,2022-11-26,2022-11-26,_6xCp,,80.0,131.0,51.0,20.0,42.0,45.0,TIDAK SEHAT,DKI4,"PM2,5",DKI4,Lubang Buaya,2022,11,26,47,5
112,202211,2022-11-27,2022-11-27,_6xCp,,74.0,112.0,52.0,24.0,37.0,36.0,TIDAK SEHAT,DKI4,"PM2,5",DKI4,Lubang Buaya,2022,11,27,47,6
83,202211,2022-11-28,2022-11-28,_6xCp,,59.0,83.0,51.0,14.0,50.0,31.0,SEDANG,DKI4,"PM2,5",DKI4,Lubang Buaya,2022,11,28,48,0
73,202211,2022-11-29,2022-11-29,_6xCp,,53.0,73.0,51.0,22.0,48.0,32.0,SEDANG,DKI4,"PM2,5",DKI4,Lubang Buaya,2022,11,29,48,1
97,202211,2022-11-30,2022-11-30,_6xCp,,65.0,97.0,52.0,13.0,40.0,31.0,SEDANG,DKI4,"PM2,5",DKI4,Lubang Buaya,2022,11,30,48,2
93,202212,2022-12-01,2022-12-01,_6xCp,,64.0,93.0,52.0,17.0,50.0,31.0,SEDANG,DKI4,"PM2,5",DKI4,Lubang Buaya,2022,12,1,48,3
94,202212,2022-12-02,2022-12-02,_6xCp,,60.0,94.0,52.0,18.0,42.0,30.0,SEDANG,DKI4,"PM2,5",DKI4,Lubang Buaya,2022,12,2,48,4
100,202212,2022-12-03,2022-12-03,_6xCp,,60.0,100.0,52.0,16.0,49.0,31.0,SEDANG,DKI4,"PM2,5",DKI4,Lubang Buaya,2022,12,3,48,5
95,202212,2022-12-04,2022-12-04,_6xCp,,65.0,95.0,52.0,19.0,45.0,34.0,SEDANG,DKI4,"PM2,5",DKI4,Lubang Buaya,2022,12,4,48,6
117,202212,2022-12-05,2022-12-05,_6xCp,,74.0,117.0,52.0,19.0,48.0,33.0,TIDAK SEHAT,DKI4,"PM2,5",DKI4,Lubang Buaya,2022,12,5,49,0
107,202212,2022-12-06,2022-12-06,_6xCp,,70.0,107.0,49.0,24.0,41.0,44.0,TIDAK SEHAT,DKI4,"PM2,5",DKI4,Lubang Buaya,2022,12,6,49,1
88,202212,2022-12-07,2022-12-07,_6xCp,,53.0,88.0,52.0,21.0,37.0,40.0,SEDANG,DKI4,"PM2,5",DKI4,Lubang Buaya,2022,12,7,49,2
85,202212,2022-12-08,2022-12-08,_6xCp,,51.0,85.0,52.0,16.0,47.0,35.0,SEDANG,DKI4,"PM2,5",DKI4,Lubang Buaya,2022,12,8,49,3
94,202212,2022-12-09,2022-12-09,_6xCp,,59.0,94.0,51.0,21.0,31.0,41.0,SEDANG,DKI3,"PM2,5",DKI3,Jagakarsa,2022,12,9,49,4
72,202212,2022-12-10,2022-12-10,_6xCp,,42.0,72.0,52.0,27.0,29.0,35.0,SEDANG,DKI4,"PM2,5",DKI4,Lubang Buaya,2022,12,10,49,5
72,202212,2022-12-11,2022-12-11,_6xCp,,44.0,72.0,52.0,20.0,31.0,32.0,SEDANG,DKI4,"PM2,5",DKI4,Lubang Buaya,2022,12,11,49,6
62,202212,2022-12-12,2022-12-12,_6xCp,,37.0,62.0,51.0,10.0,32.0,22.0,SEDANG,DKI4,"PM2,5",DKI4,Lubang Buaya,2022,12,12,50,0
71,202212,2022-12-13,2022-12-13,_6xCp,,47.0,71.0,51.0,13.0,28.0,23.0,SEDANG,DKI3,"PM2,5",DKI3,Jagakarsa,2022,12,13,50,1
71,202212,2022-12-14,2022-12-14,_6xCp,,46.0,71.0,51.0,10.0,30.0,17.0,SEDANG,DKI3,"PM2,5",DKI3,Jagakarsa,2022,12,14,50,2
60,202212,2022-12-15,2022-12-15,_6xCp,,28.0,60.0,52.0,10.0,29.0,23.0,SEDANG,DKI4,"PM2,5",DKI4,Lubang Buaya,2022,12,15,50,3
83,202212,2022-12-16,2022-12-16,_6xCp,,56.0,83.0,52.0,12.0,28.0,30.0,SEDANG,DKI4,"PM2,5",DKI4,Lubang Buaya,2022,12,16,50,4
98,202212,2022-12-17,2022-12-17,_6xCp,,65.0,98.0,52.0,30.0,38.0,45.0,SEDANG,DKI4,"PM2,5",DKI4,Lubang Buaya,2022,12,17,50,5
96,202212,2022-12-18,2022-12-18,_6xCp,,64.0,96.0,52.0,26.0,46.0,45.0,SEDANG,DKI4,"PM2,5",DKI4,Lubang Buaya,2022,12,18,50,6
99,202212,2022-12-19,2022-12-19,_6xCp,,64.0,99.0,57.0,28.0,39.0,48.0,SEDANG,DKI4,"PM2,5",DKI4,Lubang Buaya,2022,12,19,51,0
154,202212,2022-12-20,2022-12-20,_6xCp,,85.0,,54.0,23.0,29.0,47.0,TIDAK SEHAT,DKI4,"PM2,5",DKI4,Lubang Buaya,2022,12,20,51,1
86,202212,2022-12-21,2022-12-21,_6xCp,,57.0,86.0,62.0,,27.0,32.0,SEDANG,DKI3,"PM2,5",DKI3,Jagakarsa,2022,12,21,51,2
65,202212,2022-12-22,2022-12-22,_6xCp,,49.0,65.0,59.0,,23.0,24.0,SEDANG,DKI4,"PM2,5",DKI4,Lubang Buaya,2022,12,22,51,3
57,202212,2022-12-23,2022-12-23,_6xCp,,31.0,40.0,57.0,,24.0,18.0,SEDANG,DKI2,SO2,DKI2,Kelapa Gading,2022,12,23,51,4
92,202212,2022-12-24,2022-12-24,_6xCp,,58.0,92.0,57.0,,26.0,24.0,SEDANG,DKI3,"PM2,5",DKI3,Jagakarsa,2022,12,24,51,5
57,202212,2022-12-25,2022-12-25,_6xCp,,42.0,56.0,57.0,,25.0,18.0,SEDANG,DKI2,SO2,DKI2,Kelapa Gading,2022,12,25,51,6
62,202212,2022-12-26,2022-12-26,_6xCp,,43.0,62.0,58.0,,25.0,27.0,SEDANG,DKI2,"PM2,5",DKI2,Kelapa Gading,2022,12,26,52,0
58,202212,2022-12-27,2022-12-27,_6xCp,,36.0,47.0,58.0,,20.0,18.0,SEDANG,DKI2,SO2,DKI2,Kelapa Gading,2022,12,27,52,1
66,202212,2022-12-28,2022-12-28,_6xCp,,46.0,66.0,57.0,,15.0,19.0,SEDANG,DKI3,"PM2,5",DKI3,Jagakarsa,2022,12,28,52,2
57,202212,2022-12-29,2022-12-29,_6xCp,,23.0,50.0,57.0,12.0,16.0,15.0,SEDANG,DKI2,SO2,DKI2,Kelapa Gading,2022,12,29,52,3
60,202201,2022-01-11,2022-01-11,_6xCp,,46.0,60.0,53.0,12.0,37.0,28.0,SEDANG,DKI3,"PM2,5",DKI3,Jagakarsa,2022,1,11,2,1
87,202201,2022-01-10,2022-01-10,_6xCp,,60.0,87.0,51.0,13.0,36.0,26.0,SEDANG,DKI3,"PM2,5",DKI3,Jagakarsa,2022,1,10,2,0
82,202201,2022-01-09,2022-01-09,_6xCp,,56.0,82.0,52.0,14.0,39.0,27.0,SEDANG,DKI3,"PM2,5",DKI3,Jagakarsa,2022,1,9,1,6
77,202201,2022-01-08,2022-01-08,_6xCp,,55.0,77.0,52.0,17.0,41.0,29.0,SEDANG,DKI4,"PM2,5",DKI4,Lubang Buaya,2022,1,8,1,5
113,202201,2022-01-07,2022-01-07,_6xCp,,71.0,113.0,48.0,22.0,38.0,41.0,TIDAK SEHAT,DKI4,"PM2,5",DKI4,Lubang Buaya,2022,1,7,1,4
117,202201,2022-01-06,2022-01-06,_6xCp,,73.0,117.0,53.0,16.0,48.0,42.0,TIDAK SEHAT,DKI4,"PM2,5",DKI4,Lubang Buaya,2022,1,6,1,3
165,202201,2022-01-05,2022-01-05,_6xCp,,,,53.0,18.0,55.0,32.0,TIDAK SEHAT,DKI4,"PM2,5",DKI4,Lubang Buaya,2022,1,5,1,2
102,202201,2022-01-04,2022-01-04,_6xCp,,59.0,102.0,51.0,14.0,51.0,26.0,TIDAK SEHAT,DKI4,"PM2,5",DKI4,Lubang Buaya,2022,1,4,1,1
80,202201,2022-01-03,2022-01-03,_6xCp,,49.0,80.0,49.0,13.0,37.0,21.0,SEDANG,DKI4,"PM2,5",DKI4,Lubang Buaya,2022,1,3,1,0
70,202201,2022-01-02,2022-01-02,_6xCp,,40.0,70.0,45.0,10.0,36.0,11.0,SEDANG,DKI4,"PM2,5",DKI4,Lubang Buaya,2022,1,2,52,6
89,202202,2022-02-01,2022-02-01,_6xCp,,64.0,89.0,52.0,13.0,,21.0,SEDANG,DKI3,"PM2,5",DKI3,Jagakarsa,2022,2,1,5,1
50,202202,2022-02-28,2022-02-28,_6xCp,,27.0,50.0,40.0,12.0,30.0,11.0,BAIK,DKI5,"PM2,5",DKI5,Kebon Jeruk,2022,2,28,9,0
51,202202,2022-02-27,2022-02-27,_6xCp,,31.0,51.0,39.0,14.0,30.0,12.0,SEDANG,DKI4,"PM2,5",DKI4,Lubang Buaya,2022,2,27,8,6
60,202202,2022-02-26,2022-02-26,_6xCp,,40.0,60.0,39.0,15.0,28.0,16.0,SEDANG,DKI4,"PM2,5",DKI4,Lubang Buaya,2022,2,26,8,5
59,202202,2022-02-25,2022-02-25,_6xCp,,50.0,59.0,40.0,15.0,28.0,17.0,SEDANG,DKI3,"PM2,5",DKI3,Jagakarsa,2022,2,25,8,4
71,202202,2022-02-24,2022-02-24,_6xCp,,45.0,71.0,41.0,14.0,38.0,21.0,SEDANG,DKI4,"PM2,5",DKI4,Lubang Buaya,2022,2,24,8,3
87,202202,2022-02-23,2022-02-23,_6xCp,,55.0,87.0,49.0,16.0,43.0,38.0,SEDANG,DKI4,"PM2,5",DKI4,Lubang Buaya,2022,2,23,8,2
92,202202,2022-02-22,2022-02-22,_6xCp,,54.0,92.0,42.0,13.0,56.0,35.0,SEDANG,DKI4,"PM2,5",DKI4,Lubang Buaya,2022,2,22,8,1
86,202202,2022-02-21,2022-02-21,_6xCp,,54.0,86.0,41.0,21.0,50.0,35.0,SEDANG,DKI5,"PM2,5",DKI5,Kebon Jeruk,2022,2,21,8,0
115,202202,2022-02-20,2022-02-20,_6xCp,,70.0,115.0,47.0,26.0,,36.0,TIDAK SEHAT,DKI4,"PM2,5",DKI4,Lubang Buaya,2022,2,20,7,6
108,202202,2022-02-19,2022-02-19,_6xCp,,67.0,108.0,44.0,23.0,,37.0,TIDAK SEHAT,DKI4,"PM2,5",DKI4,Lubang Buaya,2022,2,19,7,5
118,202202,2022-02-18,2022-02-18,_6xCp,,65.0,118.0,47.0,18.0,,30.0,TIDAK SEHAT,DKI4,"PM2,5",DKI4,Lubang Buaya,2022,2,18,7,4
86,202202,2022-02-17,2022-02-17,_6xCp,,53.0,74.0,45.0,19.0,,29.0,SEDANG,DKI2,O3,DKI2,Kelapa Gading,2022,2,17,7,3
110,202202,2022-02-16,2022-02-16,_6xCp,,66.0,110.0,48.0,24.0,,33.0,TIDAK SEHAT,DKI5,"PM2,5",DKI5,Kebon Jeruk,2022,2,16,7,2
119,202202,2022-02-15,2022-02-15,_6xCp,,74.0,119.0,52.0,,,38.0,TIDAK SEHAT,DKI3,"PM2,5",DKI3,Jagakarsa,2022,2,15,7,1
109,202202,2022-02-14,2022-02-14,_6xCp,,66.0,109.0,51.0,29.0,49.0,39.0,TIDAK SEHAT,DKI4,"PM2,5",DKI4,Lubang Buaya,2022,2,14,7,0
98,202202,2022-02-13,2022-02-13,_6xCp,,70.0,98.0,41.0,19.0,55.0,29.0,SEDANG,DKI3,"PM2,5",DKI3,Jagakarsa,2022,2,13,6,6
68,202202,2022-02-12,2022-02-12,_6xCp,,52.0,68.0,42.0,14.0,55.0,29.0,SEDANG,DKI5,"PM2,5",DKI5,Kebon Jeruk,2022,2,12,6,5
95,202202,2022-02-11,2022-02-11,_6xCp,,62.0,95.0,48.0,20.0,48.0,33.0,SEDANG,DKI5,"PM2,5",DKI5,Kebon Jeruk,2022,2,11,6,4
49,202202,2022-02-10,2022-02-10,_6xCp,,24.0,47.0,41.0,12.0,49.0,23.0,BAIK,DKI2,O3,DKI2,Kelapa Gading,2022,2,10,6,3
85,202201,2022-01-01,2022-01-01,_6xCp,,57.0,85.0,48.0,13.0,34.0,18.0,SEDANG,DKI4,"PM2,5",DKI4,Lubang Buaya,2022,1,1,52,5
119,202201,2022-01-31,2022-01-31,_6xCp,,72.0,119.0,58.0,,53.0,44.0,TIDAK SEHAT,DKI4,"PM2,5",DKI4,Lubang Buaya,2022,1,31,5,0
129,202201,2022-01-30,2022-01-30,_6xCp,,75.0,129.0,53.0,25.0,59.0,50.0,TIDAK SEHAT,DKI4,"PM2,5",DKI4,Lubang Buaya,2022,1,30,4,6
120,202201,2022-01-29,2022-01-29,_6xCp,,65.0,120.0,52.0,30.0,52.0,46.0,TIDAK SEHAT,DKI4,"PM2,5",DKI4,Lubang Buaya,2022,1,29,4,5
84,202201,2022-01-28,2022-01-28,_6xCp,,63.0,84.0,52.0,12.0,60.0,28.0,SEDANG,DKI3,"PM2,5",DKI3,Jagakarsa,2022,1,28,4,4
75,202201,2022-01-27,2022-01-27,_6xCp,,58.0,75.0,47.0,14.0,48.0,25.0,SEDANG,DKI3,"PM2,5",DKI3,Jagakarsa,2022,1,27,4,3
57,202201,2022-01-26,2022-01-26,_6xCp,,38.0,56.0,45.0,14.0,57.0,24.0,SEDANG,DKI2,O3,DKI2,Kelapa Gading,2022,1,26,4,2
58,202201,2022-01-25,2022-01-25,_6xCp,,41.0,58.0,46.0,9.0,51.0,19.0,SEDANG,DKI3,"PM2,5",DKI3,Jagakarsa,2022,1,25,4,1
74,202201,2022-01-24,2022-01-24,_6xCp,,57.0,74.0,48.0,11.0,58.0,18.0,SEDANG,DKI3,"PM2,5",DKI3,Jagakarsa,2022,1,24,4,0
73,202201,2022-01-23,2022-01-23,_6xCp,,57.0,73.0,50.0,11.0,35.0,15.0,SEDANG,DKI3,"PM2,5",DKI3,Jagakarsa,2022,1,23,3,6
73,202201,2022-01-22,2022-01-22,_6xCp,,52.0,73.0,51.0,12.0,39.0,20.0,SEDANG,DKI4,"PM2,5",DKI4,Lubang Buaya,2022,1,22,3,5
57,202201,2022-01-21,2022-01-21,_6xCp,,40.0,57.0,51.0,15.0,51.0,23.0,SEDANG,DKI3,"PM2,5",DKI3,Jagakarsa,2022,1,21,3,4
68,202201,2022-01-20,2022-01-20,_6xCp,,40.0,57.0,55.0,14.0,,24.0,SEDANG,DKI2,O3,DKI2,Kelapa Gading,2022,1,20,3,3
69,202201,2022-01-19,2022-01-19,_6xCp,,45.0,61.0,45.0,15.0,,22.0,SEDANG,DKI2,O3,DKI2,Kelapa Gading,2022,1,19,3,2
67,202201,2022-01-18,2022-01-18,_6xCp,,54.0,67.0,47.0,14.0,59.0,33.0,SEDANG,DKI4,"PM2,5",DKI4,Lubang Buaya,2022,1,18,3,1
93,202201,2022-01-17,2022-01-17,_6xCp,,67.0,93.0,44.0,19.0,,28.0,SEDANG,DKI4,"PM2,5",DKI4,Lubang Buaya,2022,1,17,3,0
102,202201,2022-01-16,2022-01-16,_6xCp,,67.0,102.0,47.0,20.0,,32.0,TIDAK SEHAT,DKI5,"PM2,5",DKI5,Kebon Jeruk,2022,1,16,2,6
69,202201,2022-01-15,2022-01-15,_6xCp,,55.0,69.0,51.0,15.0,,29.0,SEDANG,DKI3,"PM2,5",DKI3,Jagakarsa,2022,1,15,2,5
63,202201,2022-01-14,2022-01-14,_6xCp,,46.0,63.0,48.0,15.0,,32.0,SEDANG,DKI2,"PM2,5",DKI2,Kelapa Gading,2022,1,14,2,4
63,202201,2022-01-13,2022-01-13,_6xCp,,38.0,62.0,52.0,15.0,,32.0,SEDANG,DKI2,O3,DKI2,Kelapa Gading,2022,1,13,2,3
59,202201,2022-01-12,2022-01-12,_6xCp,,46.0,59.0,51.0,15.0,38.0,29.0,SEDANG,DKI4,"PM2,5",DKI4,Lubang Buaya,2022,1,12,2,2
101,202202,2022-02-09,2022-02-09,_6xCp,,64.0,101.0,39.0,,55.0,45.0,TIDAK SEHAT,DKI4,"PM2,5",DKI4,Lubang Buaya,2022,2,9,6,2
83,202204,2022-04-28,2022-04-28,_6xCp,,42.0,83.0,41.0,12.0,59.0,20.0,SEDANG,DKI4,"PM2,5",DKI4,Lubang Buaya,2022,4,28,17,3
91,202204,2022-04-27,2022-04-27,_6xCp,,47.0,91.0,44.0,13.0,45.0,26.0,SEDANG,DKI4,"PM2,5",DKI4,Lubang Buaya,2022,4,27,17,2
82,202204,2022-04-26,2022-04-26,_6xCp,,59.0,82.0,41.0,13.0,,29.0,SEDANG,DKI4,"PM2,5",DKI4,Lubang Buaya,2022,4,26,17,1
118,202204,2022-04-25,2022-04-25,_6xCp,,60.0,118.0,44.0,14.0,,28.0,TIDAK SEHAT,DKI4,"PM2,5",DKI4,Lubang Buaya,2022,4,25,17,0
114,202204,2022-04-24,2022-04-24,_6xCp,,63.0,114.0,41.0,24.0,,30.0,TIDAK SEHAT,DKI4,"PM2,5",DKI4,Lubang Buaya,2022,4,24,16,6
108,202204,2022-04-23,2022-04-23,_6xCp,,60.0,108.0,42.0,30.0,52.0,43.0,TIDAK SEHAT,DKI4,"PM2,5",DKI4,Lubang Buaya,2022,4,23,16,5
128,202204,2022-04-22,2022-04-22,_6xCp,,83.0,128.0,49.0,25.0,52.0,42.0,TIDAK SEHAT,DKI4,"PM2,5",DKI4,Lubang Buaya,2022,4,22,16,4
56,202204,2022-04-21,2022-04-21,_6xCp,,46.0,56.0,41.0,15.0,43.0,24.0,SEDANG,DKI5,"PM2,5",DKI5,Kebon Jeruk,2022,4,21,16,3
105,202204,2022-04-20,2022-04-20,_6xCp,,61.0,105.0,42.0,18.0,,34.0,TIDAK SEHAT,DKI4,"PM2,5",DKI4,Lubang Buaya,2022,4,20,16,2
84,202204,2022-04-19,2022-04-19,_6xCp,,52.0,78.0,41.0,13.0,,29.0,SEDANG,DKI2,O3,DKI2,Kelapa Gading,2022,4,19,16,1
135,202204,2022-04-18,2022-04-18,_6xCp,,73.0,135.0,40.0,13.0,,14.0,TIDAK SEHAT,DKI4,"PM2,5",DKI4,Lubang Buaya,2022,4,18,16,0
109,202202,2022-02-08,2022-02-08,_6xCp,,58.0,109.0,39.0,18.0,60.0,31.0,TIDAK SEHAT,DKI4,"PM2,5",DKI4,Lubang Buaya,2022,2,8,6,1
67,202202,2022-02-07,2022-02-07,_6xCp,,40.0,60.0,48.0,13.0,,22.0,SEDANG,DKI2,O3,DKI2,Kelapa Gading,2022,2,7,6,0
58,202202,2022-02-06,2022-02-06,_6xCp,,39.0,51.0,58.0,15.0,57.0,21.0,SEDANG,DKI1,SO2,DKI1,Bundaran HI,2022,2,6,5,6
62,202202,2022-02-05,2022-02-05,_6xCp,,43.0,62.0,53.0,18.0,55.0,30.0,SEDANG,DKI5,"PM2,5",DKI5,Kebon Jeruk,2022,2,5,5,5
72,202202,2022-02-04,2022-02-04,_6xCp,,54.0,72.0,46.0,12.0,,27.0,SEDANG,DKI3,"PM2,5",DKI3,Jagakarsa,2022,2,4,5,4
99,202202,2022-02-03,2022-02-03,_6xCp,,58.0,99.0,48.0,20.0,,33.0,SEDANG,DKI4,"PM2,5",DKI4,Lubang Buaya,2022,2,3,5,3
101,202202,2022-02-02,2022-02-02,_6xCp,,66.0,101.0,47.0,22.0,,26.0,TIDAK SEHAT,DKI4,"PM2,5",DKI4,Lubang Buaya,2022,2,2,5,2
50,202203,2022-03-01,2022-03-01,_6xCp,,27.0,50.0,44.0,11.0,17.0,12.0,BAIK,DKI5,"PM2,5",DKI5,Kebon Jeruk,2022,3,1,9,1
160,202203,2022-03-31,2022-03-31,_6xCp,,,,49.0,,,34.0,TIDAK SEHAT,DKI4,"PM2,5",DKI4,Lubang Buaya,2022,3,31,13,3
119,202203,2022-03-30,2022-03-30,_6xCp,,75.0,119.0,42.0,20.0,,35.0,TIDAK SEHAT,DKI4,"PM2,5",DKI4,Lubang Buaya,2022,3,30,13,2
117,202203,2022-03-29,2022-03-29,_6xCp,,61.0,117.0,44.0,17.0,52.0,31.0,TIDAK SEHAT,DKI4,"PM2,5",DKI4,Lubang Buaya,2022,3,29,13,1
62,202203,2022-03-28,2022-03-28,_6xCp,,49.0,62.0,40.0,12.0,59.0,28.0,SEDANG,DKI5,"PM2,5",DKI5,Kebon Jeruk,2022,3,28,13,0
126,202203,2022-03-27,2022-03-27,_6xCp,,84.0,126.0,46.0,,42.0,51.0,TIDAK SEHAT,DKI5,"PM2,5",DKI5,Kebon Jeruk,2022,3,27,12,6
92,202203,2022-03-26,2022-03-26,_6xCp,,67.0,92.0,43.0,17.0,49.0,29.0,SEDANG,DKI4,"PM2,5",DKI4,Lubang Buaya,2022,3,26,12,5
122,202203,2022-03-25,2022-03-25,_6xCp,,90.0,122.0,51.0,19.0,,29.0,TIDAK SEHAT,DKI5,"PM2,5",DKI5,Kebon Jeruk,2022,3,25,12,4
65,202203,2022-03-24,2022-03-24,_6xCp,,43.0,65.0,43.0,15.0,40.0,22.0,SEDANG,DKI4,"PM2,5",DKI4,Lubang Buaya,2022,3,24,12,3
61,202203,2022-03-23,2022-03-23,_6xCp,,46.0,61.0,41.0,16.0,34.0,19.0,SEDANG,DKI5,"PM2,5",DKI5,Kebon Jeruk,2022,3,23,12,2
63,202203,2022-03-22,2022-03-22,_6xCp,,50.0,63.0,38.0,12.0,35.0,17.0,SEDANG,DKI3,"PM2,5",DKI3,Jagakarsa,2022,3,22,12,1
53,202203,2022-03-21,2022-03-21,_6xCp,,38.0,53.0,38.0,10.0,34.0,8.0,SEDANG,DKI4,"PM2,5",DKI4,Lubang Buaya,2022,3,21,12,0
71,202203,2022-03-20,2022-03-20,_6xCp,,55.0,71.0,39.0,13.0,34.0,14.0,SEDANG,DKI4,"PM2,5",DKI4,Lubang Buaya,2022,3,20,11,6
73,202203,2022-03-19,2022-03-19,_6xCp,,46.0,73.0,40.0,15.0,48.0,20.0,SEDANG,DKI4,"PM2,5",DKI4,Lubang Buaya,2022,3,19,11,5
111,202203,2022-03-18,2022-03-18,_6xCp,,67.0,111.0,40.0,23.0,,32.0,TIDAK SEHAT,DKI4,"PM2,5",DKI4,Lubang Buaya,2022,3,18,11,4
141,202203,2022-03-17,2022-03-17,_6xCp,,77.0,,40.0,23.0,,28.0,TIDAK SEHAT,DKI4,"PM2,5",DKI4,Lubang Buaya,2022,3,17,11,3
76,202203,2022-03-16,2022-03-16,_6xCp,,51.0,76.0,41.0,21.0,53.0,25.0,SEDANG,DKI4,"PM2,5",DKI4,Lubang Buaya,2022,3,16,11,2
97,202203,2022-03-15,2022-03-15,_6xCp,,56.0,97.0,41.0,22.0,54.0,28.0,SEDANG,DKI4,"PM2,5",DKI4,Lubang Buaya,2022,3,15,11,1
109,202203,2022-03-14,2022-03-14,_6xCp,,60.0,109.0,39.0,25.0,,31.0,TIDAK SEHAT,DKI4,"PM2,5",DKI4,Lubang Buaya,2022,3,14,11,0
65,202203,2022-03-13,2022-03-13,_6xCp,,46.0,65.0,43.0,18.0,36.0,20.0,SEDANG,DKI5,"PM2,5",DKI5,Kebon Jeruk,2022,3,13,10,6
59,202203,2022-03-12,2022-03-12,_6xCp,,50.0,59.0,39.0,13.0,41.0,21.0,SEDANG,DKI4,"PM2,5",DKI4,Lubang Buaya,2022,3,12,10,5
107,202203,2022-03-11,2022-03-11,_6xCp,,77.0,107.0,46.0,23.0,52.0,52.0,TIDAK SEHAT,DKI4,"PM2,5",DKI4,Lubang Buaya,2022,3,11,10,4
112,202203,2022-03-10,2022-03-10,_6xCp,,60.0,112.0,42.0,24.0,,40.0,TIDAK SEHAT,DKI4,"PM2,5",DKI4,Lubang Buaya,2022,3,10,10,3
75,202203,2022-03-09,2022-03-09,_6xCp,,50.0,75.0,40.0,20.0,58.0,28.0,SEDANG,DKI4,"PM2,5",DKI4,Lubang Buaya,2022,3,9,10,2
102,202203,2022-03-08,2022-03-08,_6xCp,,55.0,102.0,40.0,15.0,45.0,25.0,TIDAK SEHAT,DKI4,"PM2,5",DKI4,Lubang Buaya,2022,3,8,10,1
53,202203,2022-03-07,2022-03-07,_6xCp,,29.0,53.0,37.0,13.0,37.0,13.0,SEDANG,DKI4,"PM2,5",DKI4,Lubang Buaya,2022,3,7,10,0
90,202203,2022-03-06,2022-03-06,_6xCp,,53.0,90.0,38.0,21.0,28.0,18.0,SEDANG,DKI4,"PM2,5",DKI4,Lubang Buaya,2022,3,6,9,6
68,202203,2022-03-05,2022-03-05,_6xCp,,48.0,68.0,40.0,17.0,36.0,22.0,SEDANG,DKI4,"PM2,5",DKI4,Lubang Buaya,2022,3,5,9,5
53,202203,2022-03-04,2022-03-04,_6xCp,,32.0,53.0,41.0,13.0,45.0,20.0,SEDANG,DKI4,"PM2,5",DKI4,Lubang Buaya,2022,3,4,9,4
55,202203,2022-03-03,2022-03-03,_6xCp,,30.0,55.0,43.0,12.0,35.0,18.0,SEDANG,DKI4,"PM2,5",DKI4,Lubang Buaya,2022,3,3,9,3
51,202203,2022-03-02,2022-03-02,_6xCp,,32.0,51.0,46.0,15.0,24.0,15.0,SEDANG,DKI2,"PM2,5",DKI2,Kelapa Gading,2022,3,2,9,2
114,202204,2022-04-01,2022-04-01,_6xCp,,74.0,114.0,47.0,19.0,,38.0,TIDAK SEHAT,DKI4,"PM2,5",DKI4,Lubang Buaya,2022,4,1,13,4
53,202204,2022-04-30,2022-04-30,_6xCp,,39.0,53.0,38.0,16.0,17.0,6.0,SEDANG,DKI2,"PM2,5",DKI2,Kelapa Gading,2022,4,30,17,5
60,202204,2022-04-29,2022-04-29,_6xCp,,35.0,60.0,40.0,10.0,46.0,16.0,SEDANG,DKI4,"PM2,5",DKI4,Lubang Buaya,2022,4,29,17,4
128,202205,2022-05-17,2022-05-17,_6xCp,,66.0,128.0,42.0,22.0,,31.0,TIDAK SEHAT,DKI4,"PM2,5",DKI4,Lubang Buaya,2022,5,17,20,1
100,202205,2022-05-16,2022-05-16,_6xCp,,58.0,100.0,42.0,22.0,,31.0,SEDANG,DKI4,"PM2,5",DKI4,Lubang Buaya,2022,5,16,20,0
126,202205,2022-05-15,2022-05-15,_6xCp,,77.0,126.0,42.0,19.0,,23.0,TIDAK SEHAT,DKI4,"PM2,5",DKI4,Lubang Buaya,2022,5,15,19,6
101,202205,2022-05-14,2022-05-14,_6xCp,,57.0,101.0,44.0,14.0,,30.0,TIDAK SEHAT,DKI4,"PM2,5",DKI4,Lubang Buaya,2022,5,14,19,5
65,202205,2022-05-13,2022-05-13,_6xCp,,34.0,55.0,44.0,8.0,,20.0,SEDANG,DKI2,O3,DKI2,Kelapa Gading,2022,5,13,19,4
85,202205,2022-05-12,2022-05-12,_6xCp,,61.0,85.0,54.0,13.0,,25.0,SEDANG,DKI3,"PM2,5",DKI3,Jagakarsa,2022,5,12,19,3
81,202205,2022-05-11,2022-05-11,_6xCp,,54.0,75.0,41.0,12.0,,26.0,SEDANG,DKI2,O3,DKI2,Kelapa Gading,2022,5,11,19,2
86,202205,2022-05-10,2022-05-10,_6xCp,,54.0,86.0,50.0,17.0,,28.0,SEDANG,DKI4,"PM2,5",DKI4,Lubang Buaya,2022,5,10,19,1
95,202205,2022-05-09,2022-05-09,_6xCp,,58.0,95.0,44.0,12.0,,24.0,SEDANG,DKI4,"PM2,5",DKI4,Lubang Buaya,2022,5,9,19,0
98,202205,2022-05-08,2022-05-08,_6xCp,,63.0,98.0,42.0,19.0,,21.0,SEDANG,DKI4,"PM2,5",DKI4,Lubang Buaya,2022,5,8,18,6
92,202205,2022-05-07,2022-05-07,_6xCp,,56.0,92.0,41.0,12.0,,13.0,SEDANG,DKI4,"PM2,5",DKI4,Lubang Buaya,2022,5,7,18,5
73,202205,2022-05-06,2022-05-06,_6xCp,,39.0,73.0,42.0,10.0,58.0,12.0,SEDANG,DKI4,"PM2,5",DKI4,Lubang Buaya,2022,5,6,18,4
102,202205,2022-05-05,2022-05-05,_6xCp,,53.0,102.0,41.0,13.0,,20.0,TIDAK SEHAT,DKI4,"PM2,5",DKI4,Lubang Buaya,2022,5,5,18,3
85,202205,2022-05-04,2022-05-04,_6xCp,,51.0,85.0,41.0,11.0,,18.0,SEDANG,DKI4,"PM2,5",DKI4,Lubang Buaya,2022,5,4,18,2
58,202205,2022-05-03,2022-05-03,_6xCp,,36.0,58.0,40.0,13.0,58.0,23.0,SEDANG,DKI2,"PM2,5",DKI2,Kelapa Gading,2022,5,3,18,1
90,202205,2022-05-02,2022-05-02,_6xCp,,58.0,90.0,41.0,16.0,,17.0,SEDANG,DKI4,"PM2,5",DKI4,Lubang Buaya,2022,5,2,18,0
77,202206,2022-06-01,2022-06-01,_6xCp,,53.0,77.0,43.0,18.0,55.0,27.0,SEDANG,DKI5,"PM2,5",DKI5,Kebon Jeruk,2022,6,1,22,2
117,202206,2022-06-30,2022-06-30,_6xCp,,68.0,117.0,48.0,13.0,,26.0,TIDAK SEHAT,DKI4,"PM2,5",DKI4,Lubang Buaya,2022,6,30,26,3
79,202206,2022-06-29,2022-06-29,_6xCp,,59.0,79.0,46.0,14.0,,32.0,SEDANG,DKI4,"PM2,5",DKI4,Lubang Buaya,2022,6,29,26,2
82,202206,2022-06-28,2022-06-28,_6xCp,,57.0,82.0,46.0,16.0,,29.0,SEDANG,DKI2,"PM2,5",DKI2,Kelapa Gading,2022,6,28,26,1
102,202206,2022-06-27,2022-06-27,_6xCp,,74.0,102.0,45.0,22.0,,33.0,TIDAK SEHAT,DKI4,"PM2,5",DKI4,Lubang Buaya,2022,6,27,26,0
148,202204,2022-04-17,2022-04-17,_6xCp,,76.0,,52.0,21.0,,24.0,TIDAK SEHAT,DKI4,"PM2,5",DKI4,Lubang Buaya,2022,4,17,15,6
119,202204,2022-04-16,2022-04-16,_6xCp,,63.0,119.0,46.0,16.0,,21.0,TIDAK SEHAT,DKI4,"PM2,5",DKI4,Lubang Buaya,2022,4,16,15,5
102,202204,2022-04-15,2022-04-15,_6xCp,,61.0,102.0,41.0,15.0,,28.0,TIDAK SEHAT,DKI4,"PM2,5",DKI4,Lubang Buaya,2022,4,15,15,4
111,202204,2022-04-14,2022-04-14,_6xCp,,66.0,104.0,44.0,14.0,,25.0,TIDAK SEHAT,DKI2,O3,DKI2,Kelapa Gading,2022,4,14,15,3
118,202204,2022-04-13,2022-04-13,_6xCp,,78.0,116.0,42.0,21.0,,40.0,TIDAK SEHAT,DKI2,O3,DKI2,Kelapa Gading,2022,4,13,15,2
107,202204,2022-04-12,2022-04-12,_6xCp,,71.0,107.0,52.0,22.0,,43.0,TIDAK SEHAT,DKI4,"PM2,5",DKI4,Lubang Buaya,2022,4,12,15,1
98,202204,2022-04-11,2022-04-11,_6xCp,,63.0,98.0,44.0,17.0,,31.0,SEDANG,DKI4,"PM2,5",DKI4,Lubang Buaya,2022,4,11,15,0
164,202204,2022-04-10,2022-04-10,_6xCp,,82.0,,46.0,27.0,,38.0,TIDAK SEHAT,DKI4,"PM2,5",DKI4,Lubang Buaya,2022,4,10,14,6
76,202204,2022-04-09,2022-04-09,_6xCp,,50.0,76.0,42.0,21.0,59.0,28.0,SEDANG,DKI4,"PM2,5",DKI4,Lubang Buaya,2022,4,9,14,5
81,202204,2022-04-08,2022-04-08,_6xCp,,52.0,81.0,40.0,17.0,50.0,29.0,SEDANG,DKI4,"PM2,5",DKI4,Lubang Buaya,2022,4,8,14,4
90,202204,2022-04-07,2022-04-07,_6xCp,,58.0,90.0,42.0,22.0,,35.0,SEDANG,DKI4,"PM2,5",DKI4,Lubang Buaya,2022,4,7,14,3
87,202204,2022-04-06,2022-04-06,_6xCp,,54.0,87.0,40.0,20.0,57.0,32.0,SEDANG,DKI4,"PM2,5",DKI4,Lubang Buaya,2022,4,6,14,2
92,202204,2022-04-05,2022-04-05,_6xCp,,73.0,92.0,53.0,19.0,,43.0,SEDANG,DKI4,"PM2,5",DKI4,Lubang Buaya,2022,4,5,14,1
71,202204,2022-04-04,2022-04-04,_6xCp,,49.0,71.0,43.0,23.0,,27.0,SEDANG,DKI4,"PM2,5",DKI4,Lubang Buaya,2022,4,4,14,0
74,202204,2022-04-03,2022-04-03,_6xCp,,51.0,74.0,39.0,14.0,40.0,17.0,SEDANG,DKI4,"PM2,5",DKI4,Lubang Buaya,2022,4,3,13,6
99,202204,2022-04-02,2022-04-02,_6xCp,,61.0,99.0,42.0,18.0,,28.0,SEDANG,DKI4,"PM2,5",DKI4,Lubang Buaya,2022,4,2,13,5
126,202205,2022-05-01,2022-05-01,_6xCp,,66.0,126.0,48.0,24.0,,26.0,TIDAK SEHAT,DKI4,"PM2,5",DKI4,Lubang Buaya,2022,5,1,17,6
100,202205,2022-05-31,2022-05-31,_6xCp,,63.0,100.0,44.0,,59.0,44.0,SEDANG,0,,,0,2022,5,31,22,1
89,202205,2022-05-30,2022-05-30,_6xCp,,51.0,89.0,45.0,17.0,58.0,31.0,SEDANG,DKI4,"PM2,5",DKI4,Lubang Buaya,2022,5,30,22,0
107,202205,2022-05-29,2022-05-29,_6xCp,,64.0,107.0,43.0,23.0,,40.0,TIDAK SEHAT,DKI4,"PM2,5",DKI4,Lubang Buaya,2022,5,29,21,6
105,202205,2022-05-28,2022-05-28,_6xCp,,57.0,105.0,43.0,17.0,,33.0,TIDAK SEHAT,DKI3,"PM2,5",DKI3,Jagakarsa,2022,5,28,21,5
146,202205,2022-05-27,2022-05-27,_6xCp,,79.0,,52.0,25.0,,35.0,TIDAK SEHAT,DKI4,"PM2,5",DKI4,Lubang Buaya,2022,5,27,21,4
93,202205,2022-05-26,2022-05-26,_6xCp,,57.0,93.0,45.0,15.0,52.0,26.0,SEDANG,DKI4,"PM2,5",DKI4,Lubang Buaya,2022,5,26,21,3
121,202205,2022-05-25,2022-05-25,_6xCp,,74.0,121.0,48.0,16.0,58.0,27.0,TIDAK SEHAT,DKI4,"PM2,5",DKI4,Lubang Buaya,2022,5,25,21,2
98,202205,2022-05-24,2022-05-24,_6xCp,,58.0,98.0,46.0,11.0,54.0,21.0,SEDANG,DKI4,"PM2,5",DKI4,Lubang Buaya,2022,5,24,21,1
123,202205,2022-05-23,2022-05-23,_6xCp,,68.0,123.0,47.0,17.0,53.0,24.0,TIDAK SEHAT,DKI4,"PM2,5",DKI4,Lubang Buaya,2022,5,23,21,0
110,202205,2022-05-22,2022-05-22,_6xCp,,58.0,110.0,44.0,17.0,55.0,25.0,TIDAK SEHAT,DKI4,"PM2,5",DKI4,Lubang Buaya,2022,5,22,20,6
82,202205,2022-05-21,2022-05-21,_6xCp,,58.0,82.0,44.0,20.0,58.0,32.0,SEDANG,DKI4,"PM2,5",DKI4,Lubang Buaya,2022,5,21,20,5
128,202205,2022-05-20,2022-05-20,_6xCp,,70.0,128.0,43.0,24.0,,43.0,TIDAK SEHAT,DKI4,"PM2,5",DKI4,Lubang Buaya,2022,5,20,20,4
136,202205,2022-05-19,2022-05-19,_6xCp,,75.0,136.0,43.0,28.0,,46.0,TIDAK SEHAT,DKI4,"PM2,5",DKI4,Lubang Buaya,2022,5,19,20,3
99,202205,2022-05-18,2022-05-18,_6xCp,,62.0,99.0,42.0,15.0,,24.0,SEDANG,DKI4,"PM2,5",DKI4,Lubang Buaya,2022,5,18,20,2
106,202206,2022-06-26,2022-06-26,_6xCp,,68.0,106.0,45.0,22.0,,36.0,TIDAK SEHAT,DKI4,"PM2,5",DKI4,Lubang Buaya,2022,6,26,25,6
131,202206,2022-06-25,2022-06-25,_6xCp,,82.0,131.0,46.0,23.0,60.0,31.0,TIDAK SEHAT,DKI4,"PM2,5",DKI4,Lubang Buaya,2022,6,25,25,5
123,202206,2022-06-24,2022-06-24,_6xCp,,85.0,123.0,46.0,22.0,,38.0,TIDAK SEHAT,DKI4,"PM2,5",DKI4,Lubang Buaya,2022,6,24,25,4
119,202206,2022-06-23,2022-06-23,_6xCp,,82.0,119.0,46.0,19.0,,32.0,TIDAK SEHAT,DKI4,"PM2,5",DKI4,Lubang Buaya,2022,6,23,25,3
123,202206,2022-06-22,2022-06-22,_6xCp,,71.0,123.0,47.0,17.0,,27.0,TIDAK SEHAT,DKI4,"PM2,5",DKI4,Lubang Buaya,2022,6,22,25,2
114,202206,2022-06-21,2022-06-21,_6xCp,,79.0,114.0,47.0,18.0,,32.0,TIDAK SEHAT,DKI4,"PM2,5",DKI4,Lubang Buaya,2022,6,21,25,1
131,202206,2022-06-20,2022-06-20,_6xCp,,78.0,131.0,45.0,17.0,,27.0,TIDAK SEHAT,DKI4,"PM2,5",DKI4,Lubang Buaya,2022,6,20,25,0
118,202206,2022-06-19,2022-06-19,_6xCp,,73.0,118.0,47.0,23.0,,37.0,TIDAK SEHAT,DKI4,"PM2,5",DKI4,Lubang Buaya,2022,6,19,24,6
117,202206,2022-06-18,2022-06-18,_6xCp,,75.0,117.0,45.0,30.0,58.0,42.0,TIDAK SEHAT,DKI4,"PM2,5",DKI4,Lubang Buaya,2022,6,18,24,5
130,202206,2022-06-17,2022-06-17,_6xCp,,85.0,130.0,45.0,25.0,50.0,37.0,TIDAK SEHAT,DKI4,"PM2,5",DKI4,Lubang Buaya,2022,6,17,24,4
146,202206,2022-06-16,2022-06-16,_6xCp,,79.0,,46.0,,50.0,45.0,TIDAK SEHAT,DKI4,"PM2,5",DKI4,Lubang Buaya,2022,6,16,24,3
141,202206,2022-06-15,2022-06-15,_6xCp,,80.0,,45.0,25.0,44.0,43.0,TIDAK SEHAT,DKI4,"PM2,5",DKI4,Lubang Buaya,2022,6,15,24,2
112,202206,2022-06-14,2022-06-14,_6xCp,,75.0,112.0,49.0,27.0,52.0,50.0,TIDAK SEHAT,DKI4,"PM2,5",DKI4,Lubang Buaya,2022,6,14,24,1
97,202206,2022-06-13,2022-06-13,_6xCp,,61.0,97.0,46.0,22.0,,38.0,SEDANG,DKI4,"PM2,5",DKI4,Lubang Buaya,2022,6,13,24,0
112,202206,2022-06-12,2022-06-12,_6xCp,,61.0,112.0,45.0,22.0,,33.0,TIDAK SEHAT,DKI4,"PM2,5",DKI4,Lubang Buaya,2022,6,12,23,6
92,202206,2022-06-11,2022-06-11,_6xCp,,58.0,92.0,45.0,15.0,,28.0,SEDANG,DKI4,"PM2,5",DKI4,Lubang Buaya,2022,6,11,23,5
82,202206,2022-06-10,2022-06-10,_6xCp,,56.0,82.0,44.0,26.0,49.0,36.0,SEDANG,DKI4,"PM2,5",DKI4,Lubang Buaya,2022,6,10,23,4
97,202206,2022-06-09,2022-06-09,_6xCp,,65.0,97.0,51.0,27.0,34.0,46.0,SEDANG,DKI4,"PM2,5",DKI4,Lubang Buaya,2022,6,9,23,3
110,202206,2022-06-08,2022-06-08,_6xCp,,65.0,110.0,44.0,18.0,54.0,25.0,TIDAK SEHAT,DKI4,"PM2,5",DKI4,Lubang Buaya,2022,6,8,23,2
76,202206,2022-06-07,2022-06-07,_6xCp,,61.0,76.0,44.0,18.0,50.0,32.0,SEDANG,DKI4,"PM2,5",DKI4,Lubang Buaya,2022,6,7,23,1
111,202206,2022-06-06,2022-06-06,_6xCp,,64.0,111.0,44.0,21.0,,35.0,TIDAK SEHAT,DKI4,"PM2,5",DKI4,Lubang Buaya,2022,6,6,23,0
116,202206,2022-06-05,2022-06-05,_6xCp,,62.0,116.0,45.0,15.0,,27.0,TIDAK SEHAT,DKI4,"PM2,5",DKI4,Lubang Buaya,2022,6,5,22,6
136,202206,2022-06-04,2022-06-04,_6xCp,,78.0,136.0,44.0,26.0,,51.0,TIDAK SEHAT,DKI4,"PM2,5",DKI4,Lubang Buaya,2022,6,4,22,5
72,202206,2022-06-03,2022-06-03,_6xCp,,51.0,68.0,44.0,20.0,,36.0,SEDANG,DKI2,O3,DKI2,Kelapa Gading,2022,6,3,22,4
100,202206,2022-06-02,2022-06-02,_6xCp,,56.0,100.0,44.0,15.0,,33.0,SEDANG,DKI4,"PM2,5",DKI4,Lubang Buaya,2022,6,2,22,3
111,202207,2022-07-01,2022-07-01,_6xCp,,73.0,111.0,49.0,15.0,,31.0,TIDAK SEHAT,DKI4,"PM2,5",DKI4,Lubang Buaya,2022,7,1,26,4
143,202207,2022-07-31,2022-07-31,_6xCp,,80.0,,49.0,17.0,,27.0,TIDAK SEHAT,DKI4,"PM2,5",DKI4,Lubang Buaya,2022,7,31,30,6
118,202207,2022-07-30,2022-07-30,_6xCp,,66.0,118.0,49.0,15.0,,22.0,TIDAK SEHAT,DKI4,"PM2,5",DKI4,Lubang Buaya,2022,7,30,30,5
123,202207,2022-07-29,2022-07-29,_6xCp,,74.0,123.0,50.0,12.0,,22.0,TIDAK SEHAT,DKI4,"PM2,5",DKI4,Lubang Buaya,2022,7,29,30,4
132,202207,2022-07-28,2022-07-28,_6xCp,,82.0,132.0,50.0,16.0,,30.0,TIDAK SEHAT,DKI4,"PM2,5",DKI4,Lubang Buaya,2022,7,28,30,3
118,202207,2022-07-27,2022-07-27,_6xCp,,70.0,116.0,50.0,14.0,,24.0,TIDAK SEHAT,DKI2,O3,DKI2,Kelapa Gading,2022,7,27,30,2
110,202207,2022-07-26,2022-07-26,_6xCp,,67.0,110.0,49.0,16.0,,20.0,TIDAK SEHAT,DKI4,"PM2,5",DKI4,Lubang Buaya,2022,7,26,30,1
91,202207,2022-07-25,2022-07-25,_6xCp,,56.0,87.0,46.0,16.0,,24.0,SEDANG,DKI2,O3,DKI2,Kelapa Gading,2022,7,25,30,0
94,202207,2022-07-24,2022-07-24,_6xCp,,54.0,82.0,47.0,14.0,,21.0,SEDANG,DKI2,O3,DKI2,Kelapa Gading,2022,7,24,29,6
99,202207,2022-07-23,2022-07-23,_6xCp,,61.0,99.0,50.0,14.0,,19.0,SEDANG,DKI4,"PM2,5",DKI4,Lubang Buaya,2022,7,23,29,5
121,202207,2022-07-22,2022-07-22,_6xCp,,74.0,121.0,50.0,17.0,,25.0,TIDAK SEHAT,DKI4,"PM2,5",DKI4,Lubang Buaya,2022,7,22,29,4
114,202207,2022-07-21,2022-07-21,_6xCp,,75.0,110.0,50.0,15.0,,28.0,TIDAK SEHAT,DKI2,O3,DKI2,Kelapa Gading,2022,7,21,29,3
124,202207,2022-07-20,2022-07-20,_6xCp,,76.0,124.0,49.0,18.0,,26.0,TIDAK SEHAT,DKI4,"PM2,5",DKI4,Lubang Buaya,2022,7,20,29,2
114,202207,2022-07-19,2022-07-19,_6xCp,,75.0,114.0,50.0,15.0,,25.0,TIDAK SEHAT,DKI4,"PM2,5",DKI4,Lubang Buaya,2022,7,19,29,1
143,202207,2022-07-18,2022-07-18,_6xCp,,75.0,,48.0,30.0,,36.0,TIDAK SEHAT,DKI4,"PM2,5",DKI4,Lubang Buaya,2022,7,18,29,0
89,202207,2022-07-17,2022-07-17,_6xCp,,59.0,89.0,48.0,28.0,51.0,36.0,SEDANG,DKI4,"PM2,5",DKI4,Lubang Buaya,2022,7,17,28,6
59,202207,2022-07-16,2022-07-16,_6xCp,,36.0,59.0,46.0,15.0,48.0,31.0,SEDANG,DKI4,"PM2,5",DKI4,Lubang Buaya,2022,7,16,28,5
86,202207,2022-07-15,2022-07-15,_6xCp,,58.0,86.0,49.0,12.0,,18.0,SEDANG,DKI4,"PM2,5",DKI4,Lubang Buaya,2022,7,15,28,4
125,202207,2022-07-14,2022-07-14,_6xCp,,85.0,125.0,47.0,25.0,57.0,33.0,TIDAK SEHAT,DKI4,"PM2,5",DKI4,Lubang Buaya,2022,7,14,28,3
114,202207,2022-07-13,2022-07-13,_6xCp,,69.0,114.0,48.0,16.0,,29.0,TIDAK SEHAT,DKI4,"PM2,5",DKI4,Lubang Buaya,2022,7,13,28,2
123,202207,2022-07-12,2022-07-12,_6xCp,,77.0,123.0,49.0,17.0,,28.0,TIDAK SEHAT,DKI4,"PM2,5",DKI4,Lubang Buaya,2022,7,12,28,1
112,202207,2022-07-11,2022-07-11,_6xCp,,66.0,112.0,47.0,15.0,,29.0,TIDAK SEHAT,DKI4,"PM2,5",DKI4,Lubang Buaya,2022,7,11,28,0
93,202207,2022-07-10,2022-07-10,_6xCp,,63.0,93.0,47.0,13.0,,19.0,SEDANG,DKI4,"PM2,5",DKI4,Lubang Buaya,2022,7,10,27,6
107,202207,2022-07-09,2022-07-09,_6xCp,,61.0,93.0,48.0,13.0,,25.0,TIDAK SEHAT,DKI2,O3,DKI2,Kelapa Gading,2022,7,9,27,5
95,202207,2022-07-08,2022-07-08,_6xCp,,55.0,80.0,48.0,17.0,,25.0,SEDANG,DKI2,O3,DKI2,Kelapa Gading,2022,7,8,27,4
135,202207,2022-07-07,2022-07-07,_6xCp,,,135.0,46.0,29.0,,44.0,TIDAK SEHAT,DKI3,"PM2,5",DKI3,Jagakarsa,2022,7,7,27,3
35,202302,2023-02-25,2023-02-25,vi-SU,,35.0,,13.0,12.0,31.0,18.0,BAIK,DKI5  Kebon Jeruk  Jakarta Barat,PM10,DKI5,Kebon Jeruk,2023,2,25,8,5
32,202302,2023-02-26,2023-02-26,vi-SU,,23.0,,14.0,9.0,32.0,11.0,BAIK,DKI5  Kebon Jeruk  Jakarta Barat,O3,DKI5,Kebon Jeruk,2023,2,26,8,6
33,202302,2023-02-27,2023-02-27,vi-SU,,20.0,,13.0,8.0,33.0,13.0,BAIK,DKI5  Kebon Jeruk  Jakarta Barat,O3,DKI5,Kebon Jeruk,2023,2,27,9,0
30,202302,2023-02-28,2023-02-28,vi-SU,,30.0,,21.0,11.0,28.0,18.0,BAIK,DKI5  Kebon Jeruk  Jakarta Barat,PM10,DKI5,Kebon Jeruk,2023,2,28,9,1
50,202303,2023-03-01,2023-03-01,vi-SU,,38.0,44.0,50.0,8.0,19.0,27.0,BAIK,DKI1  Bunderan HI,3,DKI1,Bundaran HI,2023,3,1,9,2
47,202303,2023-03-02,2023-03-02,vi-SU,,29.0,33.0,47.0,11.0,21.0,27.0,BAIK,DKI1  Bunderan HI,3,DKI1,Bundaran HI,2023,3,2,9,3
49,202303,2023-03-03,2023-03-03,vi-SU,,38.0,46.0,49.0,9.0,16.0,25.0,BAIK,DKI1  Bunderan HI,3,DKI1,Bundaran HI,2023,3,3,9,4
50,202303,2023-03-04,2023-03-04,vi-SU,,31.0,40.0,50.0,,18.0,21.0,BAIK,DKI1  Bunderan HI,3,DKI1,Bundaran HI,2023,3,4,9,5
47,202303,2023-03-05,2023-03-05,vi-SU,,33.0,41.0,47.0,11.0,21.0,22.0,BAIK,DKI1  Bunderan HI,3,DKI1,Bundaran HI,2023,3,5,9,6
46,202303,2023-03-06,2023-03-06,vi-SU,,31.0,44.0,46.0,9.0,20.0,19.0,BAIK,DKI1  Bunderan HI,3,DKI1,Bundaran HI,2023,3,6,10,0
54,202303,2023-03-07,2023-03-07,vi-SU,,37.0,54.0,50.0,11.0,17.0,19.0,SEDANG,DKI1  Bunderan HI,2,DKI1,Bundaran HI,2023,3,7,10,1
54,202303,2023-03-08,2023-03-08,vi-SU,,42.0,54.0,51.0,12.0,17.0,23.0,SEDANG,DKI1  Bunderan HI,2,DKI1,Bundaran HI,2023,3,8,10,2
58,202303,2023-03-09,2023-03-09,vi-SU,,47.0,58.0,46.0,13.0,22.0,33.0,SEDANG,DKI1  Bunderan HI,2,DKI1,Bundaran HI,2023,3,9,10,3
61,202303,2023-03-10,2023-03-10,vi-SU,,45.0,61.0,46.0,12.0,14.0,28.0,SEDANG,DKI1  Bunderan HI,2,DKI1,Bundaran HI,2023,3,10,10,4
62,202303,2023-03-11,2023-03-11,vi-SU,,44.0,62.0,45.0,12.0,18.0,35.0,SEDANG,DKI1  Bunderan HI,2,DKI1,Bundaran HI,2023,3,11,10,5
83,202303,2023-03-12,2023-03-12,vi-SU,,61.0,83.0,47.0,13.0,17.0,39.0,SEDANG,DKI1  Bunderan HI,2,DKI1,Bundaran HI,2023,3,12,10,6
72,202303,2023-03-13,2023-03-13,vi-SU,,53.0,72.0,48.0,12.0,21.0,33.0,SEDANG,DKI1  Bunderan HI,2,DKI1,Bundaran HI,2023,3,13,11,0
61,202303,2023-03-14,2023-03-14,vi-SU,,51.0,61.0,47.0,12.0,15.0,30.0,SEDANG,DKI1  Bunderan HI,2,DKI1,Bundaran HI,2023,3,14,11,1
43,202303,2023-03-15,2023-03-15,vi-SU,,29.0,42.0,43.0,11.0,23.0,31.0,BAIK,DKI1  Bunderan HI,3,DKI1,Bundaran HI,2023,3,15,11,2
84,202303,2023-03-16,2023-03-16,vi-SU,,64.0,84.0,46.0,15.0,21.0,44.0,SEDANG,DKI1  Bunderan HI,2,DKI1,Bundaran HI,2023,3,16,11,3
59,202303,2023-03-17,2023-03-17,vi-SU,,49.0,59.0,44.0,11.0,21.0,28.0,SEDANG,DKI1  Bunderan HI,2,DKI1,Bundaran HI,2023,3,17,11,4
60,202303,2023-03-18,2023-03-18,vi-SU,,44.0,60.0,45.0,12.0,20.0,34.0,SEDANG,DKI1  Bunderan HI,2,DKI1,Bundaran HI,2023,3,18,11,5
67,202303,2023-03-19,2023-03-19,vi-SU,,53.0,67.0,46.0,12.0,24.0,29.0,SEDANG,DKI1  Bunderan HI,2,DKI1,Bundaran HI,2023,3,19,11,6
76,202303,2023-03-20,2023-03-20,vi-SU,,54.0,76.0,47.0,13.0,28.0,33.0,SEDANG,DKI1  Bunderan HI,2,DKI1,Bundaran HI,2023,3,20,12,0
71,202303,2023-03-21,2023-03-21,vi-SU,,54.0,71.0,47.0,14.0,20.0,45.0,SEDANG,DKI1  Bunderan HI,2,DKI1,Bundaran HI,2023,3,21,12,1
69,202303,2023-03-25,2023-03-25,vi-SU,,53.0,69.0,46.0,11.0,29.0,25.0,SEDANG,DKI1  Bunderan HI,2,DKI1,Bundaran HI,2023,3,25,12,5
64,202303,2023-03-26,2023-03-26,vi-SU,,45.0,64.0,45.0,13.0,25.0,25.0,SEDANG,DKI1  Bunderan HI,2,DKI1,Bundaran HI,2023,3,26,12,6
52,202303,2023-03-27,2023-03-27,vi-SU,,35.0,52.0,45.0,13.0,27.0,25.0,SEDANG,DKI1  Bunderan HI,2,DKI1,Bundaran HI,2023,3,27,13,0
72,202303,2023-03-28,2023-03-28,vi-SU,,55.0,72.0,46.0,17.0,19.0,34.0,SEDANG,DKI1  Bunderan HI,2,DKI1,Bundaran HI,2023,3,28,13,1
74,202303,2023-03-29,2023-03-29,vi-SU,,56.0,74.0,46.0,16.0,21.0,33.0,SEDANG,DKI1  Bunderan HI,2,DKI1,Bundaran HI,2023,3,29,13,2
66,202303,2023-03-30,2023-03-30,vi-SU,,49.0,66.0,52.0,15.0,22.0,32.0,SEDANG,DKI1  Bunderan HI,2,DKI1,Bundaran HI,2023,3,30,13,3
57,202303,2023-03-31,2023-03-31,vi-SU,,45.0,57.0,49.0,13.0,22.0,29.0,SEDANG,DKI1  Bunderan HI,2,DKI1,Bundaran HI,2023,3,31,13,4
41,202303,2023-03-01,2023-03-01,vi-SU,,37.0,41.0,20.0,10.0,20.0,23.0,BAIK,DKI2  Kelapa Gading,2,DKI2,Kelapa Gading,2023,3,1,9,2
38,202303,2023-03-02,2023-03-02,vi-SU,,26.0,38.0,19.0,13.0,15.0,25.0,BAIK,DKI2  Kelapa Gading,2,DKI2,Kelapa Gading,2023,3,2,9,3
41,202303,2023-03-03,2023-03-03,vi-SU,,34.0,41.0,20.0,10.0,19.0,22.0,BAIK,DKI2  Kelapa Gading,2,DKI2,Kelapa Gading,2023,3,3,9,4
28,202302,2023-02-24,2023-02-24,vi-SU,,18.0,,13.0,11.0,28.0,18.0,BAIK,DKI5  Kebon Jeruk  Jakarta Barat,O3,DKI5,Kebon Jeruk,2023,2,24,8,4
36,202303,2023-03-04,2023-03-04,vi-SU,,30.0,36.0,19.0,11.0,17.0,19.0,BAIK,DKI2  Kelapa Gading,2,DKI2,Kelapa Gading,2023,3,4,9,5
45,202303,2023-03-05,2023-03-05,vi-SU,,34.0,45.0,19.0,10.0,21.0,18.0,BAIK,DKI2  Kelapa Gading,2,DKI2,Kelapa Gading,2023,3,5,9,6
48,202303,2023-03-06,2023-03-06,vi-SU,,37.0,48.0,19.0,8.0,20.0,19.0,BAIK,DKI2  Kelapa Gading,2,DKI2,Kelapa Gading,2023,3,6,10,0
53,202303,2023-03-07,2023-03-07,vi-SU,,37.0,53.0,23.0,8.0,15.0,16.0,SEDANG,DKI2  Kelapa Gading,2,DKI2,Kelapa Gading,2023,3,7,10,1
41,202303,2023-03-08,2023-03-08,vi-SU,,33.0,41.0,19.0,7.0,21.0,20.0,BAIK,DKI2  Kelapa Gading,2,DKI2,Kelapa Gading,2023,3,8,10,2
58,202303,2023-03-09,2023-03-09,vi-SU,,51.0,58.0,20.0,11.0,18.0,31.0,SEDANG,DKI2  Kelapa Gading,2,DKI2,Kelapa Gading,2023,3,9,10,3
58,202303,2023-03-10,2023-03-10,vi-SU,,42.0,58.0,18.0,12.0,24.0,26.0,SEDANG,DKI2  Kelapa Gading,2,DKI2,Kelapa Gading,2023,3,10,10,4
63,202303,2023-03-11,2023-03-11,vi-SU,,48.0,63.0,21.0,16.0,28.0,35.0,SEDANG,DKI2  Kelapa Gading,2,DKI2,Kelapa Gading,2023,3,11,10,5
94,202303,2023-03-12,2023-03-12,vi-SU,,73.0,94.0,27.0,16.0,24.0,36.0,SEDANG,DKI2  Kelapa Gading,2,DKI2,Kelapa Gading,2023,3,12,10,6
79,202303,2023-03-13,2023-03-13,vi-SU,,58.0,79.0,34.0,10.0,28.0,25.0,SEDANG,DKI2  Kelapa Gading,2,DKI2,Kelapa Gading,2023,3,13,11,0
54,202303,2023-03-14,2023-03-14,vi-SU,,44.0,54.0,19.0,7.0,27.0,21.0,SEDANG,DKI2  Kelapa Gading,2,DKI2,Kelapa Gading,2023,3,14,11,1
50,202303,2023-03-15,2023-03-15,vi-SU,,34.0,50.0,23.0,9.0,24.0,24.0,BAIK,DKI2  Kelapa Gading,2,DKI2,Kelapa Gading,2023,3,15,11,2
87,202303,2023-03-16,2023-03-16,vi-SU,,68.0,87.0,23.0,22.0,20.0,36.0,SEDANG,DKI2  Kelapa Gading,2,DKI2,Kelapa Gading,2023,3,16,11,3
64,202303,2023-03-17,2023-03-17,vi-SU,,56.0,64.0,23.0,10.0,25.0,20.0,SEDANG,DKI2  Kelapa Gading,2,DKI2,Kelapa Gading,2023,3,17,11,4
69,202303,2023-03-18,2023-03-18,vi-SU,,56.0,69.0,28.0,11.0,26.0,27.0,SEDANG,DKI2  Kelapa Gading,2,DKI2,Kelapa Gading,2023,3,18,11,5
70,202303,2023-03-19,2023-03-19,vi-SU,,62.0,70.0,31.0,12.0,28.0,24.0,SEDANG,DKI2  Kelapa Gading,2,DKI2,Kelapa Gading,2023,3,19,11,6
77,202303,2023-03-20,2023-03-20,vi-SU,,57.0,77.0,22.0,12.0,32.0,23.0,SEDANG,DKI2  Kelapa Gading,2,DKI2,Kelapa Gading,2023,3,20,12,0
83,202303,2023-03-21,2023-03-21,vi-SU,,63.0,83.0,28.0,12.0,29.0,31.0,SEDANG,DKI2  Kelapa Gading,2,DKI2,Kelapa Gading,2023,3,21,12,1
66,202303,2023-03-22,2023-03-22,vi-SU,,58.0,66.0,21.0,7.0,41.0,19.0,SEDANG,DKI2  Kelapa Gading,2,DKI2,Kelapa Gading,2023,3,22,12,2
56,202303,2023-03-23,2023-03-23,vi-SU,,40.0,56.0,21.0,5.0,37.0,13.0,SEDANG,DKI2  Kelapa Gading,2,DKI2,Kelapa Gading,2023,3,23,12,3
59,202303,2023-03-24,2023-03-24,vi-SU,,,59.0,21.0,5.0,37.0,17.0,SEDANG,DKI2  Kelapa Gading,2,DKI2,Kelapa Gading,2023,3,24,12,4
71,202303,2023-03-25,2023-03-25,vi-SU,,51.0,71.0,21.0,10.0,36.0,28.0,SEDANG,DKI2  Kelapa Gading,2,DKI2,Kelapa Gading,2023,3,25,12,5
62,202303,2023-03-26,2023-03-26,vi-SU,,52.0,62.0,22.0,10.0,34.0,27.0,SEDANG,DKI2  Kelapa Gading,2,DKI2,Kelapa Gading,2023,3,26,12,6
52,202303,2023-03-27,2023-03-27,vi-SU,,33.0,52.0,20.0,9.0,30.0,26.0,SEDANG,DKI2  Kelapa Gading,2,DKI2,Kelapa Gading,2023,3,27,13,0
76,202303,2023-03-28,2023-03-28,vi-SU,,58.0,76.0,44.0,19.0,23.0,34.0,SEDANG,DKI2  Kelapa Gading,2,DKI2,Kelapa Gading,2023,3,28,13,1
87,202303,2023-03-29,2023-03-29,vi-SU,,72.0,87.0,33.0,19.0,22.0,29.0,SEDANG,DKI2  Kelapa Gading,2,DKI2,Kelapa Gading,2023,3,29,13,2
64,202303,2023-03-30,2023-03-30,vi-SU,,52.0,64.0,28.0,17.0,21.0,29.0,SEDANG,DKI2  Kelapa Gading,2,DKI2,Kelapa Gading,2023,3,30,13,3
53,202303,2023-03-31,2023-03-31,vi-SU,,43.0,53.0,21.0,12.0,37.0,26.0,SEDANG,DKI2  Kelapa Gading,2,DKI2,Kelapa Gading,2023,3,31,13,4
38,202303,2023-03-01,2023-03-01,vi-SU,,30.0,38.0,13.0,7.0,11.0,3.0,BAIK,DKI3  Jagakarsa,2,DKI3,Jagakarsa,2023,3,1,9,2
29,202303,2023-03-02,2023-03-02,vi-SU,,23.0,29.0,13.0,7.0,9.0,2.0,BAIK,DKI3  Jagakarsa,2,DKI3,Jagakarsa,2023,3,2,9,3
52,202303,2023-03-03,2023-03-03,vi-SU,,34.0,52.0,14.0,7.0,11.0,2.0,SEDANG,DKI3  Jagakarsa,2,DKI3,Jagakarsa,2023,3,3,9,4
60,202303,2023-03-04,2023-03-04,vi-SU,,40.0,60.0,14.0,7.0,14.0,3.0,SEDANG,DKI3  Jagakarsa,2,DKI3,Jagakarsa,2023,3,4,9,5
46,202303,2023-03-05,2023-03-05,vi-SU,,38.0,46.0,14.0,6.0,10.0,2.0,BAIK,DKI3  Jagakarsa,2,DKI3,Jagakarsa,2023,3,5,9,6
55,202303,2023-03-06,2023-03-06,vi-SU,,39.0,55.0,14.0,6.0,7.0,,SEDANG,DKI3  Jagakarsa,2,DKI3,Jagakarsa,2023,3,6,10,0
70,202303,2023-03-07,2023-03-07,vi-SU,,48.0,70.0,14.0,7.0,11.0,,SEDANG,DKI3  Jagakarsa,2,DKI3,Jagakarsa,2023,3,7,10,1
87,202303,2023-03-08,2023-03-08,vi-SU,,60.0,87.0,15.0,7.0,11.0,4.0,SEDANG,DKI3  Jagakarsa,2,DKI3,Jagakarsa,2023,3,8,10,2
82,202303,2023-03-09,2023-03-09,vi-SU,,62.0,82.0,15.0,7.0,20.0,7.0,SEDANG,DKI3  Jagakarsa,2,DKI3,Jagakarsa,2023,3,9,10,3
79,202303,2023-03-10,2023-03-10,vi-SU,,51.0,79.0,34.0,11.0,20.0,14.0,SEDANG,DKI3  Jagakarsa,2,DKI3,Jagakarsa,2023,3,10,10,4
65,202303,2023-03-11,2023-03-11,vi-SU,,40.0,65.0,35.0,12.0,26.0,10.0,SEDANG,DKI3  Jagakarsa,2,DKI3,Jagakarsa,2023,3,11,10,5
96,202303,2023-03-12,2023-03-12,vi-SU,,62.0,96.0,38.0,19.0,20.0,22.0,SEDANG,DKI3  Jagakarsa,2,DKI3,Jagakarsa,2023,3,12,10,6
88,202303,2023-03-13,2023-03-13,vi-SU,,55.0,88.0,39.0,17.0,27.0,11.0,SEDANG,DKI3  Jagakarsa,2,DKI3,Jagakarsa,2023,3,13,11,0
81,202303,2023-03-14,2023-03-14,vi-SU,,58.0,81.0,40.0,15.0,17.0,11.0,SEDANG,DKI3  Jagakarsa,2,DKI3,Jagakarsa,2023,3,14,11,1
56,202303,2023-03-15,2023-03-15,vi-SU,,36.0,56.0,35.0,10.0,21.0,7.0,SEDANG,DKI3  Jagakarsa,2,DKI3,Jagakarsa,2023,3,15,11,2
98,202303,2023-03-16,2023-03-16,vi-SU,,66.0,98.0,37.0,,18.0,27.0,SEDANG,DKI3  Jagakarsa,2,DKI3,Jagakarsa,2023,3,16,11,3
90,202303,2023-03-17,2023-03-17,vi-SU,,64.0,90.0,35.0,22.0,21.0,20.0,SEDANG,DKI3  Jagakarsa,2,DKI3,Jagakarsa,2023,3,17,11,4
64,202303,2023-03-18,2023-03-18,vi-SU,,49.0,64.0,37.0,13.0,30.0,11.0,SEDANG,DKI3  Jagakarsa,2,DKI3,Jagakarsa,2023,3,18,11,5
72,202303,2023-03-19,2023-03-19,vi-SU,,49.0,72.0,35.0,17.0,25.0,10.0,SEDANG,DKI3  Jagakarsa,2,DKI3,Jagakarsa,2023,3,19,11,6
83,202303,2023-03-20,2023-03-20,vi-SU,,55.0,83.0,38.0,13.0,26.0,12.0,SEDANG,DKI3  Jagakarsa,2,DKI3,Jagakarsa,2023,3,20,12,0
70,202303,2023-03-21,2023-03-21,vi-SU,,52.0,70.0,36.0,19.0,24.0,25.0,SEDANG,DKI3  Jagakarsa,2,DKI3,Jagakarsa,2023,3,21,12,1
71,202303,2023-03-22,2023-03-22,vi-SU,,52.0,71.0,35.0,8.0,26.0,11.0,SEDANG,DKI3  Jagakarsa,2,DKI3,Jagakarsa,2023,3,22,12,2
77,202303,2023-03-23,2023-03-23,vi-SU,,55.0,77.0,36.0,12.0,21.0,12.0,SEDANG,DKI3  Jagakarsa,2,DKI3,Jagakarsa,2023,3,23,12,3
87,202303,2023-03-24,2023-03-24,vi-SU,,57.0,87.0,35.0,11.0,25.0,13.0,SEDANG,DKI3  Jagakarsa,2,DKI3,Jagakarsa,2023,3,24,12,4
88,202303,2023-03-25,2023-03-25,vi-SU,,62.0,88.0,36.0,12.0,21.0,13.0,SEDANG,DKI3  Jagakarsa,2,DKI3,Jagakarsa,2023,3,25,12,5
66,202303,2023-03-26,2023-03-26,vi-SU,,,66.0,35.0,9.0,15.0,14.0,SEDANG,DKI3  Jagakarsa,2,DKI3,Jagakarsa,2023,3,26,12,6
55,202303,2023-03-27,2023-03-27,vi-SU,,,55.0,33.0,12.0,12.0,13.0,SEDANG,DKI3  Jagakarsa,2,DKI3,Jagakarsa,2023,3,27,13,0
73,202303,2023-03-28,2023-03-28,vi-SU,,,73.0,38.0,12.0,10.0,18.0,SEDANG,DKI3  Jagakarsa,2,DKI3,Jagakarsa,2023,3,28,13,1
70,202303,2023-03-29,2023-03-29,vi-SU,,70.0,46.0,37.0,15.0,12.0,34.0,SEDANG,DKI3  Jagakarsa,1,DKI3,Jagakarsa,2023,3,29,13,2
53,202303,2023-03-30,2023-03-30,vi-SU,,53.0,52.0,38.0,11.0,11.0,19.0,SEDANG,DKI3  Jagakarsa,1,DKI3,Jagakarsa,2023,3,30,13,3
49,202303,2023-03-31,2023-03-31,vi-SU,,40.0,49.0,11.0,26.0,10.0,10.0,BAIK,DKI3  Jagakarsa,2,DKI3,Jagakarsa,2023,3,31,13,4
50,202303,2023-03-01,2023-03-01,vi-SU,,35.0,50.0,28.0,11.0,7.0,17.0,BAIK,DKI4  Lubang Buaya,2,DKI4,Lubang Buaya,2023,3,1,9,2
39,202303,2023-03-02,2023-03-02,vi-SU,,38.0,39.0,27.0,10.0,5.0,13.0,BAIK,DKI4  Lubang Buaya,2,DKI4,Lubang Buaya,2023,3,2,9,3
50,202303,2023-03-03,2023-03-03,vi-SU,,35.0,50.0,28.0,10.0,8.0,14.0,BAIK,DKI4  Lubang Buaya,2,DKI4,Lubang Buaya,2023,3,3,9,4
51,202303,2023-03-04,2023-03-04,vi-SU,,31.0,51.0,28.0,10.0,10.0,14.0,SEDANG,DKI4  Lubang Buaya,2,DKI4,Lubang Buaya,2023,3,4,9,5
50,202303,2023-03-05,2023-03-05,vi-SU,,46.0,50.0,28.0,9.0,8.0,11.0,BAIK,DKI4  Lubang Buaya,2,DKI4,Lubang Buaya,2023,3,5,9,6
54,202303,2023-03-06,2023-03-06,vi-SU,,51.0,54.0,28.0,6.0,8.0,7.0,SEDANG,DKI4  Lubang Buaya,2,DKI4,Lubang Buaya,2023,3,6,10,0
64,202303,2023-03-07,2023-03-07,vi-SU,,34.0,64.0,29.0,8.0,10.0,10.0,SEDANG,DKI4  Lubang Buaya,2,DKI4,Lubang Buaya,2023,3,7,10,1
86,202303,2023-03-08,2023-03-08,vi-SU,,,86.0,31.0,12.0,8.0,17.0,SEDANG,DKI4  Lubang Buaya,2,DKI4,Lubang Buaya,2023,3,8,10,2
87,202303,2023-03-09,2023-03-09,vi-SU,,50.0,87.0,30.0,13.0,14.0,20.0,SEDANG,DKI4  Lubang Buaya,2,DKI4,Lubang Buaya,2023,3,9,10,3
77,202303,2023-03-10,2023-03-10,vi-SU,,,77.0,29.0,15.0,17.0,17.0,SEDANG,DKI4  Lubang Buaya,2,DKI4,Lubang Buaya,2023,3,10,10,4
73,202303,2023-03-11,2023-03-11,vi-SU,,49.0,73.0,29.0,11.0,20.0,23.0,SEDANG,DKI4  Lubang Buaya,2,DKI4,Lubang Buaya,2023,3,11,10,5
109,202303,2023-03-12,2023-03-12,vi-SU,,64.0,109.0,30.0,16.0,14.0,22.0,TIDAK SEHAT,DKI4  Lubang Buaya,2,DKI4,Lubang Buaya,2023,3,12,10,6
107,202303,2023-03-13,2023-03-13,vi-SU,,64.0,107.0,31.0,11.0,23.0,16.0,TIDAK SEHAT,DKI4  Lubang Buaya,2,DKI4,Lubang Buaya,2023,3,13,11,0
76,202303,2023-03-14,2023-03-14,vi-SU,,,76.0,30.0,11.0,12.0,20.0,SEDANG,DKI4  Lubang Buaya,2,DKI4,Lubang Buaya,2023,3,14,11,1
63,202303,2023-03-15,2023-03-15,vi-SU,,50.0,63.0,30.0,9.0,15.0,19.0,SEDANG,DKI4  Lubang Buaya,2,DKI4,Lubang Buaya,2023,3,15,11,2
107,202303,2023-03-16,2023-03-16,vi-SU,,,107.0,30.0,19.0,15.0,20.0,TIDAK SEHAT,DKI4  Lubang Buaya,2,DKI4,Lubang Buaya,2023,3,16,11,3
92,202303,2023-03-17,2023-03-17,vi-SU,,,92.0,30.0,16.0,16.0,18.0,SEDANG,DKI4  Lubang Buaya,2,DKI4,Lubang Buaya,2023,3,17,11,4
85,202303,2023-03-18,2023-03-18,vi-SU,,,85.0,30.0,10.0,23.0,17.0,SEDANG,DKI4  Lubang Buaya,2,DKI4,Lubang Buaya,2023,3,18,11,5
84,202303,2023-03-19,2023-03-19,vi-SU,,61.0,84.0,32.0,12.0,20.0,16.0,SEDANG,DKI4  Lubang Buaya,2,DKI4,Lubang Buaya,2023,3,19,11,6
91,202303,2023-03-20,2023-03-20,vi-SU,,52.0,91.0,32.0,12.0,26.0,19.0,SEDANG,DKI4  Lubang Buaya,2,DKI4,Lubang Buaya,2023,3,20,12,0
94,202303,2023-03-21,2023-03-21,vi-SU,,59.0,94.0,31.0,11.0,21.0,17.0,SEDANG,DKI4  Lubang Buaya,2,DKI4,Lubang Buaya,2023,3,21,12,1
87,202303,2023-03-22,2023-03-22,vi-SU,,60.0,87.0,31.0,7.0,22.0,16.0,SEDANG,DKI4  Lubang Buaya,2,DKI4,Lubang Buaya,2023,3,22,12,2
87,202303,2023-03-23,2023-03-23,vi-SU,,63.0,87.0,33.0,13.0,15.0,11.0,SEDANG,DKI4  Lubang Buaya,2,DKI4,Lubang Buaya,2023,3,23,12,3
85,202303,2023-03-24,2023-03-24,vi-SU,,57.0,85.0,33.0,8.0,19.0,13.0,SEDANG,DKI4  Lubang Buaya,2,DKI4,Lubang Buaya,2023,3,24,12,4
91,202303,2023-03-25,2023-03-25,vi-SU,,,91.0,32.0,11.0,18.0,22.0,SEDANG,DKI4  Lubang Buaya,2,DKI4,Lubang Buaya,2023,3,25,12,5
71,202303,2023-03-26,2023-03-26,vi-SU,,,71.0,31.0,11.0,14.0,14.0,SEDANG,DKI4  Lubang Buaya,2,DKI4,Lubang Buaya,2023,3,26,12,6
76,202303,2023-03-27,2023-03-27,vi-SU,,,76.0,31.0,16.0,12.0,13.0,SEDANG,DKI4  Lubang Buaya,2,DKI4,Lubang Buaya,2023,3,27,13,0
85,202303,2023-03-28,2023-03-28,vi-SU,,,85.0,32.0,18.0,7.0,18.0,SEDANG,DKI4  Lubang Buaya,2,DKI4,Lubang Buaya,2023,3,28,13,1
113,202303,2023-03-29,2023-03-29,vi-SU,,,113.0,32.0,21.0,13.0,20.0,TIDAK SEHAT,DKI4  Lubang Buaya,2,DKI4,Lubang Buaya,2023,3,29,13,2
85,202303,2023-03-30,2023-03-30,vi-SU,,,85.0,33.0,17.0,12.0,15.0,SEDANG,DKI4  Lubang Buaya,2,DKI4,Lubang Buaya,2023,3,30,13,3
56,202303,2023-03-31,2023-03-31,vi-SU,,,56.0,31.0,11.0,10.0,13.0,SEDANG,DKI4  Lubang Buaya,2,DKI4,Lubang Buaya,2023,3,31,13,4
28,202303,2023-03-01,2023-03-01,vi-SU,,28.0,,17.0,10.0,25.0,14.0,BAIK,DKI5  Kebon Jeruk  Jakarta Barat,1,DKI5,Kebon Jeruk,2023,3,1,9,2
30,202303,2023-03-02,2023-03-02,vi-SU,,30.0,,16.0,12.0,19.0,15.0,BAIK,DKI5  Kebon Jeruk  Jakarta Barat,1,DKI5,Kebon Jeruk,2023,3,2,9,3
39,202303,2023-03-03,2023-03-03,vi-SU,,39.0,,18.0,12.0,22.0,16.0,BAIK,DKI5  Kebon Jeruk  Jakarta Barat,1,DKI5,Kebon Jeruk,2023,3,3,9,4
25,202303,2023-03-04,2023-03-04,vi-SU,,25.0,,15.0,14.0,22.0,13.0,BAIK,DKI5  Kebon Jeruk  Jakarta Barat,1,DKI5,Kebon Jeruk,2023,3,4,9,5
28,202303,2023-03-05,2023-03-05,vi-SU,,28.0,,16.0,12.0,21.0,12.0,BAIK,DKI5  Kebon Jeruk  Jakarta Barat,1,DKI5,Kebon Jeruk,2023,3,5,9,6
20,202303,2023-03-06,2023-03-06,vi-SU,,17.0,,14.0,9.0,20.0,7.0,BAIK,DKI5  Kebon Jeruk  Jakarta Barat,5,DKI5,Kebon Jeruk,2023,3,6,10,0
35,202303,2023-03-07,2023-03-07,vi-SU,,35.0,,18.0,10.0,23.0,9.0,BAIK,DKI5  Kebon Jeruk  Jakarta Barat,1,DKI5,Kebon Jeruk,2023,3,7,10,1
32,202303,2023-03-08,2023-03-08,vi-SU,,32.0,,22.0,10.0,23.0,14.0,BAIK,DKI5  Kebon Jeruk  Jakarta Barat,1,DKI5,Kebon Jeruk,2023,3,8,10,2
41,202303,2023-03-09,2023-03-09,vi-SU,,41.0,,15.0,19.0,28.0,21.0,BAIK,DKI5  Kebon Jeruk  Jakarta Barat,1,DKI5,Kebon Jeruk,2023,3,9,10,3
53,202303,2023-03-10,2023-03-10,vi-SU,,53.0,,15.0,16.0,29.0,14.0,SEDANG,DKI5  Kebon Jeruk  Jakarta Barat,1,DKI5,Kebon Jeruk,2023,3,10,10,4
50,202303,2023-03-11,2023-03-11,vi-SU,,50.0,,14.0,16.0,35.0,20.0,BAIK,DKI5  Kebon Jeruk  Jakarta Barat,1,DKI5,Kebon Jeruk,2023,3,11,10,5
60,202303,2023-03-12,2023-03-12,vi-SU,,60.0,,15.0,21.0,37.0,22.0,SEDANG,DKI5  Kebon Jeruk  Jakarta Barat,1,DKI5,Kebon Jeruk,2023,3,12,10,6
57,202303,2023-03-13,2023-03-13,vi-SU,,57.0,,17.0,16.0,34.0,20.0,SEDANG,DKI5  Kebon Jeruk  Jakarta Barat,1,DKI5,Kebon Jeruk,2023,3,13,11,0
56,202303,2023-03-14,2023-03-14,vi-SU,,56.0,,18.0,13.0,28.0,18.0,SEDANG,DKI5  Kebon Jeruk  Jakarta Barat,1,DKI5,Kebon Jeruk,2023,3,14,11,1
33,202303,2023-03-15,2023-03-15,vi-SU,,26.0,,15.0,10.0,33.0,13.0,BAIK,DKI5  Kebon Jeruk  Jakarta Barat,5,DKI5,Kebon Jeruk,2023,3,15,11,2
50,202302,2023-02-03,2023-02-03,vi-SU,,28.0,42.0,50.0,5.0,21.0,24.0,BAIK,DKI1  Bunderan HI,SO2,DKI1,Bundaran HI,2023,2,3,5,4
71,202302,2023-02-04,2023-02-04,vi-SU,,55.0,71.0,53.0,8.0,25.0,27.0,SEDANG,DKI1  Bunderan HI,PM25,DKI1,Bundaran HI,2023,2,4,5,5
59,202302,2023-02-05,2023-02-05,vi-SU,,45.0,59.0,45.0,6.0,27.0,17.0,SEDANG,DKI1  Bunderan HI,PM25,DKI1,Bundaran HI,2023,2,5,5,6
52,202302,2023-02-06,2023-02-06,vi-SU,,34.0,51.0,52.0,6.0,15.0,12.0,SEDANG,DKI1  Bunderan HI,SO2,DKI1,Bundaran HI,2023,2,6,6,0
52,202302,2023-02-07,2023-02-07,vi-SU,,41.0,52.0,50.0,7.0,14.0,22.0,SEDANG,DKI1  Bunderan HI,PM25,DKI1,Bundaran HI,2023,2,7,6,1
40,202302,2023-02-08,2023-02-08,vi-SU,,30.0,38.0,40.0,8.0,31.0,24.0,BAIK,DKI1  Bunderan HI,SO2,DKI1,Bundaran HI,2023,2,8,6,2
43,202302,2023-02-09,2023-02-09,vi-SU,,31.0,43.0,38.0,6.0,11.0,17.0,BAIK,DKI1  Bunderan HI,PM25,DKI1,Bundaran HI,2023,2,9,6,3
37,202302,2023-02-10,2023-02-10,vi-SU,,25.0,30.0,37.0,6.0,19.0,15.0,BAIK,DKI1  Bunderan HI,SO2,DKI1,Bundaran HI,2023,2,10,6,4
35,202302,2023-02-11,2023-02-11,vi-SU,,34.0,34.0,35.0,8.0,21.0,19.0,BAIK,DKI1  Bunderan HI,SO2,DKI1,Bundaran HI,2023,2,11,6,5
34,202302,2023-02-12,2023-02-12,vi-SU,,20.0,16.0,34.0,5.0,23.0,16.0,BAIK,DKI1  Bunderan HI,SO2,DKI1,Bundaran HI,2023,2,12,6,6
34,202302,2023-02-13,2023-02-13,vi-SU,,28.0,26.0,34.0,5.0,23.0,13.0,BAIK,DKI1  Bunderan HI,SO2,DKI1,Bundaran HI,2023,2,13,7,0
34,202302,2023-02-14,2023-02-14,vi-SU,,23.0,18.0,34.0,5.0,23.0,11.0,BAIK,DKI1  Bunderan HI,SO2,DKI1,Bundaran HI,2023,2,14,7,1
34,202302,2023-02-15,2023-02-15,vi-SU,,21.0,21.0,34.0,6.0,17.0,11.0,BAIK,DKI1  Bunderan HI,SO2,DKI1,Bundaran HI,2023,2,15,7,2
35,202302,2023-02-16,2023-02-16,vi-SU,,29.0,30.0,35.0,6.0,20.0,15.0,BAIK,DKI1  Bunderan HI,SO2,DKI1,Bundaran HI,2023,2,16,7,3
43,202302,2023-02-17,2023-02-17,vi-SU,,33.0,43.0,39.0,7.0,18.0,21.0,BAIK,DKI1  Bunderan HI,PM25,DKI1,Bundaran HI,2023,2,17,7,4
70,202302,2023-02-18,2023-02-18,vi-SU,,54.0,70.0,43.0,11.0,22.0,26.0,SEDANG,DKI1  Bunderan HI,PM25,DKI1,Bundaran HI,2023,2,18,7,5
73,202302,2023-02-19,2023-02-19,vi-SU,,56.0,73.0,39.0,8.0,27.0,25.0,SEDANG,DKI1  Bunderan HI,PM25,DKI1,Bundaran HI,2023,2,19,7,6
50,202302,2023-02-20,2023-02-20,vi-SU,,38.0,50.0,39.0,7.0,23.0,14.0,BAIK,DKI1  Bunderan HI,PM25,DKI1,Bundaran HI,2023,2,20,8,0
39,202302,2023-02-21,2023-02-21,vi-SU,,24.0,32.0,39.0,8.0,21.0,16.0,BAIK,DKI1  Bunderan HI,SO2,DKI1,Bundaran HI,2023,2,21,8,1
40,202302,2023-02-22,2023-02-22,vi-SU,,29.0,31.0,40.0,8.0,23.0,19.0,BAIK,DKI1  Bunderan HI,SO2,DKI1,Bundaran HI,2023,2,22,8,2
47,202302,2023-02-23,2023-02-23,vi-SU,,36.0,47.0,40.0,,23.0,23.0,BAIK,DKI1  Bunderan HI,PM25,DKI1,Bundaran HI,2023,2,23,8,3
44,202302,2023-02-24,2023-02-24,vi-SU,,28.0,33.0,44.0,10.0,22.0,28.0,BAIK,DKI1  Bunderan HI,SO2,DKI1,Bundaran HI,2023,2,24,8,4
45,202302,2023-02-25,2023-02-25,vi-SU,,36.0,45.0,44.0,9.0,27.0,29.0,BAIK,DKI1  Bunderan HI,PM25,DKI1,Bundaran HI,2023,2,25,8,5
44,202302,2023-02-26,2023-02-26,vi-SU,,34.0,44.0,44.0,10.0,26.0,23.0,BAIK,DKI1  Bunderan HI,PM25,DKI1,Bundaran HI,2023,2,26,8,6
43,202302,2023-02-27,2023-02-27,vi-SU,,32.0,32.0,43.0,10.0,30.0,24.0,BAIK,DKI1  Bunderan HI,SO2,DKI1,Bundaran HI,2023,2,27,9,0
54,202302,2023-02-28,2023-02-28,vi-SU,,43.0,54.0,52.0,10.0,19.0,32.0,SEDANG,DKI1  Bunderan HI,PM25,DKI1,Bundaran HI,2023,2,28,9,1
55,202302,2023-02-01,2023-02-01,vi-SU,,44.0,55.0,11.0,9.0,28.0,21.0,SEDANG,DKI2  Kelapa Gading,PM25,DKI2,Kelapa Gading,2023,2,1,5,2
59,202302,2023-02-02,2023-02-02,vi-SU,,41.0,53.0,59.0,9.0,30.0,25.0,SEDANG,DKI2  Kelapa Gading,SO2,DKI2,Kelapa Gading,2023,2,2,5,3
39,202302,2023-02-03,2023-02-03,vi-SU,,26.0,39.0,21.0,10.0,25.0,21.0,BAIK,DKI2  Kelapa Gading,PM25,DKI2,Kelapa Gading,2023,2,3,5,4
68,202302,2023-02-04,2023-02-04,vi-SU,,54.0,68.0,24.0,10.0,27.0,27.0,SEDANG,DKI2  Kelapa Gading,PM25,DKI2,Kelapa Gading,2023,2,4,5,5
56,202302,2023-02-05,2023-02-05,vi-SU,,44.0,56.0,19.0,7.0,28.0,18.0,SEDANG,DKI2  Kelapa Gading,PM25,DKI2,Kelapa Gading,2023,2,5,5,6
53,202302,2023-02-06,2023-02-06,vi-SU,,36.0,53.0,33.0,6.0,17.0,12.0,SEDANG,DKI2  Kelapa Gading,PM25,DKI2,Kelapa Gading,2023,2,6,6,0
50,202302,2023-02-07,2023-02-07,vi-SU,,39.0,50.0,25.0,7.0,22.0,19.0,BAIK,DKI2  Kelapa Gading,PM25,DKI2,Kelapa Gading,2023,2,7,6,1
43,202302,2023-02-08,2023-02-08,vi-SU,,30.0,43.0,19.0,9.0,25.0,23.0,BAIK,DKI2  Kelapa Gading,PM25,DKI2,Kelapa Gading,2023,2,8,6,2
52,202302,2023-02-09,2023-02-09,vi-SU,,38.0,52.0,21.0,8.0,20.0,19.0,SEDANG,DKI2  Kelapa Gading,PM25,DKI2,Kelapa Gading,2023,2,9,6,3
32,202302,2023-02-10,2023-02-10,vi-SU,,25.0,32.0,18.0,6.0,17.0,15.0,BAIK,DKI2  Kelapa Gading,PM25,DKI2,Kelapa Gading,2023,2,10,6,4
34,202302,2023-02-11,2023-02-11,vi-SU,,30.0,34.0,17.0,8.0,20.0,16.0,BAIK,DKI2  Kelapa Gading,PM25,DKI2,Kelapa Gading,2023,2,11,6,5
22,202302,2023-02-12,2023-02-12,vi-SU,,20.0,22.0,17.0,6.0,19.0,16.0,BAIK,DKI2  Kelapa Gading,PM25,DKI2,Kelapa Gading,2023,2,12,6,6
30,202302,2023-02-13,2023-02-13,vi-SU,,28.0,30.0,17.0,8.0,16.0,15.0,BAIK,DKI2  Kelapa Gading,PM25,DKI2,Kelapa Gading,2023,2,13,7,0
23,202302,2023-02-14,2023-02-14,vi-SU,,21.0,23.0,16.0,7.0,16.0,13.0,BAIK,DKI2  Kelapa Gading,PM25,DKI2,Kelapa Gading,2023,2,14,7,1
28,202302,2023-02-15,2023-02-15,vi-SU,,23.0,28.0,17.0,6.0,17.0,11.0,BAIK,DKI2  Kelapa Gading,PM25,DKI2,Kelapa Gading,2023,2,15,7,2
35,202302,2023-02-16,2023-02-16,vi-SU,,32.0,35.0,20.0,7.0,17.0,15.0,BAIK,DKI2  Kelapa Gading,PM25,DKI2,Kelapa Gading,2023,2,16,7,3
39,202302,2023-02-17,2023-02-17,vi-SU,,38.0,39.0,22.0,9.0,17.0,18.0,BAIK,DKI2  Kelapa Gading,PM25,DKI2,Kelapa Gading,2023,2,17,7,4
61,202302,2023-02-18,2023-02-18,vi-SU,,52.0,61.0,19.0,15.0,19.0,26.0,SEDANG,DKI2  Kelapa Gading,PM25,DKI2,Kelapa Gading,2023,2,18,7,5
57,202302,2023-02-01,2023-02-01,vi-SU,,46.0,57.0,51.0,9.0,23.0,32.0,SEDANG,DKI1  Bunderan HI,PM25,DKI1,Bundaran HI,2023,2,1,5,2
61,202302,2023-02-02,2023-02-02,vi-SU,,49.0,61.0,43.0,9.0,26.0,29.0,SEDANG,DKI1  Bunderan HI,PM25,DKI1,Bundaran HI,2023,2,2,5,3
69,202302,2023-02-19,2023-02-19,vi-SU,,57.0,69.0,25.0,13.0,20.0,23.0,SEDANG,DKI2  Kelapa Gading,PM25,DKI2,Kelapa Gading,2023,2,19,7,6
51,202302,2023-02-20,2023-02-20,vi-SU,,39.0,51.0,28.0,9.0,18.0,15.0,SEDANG,DKI2  Kelapa Gading,PM25,DKI2,Kelapa Gading,2023,2,20,8,0
73,202212,2022-12-01,2022-12-01,vi-SU,,54.0,73.0,36.0,12.0,22.0,13.0,SEDANG,DKI1  Bunderan HI,PM25,DKI1,Bundaran HI,2022,12,1,48,3
67,202212,2022-12-02,2022-12-02,vi-SU,,53.0,67.0,39.0,11.0,14.0,12.0,SEDANG,DKI1  Bunderan HI,PM25,DKI1,Bundaran HI,2022,12,2,48,4
76,202212,2022-12-03,2022-12-03,vi-SU,,60.0,76.0,38.0,10.0,22.0,12.0,SEDANG,DKI1  Bunderan HI,PM25,DKI1,Bundaran HI,2022,12,3,48,5
76,202212,2022-12-04,2022-12-04,vi-SU,,58.0,76.0,35.0,13.0,20.0,12.0,SEDANG,DKI1  Bunderan HI,PM25,DKI1,Bundaran HI,2022,12,4,48,6
74,202212,2022-12-05,2022-12-05,vi-SU,,54.0,74.0,35.0,10.0,20.0,12.0,SEDANG,DKI1  Bunderan HI,PM25,DKI1,Bundaran HI,2022,12,5,49,0
79,202212,2022-12-06,2022-12-06,vi-SU,,58.0,79.0,35.0,14.0,13.0,13.0,SEDANG,DKI1  Bunderan HI,PM25,DKI1,Bundaran HI,2022,12,6,49,1
68,202212,2022-12-07,2022-12-07,vi-SU,,48.0,68.0,34.0,11.0,18.0,12.0,SEDANG,DKI1  Bunderan HI,PM25,DKI1,Bundaran HI,2022,12,7,49,2
62,202212,2022-12-08,2022-12-08,vi-SU,,51.0,62.0,33.0,9.0,24.0,11.0,SEDANG,DKI1  Bunderan HI,PM25,DKI1,Bundaran HI,2022,12,8,49,3
73,202212,2022-12-09,2022-12-09,vi-SU,,58.0,73.0,34.0,12.0,18.0,14.0,SEDANG,DKI1  Bunderan HI,PM25,DKI1,Bundaran HI,2022,12,9,49,4
42,202212,2022-12-10,2022-12-10,vi-SU,,28.0,42.0,30.0,9.0,13.0,7.0,BAIK,DKI1  Bunderan HI,PM25,DKI1,Bundaran HI,2022,12,10,49,5
61,202212,2022-12-11,2022-12-11,vi-SU,,43.0,61.0,31.0,14.0,23.0,8.0,SEDANG,DKI1  Bunderan HI,PM25,DKI1,Bundaran HI,2022,12,11,49,6
43,202212,2022-12-12,2022-12-12,vi-SU,,25.0,43.0,30.0,6.0,16.0,6.0,BAIK,DKI1  Bunderan HI,PM25,DKI1,Bundaran HI,2022,12,12,50,0
35,202212,2022-12-13,2022-12-13,vi-SU,,29.0,35.0,30.0,7.0,13.0,5.0,BAIK,DKI1  Bunderan HI,PM25,DKI1,Bundaran HI,2022,12,13,50,1
32,202212,2022-12-14,2022-12-14,vi-SU,,27.0,32.0,31.0,6.0,12.0,5.0,BAIK,DKI1  Bunderan HI,PM25,DKI1,Bundaran HI,2022,12,14,50,2
39,202212,2022-12-15,2022-12-15,vi-SU,,27.0,39.0,32.0,5.0,21.0,5.0,BAIK,DKI1  Bunderan HI,PM25,DKI1,Bundaran HI,2022,12,15,50,3
63,202212,2022-12-16,2022-12-16,vi-SU,,46.0,63.0,36.0,8.0,14.0,7.0,SEDANG,DKI1  Bunderan HI,PM25,DKI1,Bundaran HI,2022,12,16,50,4
78,202212,2022-12-17,2022-12-17,vi-SU,,59.0,78.0,30.0,19.0,29.0,9.0,SEDANG,DKI1  Bunderan HI,PM25,DKI1,Bundaran HI,2022,12,17,50,5
86,202212,2022-12-18,2022-12-18,vi-SU,,64.0,86.0,30.0,16.0,33.0,12.0,SEDANG,DKI1  Bunderan HI,PM25,DKI1,Bundaran HI,2022,12,18,50,6
85,202212,2022-12-19,2022-12-19,vi-SU,,58.0,85.0,32.0,16.0,23.0,13.0,SEDANG,DKI1  Bunderan HI,PM25,DKI1,Bundaran HI,2022,12,19,51,0
95,202212,2022-12-20,2022-12-20,vi-SU,,65.0,95.0,53.0,,24.0,12.0,SEDANG,DKI1  Bunderan HI,PM25,DKI1,Bundaran HI,2022,12,20,51,1
71,202212,2022-12-21,2022-12-21,vi-SU,,53.0,71.0,57.0,,26.0,13.0,SEDANG,DKI1  Bunderan HI,PM25,DKI1,Bundaran HI,2022,12,21,51,2
59,202212,2022-12-22,2022-12-22,vi-SU,,39.0,59.0,52.0,,15.0,9.0,SEDANG,DKI1  Bunderan HI,PM25,DKI1,Bundaran HI,2022,12,22,51,3
48,202212,2022-12-23,2022-12-23,vi-SU,,31.0,39.0,48.0,10.0,24.0,7.0,BAIK,DKI1  Bunderan HI,SO2,DKI1,Bundaran HI,2022,12,23,51,4
75,202212,2022-12-24,2022-12-24,vi-SU,,56.0,75.0,51.0,11.0,25.0,13.0,SEDANG,DKI1  Bunderan HI,PM25,DKI1,Bundaran HI,2022,12,24,51,5
52,202212,2022-12-25,2022-12-25,vi-SU,,38.0,52.0,48.0,10.0,25.0,9.0,SEDANG,DKI1  Bunderan HI,PM25,DKI1,Bundaran HI,2022,12,25,51,6
56,202212,2022-12-26,2022-12-26,vi-SU,,41.0,56.0,51.0,10.0,25.0,11.0,SEDANG,DKI1  Bunderan HI,PM25,DKI1,Bundaran HI,2022,12,26,52,0
49,202212,2022-12-27,2022-12-27,vi-SU,,36.0,35.0,49.0,8.0,20.0,7.0,BAIK,DKI1  Bunderan HI,SO2,DKI1,Bundaran HI,2022,12,27,52,1
51,202212,2022-12-28,2022-12-28,vi-SU,,33.0,51.0,50.0,11.0,8.0,7.0,SEDANG,DKI1  Bunderan HI,PM25,DKI1,Bundaran HI,2022,12,28,52,2
50,202212,2022-12-29,2022-12-29,vi-SU,,23.0,27.0,50.0,10.0,13.0,7.0,BAIK,DKI1  Bunderan HI,SO2,DKI1,Bundaran HI,2022,12,29,52,3
53,202212,2022-12-30,2022-12-30,vi-SU,,38.0,53.0,51.0,11.0,13.0,9.0,SEDANG,DKI1  Bunderan HI,PM25,DKI1,Bundaran HI,2022,12,30,52,4
68,202212,2022-12-31,2022-12-31,vi-SU,,54.0,68.0,49.0,11.0,19.0,12.0,SEDANG,DKI1  Bunderan HI,PM25,DKI1,Bundaran HI,2022,12,31,52,5
74,202212,2022-12-01,2022-12-01,vi-SU,,59.0,74.0,46.0,15.0,50.0,31.0,SEDANG,DKI2  Kelapa Gading,PM25,DKI2,Kelapa Gading,2022,12,1,48,3
67,202212,2022-12-02,2022-12-02,vi-SU,,55.0,67.0,51.0,14.0,42.0,30.0,SEDANG,DKI2  Kelapa Gading,PM25,DKI2,Kelapa Gading,2022,12,2,48,4
73,202212,2022-12-03,2022-12-03,vi-SU,,56.0,73.0,50.0,15.0,49.0,31.0,SEDANG,DKI2  Kelapa Gading,PM25,DKI2,Kelapa Gading,2022,12,3,48,5
70,202212,2022-12-04,2022-12-04,vi-SU,,58.0,70.0,50.0,19.0,45.0,34.0,SEDANG,DKI2  Kelapa Gading,PM25,DKI2,Kelapa Gading,2022,12,4,48,6
81,202212,2022-12-05,2022-12-05,vi-SU,,61.0,81.0,52.0,19.0,48.0,33.0,SEDANG,DKI2  Kelapa Gading,PM25,DKI2,Kelapa Gading,2022,12,5,49,0
86,202212,2022-12-06,2022-12-06,vi-SU,,66.0,86.0,49.0,24.0,41.0,44.0,SEDANG,DKI2  Kelapa Gading,PM25,DKI2,Kelapa Gading,2022,12,6,49,1
68,202212,2022-12-07,2022-12-07,vi-SU,,51.0,68.0,49.0,21.0,37.0,40.0,SEDANG,DKI2  Kelapa Gading,PM25,DKI2,Kelapa Gading,2022,12,7,49,2
63,202212,2022-12-08,2022-12-08,vi-SU,,40.0,63.0,43.0,16.0,47.0,35.0,SEDANG,DKI2  Kelapa Gading,PM25,DKI2,Kelapa Gading,2022,12,8,49,3
69,202212,2022-12-09,2022-12-09,vi-SU,,54.0,69.0,51.0,18.0,31.0,41.0,SEDANG,DKI2  Kelapa Gading,PM25,DKI2,Kelapa Gading,2022,12,9,49,4
61,202212,2022-12-10,2022-12-10,vi-SU,,,61.0,50.0,27.0,29.0,35.0,SEDANG,DKI2  Kelapa Gading,PM25,DKI2,Kelapa Gading,2022,12,10,49,5
61,202212,2022-12-11,2022-12-11,vi-SU,,43.0,61.0,44.0,20.0,31.0,32.0,SEDANG,DKI2  Kelapa Gading,PM25,DKI2,Kelapa Gading,2022,12,11,49,6
41,202212,2022-12-12,2022-12-12,vi-SU,,24.0,38.0,41.0,10.0,32.0,22.0,BAIK,DKI2  Kelapa Gading,SO2,DKI2,Kelapa Gading,2022,12,12,50,0
43,202212,2022-12-13,2022-12-13,vi-SU,,26.0,37.0,43.0,13.0,28.0,23.0,BAIK,DKI2  Kelapa Gading,SO2,DKI2,Kelapa Gading,2022,12,13,50,1
41,202212,2022-12-14,2022-12-14,vi-SU,,25.0,36.0,41.0,10.0,30.0,17.0,BAIK,DKI2  Kelapa Gading,SO2,DKI2,Kelapa Gading,2022,12,14,50,2
45,202212,2022-12-15,2022-12-15,vi-SU,,28.0,44.0,45.0,10.0,29.0,23.0,BAIK,DKI2  Kelapa Gading,SO2,DKI2,Kelapa Gading,2022,12,15,50,3
61,202212,2022-12-16,2022-12-16,vi-SU,,49.0,61.0,52.0,12.0,28.0,30.0,SEDANG,DKI2  Kelapa Gading,PM25,DKI2,Kelapa Gading,2022,12,16,50,4
84,202212,2022-12-17,2022-12-17,vi-SU,,,84.0,52.0,29.0,38.0,45.0,SEDANG,DKI2  Kelapa Gading,PM25,DKI2,Kelapa Gading,2022,12,17,50,5
89,202212,2022-12-18,2022-12-18,vi-SU,,,89.0,49.0,21.0,46.0,45.0,SEDANG,DKI2  Kelapa Gading,PM25,DKI2,Kelapa Gading,2022,12,18,50,6
97,202212,2022-12-19,2022-12-19,vi-SU,,,97.0,57.0,27.0,39.0,48.0,SEDANG,DKI2  Kelapa Gading,PM25,DKI2,Kelapa Gading,2022,12,19,51,0
96,202212,2022-12-20,2022-12-20,vi-SU,,,96.0,54.0,22.0,29.0,47.0,SEDANG,DKI2  Kelapa Gading,PM25,DKI2,Kelapa Gading,2022,12,20,51,1
62,202212,2022-12-21,2022-12-21,vi-SU,,,59.0,62.0,,25.0,32.0,SEDANG,DKI2  Kelapa Gading,SO2,DKI2,Kelapa Gading,2022,12,21,51,2
59,202212,2022-12-22,2022-12-22,vi-SU,,31.0,57.0,59.0,,23.0,24.0,SEDANG,DKI2  Kelapa Gading,SO2,DKI2,Kelapa Gading,2022,12,22,51,3
57,202212,2022-12-23,2022-12-23,vi-SU,,26.0,40.0,57.0,,21.0,18.0,SEDANG,DKI2  Kelapa Gading,SO2,DKI2,Kelapa Gading,2022,12,23,51,4
68,202212,2022-12-24,2022-12-24,vi-SU,,46.0,68.0,57.0,,26.0,24.0,SEDANG,DKI2  Kelapa Gading,PM25,DKI2,Kelapa Gading,2022,12,24,51,5
57,202212,2022-12-25,2022-12-25,vi-SU,,36.0,51.0,57.0,,20.0,18.0,SEDANG,DKI2  Kelapa Gading,SO2,DKI2,Kelapa Gading,2022,12,25,51,6
62,202212,2022-12-26,2022-12-26,vi-SU,,43.0,62.0,58.0,,21.0,27.0,SEDANG,DKI2  Kelapa Gading,PM25,DKI2,Kelapa Gading,2022,12,26,52,0
58,202212,2022-12-27,2022-12-27,vi-SU,,29.0,42.0,58.0,,15.0,18.0,SEDANG,DKI2  Kelapa Gading,SO2,DKI2,Kelapa Gading,2022,12,27,52,1
57,202212,2022-12-28,2022-12-28,vi-SU,,35.0,51.0,57.0,,15.0,19.0,SEDANG,DKI2  Kelapa Gading,SO2,DKI2,Kelapa Gading,2022,12,28,52,2
57,202212,2022-12-29,2022-12-29,vi-SU,,23.0,23.0,57.0,12.0,16.0,15.0,SEDANG,DKI2  Kelapa Gading,SO2,DKI2,Kelapa Gading,2022,12,29,52,3
57,202212,2022-12-30,2022-12-30,vi-SU,,40.0,55.0,57.0,21.0,17.0,24.0,SEDANG,DKI2  Kelapa Gading,SO2,DKI2,Kelapa Gading,2022,12,30,52,4
58,202212,2022-12-31,2022-12-31,vi-SU,,47.0,58.0,56.0,21.0,23.0,24.0,SEDANG,DKI2  Kelapa Gading,PM25,DKI2,Kelapa Gading,2022,12,31,52,5
81,202212,2022-12-01,2022-12-01,vi-SU,,53.0,81.0,42.0,9.0,24.0,12.0,SEDANG,DKI3  Jagakarsa,PM25,DKI3,Jagakarsa,2022,12,1,48,3
92,202212,2022-12-02,2022-12-02,vi-SU,,55.0,92.0,43.0,11.0,24.0,13.0,SEDANG,DKI3  Jagakarsa,PM25,DKI3,Jagakarsa,2022,12,2,48,4
74,202212,2022-12-03,2022-12-03,vi-SU,,54.0,74.0,47.0,8.0,29.0,11.0,SEDANG,DKI3  Jagakarsa,PM25,DKI3,Jagakarsa,2022,12,3,48,5
71,202212,2022-12-04,2022-12-04,vi-SU,,44.0,71.0,43.0,10.0,24.0,12.0,SEDANG,DKI3  Jagakarsa,PM25,DKI3,Jagakarsa,2022,12,4,48,6
76,202212,2022-12-05,2022-12-05,vi-SU,,45.0,76.0,45.0,9.0,29.0,10.0,SEDANG,DKI3  Jagakarsa,PM25,DKI3,Jagakarsa,2022,12,5,49,0
81,202212,2022-12-06,2022-12-06,vi-SU,,51.0,81.0,45.0,10.0,28.0,12.0,SEDANG,DKI3  Jagakarsa,PM25,DKI3,Jagakarsa,2022,12,6,49,1
72,202212,2022-12-07,2022-12-07,vi-SU,,45.0,72.0,45.0,10.0,27.0,13.0,SEDANG,DKI3  Jagakarsa,PM25,DKI3,Jagakarsa,2022,12,7,49,2
75,202212,2022-12-08,2022-12-08,vi-SU,,51.0,75.0,44.0,8.0,32.0,9.0,SEDANG,DKI3  Jagakarsa,PM25,DKI3,Jagakarsa,2022,12,8,49,3
94,202212,2022-12-09,2022-12-09,vi-SU,,59.0,94.0,48.0,10.0,25.0,12.0,SEDANG,DKI3  Jagakarsa,PM25,DKI3,Jagakarsa,2022,12,9,49,4
54,202212,2022-12-10,2022-12-10,vi-SU,,35.0,54.0,43.0,9.0,13.0,6.0,SEDANG,DKI3  Jagakarsa,PM25,DKI3,Jagakarsa,2022,12,10,49,5
68,202212,2022-12-11,2022-12-11,vi-SU,,44.0,68.0,44.0,8.0,15.0,9.0,SEDANG,DKI3  Jagakarsa,PM25,DKI3,Jagakarsa,2022,12,11,49,6
57,202212,2022-12-12,2022-12-12,vi-SU,,32.0,57.0,45.0,5.0,18.0,4.0,SEDANG,DKI3  Jagakarsa,PM25,DKI3,Jagakarsa,2022,12,12,50,0
71,202212,2022-12-13,2022-12-13,vi-SU,,45.0,71.0,48.0,9.0,13.0,7.0,SEDANG,DKI3  Jagakarsa,PM25,DKI3,Jagakarsa,2022,12,13,50,1
71,202212,2022-12-14,2022-12-14,vi-SU,,46.0,71.0,48.0,8.0,11.0,7.0,SEDANG,DKI3  Jagakarsa,PM25,DKI3,Jagakarsa,2022,12,14,50,2
53,202212,2022-12-15,2022-12-15,vi-SU,,28.0,53.0,48.0,5.0,15.0,4.0,SEDANG,DKI3  Jagakarsa,PM25,DKI3,Jagakarsa,2022,12,15,50,3
73,202212,2022-12-16,2022-12-16,vi-SU,,46.0,73.0,50.0,8.0,14.0,7.0,SEDANG,DKI3  Jagakarsa,PM25,DKI3,Jagakarsa,2022,12,16,50,4
81,202212,2022-12-17,2022-12-17,vi-SU,,54.0,81.0,49.0,17.0,12.0,,SEDANG,DKI3  Jagakarsa,PM25,DKI3,Jagakarsa,2022,12,17,50,5
80,202212,2022-12-18,2022-12-18,vi-SU,,51.0,80.0,50.0,9.0,17.0,12.0,SEDANG,DKI3  Jagakarsa,PM25,DKI3,Jagakarsa,2022,12,18,50,6
87,202212,2022-12-19,2022-12-19,vi-SU,,57.0,87.0,50.0,12.0,18.0,13.0,SEDANG,DKI3  Jagakarsa,PM25,DKI3,Jagakarsa,2022,12,19,51,0
105,202212,2022-12-20,2022-12-20,vi-SU,,72.0,105.0,49.0,19.0,18.0,12.0,TIDAK SEHAT,DKI3  Jagakarsa,PM25,DKI3,Jagakarsa,2022,12,20,51,1
86,202212,2022-12-21,2022-12-21,vi-SU,,57.0,86.0,53.0,7.0,27.0,11.0,SEDANG,DKI3  Jagakarsa,PM25,DKI3,Jagakarsa,2022,12,21,51,2
57,202212,2022-12-22,2022-12-22,vi-SU,,36.0,57.0,49.0,6.0,13.0,7.0,SEDANG,DKI3  Jagakarsa,PM25,DKI3,Jagakarsa,2022,12,22,51,3
50,202212,2022-12-23,2022-12-23,vi-SU,,21.0,33.0,50.0,4.0,16.0,3.0,BAIK,DKI3  Jagakarsa,SO2,DKI3,Jagakarsa,2022,12,23,51,4
92,202212,2022-12-24,2022-12-24,vi-SU,,58.0,92.0,51.0,10.0,17.0,11.0,SEDANG,DKI3  Jagakarsa,PM25,DKI3,Jagakarsa,2022,12,24,51,5
51,202212,2022-12-25,2022-12-25,vi-SU,,42.0,51.0,50.0,5.0,16.0,5.0,SEDANG,DKI3  Jagakarsa,PM25,DKI3,Jagakarsa,2022,12,25,51,6
57,202212,2022-12-26,2022-12-26,vi-SU,,36.0,57.0,51.0,7.0,14.0,6.0,SEDANG,DKI3  Jagakarsa,PM25,DKI3,Jagakarsa,2022,12,26,52,0
48,202212,2022-12-27,2022-12-27,vi-SU,,17.0,26.0,48.0,4.0,11.0,2.0,BAIK,DKI3  Jagakarsa,SO2,DKI3,Jagakarsa,2022,12,27,52,1
66,202212,2022-12-28,2022-12-28,vi-SU,,46.0,66.0,49.0,8.0,8.0,5.0,SEDANG,DKI3  Jagakarsa,PM25,DKI3,Jagakarsa,2022,12,28,52,2
50,202212,2022-12-29,2022-12-29,vi-SU,,15.0,50.0,50.0,4.0,13.0,,BAIK,DKI3  Jagakarsa,PM25,DKI3,Jagakarsa,2022,12,29,52,3
51,202212,2022-12-30,2022-12-30,vi-SU,,36.0,51.0,51.0,8.0,13.0,5.0,SEDANG,DKI3  Jagakarsa,PM25,DKI3,Jagakarsa,2022,12,30,52,4
49,202212,2022-12-31,2022-12-31,vi-SU,,48.0,49.0,,24.0,14.0,,BAIK,DKI3  Jagakarsa,PM25,DKI3,Jagakarsa,2022,12,31,52,5
93,202212,2022-12-01,2022-12-01,vi-SU,,64.0,93.0,52.0,7.0,27.0,19.0,SEDANG,DKI4  Lubang Buaya,PM25,DKI4,Lubang Buaya,2022,12,1,48,3
94,202212,2022-12-02,2022-12-02,vi-SU,,60.0,94.0,52.0,9.0,20.0,18.0,SEDANG,DKI4  Lubang Buaya,PM25,DKI4,Lubang Buaya,2022,12,2,48,4
100,202212,2022-12-03,2022-12-03,vi-SU,,55.0,100.0,52.0,7.0,26.0,17.0,SEDANG,DKI4  Lubang Buaya,PM25,DKI4,Lubang Buaya,2022,12,3,48,5
95,202212,2022-12-04,2022-12-04,vi-SU,,65.0,95.0,52.0,9.0,18.0,14.0,SEDANG,DKI4  Lubang Buaya,PM25,DKI4,Lubang Buaya,2022,12,4,48,6
117,202212,2022-12-05,2022-12-05,vi-SU,,74.0,117.0,52.0,9.0,21.0,13.0,TIDAK SEHAT,DKI4  Lubang Buaya,PM25,DKI4,Lubang Buaya,2022,12,5,49,0
107,202212,2022-12-06,2022-12-06,vi-SU,,70.0,107.0,,,,,TIDAK SEHAT,DKI4  Lubang Buaya,PM25,DKI4,Lubang Buaya,2022,12,6,49,1
88,202212,2022-12-07,2022-12-07,vi-SU,,53.0,88.0,52.0,11.0,13.0,18.0,SEDANG,DKI4  Lubang Buaya,PM25,DKI4,Lubang Buaya,2022,12,7,49,2
85,202212,2022-12-08,2022-12-08,vi-SU,,50.0,85.0,52.0,6.0,25.0,18.0,SEDANG,DKI4  Lubang Buaya,PM25,DKI4,Lubang Buaya,2022,12,8,49,3
91,202212,2022-12-09,2022-12-09,vi-SU,,54.0,91.0,51.0,10.0,12.0,18.0,SEDANG,DKI4  Lubang Buaya,PM25,DKI4,Lubang Buaya,2022,12,9,49,4
72,202212,2022-12-10,2022-12-10,vi-SU,,42.0,72.0,52.0,8.0,10.0,11.0,SEDANG,DKI4  Lubang Buaya,PM25,DKI4,Lubang Buaya,2022,12,10,49,5
72,202212,2022-12-11,2022-12-11,vi-SU,,44.0,72.0,52.0,6.0,10.0,16.0,SEDANG,DKI4  Lubang Buaya,PM25,DKI4,Lubang Buaya,2022,12,11,49,6
62,202212,2022-12-12,2022-12-12,vi-SU,,37.0,62.0,51.0,3.0,16.0,10.0,SEDANG,DKI4  Lubang Buaya,PM25,DKI4,Lubang Buaya,2022,12,12,50,0
67,202212,2022-12-13,2022-12-13,vi-SU,,47.0,67.0,51.0,6.0,8.0,15.0,SEDANG,DKI4  Lubang Buaya,PM25,DKI4,Lubang Buaya,2022,12,13,50,1
66,202212,2022-12-14,2022-12-14,vi-SU,,39.0,66.0,51.0,5.0,8.0,12.0,SEDANG,DKI4  Lubang Buaya,PM25,DKI4,Lubang Buaya,2022,12,14,50,2
60,202212,2022-12-15,2022-12-15,vi-SU,,27.0,60.0,52.0,1.0,13.0,8.0,SEDANG,DKI4  Lubang Buaya,PM25,DKI4,Lubang Buaya,2022,12,15,50,3
83,202212,2022-12-16,2022-12-16,vi-SU,,56.0,83.0,52.0,5.0,14.0,13.0,SEDANG,DKI4  Lubang Buaya,PM25,DKI4,Lubang Buaya,2022,12,16,50,4
98,202212,2022-12-17,2022-12-17,vi-SU,,65.0,98.0,52.0,14.0,13.0,15.0,SEDANG,DKI4  Lubang Buaya,PM25,DKI4,Lubang Buaya,2022,12,17,50,5
96,202212,2022-12-18,2022-12-18,vi-SU,,61.0,96.0,52.0,7.0,17.0,19.0,SEDANG,DKI4  Lubang Buaya,PM25,DKI4,Lubang Buaya,2022,12,18,50,6
99,202212,2022-12-19,2022-12-19,vi-SU,,64.0,99.0,52.0,10.0,20.0,15.0,SEDANG,DKI4  Lubang Buaya,PM25,DKI4,Lubang Buaya,2022,12,19,51,0
154,202212,2022-12-20,2022-12-20,vi-SU,,85.0,,52.0,10.0,11.0,13.0,TIDAK SEHAT,DKI4  Lubang Buaya,PM25,DKI4,Lubang Buaya,2022,12,20,51,1
77,202212,2022-12-21,2022-12-21,vi-SU,,53.0,77.0,54.0,5.0,16.0,19.0,SEDANG,DKI4  Lubang Buaya,PM25,DKI4,Lubang Buaya,2022,12,21,51,2
65,202212,2022-12-22,2022-12-22,vi-SU,,49.0,65.0,52.0,5.0,10.0,12.0,SEDANG,DKI4  Lubang Buaya,PM25,DKI4,Lubang Buaya,2022,12,22,51,3
52,202212,2022-12-23,2022-12-23,vi-SU,,22.0,39.0,52.0,2.0,11.0,8.0,SEDANG,DKI4  Lubang Buaya,SO2,DKI4,Lubang Buaya,2022,12,23,51,4
83,202212,2022-12-24,2022-12-24,vi-SU,,,83.0,52.0,7.0,13.0,16.0,SEDANG,DKI4  Lubang Buaya,PM25,DKI4,Lubang Buaya,2022,12,24,51,5
56,202212,2022-12-25,2022-12-25,vi-SU,,,56.0,52.0,5.0,10.0,13.0,SEDANG,DKI4  Lubang Buaya,PM25,DKI4,Lubang Buaya,2022,12,25,51,6
58,202212,2022-12-26,2022-12-26,vi-SU,,,58.0,52.0,4.0,10.0,14.0,SEDANG,DKI4  Lubang Buaya,PM25,DKI4,Lubang Buaya,2022,12,26,52,0
52,202212,2022-12-27,2022-12-27,vi-SU,,,47.0,52.0,3.0,7.0,9.0,SEDANG,DKI4  Lubang Buaya,SO2,DKI4,Lubang Buaya,2022,12,27,52,1
63,202212,2022-12-28,2022-12-28,vi-SU,,,63.0,52.0,5.0,6.0,9.0,SEDANG,DKI4  Lubang Buaya,PM25,DKI4,Lubang Buaya,2022,12,28,52,2
52,202212,2022-12-29,2022-12-29,vi-SU,,,35.0,52.0,2.0,8.0,8.0,SEDANG,DKI4  Lubang Buaya,SO2,DKI4,Lubang Buaya,2022,12,29,52,3
64,202212,2022-12-30,2022-12-30,vi-SU,,32.0,64.0,52.0,7.0,8.0,12.0,SEDANG,DKI4  Lubang Buaya,PM25,DKI4,Lubang Buaya,2022,12,30,52,4
73,202212,2022-12-31,2022-12-31,vi-SU,,49.0,73.0,,,,,SEDANG,DKI4  Lubang Buaya,PM25,DKI4,Lubang Buaya,2022,12,31,52,5
52,202212,2022-12-01,2022-12-01,vi-SU,,52.0,,18.0,17.0,27.0,5.0,SEDANG,DKI5  Kebon Jeruk  Jakarta Barat,PM10,DKI5,Kebon Jeruk,2022,12,1,48,3
48,202212,2022-12-02,2022-12-02,vi-SU,,48.0,,20.0,18.0,21.0,5.0,BAIK,DKI5  Kebon Jeruk  Jakarta Barat,PM10,DKI5,Kebon Jeruk,2022,12,2,48,4
49,202212,2022-12-03,2022-12-03,vi-SU,,49.0,,20.0,16.0,32.0,5.0,BAIK,DKI5  Kebon Jeruk  Jakarta Barat,PM10,DKI5,Kebon Jeruk,2022,12,3,48,5
54,202212,2022-12-04,2022-12-04,vi-SU,,54.0,,18.0,19.0,28.0,5.0,SEDANG,DKI5  Kebon Jeruk  Jakarta Barat,PM10,DKI5,Kebon Jeruk,2022,12,4,48,6
53,202212,2022-12-05,2022-12-05,vi-SU,,53.0,,17.0,17.0,32.0,5.0,SEDANG,DKI5  Kebon Jeruk  Jakarta Barat,PM10,DKI5,Kebon Jeruk,2022,12,5,49,0
55,202212,2022-12-06,2022-12-06,vi-SU,,55.0,,16.0,18.0,24.0,5.0,SEDANG,DKI5  Kebon Jeruk  Jakarta Barat,PM10,DKI5,Kebon Jeruk,2022,12,6,49,1
48,202212,2022-12-07,2022-12-07,vi-SU,,48.0,,17.0,18.0,21.0,5.0,BAIK,DKI5  Kebon Jeruk  Jakarta Barat,PM10,DKI5,Kebon Jeruk,2022,12,7,49,2
58,202212,2022-12-08,2022-12-08,vi-SU,,41.0,58.0,17.0,9.0,34.0,2.0,SEDANG,DKI5  Kebon Jeruk  Jakarta Barat,PM25,DKI5,Kebon Jeruk,2022,12,8,49,3
69,202212,2022-12-09,2022-12-09,vi-SU,,52.0,69.0,21.0,21.0,18.0,8.0,SEDANG,DKI5  Kebon Jeruk  Jakarta Barat,PM25,DKI5,Kebon Jeruk,2022,12,9,49,4
53,202212,2022-12-10,2022-12-10,vi-SU,,36.0,53.0,16.0,18.0,10.0,,SEDANG,DKI5  Kebon Jeruk  Jakarta Barat,PM25,DKI5,Kebon Jeruk,2022,12,10,49,5
45,202212,2022-12-11,2022-12-11,vi-SU,,28.0,45.0,17.0,9.0,18.0,,BAIK,DKI5  Kebon Jeruk  Jakarta Barat,PM25,DKI5,Kebon Jeruk,2022,12,11,49,6
27,202212,2022-12-12,2022-12-12,vi-SU,,18.0,27.0,16.0,7.0,22.0,,BAIK,DKI5  Kebon Jeruk  Jakarta Barat,PM25,DKI5,Kebon Jeruk,2022,12,12,50,0
26,202212,2022-12-13,2022-12-13,vi-SU,,20.0,26.0,15.0,8.0,16.0,,BAIK,DKI5  Kebon Jeruk  Jakarta Barat,PM25,DKI5,Kebon Jeruk,2022,12,13,50,1
25,202212,2022-12-14,2022-12-14,vi-SU,,18.0,25.0,16.0,6.0,17.0,,BAIK,DKI5  Kebon Jeruk  Jakarta Barat,PM25,DKI5,Kebon Jeruk,2022,12,14,50,2
33,202212,2022-12-15,2022-12-15,vi-SU,,22.0,33.0,18.0,6.0,19.0,,BAIK,DKI5  Kebon Jeruk  Jakarta Barat,PM25,DKI5,Kebon Jeruk,2022,12,15,50,3
51,202212,2022-12-16,2022-12-16,vi-SU,,31.0,51.0,23.0,11.0,18.0,1.0,SEDANG,DKI5  Kebon Jeruk  Jakarta Barat,PM25,DKI5,Kebon Jeruk,2022,12,16,50,4
67,202212,2022-12-17,2022-12-17,vi-SU,,52.0,67.0,19.0,30.0,20.0,,SEDANG,DKI5  Kebon Jeruk  Jakarta Barat,PM25,DKI5,Kebon Jeruk,2022,12,17,50,5
74,202212,2022-12-18,2022-12-18,vi-SU,,58.0,74.0,18.0,26.0,19.0,,SEDANG,DKI5  Kebon Jeruk  Jakarta Barat,PM25,DKI5,Kebon Jeruk,2022,12,18,50,6
73,202212,2022-12-19,2022-12-19,vi-SU,,54.0,73.0,22.0,28.0,26.0,,SEDANG,DKI5  Kebon Jeruk  Jakarta Barat,PM25,DKI5,Kebon Jeruk,2022,12,19,51,0
72,202212,2022-12-20,2022-12-20,vi-SU,,60.0,72.0,20.0,23.0,21.0,5.0,SEDANG,DKI5  Kebon Jeruk  Jakarta Barat,PM25,DKI5,Kebon Jeruk,2022,12,20,51,1
59,202212,2022-12-21,2022-12-21,vi-SU,,53.0,59.0,31.0,13.0,25.0,3.0,SEDANG,DKI5  Kebon Jeruk  Jakarta Barat,PM25,DKI5,Kebon Jeruk,2022,12,21,51,2
37,202212,2022-12-22,2022-12-22,vi-SU,,37.0,,24.0,7.0,17.0,,BAIK,DKI5  Kebon Jeruk  Jakarta Barat,PM10,DKI5,Kebon Jeruk,2022,12,22,51,3
24,202212,2022-12-23,2022-12-23,vi-SU,,24.0,,19.0,9.0,16.0,,BAIK,DKI5  Kebon Jeruk  Jakarta Barat,PM10,DKI5,Kebon Jeruk,2022,12,23,51,4
54,202212,2022-12-24,2022-12-24,vi-SU,,54.0,,19.0,23.0,17.0,,SEDANG,DKI5  Kebon Jeruk  Jakarta Barat,PM10,DKI5,Kebon Jeruk,2022,12,24,51,5
32,202212,2022-12-25,2022-12-25,vi-SU,,32.0,,20.0,13.0,16.0,,BAIK,DKI5  Kebon Jeruk  Jakarta Barat,PM10,DKI5,Kebon Jeruk,2022,12,25,51,6
33,202212,2022-12-26,2022-12-26,vi-SU,,33.0,,25.0,14.0,13.0,2.0,BAIK,DKI5  Kebon Jeruk  Jakarta Barat,PM10,DKI5,Kebon Jeruk,2022,12,26,52,0
23,202212,2022-12-27,2022-12-27,vi-SU,,23.0,,23.0,10.0,12.0,,BAIK,DKI5  Kebon Jeruk  Jakarta Barat,PM10,DKI5,Kebon Jeruk,2022,12,27,52,1
28,202212,2022-12-28,2022-12-28,vi-SU,,28.0,,23.0,14.0,9.0,,BAIK,DKI5  Kebon Jeruk  Jakarta Barat,PM10,DKI5,Kebon Jeruk,2022,12,28,52,2
28,202212,2022-12-29,2022-12-29,vi-SU,,,,28.0,11.0,,,BAIK,DKI5  Kebon Jeruk  Jakarta Barat,SO2,DKI5,Kebon Jeruk,2022,12,29,52,3
32,202212,2022-12-30,2022-12-30,vi-SU,,32.0,,27.0,15.0,13.0,,BAIK,DKI5  Kebon Jeruk  Jakarta Barat,PM10,DKI5,Kebon Jeruk,2022,12,30,52,4
50,202212,2022-12-31,2022-12-31,vi-SU,,50.0,,23.0,21.0,13.0,,BAIK,DKI5  Kebon Jeruk  Jakarta Barat,PM10,DKI5,Kebon Jeruk,2022,12,31,52,5
55,202301,2023-01-01,2023-01-01,vi-SU,,44.0,55.0,47.0,10.0,24.0,9.0,SEDANG,DKI1  Bunderan HI,PM25,DKI1,Bundaran HI,2023,1,1,52,6
52,202301,2023-01-02,2023-01-02,vi-SU,,32.0,43.0,52.0,9.0,24.0,8.0,SEDANG,DKI1  Bunderan HI,SO2,DKI1,Bundaran HI,2023,1,2,1,0
49,202301,2023-01-03,2023-01-03,vi-SU,,31.0,35.0,49.0,9.0,12.0,7.0,BAIK,DKI1  Bunderan HI,SO2,DKI1,Bundaran HI,2023,1,3,1,1
53,202301,2023-01-04,2023-01-04,vi-SU,,30.0,47.0,53.0,11.0,15.0,9.0,SEDANG,DKI1  Bunderan HI,SO2,DKI1,Bundaran HI,2023,1,4,1,2
50,202301,2023-01-05,2023-01-05,vi-SU,,38.0,50.0,50.0,13.0,26.0,11.0,BAIK,DKI1  Bunderan HI,PM25,DKI1,Bundaran HI,2023,1,5,1,3
48,202301,2023-01-06,2023-01-06,vi-SU,,31.0,48.0,45.0,10.0,13.0,7.0,BAIK,DKI1  Bunderan HI,PM25,DKI1,Bundaran HI,2023,1,6,1,4
44,202301,2023-01-07,2023-01-07,vi-SU,,25.0,42.0,44.0,10.0,9.0,5.0,BAIK,DKI1  Bunderan HI,SO2,DKI1,Bundaran HI,2023,1,7,1,5
49,202301,2023-01-08,2023-01-08,vi-SU,,28.0,49.0,47.0,11.0,9.0,4.0,BAIK,DKI1  Bunderan HI,PM25,DKI1,Bundaran HI,2023,1,8,1,6
48,202301,2023-01-09,2023-01-09,vi-SU,,25.0,39.0,48.0,10.0,12.0,5.0,BAIK,DKI1  Bunderan HI,SO2,DKI1,Bundaran HI,2023,1,9,2,0
45,202301,2023-01-10,2023-01-10,vi-SU,,37.0,44.0,45.0,11.0,21.0,8.0,BAIK,DKI1  Bunderan HI,SO2,DKI1,Bundaran HI,2023,1,10,2,1
65,202301,2023-01-11,2023-01-11,vi-SU,,42.0,65.0,47.0,13.0,25.0,10.0,SEDANG,DKI1  Bunderan HI,PM25,DKI1,Bundaran HI,2023,1,11,2,2
69,202301,2023-01-12,2023-01-12,vi-SU,,53.0,69.0,49.0,12.0,28.0,13.0,SEDANG,DKI1  Bunderan HI,PM25,DKI1,Bundaran HI,2023,1,12,2,3
78,202301,2023-01-13,2023-01-13,vi-SU,,57.0,78.0,47.0,11.0,26.0,18.0,SEDANG,DKI1  Bunderan HI,PM25,DKI1,Bundaran HI,2023,1,13,2,4
70,202301,2023-01-14,2023-01-14,vi-SU,,51.0,70.0,45.0,11.0,31.0,14.0,SEDANG,DKI1  Bunderan HI,PM25,DKI1,Bundaran HI,2023,1,14,2,5
57,202301,2023-01-15,2023-01-15,vi-SU,,46.0,57.0,44.0,11.0,24.0,7.0,SEDANG,DKI1  Bunderan HI,PM25,DKI1,Bundaran HI,2023,1,15,2,6
42,202301,2023-01-16,2023-01-16,vi-SU,,34.0,40.0,42.0,11.0,11.0,6.0,BAIK,DKI1  Bunderan HI,SO2,DKI1,Bundaran HI,2023,1,16,3,0
52,202301,2023-01-17,2023-01-17,vi-SU,,40.0,52.0,45.0,12.0,9.0,6.0,SEDANG,DKI1  Bunderan HI,PM25,DKI1,Bundaran HI,2023,1,17,3,1
71,202301,2023-01-18,2023-01-18,vi-SU,,55.0,71.0,55.0,12.0,10.0,11.0,SEDANG,DKI1  Bunderan HI,PM25,DKI1,Bundaran HI,2023,1,18,3,2
63,202301,2023-01-19,2023-01-19,vi-SU,,53.0,63.0,53.0,11.0,9.0,10.0,SEDANG,DKI1  Bunderan HI,PM25,DKI1,Bundaran HI,2023,1,19,3,3
57,202301,2023-01-20,2023-01-20,vi-SU,,42.0,57.0,51.0,10.0,12.0,9.0,SEDANG,DKI1  Bunderan HI,PM25,DKI1,Bundaran HI,2023,1,20,3,4
59,202301,2023-01-21,2023-01-21,vi-SU,,42.0,59.0,,9.0,10.0,20.0,SEDANG,DKI1  Bunderan HI,PM25,DKI1,Bundaran HI,2023,1,21,3,5
46,202301,2023-01-22,2023-01-22,vi-SU,,37.0,46.0,,7.0,11.0,17.0,BAIK,DKI1  Bunderan HI,PM25,DKI1,Bundaran HI,2023,1,22,3,6
32,202301,2023-01-23,2023-01-23,vi-SU,,21.0,32.0,,6.0,13.0,12.0,BAIK,DKI1  Bunderan HI,PM25,DKI1,Bundaran HI,2023,1,23,4,0
39,202301,2023-01-24,2023-01-24,vi-SU,,29.0,39.0,,7.0,10.0,20.0,BAIK,DKI1  Bunderan HI,PM25,DKI1,Bundaran HI,2023,1,24,4,1
56,202301,2023-01-25,2023-01-25,vi-SU,,30.0,50.0,56.0,6.0,10.0,16.0,SEDANG,DKI1  Bunderan HI,SO2,DKI1,Bundaran HI,2023,1,25,4,2
45,202301,2023-01-26,2023-01-26,vi-SU,,41.0,45.0,45.0,8.0,11.0,20.0,BAIK,DKI1  Bunderan HI,PM25,DKI1,Bundaran HI,2023,1,26,4,3
56,202301,2023-01-27,2023-01-27,vi-SU,,47.0,56.0,44.0,11.0,21.0,25.0,SEDANG,DKI1  Bunderan HI,PM25,DKI1,Bundaran HI,2023,1,27,4,4
45,202301,2023-01-28,2023-01-28,vi-SU,,33.0,45.0,41.0,8.0,14.0,27.0,BAIK,DKI1  Bunderan HI,PM25,DKI1,Bundaran HI,2023,1,28,4,5
60,202301,2023-01-29,2023-01-29,vi-SU,,50.0,60.0,43.0,10.0,20.0,26.0,SEDANG,DKI1  Bunderan HI,PM25,DKI1,Bundaran HI,2023,1,29,4,6
56,202301,2023-01-30,2023-01-30,vi-SU,,37.0,56.0,44.0,9.0,21.0,27.0,SEDANG,DKI1  Bunderan HI,PM25,DKI1,Bundaran HI,2023,1,30,5,0
65,202301,2023-01-31,2023-01-31,vi-SU,,50.0,65.0,55.0,9.0,16.0,30.0,SEDANG,DKI1  Bunderan HI,PM25,DKI1,Bundaran HI,2023,1,31,5,1
61,202301,2023-01-01,2023-01-01,vi-SU,,44.0,61.0,56.0,16.0,20.0,19.0,SEDANG,DKI2  Kelapa Gading,PM25,DKI2,Kelapa Gading,2023,1,1,52,6
59,202301,2023-01-02,2023-01-02,vi-SU,,34.0,43.0,59.0,15.0,21.0,19.0,SEDANG,DKI2  Kelapa Gading,SO2,DKI2,Kelapa Gading,2023,1,2,1,0
57,202301,2023-01-03,2023-01-03,vi-SU,,28.0,34.0,57.0,13.0,21.0,16.0,SEDANG,DKI2  Kelapa Gading,SO2,DKI2,Kelapa Gading,2023,1,3,1,1
60,202301,2023-01-04,2023-01-04,vi-SU,,31.0,49.0,60.0,17.0,21.0,26.0,SEDANG,DKI2  Kelapa Gading,SO2,DKI2,Kelapa Gading,2023,1,4,1,2
57,202301,2023-01-05,2023-01-05,vi-SU,,37.0,53.0,57.0,26.0,21.0,35.0,SEDANG,DKI2  Kelapa Gading,SO2,DKI2,Kelapa Gading,2023,1,5,1,3
56,202301,2023-01-06,2023-01-06,vi-SU,,30.0,43.0,56.0,14.0,18.0,19.0,SEDANG,DKI2  Kelapa Gading,SO2,DKI2,Kelapa Gading,2023,1,6,1,4
56,202301,2023-01-07,2023-01-07,vi-SU,,23.0,44.0,56.0,11.0,17.0,15.0,SEDANG,DKI2  Kelapa Gading,SO2,DKI2,Kelapa Gading,2023,1,7,1,5
60,202301,2023-01-08,2023-01-08,vi-SU,,28.0,60.0,56.0,10.0,17.0,10.0,SEDANG,DKI2  Kelapa Gading,PM25,DKI2,Kelapa Gading,2023,1,8,1,6
57,202301,2023-01-09,2023-01-09,vi-SU,,24.0,44.0,57.0,9.0,19.0,17.0,SEDANG,DKI2  Kelapa Gading,SO2,DKI2,Kelapa Gading,2023,1,9,2,0
56,202301,2023-01-10,2023-01-10,vi-SU,,35.0,51.0,56.0,10.0,20.0,21.0,SEDANG,DKI2  Kelapa Gading,SO2,DKI2,Kelapa Gading,2023,1,10,2,1
65,202301,2023-01-11,2023-01-11,vi-SU,,40.0,65.0,58.0,18.0,28.0,27.0,SEDANG,DKI2  Kelapa Gading,PM25,DKI2,Kelapa Gading,2023,1,11,2,2
87,202301,2023-01-12,2023-01-12,vi-SU,,69.0,87.0,60.0,17.0,38.0,32.0,SEDANG,DKI2  Kelapa Gading,PM25,DKI2,Kelapa Gading,2023,1,12,2,3
81,202301,2023-01-13,2023-01-13,vi-SU,,62.0,81.0,58.0,13.0,44.0,20.0,SEDANG,DKI2  Kelapa Gading,PM25,DKI2,Kelapa Gading,2023,1,13,2,4
79,202301,2023-01-14,2023-01-14,vi-SU,,57.0,79.0,58.0,25.0,37.0,40.0,SEDANG,DKI2  Kelapa Gading,PM25,DKI2,Kelapa Gading,2023,1,14,2,5
57,202301,2023-01-15,2023-01-15,vi-SU,,48.0,54.0,57.0,12.0,22.0,23.0,SEDANG,DKI2  Kelapa Gading,SO2,DKI2,Kelapa Gading,2023,1,15,2,6
56,202301,2023-01-16,2023-01-16,vi-SU,,35.0,48.0,56.0,10.0,19.0,17.0,SEDANG,DKI2  Kelapa Gading,SO2,DKI2,Kelapa Gading,2023,1,16,3,0
57,202301,2023-01-17,2023-01-17,vi-SU,,39.0,47.0,57.0,12.0,15.0,17.0,SEDANG,DKI2  Kelapa Gading,SO2,DKI2,Kelapa Gading,2023,1,17,3,1
66,202301,2023-01-18,2023-01-18,vi-SU,,56.0,66.0,63.0,15.0,17.0,27.0,SEDANG,DKI2  Kelapa Gading,PM25,DKI2,Kelapa Gading,2023,1,18,3,2
62,202301,2023-01-19,2023-01-19,vi-SU,,55.0,62.0,58.0,19.0,15.0,30.0,SEDANG,DKI2  Kelapa Gading,PM25,DKI2,Kelapa Gading,2023,1,19,3,3
59,202301,2023-01-20,2023-01-20,vi-SU,,36.0,58.0,59.0,13.0,16.0,25.0,SEDANG,DKI2  Kelapa Gading,SO2,DKI2,Kelapa Gading,2023,1,20,3,4
58,202301,2023-01-21,2023-01-21,vi-SU,,44.0,58.0,57.0,23.0,14.0,32.0,SEDANG,DKI2  Kelapa Gading,PM25,DKI2,Kelapa Gading,2023,1,21,3,5
59,202301,2023-01-22,2023-01-22,vi-SU,,37.0,52.0,59.0,11.0,16.0,15.0,SEDANG,DKI2  Kelapa Gading,SO2,DKI2,Kelapa Gading,2023,1,22,3,6
62,202301,2023-01-23,2023-01-23,vi-SU,,27.0,53.0,62.0,8.0,17.0,9.0,SEDANG,DKI2  Kelapa Gading,SO2,DKI2,Kelapa Gading,2023,1,23,4,0
60,202301,2023-01-24,2023-01-24,vi-SU,,33.0,50.0,60.0,11.0,17.0,14.0,SEDANG,DKI2  Kelapa Gading,SO2,DKI2,Kelapa Gading,2023,1,24,4,1
60,202301,2023-01-25,2023-01-25,vi-SU,,37.0,45.0,60.0,10.0,13.0,14.0,SEDANG,DKI2  Kelapa Gading,SO2,DKI2,Kelapa Gading,2023,1,25,4,2
58,202301,2023-01-26,2023-01-26,vi-SU,,39.0,43.0,58.0,14.0,13.0,20.0,SEDANG,DKI2  Kelapa Gading,SO2,DKI2,Kelapa Gading,2023,1,26,4,3
56,202301,2023-01-27,2023-01-27,vi-SU,,33.0,56.0,,9.0,17.0,,SEDANG,DKI2  Kelapa Gading,PM25,DKI2,Kelapa Gading,2023,1,27,4,4
48,202301,2023-01-28,2023-01-28,vi-SU,,30.0,48.0,,10.0,32.0,25.0,BAIK,DKI2  Kelapa Gading,PM25,DKI2,Kelapa Gading,2023,1,28,4,5
60,202301,2023-01-29,2023-01-29,vi-SU,,51.0,60.0,,17.0,37.0,21.0,SEDANG,DKI2  Kelapa Gading,PM25,DKI2,Kelapa Gading,2023,1,29,4,6
56,202301,2023-01-30,2023-01-30,vi-SU,,40.0,56.0,,10.0,26.0,21.0,SEDANG,DKI2  Kelapa Gading,PM25,DKI2,Kelapa Gading,2023,1,30,5,0
60,202301,2023-01-31,2023-01-31,vi-SU,,42.0,60.0,,9.0,19.0,22.0,SEDANG,DKI2  Kelapa Gading,PM25,DKI2,Kelapa Gading,2023,1,31,5,1
51,202301,2023-01-01,2023-01-01,vi-SU,,26.0,43.0,51.0,5.0,16.0,2.0,SEDANG,DKI3  Jagakarsa,SO2,DKI3,Jagakarsa,2023,1,1,52,6
51,202301,2023-01-02,2023-01-02,vi-SU,,23.0,40.0,51.0,5.0,16.0,3.0,SEDANG,DKI3  Jagakarsa,SO2,DKI3,Jagakarsa,2023,1,2,1,0
53,202301,2023-01-03,2023-01-03,vi-SU,,25.0,32.0,53.0,4.0,15.0,,SEDANG,DKI3  Jagakarsa,SO2,DKI3,Jagakarsa,2023,1,3,1,1
53,202301,2023-01-04,2023-01-04,vi-SU,,30.0,44.0,53.0,5.0,15.0,4.0,SEDANG,DKI3  Jagakarsa,SO2,DKI3,Jagakarsa,2023,1,4,1,2
59,202301,2023-01-05,2023-01-05,vi-SU,,40.0,59.0,53.0,10.0,18.0,7.0,SEDANG,DKI3  Jagakarsa,PM25,DKI3,Jagakarsa,2023,1,5,1,3
73,202301,2023-01-06,2023-01-06,vi-SU,,50.0,73.0,51.0,10.0,11.0,7.0,SEDANG,DKI3  Jagakarsa,PM25,DKI3,Jagakarsa,2023,1,6,1,4
66,202301,2023-01-07,2023-01-07,vi-SU,,49.0,66.0,51.0,6.0,10.0,4.0,SEDANG,DKI3  Jagakarsa,PM25,DKI3,Jagakarsa,2023,1,7,1,5
62,202301,2023-01-08,2023-01-08,vi-SU,,45.0,62.0,51.0,6.0,10.0,3.0,SEDANG,DKI3  Jagakarsa,PM25,DKI3,Jagakarsa,2023,1,8,1,6
71,202301,2023-01-09,2023-01-09,vi-SU,,46.0,71.0,51.0,9.0,10.0,6.0,SEDANG,DKI3  Jagakarsa,PM25,DKI3,Jagakarsa,2023,1,9,2,0
70,202301,2023-01-10,2023-01-10,vi-SU,,50.0,70.0,50.0,8.0,10.0,6.0,SEDANG,DKI3  Jagakarsa,PM25,DKI3,Jagakarsa,2023,1,10,2,1
74,202301,2023-01-12,2023-01-12,vi-SU,,43.0,74.0,54.0,9.0,24.0,3.0,SEDANG,DKI3  Jagakarsa,PM25,DKI3,Jagakarsa,2023,1,12,2,3
80,202301,2023-01-13,2023-01-13,vi-SU,,56.0,80.0,55.0,10.0,36.0,5.0,SEDANG,DKI3  Jagakarsa,PM25,DKI3,Jagakarsa,2023,1,13,2,4
70,202301,2023-01-14,2023-01-14,vi-SU,,49.0,70.0,54.0,13.0,24.0,3.0,SEDANG,DKI3  Jagakarsa,PM25,DKI3,Jagakarsa,2023,1,14,2,5
66,202301,2023-01-15,2023-01-15,vi-SU,,49.0,66.0,55.0,9.0,15.0,2.0,SEDANG,DKI3  Jagakarsa,PM25,DKI3,Jagakarsa,2023,1,15,2,6
57,202301,2023-01-16,2023-01-16,vi-SU,,39.0,57.0,54.0,7.0,10.0,2.0,SEDANG,DKI3  Jagakarsa,PM25,DKI3,Jagakarsa,2023,1,16,3,0
76,202301,2023-01-17,2023-01-17,vi-SU,,51.0,76.0,55.0,8.0,8.0,,SEDANG,DKI3  Jagakarsa,PM25,DKI3,Jagakarsa,2023,1,17,3,1
87,202301,2023-01-18,2023-01-18,vi-SU,,57.0,87.0,57.0,9.0,8.0,3.0,SEDANG,DKI3  Jagakarsa,PM25,DKI3,Jagakarsa,2023,1,18,3,2
65,202301,2023-01-19,2023-01-19,vi-SU,,43.0,65.0,57.0,9.0,6.0,4.0,SEDANG,DKI3  Jagakarsa,PM25,DKI3,Jagakarsa,2023,1,19,3,3
79,202301,2023-01-20,2023-01-20,vi-SU,,57.0,79.0,55.0,9.0,9.0,3.0,SEDANG,DKI3  Jagakarsa,PM25,DKI3,Jagakarsa,2023,1,20,3,4
69,202301,2023-01-21,2023-01-21,vi-SU,,45.0,69.0,54.0,9.0,9.0,2.0,SEDANG,DKI3  Jagakarsa,PM25,DKI3,Jagakarsa,2023,1,21,3,5
63,202301,2023-01-22,2023-01-22,vi-SU,,45.0,63.0,52.0,7.0,7.0,2.0,SEDANG,DKI3  Jagakarsa,PM25,DKI3,Jagakarsa,2023,1,22,3,6
53,202301,2023-01-23,2023-01-23,vi-SU,,28.0,53.0,53.0,6.0,9.0,1.0,SEDANG,DKI3  Jagakarsa,PM25,DKI3,Jagakarsa,2023,1,23,4,0
52,202301,2023-01-24,2023-01-24,vi-SU,,22.0,31.0,52.0,5.0,9.0,0.0,SEDANG,DKI3  Jagakarsa,SO2,DKI3,Jagakarsa,2023,1,24,4,1
53,202301,2023-01-25,2023-01-25,vi-SU,,25.0,27.0,53.0,5.0,9.0,1.0,SEDANG,DKI3  Jagakarsa,SO2,DKI3,Jagakarsa,2023,1,25,4,2
64,202301,2023-01-26,2023-01-26,vi-SU,,40.0,64.0,56.0,9.0,12.0,2.0,SEDANG,DKI3  Jagakarsa,PM25,DKI3,Jagakarsa,2023,1,26,4,3
75,202301,2023-01-27,2023-01-27,vi-SU,,59.0,75.0,56.0,8.0,10.0,2.0,SEDANG,DKI3  Jagakarsa,PM25,DKI3,Jagakarsa,2023,1,27,4,4
67,202301,2023-01-28,2023-01-28,vi-SU,,50.0,67.0,56.0,9.0,9.0,3.0,SEDANG,DKI3  Jagakarsa,PM25,DKI3,Jagakarsa,2023,1,28,4,5
55,202301,2023-01-29,2023-01-29,vi-SU,,54.0,43.0,55.0,11.0,10.0,3.0,SEDANG,DKI3  Jagakarsa,SO2,DKI3,Jagakarsa,2023,1,29,4,6
58,202301,2023-01-30,2023-01-30,vi-SU,,58.0,44.0,54.0,9.0,15.0,2.0,SEDANG,DKI3  Jagakarsa,PM10,DKI3,Jagakarsa,2023,1,30,5,0
65,202301,2023-01-31,2023-01-31,vi-SU,,65.0,55.0,16.0,22.0,16.0,15.0,SEDANG,DKI3  Jagakarsa,PM10,DKI3,Jagakarsa,2023,1,31,5,1
57,202301,2023-01-01,2023-01-01,vi-SU,,23.0,57.0,,,,,SEDANG,DKI4  Lubang Buaya,PM25,DKI4,Lubang Buaya,2023,1,1,52,6
53,202301,2023-01-02,2023-01-02,vi-SU,,27.0,53.0,53.0,3.0,12.0,10.0,SEDANG,DKI4  Lubang Buaya,PM25,DKI4,Lubang Buaya,2023,1,2,1,0
53,202301,2023-01-03,2023-01-03,vi-SU,,19.0,43.0,53.0,3.0,11.0,9.0,SEDANG,DKI4  Lubang Buaya,SO2,DKI4,Lubang Buaya,2023,1,3,1,1
53,202301,2023-01-04,2023-01-04,vi-SU,,17.0,51.0,53.0,4.0,9.0,10.0,SEDANG,DKI4  Lubang Buaya,SO2,DKI4,Lubang Buaya,2023,1,4,1,2
59,202301,2023-01-05,2023-01-05,vi-SU,,21.0,59.0,53.0,19.0,14.0,11.0,SEDANG,DKI4  Lubang Buaya,PM25,DKI4,Lubang Buaya,2023,1,5,1,3
68,202301,2023-01-06,2023-01-06,vi-SU,,38.0,68.0,53.0,16.0,12.0,10.0,SEDANG,DKI4  Lubang Buaya,PM25,DKI4,Lubang Buaya,2023,1,6,1,4
64,202301,2023-01-07,2023-01-07,vi-SU,,30.0,64.0,53.0,14.0,9.0,7.0,SEDANG,DKI4  Lubang Buaya,PM25,DKI4,Lubang Buaya,2023,1,7,1,5
60,202301,2023-01-08,2023-01-08,vi-SU,,21.0,60.0,53.0,13.0,9.0,5.0,SEDANG,DKI4  Lubang Buaya,PM25,DKI4,Lubang Buaya,2023,1,8,1,6
68,202301,2023-01-09,2023-01-09,vi-SU,,37.0,68.0,53.0,15.0,9.0,8.0,SEDANG,DKI4  Lubang Buaya,PM25,DKI4,Lubang Buaya,2023,1,9,2,0
63,202301,2023-01-10,2023-01-10,vi-SU,,32.0,63.0,53.0,13.0,11.0,8.0,SEDANG,DKI4  Lubang Buaya,PM25,DKI4,Lubang Buaya,2023,1,10,2,1
81,202301,2023-01-11,2023-01-11,vi-SU,,36.0,81.0,54.0,14.0,23.0,12.0,SEDANG,DKI4  Lubang Buaya,PM25,DKI4,Lubang Buaya,2023,1,11,2,2
111,202301,2023-01-12,2023-01-12,vi-SU,,,111.0,54.0,15.0,26.0,14.0,TIDAK SEHAT,DKI4  Lubang Buaya,PM25,DKI4,Lubang Buaya,2023,1,12,2,3
135,202301,2023-01-13,2023-01-13,vi-SU,,,135.0,55.0,15.0,28.0,15.0,TIDAK SEHAT,DKI4  Lubang Buaya,PM25,DKI4,Lubang Buaya,2023,1,13,2,4
91,202301,2023-01-14,2023-01-14,vi-SU,,54.0,91.0,54.0,17.0,19.0,19.0,SEDANG,DKI4  Lubang Buaya,PM25,DKI4,Lubang Buaya,2023,1,14,2,5
73,202301,2023-01-15,2023-01-15,vi-SU,,47.0,73.0,54.0,12.0,15.0,11.0,SEDANG,DKI4  Lubang Buaya,PM25,DKI4,Lubang Buaya,2023,1,15,2,6
66,202301,2023-01-17,2023-01-17,vi-SU,,45.0,66.0,53.0,13.0,7.0,8.0,SEDANG,DKI4  Lubang Buaya,PM25,DKI4,Lubang Buaya,2023,1,17,3,1
80,202301,2023-01-18,2023-01-18,vi-SU,,42.0,80.0,54.0,14.0,8.0,14.0,SEDANG,DKI4  Lubang Buaya,PM25,DKI4,Lubang Buaya,2023,1,18,3,2
79,202301,2023-01-19,2023-01-19,vi-SU,,40.0,79.0,54.0,16.0,7.0,10.0,SEDANG,DKI4  Lubang Buaya,PM25,DKI4,Lubang Buaya,2023,1,19,3,3
65,202301,2023-01-20,2023-01-20,vi-SU,,39.0,65.0,54.0,13.0,11.0,10.0,SEDANG,DKI4  Lubang Buaya,PM25,DKI4,Lubang Buaya,2023,1,20,3,4
75,202301,2023-01-21,2023-01-21,vi-SU,,43.0,75.0,54.0,14.0,10.0,10.0,SEDANG,DKI4  Lubang Buaya,PM25,DKI4,Lubang Buaya,2023,1,21,3,5
66,202301,2023-01-22,2023-01-22,vi-SU,,,66.0,53.0,13.0,9.0,9.0,SEDANG,DKI4  Lubang Buaya,PM25,DKI4,Lubang Buaya,2023,1,22,3,6
53,202301,2023-01-23,2023-01-23,vi-SU,,37.0,51.0,53.0,11.0,11.0,4.0,SEDANG,DKI4  Lubang Buaya,SO2,DKI4,Lubang Buaya,2023,1,23,4,0
53,202301,2023-01-24,2023-01-24,vi-SU,,32.0,43.0,53.0,10.0,11.0,3.0,SEDANG,DKI4  Lubang Buaya,SO2,DKI4,Lubang Buaya,2023,1,24,4,1
55,202301,2023-01-25,2023-01-25,vi-SU,,52.0,53.0,55.0,10.0,10.0,5.0,SEDANG,DKI4  Lubang Buaya,SO2,DKI4,Lubang Buaya,2023,1,25,4,2
61,202301,2023-01-26,2023-01-26,vi-SU,,41.0,61.0,54.0,13.0,12.0,11.0,SEDANG,DKI4  Lubang Buaya,PM25,DKI4,Lubang Buaya,2023,1,26,4,3
66,202301,2023-01-27,2023-01-27,vi-SU,,50.0,66.0,54.0,13.0,10.0,15.0,SEDANG,DKI4  Lubang Buaya,PM25,DKI4,Lubang Buaya,2023,1,27,4,4
68,202301,2023-01-28,2023-01-28,vi-SU,,44.0,68.0,54.0,14.0,7.0,17.0,SEDANG,DKI4  Lubang Buaya,PM25,DKI4,Lubang Buaya,2023,1,28,4,5
82,202301,2023-01-29,2023-01-29,vi-SU,,53.0,82.0,54.0,20.0,8.0,11.0,SEDANG,DKI4  Lubang Buaya,PM25,DKI4,Lubang Buaya,2023,1,29,4,6
65,202301,2023-01-30,2023-01-30,vi-SU,,51.0,65.0,53.0,14.0,14.0,13.0,SEDANG,DKI4  Lubang Buaya,PM25,DKI4,Lubang Buaya,2023,1,30,5,0
90,202301,2023-01-31,2023-01-31,vi-SU,,56.0,90.0,54.0,16.0,15.0,20.0,SEDANG,DKI4  Lubang Buaya,PM25,DKI4,Lubang Buaya,2023,1,31,5,1
52,202301,2023-01-01,2023-01-01,vi-SU,,30.0,,21.0,13.0,14.0,1.0,SEDANG,DKI5  Kebon Jeruk  Jakarta Barat,PM10,DKI5,Kebon Jeruk,2023,1,1,52,6
48,202301,2023-01-02,2023-01-02,vi-SU,,25.0,,30.0,13.0,16.0,2.0,BAIK,DKI5  Kebon Jeruk  Jakarta Barat,PM10,DKI5,Kebon Jeruk,2023,1,2,1,0
49,202301,2023-01-03,2023-01-03,vi-SU,,22.0,,28.0,11.0,15.0,,BAIK,DKI5  Kebon Jeruk  Jakarta Barat,PM10,DKI5,Kebon Jeruk,2023,1,3,1,1
54,202301,2023-01-04,2023-01-04,vi-SU,,26.0,,31.0,12.0,17.0,2.0,SEDANG,DKI5  Kebon Jeruk  Jakarta Barat,PM10,DKI5,Kebon Jeruk,2023,1,4,1,2
53,202301,2023-01-05,2023-01-05,vi-SU,,35.0,,26.0,23.0,18.0,,SEDANG,DKI5  Kebon Jeruk  Jakarta Barat,PM10,DKI5,Kebon Jeruk,2023,1,5,1,3
55,202301,2023-01-06,2023-01-06,vi-SU,,21.0,,19.0,11.0,16.0,,SEDANG,DKI5  Kebon Jeruk  Jakarta Barat,PM10,DKI5,Kebon Jeruk,2023,1,6,1,4
48,202301,2023-01-07,2023-01-07,vi-SU,,20.0,,19.0,11.0,12.0,,BAIK,DKI5  Kebon Jeruk  Jakarta Barat,PM10,DKI5,Kebon Jeruk,2023,1,7,1,5
58,202301,2023-01-08,2023-01-08,vi-SU,,20.0,,23.0,10.0,12.0,,SEDANG,DKI5  Kebon Jeruk  Jakarta Barat,PM25,DKI5,Kebon Jeruk,2023,1,8,1,6
69,202301,2023-01-09,2023-01-09,vi-SU,,17.0,,24.0,10.0,17.0,,SEDANG,DKI5  Kebon Jeruk  Jakarta Barat,PM25,DKI5,Kebon Jeruk,2023,1,9,2,0
53,202301,2023-01-10,2023-01-10,vi-SU,,27.0,,23.0,11.0,17.0,,SEDANG,DKI5  Kebon Jeruk  Jakarta Barat,PM25,DKI5,Kebon Jeruk,2023,1,10,2,1
45,202301,2023-01-11,2023-01-11,vi-SU,,35.0,,24.0,16.0,10.0,,BAIK,DKI5  Kebon Jeruk  Jakarta Barat,PM25,DKI5,Kebon Jeruk,2023,1,11,2,2
27,202301,2023-01-12,2023-01-12,vi-SU,,40.0,,24.0,19.0,39.0,8.0,BAIK,DKI5  Kebon Jeruk  Jakarta Barat,PM25,DKI5,Kebon Jeruk,2023,1,12,2,3
26,202301,2023-01-13,2023-01-13,vi-SU,,51.0,,25.0,18.0,47.0,12.0,BAIK,DKI5  Kebon Jeruk  Jakarta Barat,PM25,DKI5,Kebon Jeruk,2023,1,13,2,4
25,202301,2023-01-14,2023-01-14,vi-SU,,51.0,,24.0,19.0,35.0,8.0,BAIK,DKI5  Kebon Jeruk  Jakarta Barat,PM25,DKI5,Kebon Jeruk,2023,1,14,2,5
33,202301,2023-01-15,2023-01-15,vi-SU,,36.0,,25.0,13.0,24.0,5.0,BAIK,DKI5  Kebon Jeruk  Jakarta Barat,PM25,DKI5,Kebon Jeruk,2023,1,15,2,6
51,202301,2023-01-16,2023-01-16,vi-SU,,21.0,,22.0,10.0,23.0,2.0,SEDANG,DKI5  Kebon Jeruk  Jakarta Barat,PM25,DKI5,Kebon Jeruk,2023,1,16,3,0
67,202301,2023-01-17,2023-01-17,vi-SU,,33.0,,26.0,14.0,21.0,3.0,SEDANG,DKI5  Kebon Jeruk  Jakarta Barat,PM25,DKI5,Kebon Jeruk,2023,1,17,3,1
74,202301,2023-01-18,2023-01-18,vi-SU,,49.0,,45.0,17.0,24.0,7.0,SEDANG,DKI5  Kebon Jeruk  Jakarta Barat,PM25,DKI5,Kebon Jeruk,2023,1,18,3,2
73,202301,2023-01-19,2023-01-19,vi-SU,,53.0,,41.0,19.0,23.0,6.0,SEDANG,DKI5  Kebon Jeruk  Jakarta Barat,PM25,DKI5,Kebon Jeruk,2023,1,19,3,3
72,202301,2023-01-20,2023-01-20,vi-SU,,34.0,,34.0,12.0,26.0,5.0,SEDANG,DKI5  Kebon Jeruk  Jakarta Barat,PM25,DKI5,Kebon Jeruk,2023,1,20,3,4
59,202301,2023-01-21,2023-01-21,vi-SU,,35.0,,26.0,14.0,22.0,3.0,SEDANG,DKI5  Kebon Jeruk  Jakarta Barat,PM25,DKI5,Kebon Jeruk,2023,1,21,3,5
37,202301,2023-01-22,2023-01-22,vi-SU,,22.0,,25.0,11.0,23.0,4.0,BAIK,DKI5  Kebon Jeruk  Jakarta Barat,PM10,DKI5,Kebon Jeruk,2023,1,22,3,6
24,202301,2023-01-23,2023-01-23,vi-SU,,17.0,,28.0,9.0,25.0,,BAIK,DKI5  Kebon Jeruk  Jakarta Barat,PM10,DKI5,Kebon Jeruk,2023,1,23,4,0
54,202301,2023-01-24,2023-01-24,vi-SU,,19.0,,29.0,9.0,26.0,1.0,SEDANG,DKI5  Kebon Jeruk  Jakarta Barat,PM10,DKI5,Kebon Jeruk,2023,1,24,4,1
32,202301,2023-01-25,2023-01-25,vi-SU,,24.0,,52.0,10.0,21.0,2.0,BAIK,DKI5  Kebon Jeruk  Jakarta Barat,PM10,DKI5,Kebon Jeruk,2023,1,25,4,2
39,202302,2023-02-27,2023-02-27,vi-SU,,35.0,34.0,17.0,5.0,39.0,13.0,BAIK,DKI2  Kelapa Gading,O3,DKI2,Kelapa Gading,2023,2,27,9,0
50,202302,2023-02-28,2023-02-28,vi-SU,,35.0,50.0,22.0,8.0,26.0,22.0,BAIK,DKI2  Kelapa Gading,PM25,DKI2,Kelapa Gading,2023,2,28,9,1
69,202302,2023-02-01,2023-02-01,vi-SU,,55.0,69.0,55.0,8.0,12.0,2.0,SEDANG,DKI3  Jagakarsa,PM25,DKI3,Jagakarsa,2023,2,1,5,2
72,202302,2023-02-02,2023-02-02,vi-SU,,52.0,72.0,53.0,12.0,9.0,3.0,SEDANG,DKI3  Jagakarsa,PM25,DKI3,Jagakarsa,2023,2,2,5,3
63,202302,2023-02-03,2023-02-03,vi-SU,,24.0,50.0,63.0,6.0,11.0,3.0,SEDANG,DKI3  Jagakarsa,SO2,DKI3,Jagakarsa,2023,2,3,5,4
89,202302,2023-02-04,2023-02-04,vi-SU,,,65.0,89.0,11.0,9.0,11.0,SEDANG,DKI3  Jagakarsa,SO2,DKI3,Jagakarsa,2023,2,4,5,5
79,202302,2023-02-05,2023-02-05,vi-SU,,10.0,62.0,79.0,10.0,12.0,8.0,SEDANG,DKI3  Jagakarsa,SO2,DKI3,Jagakarsa,2023,2,5,5,6
54,202302,2023-02-06,2023-02-06,vi-SU,,30.0,49.0,54.0,7.0,12.0,1.0,SEDANG,DKI3  Jagakarsa,SO2,DKI3,Jagakarsa,2023,2,6,6,0
62,202302,2023-02-07,2023-02-07,vi-SU,,11.0,50.0,62.0,8.0,10.0,3.0,SEDANG,DKI3  Jagakarsa,SO2,DKI3,Jagakarsa,2023,2,7,6,1
53,202302,2023-02-09,2023-02-09,vi-SU,,37.0,51.0,53.0,8.0,8.0,3.0,SEDANG,DKI3  Jagakarsa,SO2,DKI3,Jagakarsa,2023,2,9,6,3
53,202302,2023-02-10,2023-02-10,vi-SU,,24.0,40.0,53.0,7.0,11.0,1.0,SEDANG,DKI3  Jagakarsa,SO2,DKI3,Jagakarsa,2023,2,10,6,4
52,202302,2023-02-11,2023-02-11,vi-SU,,29.0,41.0,52.0,7.0,9.0,2.0,SEDANG,DKI3  Jagakarsa,SO2,DKI3,Jagakarsa,2023,2,11,6,5
52,202302,2023-02-12,2023-02-12,vi-SU,,23.0,32.0,52.0,7.0,10.0,2.0,SEDANG,DKI3  Jagakarsa,SO2,DKI3,Jagakarsa,2023,2,12,6,6
53,202302,2023-02-13,2023-02-13,vi-SU,,24.0,31.0,53.0,8.0,8.0,3.0,SEDANG,DKI3  Jagakarsa,SO2,DKI3,Jagakarsa,2023,2,13,7,0
52,202302,2023-02-14,2023-02-14,vi-SU,,24.0,34.0,52.0,7.0,9.0,2.0,SEDANG,DKI3  Jagakarsa,SO2,DKI3,Jagakarsa,2023,2,14,7,1
53,202302,2023-02-15,2023-02-15,vi-SU,,20.0,33.0,53.0,6.0,9.0,1.0,SEDANG,DKI3  Jagakarsa,SO2,DKI3,Jagakarsa,2023,2,15,7,2
54,202302,2023-02-16,2023-02-16,vi-SU,,30.0,48.0,54.0,7.0,6.0,1.0,SEDANG,DKI3  Jagakarsa,SO2,DKI3,Jagakarsa,2023,2,16,7,3
33,202301,2023-01-26,2023-01-26,vi-SU,,35.0,,27.0,13.0,25.0,3.0,BAIK,DKI5  Kebon Jeruk  Jakarta Barat,PM10,DKI5,Kebon Jeruk,2023,1,26,4,3
23,202301,2023-01-27,2023-01-27,vi-SU,,38.0,,27.0,16.0,27.0,6.0,BAIK,DKI5  Kebon Jeruk  Jakarta Barat,PM10,DKI5,Kebon Jeruk,2023,1,27,4,4
28,202301,2023-01-28,2023-01-28,vi-SU,,27.0,,26.0,16.0,25.0,6.0,BAIK,DKI5  Kebon Jeruk  Jakarta Barat,PM10,DKI5,Kebon Jeruk,2023,1,28,4,5
28,202301,2023-01-29,2023-01-29,vi-SU,,54.0,,27.0,26.0,25.0,4.0,BAIK,DKI5  Kebon Jeruk  Jakarta Barat,SO2,DKI5,Kebon Jeruk,2023,1,29,4,6
32,202301,2023-01-30,2023-01-30,vi-SU,,42.0,,25.0,17.0,26.0,5.0,BAIK,DKI5  Kebon Jeruk  Jakarta Barat,PM10,DKI5,Kebon Jeruk,2023,1,30,5,0
50,202301,2023-01-31,2023-01-31,vi-SU,,38.0,,42.0,16.0,28.0,8.0,BAIK,DKI5  Kebon Jeruk  Jakarta Barat,PM10,DKI5,Kebon Jeruk,2023,1,31,5,1
39,202302,2023-02-21,2023-02-21,vi-SU,,25.0,39.0,19.0,8.0,14.0,13.0,BAIK,DKI2  Kelapa Gading,PM25,DKI2,Kelapa Gading,2023,2,21,8,1
37,202302,2023-02-22,2023-02-22,vi-SU,,27.0,37.0,20.0,7.0,25.0,16.0,BAIK,DKI2  Kelapa Gading,PM25,DKI2,Kelapa Gading,2023,2,22,8,2
40,202302,2023-02-23,2023-02-23,vi-SU,,29.0,40.0,18.0,10.0,26.0,24.0,BAIK,DKI2  Kelapa Gading,PM25,DKI2,Kelapa Gading,2023,2,23,8,3
34,202302,2023-02-24,2023-02-24,vi-SU,,22.0,34.0,16.0,10.0,31.0,25.0,BAIK,DKI2  Kelapa Gading,PM25,DKI2,Kelapa Gading,2023,2,24,8,4
47,202302,2023-02-25,2023-02-25,vi-SU,,37.0,47.0,16.0,9.0,35.0,23.0,BAIK,DKI2  Kelapa Gading,PM25,DKI2,Kelapa Gading,2023,2,25,8,5
47,202302,2023-02-26,2023-02-26,vi-SU,,29.0,47.0,17.0,8.0,36.0,18.0,BAIK,DKI2  Kelapa Gading,PM25,DKI2,Kelapa Gading,2023,2,26,8,6
53,202302,2023-02-17,2023-02-17,vi-SU,,30.0,41.0,53.0,7.0,9.0,1.0,SEDANG,DKI3  Jagakarsa,SO2,DKI3,Jagakarsa,2023,2,17,7,4
69,202302,2023-02-18,2023-02-18,vi-SU,,49.0,69.0,14.0,9.0,16.0,3.0,SEDANG,DKI3  Jagakarsa,PM25,DKI3,Jagakarsa,2023,2,18,7,5
73,202302,2023-02-19,2023-02-19,vi-SU,,51.0,73.0,13.0,9.0,14.0,3.0,SEDANG,DKI3  Jagakarsa,PM25,DKI3,Jagakarsa,2023,2,19,7,6
56,202302,2023-02-20,2023-02-20,vi-SU,,42.0,56.0,13.0,7.0,7.0,,SEDANG,DKI3  Jagakarsa,PM25,DKI3,Jagakarsa,2023,2,20,8,0
45,202302,2023-02-21,2023-02-21,vi-SU,,33.0,45.0,13.0,6.0,6.0,,BAIK,DKI3  Jagakarsa,PM25,DKI3,Jagakarsa,2023,2,21,8,1
44,202302,2023-02-22,2023-02-22,vi-SU,,29.0,44.0,13.0,6.0,9.0,1.0,BAIK,DKI3  Jagakarsa,PM25,DKI3,Jagakarsa,2023,2,22,8,2
57,202302,2023-02-23,2023-02-23,vi-SU,,37.0,57.0,13.0,8.0,11.0,3.0,SEDANG,DKI3  Jagakarsa,PM25,DKI3,Jagakarsa,2023,2,23,8,3
49,202302,2023-02-24,2023-02-24,vi-SU,,22.0,49.0,14.0,8.0,15.0,5.0,BAIK,DKI3  Jagakarsa,PM25,DKI3,Jagakarsa,2023,2,24,8,4
61,202302,2023-02-25,2023-02-25,vi-SU,,46.0,61.0,14.0,7.0,18.0,5.0,SEDANG,DKI3  Jagakarsa,PM25,DKI3,Jagakarsa,2023,2,25,8,5
49,202302,2023-02-26,2023-02-26,vi-SU,,33.0,49.0,14.0,6.0,17.0,3.0,BAIK,DKI3  Jagakarsa,PM25,DKI3,Jagakarsa,2023,2,26,8,6
45,202302,2023-02-27,2023-02-27,vi-SU,,28.0,45.0,13.0,6.0,21.0,3.0,BAIK,DKI3  Jagakarsa,PM25,DKI3,Jagakarsa,2023,2,27,9,0
63,202302,2023-02-28,2023-02-28,vi-SU,,46.0,63.0,14.0,7.0,17.0,4.0,SEDANG,DKI3  Jagakarsa,PM25,DKI3,Jagakarsa,2023,2,28,9,1
65,202302,2023-02-01,2023-02-01,vi-SU,,51.0,65.0,55.0,12.0,13.0,16.0,SEDANG,DKI4  Lubang Buaya,PM25,DKI4,Lubang Buaya,2023,2,1,5,2
66,202302,2023-02-02,2023-02-02,vi-SU,,46.0,66.0,53.0,13.0,8.0,15.0,SEDANG,DKI4  Lubang Buaya,PM25,DKI4,Lubang Buaya,2023,2,2,5,3
54,202302,2023-02-03,2023-02-03,vi-SU,,40.0,53.0,54.0,10.0,9.0,12.0,SEDANG,DKI4  Lubang Buaya,SO2,DKI4,Lubang Buaya,2023,2,3,5,4
74,202302,2023-02-04,2023-02-04,vi-SU,,55.0,74.0,55.0,14.0,9.0,12.0,SEDANG,DKI4  Lubang Buaya,PM25,DKI4,Lubang Buaya,2023,2,4,5,5
71,202302,2023-02-05,2023-02-05,vi-SU,,44.0,71.0,54.0,16.0,7.0,10.0,SEDANG,DKI4  Lubang Buaya,PM25,DKI4,Lubang Buaya,2023,2,5,5,6
56,202302,2023-02-06,2023-02-06,vi-SU,,41.0,56.0,54.0,11.0,12.0,4.0,SEDANG,DKI4  Lubang Buaya,PM25,DKI4,Lubang Buaya,2023,2,6,6,0
65,202302,2023-02-07,2023-02-07,vi-SU,,38.0,65.0,54.0,12.0,12.0,10.0,SEDANG,DKI4  Lubang Buaya,PM25,DKI4,Lubang Buaya,2023,2,7,6,1
61,202302,2023-02-08,2023-02-08,vi-SU,,44.0,61.0,53.0,15.0,7.0,15.0,SEDANG,DKI4  Lubang Buaya,PM25,DKI4,Lubang Buaya,2023,2,8,6,2
61,202302,2023-02-09,2023-02-09,vi-SU,,44.0,61.0,53.0,13.0,7.0,10.0,SEDANG,DKI4  Lubang Buaya,PM25,DKI4,Lubang Buaya,2023,2,9,6,3
53,202302,2023-02-10,2023-02-10,vi-SU,,31.0,42.0,53.0,10.0,11.0,6.0,SEDANG,DKI4  Lubang Buaya,SO2,DKI4,Lubang Buaya,2023,2,10,6,4
53,202302,2023-02-11,2023-02-11,vi-SU,,38.0,51.0,53.0,12.0,8.0,9.0,SEDANG,DKI4  Lubang Buaya,SO2,DKI4,Lubang Buaya,2023,2,11,6,5
53,202302,2023-02-12,2023-02-12,vi-SU,,33.0,42.0,53.0,12.0,8.0,10.0,SEDANG,DKI4  Lubang Buaya,SO2,DKI4,Lubang Buaya,2023,2,12,6,6
53,202302,2023-02-13,2023-02-13,vi-SU,,35.0,51.0,53.0,14.0,7.0,8.0,SEDANG,DKI4  Lubang Buaya,SO2,DKI4,Lubang Buaya,2023,2,13,7,0
53,202302,2023-02-14,2023-02-14,vi-SU,,31.0,39.0,53.0,11.0,7.0,6.0,SEDANG,DKI4  Lubang Buaya,SO2,DKI4,Lubang Buaya,2023,2,14,7,1
53,202302,2023-02-15,2023-02-15,vi-SU,,33.0,48.0,53.0,11.0,9.0,5.0,SEDANG,DKI4  Lubang Buaya,SO2,DKI4,Lubang Buaya,2023,2,15,7,2
53,202302,2023-02-16,2023-02-16,vi-SU,,29.0,53.0,26.0,5.0,7.0,8.0,SEDANG,DKI4  Lubang Buaya,PM25,DKI4,Lubang Buaya,2023,2,16,7,3
48,202302,2023-02-17,2023-02-17,vi-SU,,33.0,48.0,27.0,6.0,8.0,9.0,BAIK,DKI4  Lubang Buaya,PM25,DKI4,Lubang Buaya,2023,2,17,7,4
75,202302,2023-02-18,2023-02-18,vi-SU,,51.0,75.0,27.0,11.0,14.0,14.0,SEDANG,DKI4  Lubang Buaya,PM25,DKI4,Lubang Buaya,2023,2,18,7,5
82,202302,2023-02-19,2023-02-19,vi-SU,,60.0,82.0,27.0,13.0,13.0,14.0,SEDANG,DKI4  Lubang Buaya,PM25,DKI4,Lubang Buaya,2023,2,19,7,6
56,202302,2023-02-20,2023-02-20,vi-SU,,52.0,56.0,26.0,12.0,6.0,7.0,SEDANG,DKI4  Lubang Buaya,PM25,DKI4,Lubang Buaya,2023,2,20,8,0
41,202302,2023-02-21,2023-02-21,vi-SU,,40.0,41.0,26.0,6.0,6.0,6.0,BAIK,DKI4  Lubang Buaya,PM25,DKI4,Lubang Buaya,2023,2,21,8,1
43,202302,2023-02-22,2023-02-22,vi-SU,,39.0,43.0,27.0,6.0,9.0,8.0,BAIK,DKI4  Lubang Buaya,PM25,DKI4,Lubang Buaya,2023,2,22,8,2
59,202302,2023-02-23,2023-02-23,vi-SU,,50.0,59.0,27.0,11.0,8.0,14.0,SEDANG,DKI4  Lubang Buaya,PM25,DKI4,Lubang Buaya,2023,2,23,8,3
51,202302,2023-02-24,2023-02-24,vi-SU,,51.0,49.0,26.0,9.0,10.0,17.0,SEDANG,DKI4  Lubang Buaya,PM10,DKI4,Lubang Buaya,2023,2,24,8,4
55,202302,2023-02-25,2023-02-25,vi-SU,,45.0,55.0,26.0,11.0,14.0,18.0,SEDANG,DKI4  Lubang Buaya,PM25,DKI4,Lubang Buaya,2023,2,25,8,5
52,202302,2023-02-26,2023-02-26,vi-SU,,40.0,52.0,27.0,8.0,15.0,12.0,SEDANG,DKI4  Lubang Buaya,PM25,DKI4,Lubang Buaya,2023,2,26,8,6
50,202302,2023-02-27,2023-02-27,vi-SU,,46.0,50.0,27.0,7.0,16.0,15.0,BAIK,DKI4  Lubang Buaya,PM25,DKI4,Lubang Buaya,2023,2,27,9,0
61,202302,2023-02-28,2023-02-28,vi-SU,,54.0,61.0,29.0,10.0,14.0,18.0,SEDANG,DKI4  Lubang Buaya,PM25,DKI4,Lubang Buaya,2023,2,28,9,1
41,202302,2023-02-01,2023-02-01,vi-SU,,35.0,,41.0,16.0,29.0,8.0,BAIK,DKI5  Kebon Jeruk  Jakarta Barat,SO2,DKI5,Kebon Jeruk,2023,2,1,5,2
38,202302,2023-02-02,2023-02-02,vi-SU,,38.0,,28.0,18.0,31.0,7.0,BAIK,DKI5  Kebon Jeruk  Jakarta Barat,PM10,DKI5,Kebon Jeruk,2023,2,2,5,3
36,202302,2023-02-03,2023-02-03,vi-SU,,19.0,,36.0,14.0,25.0,4.0,BAIK,DKI5  Kebon Jeruk  Jakarta Barat,SO2,DKI5,Kebon Jeruk,2023,2,3,5,4
50,202302,2023-02-04,2023-02-04,vi-SU,,50.0,,47.0,22.0,25.0,,BAIK,DKI5  Kebon Jeruk  Jakarta Barat,PM10,DKI5,Kebon Jeruk,2023,2,4,5,5
35,202302,2023-02-05,2023-02-05,vi-SU,,35.0,,31.0,15.0,25.0,5.0,BAIK,DKI5  Kebon Jeruk  Jakarta Barat,PM10,DKI5,Kebon Jeruk,2023,2,5,5,6
36,202302,2023-02-06,2023-02-06,vi-SU,,29.0,,36.0,11.0,24.0,2.0,BAIK,DKI5  Kebon Jeruk  Jakarta Barat,SO2,DKI5,Kebon Jeruk,2023,2,6,6,0
32,202302,2023-02-07,2023-02-07,vi-SU,,26.0,,32.0,12.0,25.0,4.0,BAIK,DKI5  Kebon Jeruk  Jakarta Barat,SO2,DKI5,Kebon Jeruk,2023,2,7,6,1
26,202302,2023-02-08,2023-02-08,vi-SU,,,,24.0,16.0,26.0,6.0,BAIK,DKI5  Kebon Jeruk  Jakarta Barat,O3,DKI5,Kebon Jeruk,2023,2,8,6,2
22,202302,2023-02-09,2023-02-09,vi-SU,,22.0,,22.0,12.0,19.0,3.0,BAIK,DKI5  Kebon Jeruk  Jakarta Barat,PM10,DKI5,Kebon Jeruk,2023,2,9,6,3
24,202302,2023-02-10,2023-02-10,vi-SU,,16.0,,24.0,11.0,24.0,2.0,BAIK,DKI5  Kebon Jeruk  Jakarta Barat,SO2,DKI5,Kebon Jeruk,2023,2,10,6,4
28,202302,2023-02-11,2023-02-11,vi-SU,,26.0,,22.0,15.0,28.0,4.0,BAIK,DKI5  Kebon Jeruk  Jakarta Barat,O3,DKI5,Kebon Jeruk,2023,2,11,6,5
25,202302,2023-02-12,2023-02-12,vi-SU,,23.0,,22.0,11.0,25.0,5.0,BAIK,DKI5  Kebon Jeruk  Jakarta Barat,O3,DKI5,Kebon Jeruk,2023,2,12,6,6
27,202302,2023-02-13,2023-02-13,vi-SU,,27.0,,21.0,14.0,20.0,3.0,BAIK,DKI5  Kebon Jeruk  Jakarta Barat,PM10,DKI5,Kebon Jeruk,2023,2,13,7,0
21,202302,2023-02-14,2023-02-14,vi-SU,,20.0,,21.0,11.0,21.0,3.0,BAIK,DKI5  Kebon Jeruk  Jakarta Barat,SO2,DKI5,Kebon Jeruk,2023,2,14,7,1
22,202302,2023-02-15,2023-02-15,vi-SU,,13.0,,22.0,11.0,22.0,2.0,BAIK,DKI5  Kebon Jeruk  Jakarta Barat,SO2,DKI5,Kebon Jeruk,2023,2,15,7,2
24,202302,2023-02-16,2023-02-16,vi-SU,,21.0,,24.0,11.0,21.0,2.0,BAIK,DKI5  Kebon Jeruk  Jakarta Barat,SO2,DKI5,Kebon Jeruk,2023,2,16,7,3
21,202302,2023-02-17,2023-02-17,vi-SU,,21.0,,20.0,9.0,19.0,9.0,BAIK,DKI5  Kebon Jeruk  Jakarta Barat,PM10,DKI5,Kebon Jeruk,2023,2,17,7,4
50,202302,2023-02-18,2023-02-18,vi-SU,,50.0,,17.0,16.0,24.0,17.0,BAIK,DKI5  Kebon Jeruk  Jakarta Barat,PM10,DKI5,Kebon Jeruk,2023,2,18,7,5
47,202302,2023-02-19,2023-02-19,vi-SU,,47.0,,16.0,15.0,27.0,18.0,BAIK,DKI5  Kebon Jeruk  Jakarta Barat,PM10,DKI5,Kebon Jeruk,2023,2,19,7,6
30,202302,2023-02-20,2023-02-20,vi-SU,,30.0,,15.0,11.0,20.0,8.0,BAIK,DKI5  Kebon Jeruk  Jakarta Barat,PM10,DKI5,Kebon Jeruk,2023,2,20,8,0
25,202302,2023-02-21,2023-02-21,vi-SU,,25.0,,17.0,8.0,20.0,7.0,BAIK,DKI5  Kebon Jeruk  Jakarta Barat,PM10,DKI5,Kebon Jeruk,2023,2,21,8,1
22,202302,2023-02-22,2023-02-22,vi-SU,,18.0,,17.0,8.0,22.0,9.0,BAIK,DKI5  Kebon Jeruk  Jakarta Barat,O3,DKI5,Kebon Jeruk,2023,2,22,8,2
28,202302,2023-02-23,2023-02-23,vi-SU,,28.0,,15.0,12.0,25.0,15.0,BAIK,DKI5  Kebon Jeruk  Jakarta Barat,PM10,DKI5,Kebon Jeruk,2023,2,23,8,3
51,202304,2023-04-20,2023-04-20,vi-SU,,51.0,,15.0,12.0,50.0,15.0,SEDANG,DKI5  Kebon Jeruk  Jakarta Barat,PM10,DKI5,Kebon Jeruk,2023,4,20,16,3
55,202304,2023-04-21,2023-04-21,vi-SU,,35.0,,15.0,9.0,55.0,12.0,SEDANG,DKI5  Kebon Jeruk  Jakarta Barat,O3,DKI5,Kebon Jeruk,2023,4,21,16,4
49,202304,2023-04-22,2023-04-22,vi-SU,,40.0,,15.0,7.0,49.0,12.0,BAIK,DKI5  Kebon Jeruk  Jakarta Barat,O3,DKI5,Kebon Jeruk,2023,4,22,16,5
53,202304,2023-04-23,2023-04-23,vi-SU,,35.0,,15.0,2.0,53.0,8.0,SEDANG,DKI5  Kebon Jeruk  Jakarta Barat,O3,DKI5,Kebon Jeruk,2023,4,23,16,6
47,202304,2023-04-24,2023-04-24,vi-SU,,39.0,,15.0,8.0,47.0,14.0,BAIK,DKI5  Kebon Jeruk  Jakarta Barat,O3,DKI5,Kebon Jeruk,2023,4,24,17,0
47,202304,2023-04-25,2023-04-25,vi-SU,,34.0,,15.0,,47.0,10.0,BAIK,DKI5  Kebon Jeruk  Jakarta Barat,O3,DKI5,Kebon Jeruk,2023,4,25,17,1
44,202304,2023-04-26,2023-04-26,vi-SU,,44.0,,15.0,11.0,44.0,15.0,BAIK,DKI5  Kebon Jeruk  Jakarta Barat,PM10,DKI5,Kebon Jeruk,2023,4,26,17,2
48,202304,2023-04-27,2023-04-27,vi-SU,,48.0,,15.0,10.0,48.0,19.0,BAIK,DKI5  Kebon Jeruk  Jakarta Barat,PM10,DKI5,Kebon Jeruk,2023,4,27,17,3
49,202304,2023-04-28,2023-04-28,vi-SU,,31.0,,14.0,,49.0,11.0,BAIK,DKI5  Kebon Jeruk  Jakarta Barat,O3,DKI5,Kebon Jeruk,2023,4,28,17,4
48,202304,2023-04-29,2023-04-29,vi-SU,,45.0,,14.0,10.0,48.0,18.0,BAIK,DKI5  Kebon Jeruk  Jakarta Barat,O3,DKI5,Kebon Jeruk,2023,4,29,17,5
59,202304,2023-04-30,2023-04-30,vi-SU,,59.0,,14.0,12.0,53.0,21.0,SEDANG,DKI5  Kebon Jeruk  Jakarta Barat,PM10,DKI5,Kebon Jeruk,2023,4,30,17,6
69,202305,2023-05-01,2023-05-01,vi-SU,,49.0,69.0,47.0,9.0,34.0,21.0,SEDANG,DKI1 Bunderan HI,PM25,DKI1,Bundaran HI,2023,5,1,18,0
98,202305,2023-05-02,2023-05-02,vi-SU,,64.0,98.0,50.0,11.0,34.0,32.0,SEDANG,DKI1 Bunderan HI,PM25,DKI1,Bundaran HI,2023,5,2,18,1
68,202305,2023-05-03,2023-05-03,vi-SU,,52.0,68.0,50.0,9.0,32.0,29.0,SEDANG,DKI1 Bunderan HI,PM25,DKI1,Bundaran HI,2023,5,3,18,2
51,202305,2023-05-04,2023-05-04,vi-SU,,35.0,51.0,46.0,10.0,29.0,31.0,SEDANG,DKI1 Bunderan HI,PM25,DKI1,Bundaran HI,2023,5,4,18,3
63,202305,2023-05-05,2023-05-05,vi-SU,,45.0,63.0,46.0,12.0,38.0,35.0,SEDANG,DKI1 Bunderan HI,PM25,DKI1,Bundaran HI,2023,5,5,18,4
66,202305,2023-05-06,2023-05-06,vi-SU,,49.0,66.0,45.0,9.0,41.0,31.0,SEDANG,DKI1 Bunderan HI,PM25,DKI1,Bundaran HI,2023,5,6,18,5
80,202305,2023-05-07,2023-05-07,vi-SU,,54.0,80.0,49.0,12.0,33.0,34.0,SEDANG,DKI1 Bunderan HI,PM25,DKI1,Bundaran HI,2023,5,7,18,6
69,202305,2023-05-08,2023-05-08,vi-SU,,51.0,69.0,48.0,11.0,40.0,30.0,SEDANG,DKI1 Bunderan HI,PM25,DKI1,Bundaran HI,2023,5,8,19,0
71,202305,2023-05-09,2023-05-09,vi-SU,,48.0,71.0,50.0,11.0,25.0,34.0,SEDANG,DKI1 Bunderan HI,PM25,DKI1,Bundaran HI,2023,5,9,19,1
92,202305,2023-05-10,2023-05-10,vi-SU,,65.0,92.0,52.0,10.0,34.0,30.0,SEDANG,DKI1 Bunderan HI,PM25,DKI1,Bundaran HI,2023,5,10,19,2
84,202305,2023-05-11,2023-05-11,vi-SU,,61.0,84.0,53.0,10.0,33.0,25.0,SEDANG,DKI1 Bunderan HI,PM25,DKI1,Bundaran HI,2023,5,11,19,3
52,202305,2023-05-12,2023-05-12,vi-SU,,31.0,41.0,52.0,9.0,15.0,16.0,SEDANG,DKI1 Bunderan HI,SO2,DKI1,Bundaran HI,2023,5,12,19,4
63,202305,2023-05-13,2023-05-13,vi-SU,,39.0,63.0,52.0,10.0,28.0,24.0,SEDANG,DKI1 Bunderan HI,PM25,DKI1,Bundaran HI,2023,5,13,19,5
63,202305,2023-05-14,2023-05-14,vi-SU,,37.0,63.0,50.0,9.0,30.0,29.0,SEDANG,DKI1 Bunderan HI,PM25,DKI1,Bundaran HI,2023,5,14,19,6
71,202305,2023-05-15,2023-05-15,vi-SU,,46.0,71.0,51.0,12.0,21.0,32.0,SEDANG,DKI1 Bunderan HI,PM25,DKI1,Bundaran HI,2023,5,15,20,0
77,202305,2023-05-16,2023-05-16,vi-SU,,56.0,77.0,51.0,12.0,21.0,35.0,SEDANG,DKI1 Bunderan HI,PM25,DKI1,Bundaran HI,2023,5,16,20,1
81,202305,2023-05-17,2023-05-17,vi-SU,,61.0,81.0,52.0,11.0,18.0,32.0,SEDANG,DKI1 Bunderan HI,PM25,DKI1,Bundaran HI,2023,5,17,20,2
84,202305,2023-05-18,2023-05-18,vi-SU,,57.0,84.0,53.0,10.0,25.0,25.0,SEDANG,DKI1 Bunderan HI,PM25,DKI1,Bundaran HI,2023,5,18,20,3
91,202305,2023-05-19,2023-05-19,vi-SU,,60.0,91.0,52.0,12.0,24.0,34.0,SEDANG,DKI1 Bunderan HI,PM25,DKI1,Bundaran HI,2023,5,19,20,4
93,202305,2023-05-20,2023-05-20,vi-SU,,63.0,93.0,53.0,10.0,23.0,28.0,SEDANG,DKI1 Bunderan HI,PM25,DKI1,Bundaran HI,2023,5,20,20,5
99,202305,2023-05-21,2023-05-21,vi-SU,,66.0,99.0,52.0,10.0,27.0,27.0,SEDANG,DKI1 Bunderan HI,PM25,DKI1,Bundaran HI,2023,5,21,20,6
86,202305,2023-05-22,2023-05-22,vi-SU,,60.0,86.0,47.0,11.0,37.0,36.0,SEDANG,DKI1 Bunderan HI,PM25,DKI1,Bundaran HI,2023,5,22,21,0
96,202305,2023-05-23,2023-05-23,vi-SU,,68.0,96.0,51.0,10.0,21.0,35.0,SEDANG,DKI1 Bunderan HI,PM25,DKI1,Bundaran HI,2023,5,23,21,1
101,202305,2023-05-24,2023-05-24,vi-SU,,66.0,101.0,52.0,11.0,16.0,38.0,TIDAK SEHAT,DKI1 Bunderan HI,PM25,DKI1,Bundaran HI,2023,5,24,21,2
93,202305,2023-05-25,2023-05-25,vi-SU,,64.0,93.0,52.0,14.0,25.0,32.0,SEDANG,DKI1 Bunderan HI,PM25,DKI1,Bundaran HI,2023,5,25,21,3
99,202305,2023-05-26,2023-05-26,vi-SU,,66.0,99.0,39.0,15.0,30.0,32.0,SEDANG,DKI1 Bunderan HI,PM25,DKI1,Bundaran HI,2023,5,26,21,4
98,202305,2023-05-27,2023-05-27,vi-SU,,67.0,98.0,41.0,11.0,32.0,26.0,SEDANG,DKI1 Bunderan HI,PM25,DKI1,Bundaran HI,2023,5,27,21,5
89,202305,2023-05-28,2023-05-28,vi-SU,,57.0,89.0,38.0,10.0,32.0,29.0,SEDANG,DKI1 Bunderan HI,PM25,DKI1,Bundaran HI,2023,5,28,21,6
98,202305,2023-05-29,2023-05-29,vi-SU,,65.0,98.0,38.0,11.0,26.0,30.0,SEDANG,DKI1 Bunderan HI,PM25,DKI1,Bundaran HI,2023,5,29,22,0
93,202305,2023-05-30,2023-05-30,vi-SU,,62.0,93.0,39.0,10.0,31.0,27.0,SEDANG,DKI1 Bunderan HI,PM25,DKI1,Bundaran HI,2023,5,30,22,1
89,202305,2023-05-31,2023-05-31,vi-SU,,60.0,89.0,37.0,10.0,31.0,36.0,SEDANG,DKI1 Bunderan HI,PM25,DKI1,Bundaran HI,2023,5,31,22,2
61,202305,2023-05-01,2023-05-01,vi-SU,,50.0,61.0,23.0,7.0,35.0,16.0,SEDANG,DKI2 Kelapa Gading,PM25,DKI2,Kelapa Gading,2023,5,1,18,0
97,202305,2023-05-02,2023-05-02,vi-SU,,69.0,97.0,33.0,10.0,36.0,21.0,SEDANG,DKI2 Kelapa Gading,PM25,DKI2,Kelapa Gading,2023,5,2,18,1
70,202305,2023-05-03,2023-05-03,vi-SU,,58.0,70.0,31.0,7.0,35.0,19.0,SEDANG,DKI2 Kelapa Gading,PM25,DKI2,Kelapa Gading,2023,5,3,18,2
55,202305,2023-05-04,2023-05-04,vi-SU,,43.0,55.0,26.0,7.0,32.0,20.0,SEDANG,DKI2 Kelapa Gading,PM25,DKI2,Kelapa Gading,2023,5,4,18,3
70,202305,2023-05-05,2023-05-05,vi-SU,,52.0,70.0,52.0,10.0,38.0,27.0,SEDANG,DKI2 Kelapa Gading,PM25,DKI2,Kelapa Gading,2023,5,5,18,4
65,202305,2023-05-06,2023-05-06,vi-SU,,51.0,65.0,50.0,7.0,45.0,21.0,SEDANG,DKI2 Kelapa Gading,PM25,DKI2,Kelapa Gading,2023,5,6,18,5
73,202305,2023-05-07,2023-05-07,vi-SU,,57.0,73.0,51.0,12.0,40.0,29.0,SEDANG,DKI2 Kelapa Gading,PM25,DKI2,Kelapa Gading,2023,5,7,18,6
68,202305,2023-05-08,2023-05-08,vi-SU,,51.0,68.0,50.0,12.0,39.0,28.0,SEDANG,DKI2 Kelapa Gading,PM25,DKI2,Kelapa Gading,2023,5,8,19,0
94,202305,2023-05-10,2023-05-10,vi-SU,,70.0,94.0,52.0,8.0,42.0,19.0,SEDANG,DKI2 Kelapa Gading,PM25,DKI2,Kelapa Gading,2023,5,10,19,2
88,202305,2023-05-11,2023-05-11,vi-SU,,71.0,88.0,52.0,7.0,37.0,21.0,SEDANG,DKI2 Kelapa Gading,PM25,DKI2,Kelapa Gading,2023,5,11,19,3
48,202305,2023-05-12,2023-05-12,vi-SU,,34.0,43.0,48.0,4.0,25.0,10.0,BAIK,DKI2 Kelapa Gading,SO2,DKI2,Kelapa Gading,2023,5,12,19,4
69,202305,2023-05-13,2023-05-13,vi-SU,,53.0,69.0,52.0,6.0,32.0,18.0,SEDANG,DKI2 Kelapa Gading,PM25,DKI2,Kelapa Gading,2023,5,13,19,5
77,202305,2023-05-14,2023-05-14,vi-SU,,53.0,77.0,51.0,10.0,29.0,26.0,SEDANG,DKI2 Kelapa Gading,PM25,DKI2,Kelapa Gading,2023,5,14,19,6
77,202305,2023-05-15,2023-05-15,vi-SU,,59.0,77.0,51.0,9.0,37.0,26.0,SEDANG,DKI2 Kelapa Gading,PM25,DKI2,Kelapa Gading,2023,5,15,20,0
87,202305,2023-05-16,2023-05-16,vi-SU,,70.0,87.0,51.0,9.0,35.0,22.0,SEDANG,DKI2 Kelapa Gading,PM25,DKI2,Kelapa Gading,2023,5,16,20,1
86,202305,2023-05-17,2023-05-17,vi-SU,,69.0,86.0,52.0,7.0,31.0,20.0,SEDANG,DKI2 Kelapa Gading,PM25,DKI2,Kelapa Gading,2023,5,17,20,2
95,202305,2023-05-18,2023-05-18,vi-SU,,71.0,95.0,52.0,8.0,34.0,21.0,SEDANG,DKI2 Kelapa Gading,PM25,DKI2,Kelapa Gading,2023,5,18,20,3
87,202305,2023-05-19,2023-05-19,vi-SU,,68.0,87.0,52.0,8.0,37.0,17.0,SEDANG,DKI2 Kelapa Gading,PM25,DKI2,Kelapa Gading,2023,5,19,20,4
93,202305,2023-05-20,2023-05-20,vi-SU,,71.0,93.0,53.0,9.0,31.0,24.0,SEDANG,DKI2 Kelapa Gading,PM25,DKI2,Kelapa Gading,2023,5,20,20,5
98,202305,2023-05-21,2023-05-21,vi-SU,,72.0,98.0,52.0,8.0,39.0,16.0,SEDANG,DKI2 Kelapa Gading,PM25,DKI2,Kelapa Gading,2023,5,21,20,6
89,202305,2023-05-22,2023-05-22,vi-SU,,68.0,89.0,52.0,13.0,38.0,27.0,SEDANG,DKI2 Kelapa Gading,PM25,DKI2,Kelapa Gading,2023,5,22,21,0
99,202305,2023-05-23,2023-05-23,vi-SU,,79.0,99.0,53.0,14.0,27.0,33.0,SEDANG,DKI2 Kelapa Gading,PM25,DKI2,Kelapa Gading,2023,5,23,21,1
99,202305,2023-05-24,2023-05-24,vi-SU,,77.0,99.0,53.0,10.0,28.0,25.0,SEDANG,DKI2 Kelapa Gading,PM25,DKI2,Kelapa Gading,2023,5,24,21,2
100,202305,2023-05-25,2023-05-25,vi-SU,,77.0,100.0,54.0,11.0,39.0,28.0,SEDANG,DKI2 Kelapa Gading,PM25,DKI2,Kelapa Gading,2023,5,25,21,3
100,202305,2023-05-26,2023-05-26,vi-SU,,78.0,100.0,55.0,11.0,34.0,28.0,SEDANG,DKI2 Kelapa Gading,PM25,DKI2,Kelapa Gading,2023,5,26,21,4
95,202305,2023-05-27,2023-05-27,vi-SU,,73.0,95.0,53.0,8.0,36.0,22.0,SEDANG,DKI2 Kelapa Gading,PM25,DKI2,Kelapa Gading,2023,5,27,21,5
87,202305,2023-05-28,2023-05-28,vi-SU,,64.0,87.0,54.0,8.0,36.0,22.0,SEDANG,DKI2 Kelapa Gading,PM25,DKI2,Kelapa Gading,2023,5,28,21,6
91,202305,2023-05-29,2023-05-29,vi-SU,,72.0,91.0,51.0,10.0,35.0,20.0,SEDANG,DKI2 Kelapa Gading,PM25,DKI2,Kelapa Gading,2023,5,29,22,0
96,202305,2023-05-30,2023-05-30,vi-SU,,74.0,96.0,51.0,9.0,38.0,20.0,SEDANG,DKI2 Kelapa Gading,PM25,DKI2,Kelapa Gading,2023,5,30,22,1
98,202305,2023-05-31,2023-05-31,vi-SU,,74.0,98.0,54.0,12.0,36.0,31.0,SEDANG,DKI2 Kelapa Gading,PM25,DKI2,Kelapa Gading,2023,5,31,22,2
80,202305,2023-05-01,2023-05-01,vi-SU,,56.0,80.0,50.0,12.0,21.0,10.0,SEDANG,DKI3 Jagakarsa,PM25,DKI3,Jagakarsa,2023,5,1,18,0
106,202305,2023-05-02,2023-05-02,vi-SU,,76.0,106.0,51.0,23.0,,21.0,TIDAK SEHAT,DKI3 Jagakarsa,PM25,DKI3,Jagakarsa,2023,5,2,18,1
69,202305,2023-05-03,2023-05-03,vi-SU,,52.0,69.0,50.0,9.0,14.0,12.0,SEDANG,DKI3 Jagakarsa,PM25,DKI3,Jagakarsa,2023,5,3,18,2
50,202305,2023-05-04,2023-05-04,vi-SU,,34.0,50.0,49.0,9.0,19.0,12.0,BAIK,DKI3 Jagakarsa,PM25,DKI3,Jagakarsa,2023,5,4,18,3
72,202305,2023-05-05,2023-05-05,vi-SU,,47.0,72.0,50.0,17.0,22.0,15.0,SEDANG,DKI3 Jagakarsa,PM25,DKI3,Jagakarsa,2023,5,5,18,4
67,202305,2023-05-06,2023-05-06,vi-SU,,47.0,67.0,50.0,9.0,26.0,12.0,SEDANG,DKI3 Jagakarsa,PM25,DKI3,Jagakarsa,2023,5,6,18,5
75,202305,2023-05-07,2023-05-07,vi-SU,,54.0,75.0,49.0,18.0,23.0,19.0,SEDANG,DKI3 Jagakarsa,PM25,DKI3,Jagakarsa,2023,5,7,18,6
86,202305,2023-05-08,2023-05-08,vi-SU,,62.0,86.0,50.0,14.0,29.0,13.0,SEDANG,DKI3 Jagakarsa,PM25,DKI3,Jagakarsa,2023,5,8,19,0
68,202305,2023-05-09,2023-05-09,vi-SU,,47.0,68.0,50.0,16.0,27.0,16.0,SEDANG,DKI3 Jagakarsa,PM25,DKI3,Jagakarsa,2023,5,9,19,1
103,202305,2023-05-10,2023-05-10,vi-SU,,73.0,103.0,51.0,12.0,24.0,16.0,TIDAK SEHAT,DKI3 Jagakarsa,PM25,DKI3,Jagakarsa,2023,5,10,19,2
94,202305,2023-05-11,2023-05-11,vi-SU,,65.0,94.0,51.0,9.0,16.0,15.0,SEDANG,DKI3 Jagakarsa,PM25,DKI3,Jagakarsa,2023,5,11,19,3
52,202305,2023-05-12,2023-05-12,vi-SU,,35.0,51.0,52.0,2.0,16.0,10.0,SEDANG,DKI3 Jagakarsa,SO2,DKI3,Jagakarsa,2023,5,12,19,4
78,202305,2023-05-13,2023-05-13,vi-SU,,54.0,78.0,51.0,8.0,19.0,17.0,SEDANG,DKI3 Jagakarsa,PM25,DKI3,Jagakarsa,2023,5,13,19,5
57,202305,2023-05-14,2023-05-14,vi-SU,,,57.0,50.0,6.0,22.0,13.0,SEDANG,DKI3 Jagakarsa,PM25,DKI3,Jagakarsa,2023,5,14,19,6
74,202305,2023-05-15,2023-05-15,vi-SU,,54.0,74.0,50.0,9.0,25.0,12.0,SEDANG,DKI3 Jagakarsa,PM25,DKI3,Jagakarsa,2023,5,15,20,0
80,202305,2023-05-16,2023-05-16,vi-SU,,64.0,80.0,51.0,6.0,31.0,11.0,SEDANG,DKI3 Jagakarsa,PM25,DKI3,Jagakarsa,2023,5,16,20,1
83,202305,2023-05-17,2023-05-17,vi-SU,,58.0,83.0,51.0,7.0,28.0,14.0,SEDANG,DKI3 Jagakarsa,PM25,DKI3,Jagakarsa,2023,5,17,20,2
85,202305,2023-05-18,2023-05-18,vi-SU,,62.0,85.0,51.0,6.0,26.0,11.0,SEDANG,DKI3 Jagakarsa,PM25,DKI3,Jagakarsa,2023,5,18,20,3
107,202305,2023-05-19,2023-05-19,vi-SU,,77.0,107.0,51.0,6.0,22.0,16.0,TIDAK SEHAT,DKI3 Jagakarsa,PM25,DKI3,Jagakarsa,2023,5,19,20,4
95,202305,2023-05-20,2023-05-20,vi-SU,,74.0,95.0,53.0,7.0,25.0,15.0,SEDANG,DKI3 Jagakarsa,PM25,DKI3,Jagakarsa,2023,5,20,20,5
90,202305,2023-05-21,2023-05-21,vi-SU,,67.0,90.0,51.0,11.0,24.0,12.0,SEDANG,DKI3 Jagakarsa,PM25,DKI3,Jagakarsa,2023,5,21,20,6
76,202305,2023-05-22,2023-05-22,vi-SU,,58.0,76.0,49.0,16.0,24.0,12.0,SEDANG,DKI3 Jagakarsa,PM25,DKI3,Jagakarsa,2023,5,22,21,0
59,202303,2023-03-16,2023-03-16,vi-SU,,59.0,,14.0,27.0,24.0,35.0,SEDANG,DKI5  Kebon Jeruk  Jakarta Barat,1,DKI5,Kebon Jeruk,2023,3,16,11,3
52,202303,2023-03-17,2023-03-17,vi-SU,,52.0,,14.0,15.0,33.0,17.0,SEDANG,DKI5  Kebon Jeruk  Jakarta Barat,1,DKI5,Kebon Jeruk,2023,3,17,11,4
52,202303,2023-03-18,2023-03-18,vi-SU,,52.0,,14.0,14.0,37.0,20.0,SEDANG,DKI5  Kebon Jeruk  Jakarta Barat,1,DKI5,Kebon Jeruk,2023,3,18,11,5
50,202303,2023-03-19,2023-03-19,vi-SU,,50.0,,14.0,14.0,37.0,18.0,BAIK,DKI5  Kebon Jeruk  Jakarta Barat,1,DKI5,Kebon Jeruk,2023,3,19,11,6
57,202303,2023-03-20,2023-03-20,vi-SU,,57.0,,16.0,16.0,41.0,18.0,SEDANG,DKI5  Kebon Jeruk  Jakarta Barat,1,DKI5,Kebon Jeruk,2023,3,20,12,0
53,202303,2023-03-21,2023-03-21,vi-SU,,53.0,,16.0,18.0,38.0,28.0,SEDANG,DKI5  Kebon Jeruk  Jakarta Barat,1,DKI5,Kebon Jeruk,2023,3,21,12,1
46,202303,2023-03-22,2023-03-22,vi-SU,,46.0,,14.0,11.0,46.0,14.0,BAIK,DKI5  Kebon Jeruk  Jakarta Barat,1,DKI5,Kebon Jeruk,2023,3,22,12,2
39,202303,2023-03-23,2023-03-23,vi-SU,,38.0,,14.0,9.0,39.0,13.0,BAIK,DKI5  Kebon Jeruk  Jakarta Barat,5,DKI5,Kebon Jeruk,2023,3,23,12,3
53,202303,2023-03-24,2023-03-24,vi-SU,,53.0,,14.0,13.0,43.0,17.0,SEDANG,DKI5  Kebon Jeruk  Jakarta Barat,1,DKI5,Kebon Jeruk,2023,3,24,12,4
49,202303,2023-03-25,2023-03-25,vi-SU,,49.0,,16.0,10.0,35.0,14.0,BAIK,DKI5  Kebon Jeruk  Jakarta Barat,1,DKI5,Kebon Jeruk,2023,3,25,12,5
37,202303,2023-03-26,2023-03-26,vi-SU,,37.0,,17.0,12.0,36.0,18.0,BAIK,DKI5  Kebon Jeruk  Jakarta Barat,1,DKI5,Kebon Jeruk,2023,3,26,12,6
38,202303,2023-03-27,2023-03-27,vi-SU,,38.0,,15.0,12.0,30.0,15.0,BAIK,DKI5  Kebon Jeruk  Jakarta Barat,1,DKI5,Kebon Jeruk,2023,3,27,13,0
60,202303,2023-03-28,2023-03-28,vi-SU,,60.0,,18.0,25.0,29.0,21.0,SEDANG,DKI5  Kebon Jeruk  Jakarta Barat,1,DKI5,Kebon Jeruk,2023,3,28,13,1
60,202303,2023-03-29,2023-03-29,vi-SU,,60.0,,15.0,30.0,28.0,19.0,SEDANG,DKI5  Kebon Jeruk  Jakarta Barat,1,DKI5,Kebon Jeruk,2023,3,29,13,2
52,202303,2023-03-30,2023-03-30,vi-SU,,52.0,,21.0,25.0,26.0,19.0,SEDANG,DKI5  Kebon Jeruk  Jakarta Barat,1,DKI5,Kebon Jeruk,2023,3,30,13,3
51,202303,2023-03-31,2023-03-31,vi-SU,,51.0,,20.0,11.0,35.0,16.0,SEDANG,DKI5  Kebon Jeruk  Jakarta Barat,1,DKI5,Kebon Jeruk,2023,3,31,13,4
51,202305,2023-05-08,2023-05-08,vi-SU,,42.0,,16.0,16.0,51.0,14.0,SEDANG,DKI5 Kebon Jeruk,O3,DKI5,Kebon Jeruk,2023,5,8,19,0
52,202305,2023-05-09,2023-05-09,vi-SU,,52.0,,19.0,22.0,47.0,24.0,SEDANG,DKI5 Kebon Jeruk,PM10,DKI5,Kebon Jeruk,2023,5,9,19,1
60,202305,2023-05-10,2023-05-10,vi-SU,,60.0,,19.0,18.0,50.0,22.0,SEDANG,DKI5 Kebon Jeruk,PM10,DKI5,Kebon Jeruk,2023,5,10,19,2
53,202305,2023-05-11,2023-05-11,vi-SU,,53.0,,20.0,14.0,50.0,16.0,SEDANG,DKI5 Kebon Jeruk,PM10,DKI5,Kebon Jeruk,2023,5,11,19,3
31,202305,2023-05-12,2023-05-12,vi-SU,,18.0,,22.0,11.0,31.0,14.0,BAIK,DKI5 Kebon Jeruk,O3,DKI5,Kebon Jeruk,2023,5,12,19,4
45,202305,2023-05-13,2023-05-13,vi-SU,,39.0,,20.0,15.0,45.0,17.0,BAIK,DKI5 Kebon Jeruk,O3,DKI5,Kebon Jeruk,2023,5,13,19,5
46,202305,2023-05-14,2023-05-14,vi-SU,,46.0,,18.0,18.0,44.0,19.0,BAIK,DKI5 Kebon Jeruk,PM10,DKI5,Kebon Jeruk,2023,5,14,19,6
48,202305,2023-05-15,2023-05-15,vi-SU,,48.0,,21.0,18.0,41.0,18.0,BAIK,DKI5 Kebon Jeruk,PM10,DKI5,Kebon Jeruk,2023,5,15,20,0
53,202305,2023-05-16,2023-05-16,vi-SU,,53.0,,20.0,16.0,45.0,17.0,SEDANG,DKI5 Kebon Jeruk,PM10,DKI5,Kebon Jeruk,2023,5,16,20,1
52,202305,2023-05-17,2023-05-17,vi-SU,,52.0,,20.0,17.0,41.0,20.0,SEDANG,DKI5 Kebon Jeruk,PM10,DKI5,Kebon Jeruk,2023,5,17,20,2
49,202305,2023-05-18,2023-05-18,vi-SU,,49.0,,23.0,16.0,42.0,20.0,BAIK,DKI5 Kebon Jeruk,PM10,DKI5,Kebon Jeruk,2023,5,18,20,3
58,202305,2023-05-19,2023-05-19,vi-SU,,58.0,,21.0,17.0,48.0,21.0,SEDANG,DKI5 Kebon Jeruk,PM10,DKI5,Kebon Jeruk,2023,5,19,20,4
57,202305,2023-05-20,2023-05-20,vi-SU,,57.0,,24.0,18.0,45.0,25.0,SEDANG,DKI5 Kebon Jeruk,PM10,DKI5,Kebon Jeruk,2023,5,20,20,5
61,202305,2023-05-21,2023-05-21,vi-SU,,61.0,,21.0,18.0,48.0,19.0,SEDANG,DKI5 Kebon Jeruk,PM10,DKI5,Kebon Jeruk,2023,5,21,20,6
55,202305,2023-05-22,2023-05-22,vi-SU,,52.0,,17.0,20.0,55.0,21.0,SEDANG,DKI5 Kebon Jeruk,O3,DKI5,Kebon Jeruk,2023,5,22,21,0
61,202305,2023-05-23,2023-05-23,vi-SU,,61.0,,20.0,19.0,46.0,22.0,SEDANG,DKI5 Kebon Jeruk,PM10,DKI5,Kebon Jeruk,2023,5,23,21,1
66,202305,2023-05-24,2023-05-24,vi-SU,,66.0,,22.0,24.0,38.0,27.0,SEDANG,DKI5 Kebon Jeruk,PM10,DKI5,Kebon Jeruk,2023,5,24,21,2
68,202305,2023-05-25,2023-05-25,vi-SU,,68.0,,22.0,23.0,46.0,25.0,SEDANG,DKI5 Kebon Jeruk,PM10,DKI5,Kebon Jeruk,2023,5,25,21,3
63,202305,2023-05-26,2023-05-26,vi-SU,,63.0,,20.0,20.0,53.0,23.0,SEDANG,DKI5 Kebon Jeruk,PM10,DKI5,Kebon Jeruk,2023,5,26,21,4
57,202305,2023-05-27,2023-05-27,vi-SU,,57.0,,22.0,15.0,54.0,19.0,SEDANG,DKI5 Kebon Jeruk,PM10,DKI5,Kebon Jeruk,2023,5,27,21,5
60,202305,2023-05-28,2023-05-28,vi-SU,,53.0,,19.0,17.0,60.0,20.0,SEDANG,DKI5 Kebon Jeruk,O3,DKI5,Kebon Jeruk,2023,5,28,21,6
63,202305,2023-05-29,2023-05-29,vi-SU,,63.0,,21.0,20.0,51.0,22.0,SEDANG,DKI5 Kebon Jeruk,PM10,DKI5,Kebon Jeruk,2023,5,29,22,0
59,202305,2023-05-30,2023-05-30,vi-SU,,59.0,,21.0,17.0,55.0,18.0,SEDANG,DKI5 Kebon Jeruk,PM10,DKI5,Kebon Jeruk,2023,5,30,22,1
60,202305,2023-05-31,2023-05-31,vi-SU,,60.0,,20.0,19.0,58.0,20.0,SEDANG,DKI5 Kebon Jeruk,PM10,DKI5,Kebon Jeruk,2023,5,31,22,2
84,202306,2023-06-01,2023-06-01,vi-SU,,58.0,84.0,40.0,11.0,29.0,28.0,SEDANG,DKI1 Bunderan HI,PM25,DKI1,Bundaran HI,2023,6,1,22,3
91,202306,2023-06-02,2023-06-02,vi-SU,,62.0,91.0,41.0,10.0,31.0,19.0,SEDANG,DKI1 Bunderan HI,PM25,DKI1,Bundaran HI,2023,6,2,22,4
86,202306,2023-06-03,2023-06-03,vi-SU,,60.0,86.0,40.0,10.0,26.0,19.0,SEDANG,DKI1 Bunderan HI,PM25,DKI1,Bundaran HI,2023,6,3,22,5
89,202306,2023-06-04,2023-06-04,vi-SU,,59.0,89.0,37.0,10.0,25.0,22.0,SEDANG,DKI1 Bunderan HI,PM25,DKI1,Bundaran HI,2023,6,4,22,6
75,202306,2023-06-05,2023-06-05,vi-SU,,54.0,75.0,36.0,12.0,29.0,24.0,SEDANG,DKI1 Bunderan HI,PM25,DKI1,Bundaran HI,2023,6,5,23,0
76,202306,2023-06-06,2023-06-06,vi-SU,,59.0,76.0,35.0,12.0,21.0,27.0,SEDANG,DKI1 Bunderan HI,PM25,DKI1,Bundaran HI,2023,6,6,23,1
78,202306,2023-06-07,2023-06-07,vi-SU,,54.0,78.0,38.0,12.0,20.0,31.0,SEDANG,DKI1 Bunderan HI,PM25,DKI1,Bundaran HI,2023,6,7,23,2
91,202305,2023-05-23,2023-05-23,vi-SU,,67.0,91.0,51.0,16.0,27.0,13.0,SEDANG,DKI3 Jagakarsa,PM25,DKI3,Jagakarsa,2023,5,23,21,1
114,202305,2023-05-24,2023-05-24,vi-SU,,86.0,114.0,52.0,18.0,22.0,23.0,TIDAK SEHAT,DKI3 Jagakarsa,PM25,DKI3,Jagakarsa,2023,5,24,21,2
103,202305,2023-05-25,2023-05-25,vi-SU,,75.0,103.0,52.0,10.0,25.0,16.0,TIDAK SEHAT,DKI3 Jagakarsa,PM25,DKI3,Jagakarsa,2023,5,25,21,3
88,202305,2023-05-26,2023-05-26,vi-SU,,69.0,88.0,51.0,7.0,32.0,13.0,SEDANG,DKI3 Jagakarsa,PM25,DKI3,Jagakarsa,2023,5,26,21,4
101,202305,2023-05-27,2023-05-27,vi-SU,,75.0,101.0,51.0,8.0,27.0,13.0,TIDAK SEHAT,DKI3 Jagakarsa,PM25,DKI3,Jagakarsa,2023,5,27,21,5
100,202305,2023-05-28,2023-05-28,vi-SU,,79.0,100.0,51.0,6.0,25.0,16.0,SEDANG,DKI3 Jagakarsa,PM25,DKI3,Jagakarsa,2023,5,28,21,6
78,202305,2023-05-29,2023-05-29,vi-SU,,78.0,38.0,51.0,11.0,20.0,19.0,SEDANG,DKI3 Jagakarsa,PM10,DKI3,Jagakarsa,2023,5,29,22,0
84,202305,2023-05-30,2023-05-30,vi-SU,,84.0,39.0,50.0,3.0,23.0,18.0,SEDANG,DKI3 Jagakarsa,PM10,DKI3,Jagakarsa,2023,5,30,22,1
66,202305,2023-05-31,2023-05-31,vi-SU,,66.0,37.0,26.0,31.0,23.0,21.0,SEDANG,DKI3 Jagakarsa,PM10,DKI3,Jagakarsa,2023,5,31,22,2
76,202305,2023-05-01,2023-05-01,vi-SU,,,76.0,33.0,,18.0,14.0,SEDANG,DKI4 Lubang Buaya,PM25,DKI4,Lubang Buaya,2023,5,1,18,0
113,202305,2023-05-02,2023-05-02,vi-SU,,,113.0,35.0,,15.0,14.0,TIDAK SEHAT,DKI4 Lubang Buaya,PM25,DKI4,Lubang Buaya,2023,5,2,18,1
92,202305,2023-05-03,2023-05-03,vi-SU,,,92.0,35.0,,18.0,13.0,SEDANG,DKI4 Lubang Buaya,PM25,DKI4,Lubang Buaya,2023,5,3,18,2
62,202305,2023-05-04,2023-05-04,vi-SU,,,62.0,33.0,21.0,15.0,15.0,SEDANG,DKI4 Lubang Buaya,PM25,DKI4,Lubang Buaya,2023,5,4,18,3
82,202305,2023-05-05,2023-05-05,vi-SU,,,82.0,34.0,24.0,23.0,15.0,SEDANG,DKI4 Lubang Buaya,PM25,DKI4,Lubang Buaya,2023,5,5,18,4
71,202305,2023-05-06,2023-05-06,vi-SU,,,71.0,34.0,20.0,26.0,13.0,SEDANG,DKI4 Lubang Buaya,PM25,DKI4,Lubang Buaya,2023,5,6,18,5
107,202305,2023-05-07,2023-05-07,vi-SU,,,107.0,37.0,,17.0,19.0,TIDAK SEHAT,DKI4 Lubang Buaya,PM25,DKI4,Lubang Buaya,2023,5,7,18,6
88,202305,2023-05-08,2023-05-08,vi-SU,,,88.0,34.0,,21.0,20.0,SEDANG,DKI4 Lubang Buaya,PM25,DKI4,Lubang Buaya,2023,5,8,19,0
86,202305,2023-05-09,2023-05-09,vi-SU,,,86.0,35.0,,21.0,17.0,SEDANG,DKI4 Lubang Buaya,PM25,DKI4,Lubang Buaya,2023,5,9,19,1
123,202305,2023-05-10,2023-05-10,vi-SU,,,123.0,36.0,26.0,19.0,13.0,TIDAK SEHAT,DKI4 Lubang Buaya,PM25,DKI4,Lubang Buaya,2023,5,10,19,2
109,202305,2023-05-11,2023-05-11,vi-SU,,,109.0,36.0,21.0,16.0,13.0,TIDAK SEHAT,DKI4 Lubang Buaya,PM25,DKI4,Lubang Buaya,2023,5,11,19,3
59,202305,2023-05-12,2023-05-12,vi-SU,,,59.0,39.0,13.0,12.0,13.0,SEDANG,DKI4 Lubang Buaya,PM25,DKI4,Lubang Buaya,2023,5,12,19,4
89,202305,2023-05-13,2023-05-13,vi-SU,,,89.0,36.0,20.0,17.0,12.0,SEDANG,DKI4 Lubang Buaya,PM25,DKI4,Lubang Buaya,2023,5,13,19,5
78,202305,2023-05-14,2023-05-14,vi-SU,,,78.0,34.0,23.0,17.0,12.0,SEDANG,DKI4 Lubang Buaya,PM25,DKI4,Lubang Buaya,2023,5,14,19,6
102,202305,2023-05-15,2023-05-15,vi-SU,,,102.0,37.0,24.0,25.0,17.0,TIDAK SEHAT,DKI4 Lubang Buaya,PM25,DKI4,Lubang Buaya,2023,5,15,20,0
104,202305,2023-05-16,2023-05-16,vi-SU,,,104.0,37.0,22.0,26.0,17.0,TIDAK SEHAT,DKI4 Lubang Buaya,PM25,DKI4,Lubang Buaya,2023,5,16,20,1
114,202305,2023-05-17,2023-05-17,vi-SU,,,114.0,37.0,22.0,22.0,15.0,TIDAK SEHAT,DKI4 Lubang Buaya,PM25,DKI4,Lubang Buaya,2023,5,17,20,2
113,202305,2023-05-18,2023-05-18,vi-SU,,,113.0,37.0,21.0,22.0,16.0,TIDAK SEHAT,DKI4 Lubang Buaya,PM25,DKI4,Lubang Buaya,2023,5,18,20,3
114,202305,2023-05-19,2023-05-19,vi-SU,,,114.0,37.0,23.0,23.0,16.0,TIDAK SEHAT,DKI4 Lubang Buaya,PM25,DKI4,Lubang Buaya,2023,5,19,20,4
119,202305,2023-05-20,2023-05-20,vi-SU,,,119.0,36.0,27.0,16.0,16.0,TIDAK SEHAT,DKI4 Lubang Buaya,PM25,DKI4,Lubang Buaya,2023,5,20,20,5
118,202305,2023-05-21,2023-05-21,vi-SU,,,118.0,37.0,26.0,22.0,15.0,TIDAK SEHAT,DKI4 Lubang Buaya,PM25,DKI4,Lubang Buaya,2023,5,21,20,6
97,202305,2023-05-22,2023-05-22,vi-SU,,,97.0,35.0,30.0,27.0,17.0,SEDANG,DKI4 Lubang Buaya,PM25,DKI4,Lubang Buaya,2023,5,22,21,0
115,202305,2023-05-23,2023-05-23,vi-SU,,,115.0,35.0,,18.0,21.0,TIDAK SEHAT,DKI4 Lubang Buaya,PM25,DKI4,Lubang Buaya,2023,5,23,21,1
170,202305,2023-05-24,2023-05-24,vi-SU,,,,38.0,,17.0,18.0,TIDAK SEHAT,DKI4 Lubang Buaya,PM25,DKI4,Lubang Buaya,2023,5,24,21,2
136,202305,2023-05-25,2023-05-25,vi-SU,,,136.0,38.0,29.0,20.0,17.0,TIDAK SEHAT,DKI4 Lubang Buaya,PM25,DKI4,Lubang Buaya,2023,5,25,21,3
135,202305,2023-05-26,2023-05-26,vi-SU,,,135.0,39.0,28.0,22.0,24.0,TIDAK SEHAT,DKI4 Lubang Buaya,PM25,DKI4,Lubang Buaya,2023,5,26,21,4
139,202305,2023-05-27,2023-05-27,vi-SU,,,,38.0,23.0,22.0,12.0,TIDAK SEHAT,DKI4 Lubang Buaya,PM25,DKI4,Lubang Buaya,2023,5,27,21,5
115,202305,2023-05-28,2023-05-28,vi-SU,,,115.0,36.0,30.0,19.0,19.0,TIDAK SEHAT,DKI4 Lubang Buaya,PM25,DKI4,Lubang Buaya,2023,5,28,21,6
126,202305,2023-05-29,2023-05-29,vi-SU,,,126.0,37.0,,19.0,15.0,TIDAK SEHAT,DKI4 Lubang Buaya,PM25,DKI4,Lubang Buaya,2023,5,29,22,0
128,202305,2023-05-30,2023-05-30,vi-SU,,,128.0,38.0,28.0,24.0,17.0,TIDAK SEHAT,DKI4 Lubang Buaya,PM25,DKI4,Lubang Buaya,2023,5,30,22,1
110,202305,2023-05-31,2023-05-31,vi-SU,,,110.0,37.0,26.0,21.0,24.0,TIDAK SEHAT,DKI4 Lubang Buaya,PM25,DKI4,Lubang Buaya,2023,5,31,22,2
51,202305,2023-05-01,2023-05-01,vi-SU,,43.0,,15.0,,51.0,13.0,SEDANG,DKI5 Kebon Jeruk,O3,DKI5,Kebon Jeruk,2023,5,1,18,0
65,202305,2023-05-02,2023-05-02,vi-SU,,65.0,,,14.0,44.0,21.0,SEDANG,DKI5 Kebon Jeruk,PM10,DKI5,Kebon Jeruk,2023,5,2,18,1
50,202305,2023-05-03,2023-05-03,vi-SU,,50.0,,17.0,16.0,44.0,19.0,BAIK,DKI5 Kebon Jeruk,PM10,DKI5,Kebon Jeruk,2023,5,3,18,2
48,202305,2023-05-04,2023-05-04,vi-SU,,37.0,,17.0,14.0,48.0,20.0,BAIK,DKI5 Kebon Jeruk,O3,DKI5,Kebon Jeruk,2023,5,4,18,3
57,202305,2023-05-05,2023-05-05,vi-SU,,42.0,,16.0,22.0,57.0,23.0,SEDANG,DKI5 Kebon Jeruk,O3,DKI5,Kebon Jeruk,2023,5,5,18,4
52,202305,2023-05-06,2023-05-06,vi-SU,,39.0,,18.0,16.0,52.0,21.0,SEDANG,DKI5 Kebon Jeruk,O3,DKI5,Kebon Jeruk,2023,5,6,18,5
57,202305,2023-05-07,2023-05-07,vi-SU,,57.0,,18.0,23.0,45.0,25.0,SEDANG,DKI5 Kebon Jeruk,PM10,DKI5,Kebon Jeruk,2023,5,7,18,6
51,202304,2023-04-01,2023-04-01,vi-SU,,34.0,44.0,51.0,11.0,20.0,19.0,SEDANG,DKI1  Bunderan HI,SO2,DKI1,Bundaran HI,2023,4,1,13,5
49,202304,2023-04-02,2023-04-02,vi-SU,,29.0,46.0,49.0,12.0,24.0,17.0,BAIK,DKI1  Bunderan HI,SO2,DKI1,Bundaran HI,2023,4,2,13,6
71,202304,2023-04-03,2023-04-03,vi-SU,,53.0,71.0,52.0,13.0,19.0,29.0,SEDANG,DKI1  Bunderan HI,PM25,DKI1,Bundaran HI,2023,4,3,14,0
61,202304,2023-04-04,2023-04-04,vi-SU,,46.0,61.0,51.0,13.0,12.0,24.0,SEDANG,DKI1  Bunderan HI,PM25,DKI1,Bundaran HI,2023,4,4,14,1
68,202304,2023-04-05,2023-04-05,vi-SU,,44.0,68.0,51.0,14.0,22.0,29.0,SEDANG,DKI1  Bunderan HI,PM25,DKI1,Bundaran HI,2023,4,5,14,2
63,202304,2023-04-06,2023-04-06,vi-SU,,47.0,63.0,49.0,13.0,14.0,31.0,SEDANG,DKI1  Bunderan HI,PM25,DKI1,Bundaran HI,2023,4,6,14,3
65,202304,2023-04-07,2023-04-07,vi-SU,,43.0,65.0,52.0,12.0,21.0,23.0,SEDANG,DKI1  Bunderan HI,PM25,DKI1,Bundaran HI,2023,4,7,14,4
82,202304,2023-04-08,2023-04-08,vi-SU,,59.0,82.0,51.0,12.0,35.0,26.0,SEDANG,DKI1  Bunderan HI,PM25,DKI1,Bundaran HI,2023,4,8,14,5
79,202304,2023-04-09,2023-04-09,vi-SU,,57.0,79.0,52.0,13.0,23.0,27.0,SEDANG,DKI1  Bunderan HI,PM25,DKI1,Bundaran HI,2023,4,9,14,6
53,202304,2023-04-10,2023-04-10,vi-SU,,38.0,53.0,48.0,11.0,17.0,18.0,SEDANG,DKI1  Bunderan HI,PM25,DKI1,Bundaran HI,2023,4,10,15,0
51,202304,2023-04-11,2023-04-11,vi-SU,,27.0,51.0,47.0,12.0,14.0,17.0,SEDANG,DKI1  Bunderan HI,PM25,DKI1,Bundaran HI,2023,4,11,15,1
51,202304,2023-04-12,2023-04-12,vi-SU,,31.0,51.0,46.0,11.0,9.0,14.0,SEDANG,DKI1  Bunderan HI,PM25,DKI1,Bundaran HI,2023,4,12,15,2
49,202304,2023-04-13,2023-04-13,vi-SU,,27.0,49.0,45.0,10.0,11.0,14.0,BAIK,DKI1  Bunderan HI,PM25,DKI1,Bundaran HI,2023,4,13,15,3
57,202304,2023-04-14,2023-04-14,vi-SU,,33.0,57.0,48.0,12.0,14.0,26.0,SEDANG,DKI1  Bunderan HI,PM25,DKI1,Bundaran HI,2023,4,14,15,4
94,202304,2023-04-15,2023-04-15,vi-SU,,65.0,94.0,52.0,12.0,27.0,53.0,SEDANG,DKI1  Bunderan HI,PM25,DKI1,Bundaran HI,2023,4,15,15,5
63,202304,2023-04-16,2023-04-16,vi-SU,,48.0,63.0,50.0,11.0,21.0,22.0,SEDANG,DKI1  Bunderan HI,PM25,DKI1,Bundaran HI,2023,4,16,15,6
58,202304,2023-04-17,2023-04-17,vi-SU,,42.0,58.0,48.0,11.0,18.0,24.0,SEDANG,DKI1  Bunderan HI,PM25,DKI1,Bundaran HI,2023,4,17,16,0
72,202304,2023-04-18,2023-04-18,vi-SU,,51.0,72.0,52.0,9.0,27.0,26.0,SEDANG,DKI1  Bunderan HI,PM25,DKI1,Bundaran HI,2023,4,18,16,1
75,202304,2023-04-19,2023-04-19,vi-SU,,51.0,75.0,50.0,9.0,33.0,27.0,SEDANG,DKI1  Bunderan HI,PM25,DKI1,Bundaran HI,2023,4,19,16,2
60,202304,2023-04-20,2023-04-20,vi-SU,,43.0,60.0,45.0,11.0,35.0,27.0,SEDANG,DKI1  Bunderan HI,PM25,DKI1,Bundaran HI,2023,4,20,16,3
71,202304,2023-04-21,2023-04-21,vi-SU,,49.0,71.0,46.0,9.0,36.0,23.0,SEDANG,DKI1  Bunderan HI,PM25,DKI1,Bundaran HI,2023,4,21,16,4
66,202304,2023-04-22,2023-04-22,vi-SU,,45.0,66.0,46.0,11.0,32.0,18.0,SEDANG,DKI1  Bunderan HI,PM25,DKI1,Bundaran HI,2023,4,22,16,5
64,202304,2023-04-23,2023-04-23,vi-SU,,45.0,64.0,50.0,8.0,38.0,12.0,SEDANG,DKI1  Bunderan HI,PM25,DKI1,Bundaran HI,2023,4,23,16,6
64,202304,2023-04-24,2023-04-24,vi-SU,,42.0,64.0,47.0,9.0,32.0,21.0,SEDANG,DKI1  Bunderan HI,PM25,DKI1,Bundaran HI,2023,4,24,17,0
48,202304,2023-04-25,2023-04-25,vi-SU,,33.0,48.0,45.0,9.0,25.0,19.0,BAIK,DKI1  Bunderan HI,PM25,DKI1,Bundaran HI,2023,4,25,17,1
53,202304,2023-04-26,2023-04-26,vi-SU,,35.0,53.0,46.0,11.0,23.0,21.0,SEDANG,DKI1  Bunderan HI,PM25,DKI1,Bundaran HI,2023,4,26,17,2
68,202304,2023-04-27,2023-04-27,vi-SU,,50.0,68.0,45.0,11.0,30.0,31.0,SEDANG,DKI1  Bunderan HI,PM25,DKI1,Bundaran HI,2023,4,27,17,3
51,202304,2023-04-28,2023-04-28,vi-SU,,34.0,51.0,45.0,8.0,29.0,21.0,SEDANG,DKI1  Bunderan HI,PM25,DKI1,Bundaran HI,2023,4,28,17,4
81,202304,2023-04-29,2023-04-29,vi-SU,,52.0,81.0,46.0,13.0,36.0,31.0,SEDANG,DKI1  Bunderan HI,PM25,DKI1,Bundaran HI,2023,4,29,17,5
87,202304,2023-04-30,2023-04-30,vi-SU,,61.0,87.0,50.0,10.0,42.0,26.0,SEDANG,DKI1  Bunderan HI,PM25,DKI1,Bundaran HI,2023,4,30,17,6
40,202304,2023-04-01,2023-04-01,vi-SU,,31.0,40.0,22.0,6.0,24.0,14.0,BAIK,DKI2  Kelapa Gading,PM25,DKI2,Kelapa Gading,2023,4,1,13,5
41,202304,2023-04-02,2023-04-02,vi-SU,,27.0,41.0,22.0,7.0,26.0,18.0,BAIK,DKI2  Kelapa Gading,PM25,DKI2,Kelapa Gading,2023,4,2,13,6
79,202304,2023-04-03,2023-04-03,vi-SU,,64.0,79.0,40.0,12.0,31.0,29.0,SEDANG,DKI2  Kelapa Gading,PM25,DKI2,Kelapa Gading,2023,4,3,14,0
56,202304,2023-04-04,2023-04-04,vi-SU,,50.0,56.0,22.0,10.0,21.0,21.0,SEDANG,DKI2  Kelapa Gading,PM25,DKI2,Kelapa Gading,2023,4,4,14,1
68,202304,2023-04-05,2023-04-05,vi-SU,,48.0,68.0,26.0,9.0,36.0,24.0,SEDANG,DKI2  Kelapa Gading,PM25,DKI2,Kelapa Gading,2023,4,5,14,2
70,202304,2023-04-06,2023-04-06,vi-SU,,57.0,70.0,25.0,9.0,30.0,26.0,SEDANG,DKI2  Kelapa Gading,PM25,DKI2,Kelapa Gading,2023,4,6,14,3
71,202304,2023-04-07,2023-04-07,vi-SU,,50.0,71.0,31.0,8.0,34.0,20.0,SEDANG,DKI2  Kelapa Gading,PM25,DKI2,Kelapa Gading,2023,4,7,14,4
87,202304,2023-04-08,2023-04-08,vi-SU,,67.0,87.0,30.0,8.0,49.0,23.0,SEDANG,DKI2  Kelapa Gading,PM25,DKI2,Kelapa Gading,2023,4,8,14,5
92,202304,2023-04-09,2023-04-09,vi-SU,,71.0,92.0,35.0,15.0,32.0,34.0,SEDANG,DKI2  Kelapa Gading,PM25,DKI2,Kelapa Gading,2023,4,9,14,6
39,202304,2023-04-10,2023-04-10,vi-SU,,31.0,39.0,21.0,5.0,27.0,12.0,BAIK,DKI2  Kelapa Gading,PM25,DKI2,Kelapa Gading,2023,4,10,15,0
32,202304,2023-04-11,2023-04-11,vi-SU,,24.0,32.0,22.0,6.0,19.0,13.0,BAIK,DKI2  Kelapa Gading,PM25,DKI2,Kelapa Gading,2023,4,11,15,1
35,202304,2023-04-12,2023-04-12,vi-SU,,27.0,35.0,20.0,6.0,16.0,12.0,BAIK,DKI2  Kelapa Gading,PM25,DKI2,Kelapa Gading,2023,4,12,15,2
36,202304,2023-04-13,2023-04-13,vi-SU,,27.0,36.0,19.0,6.0,19.0,13.0,BAIK,DKI2  Kelapa Gading,PM25,DKI2,Kelapa Gading,2023,4,13,15,3
57,202304,2023-04-14,2023-04-14,vi-SU,,40.0,57.0,25.0,9.0,28.0,21.0,SEDANG,DKI2  Kelapa Gading,PM25,DKI2,Kelapa Gading,2023,4,14,15,4
77,202304,2023-04-15,2023-04-15,vi-SU,,64.0,77.0,30.0,14.0,34.0,31.0,SEDANG,DKI2  Kelapa Gading,PM25,DKI2,Kelapa Gading,2023,4,15,15,5
62,202304,2023-04-16,2023-04-16,vi-SU,,50.0,62.0,26.0,9.0,28.0,23.0,SEDANG,DKI2  Kelapa Gading,PM25,DKI2,Kelapa Gading,2023,4,16,15,6
56,202304,2023-04-17,2023-04-17,vi-SU,,45.0,56.0,25.0,8.0,27.0,21.0,SEDANG,DKI2  Kelapa Gading,PM25,DKI2,Kelapa Gading,2023,4,17,16,0
71,202304,2023-04-18,2023-04-18,vi-SU,,55.0,71.0,37.0,6.0,35.0,18.0,SEDANG,DKI2  Kelapa Gading,PM25,DKI2,Kelapa Gading,2023,4,18,16,1
75,202304,2023-04-19,2023-04-19,vi-SU,,56.0,75.0,29.0,10.0,45.0,22.0,SEDANG,DKI2  Kelapa Gading,PM25,DKI2,Kelapa Gading,2023,4,19,16,2
67,202304,2023-04-20,2023-04-20,vi-SU,,48.0,67.0,24.0,13.0,47.0,26.0,SEDANG,DKI2  Kelapa Gading,PM25,DKI2,Kelapa Gading,2023,4,20,16,3
72,202304,2023-04-21,2023-04-21,vi-SU,,54.0,72.0,22.0,8.0,49.0,15.0,SEDANG,DKI2  Kelapa Gading,PM25,DKI2,Kelapa Gading,2023,4,21,16,4
64,202304,2023-04-22,2023-04-22,vi-SU,,47.0,64.0,37.0,7.0,44.0,11.0,SEDANG,DKI2  Kelapa Gading,PM25,DKI2,Kelapa Gading,2023,4,22,16,5
64,202304,2023-04-23,2023-04-23,vi-SU,,46.0,64.0,21.0,4.0,51.0,6.0,SEDANG,DKI2  Kelapa Gading,PM25,DKI2,Kelapa Gading,2023,4,23,16,6
65,202304,2023-04-24,2023-04-24,vi-SU,,51.0,65.0,41.0,6.0,39.0,17.0,SEDANG,DKI2  Kelapa Gading,PM25,DKI2,Kelapa Gading,2023,4,24,17,0
52,202304,2023-04-25,2023-04-25,vi-SU,,37.0,52.0,25.0,6.0,34.0,15.0,SEDANG,DKI2  Kelapa Gading,PM25,DKI2,Kelapa Gading,2023,4,25,17,1
57,202304,2023-04-26,2023-04-26,vi-SU,,42.0,57.0,32.0,7.0,27.0,13.0,SEDANG,DKI2  Kelapa Gading,PM25,DKI2,Kelapa Gading,2023,4,26,17,2
70,202304,2023-04-27,2023-04-27,vi-SU,,53.0,70.0,26.0,13.0,33.0,23.0,SEDANG,DKI2  Kelapa Gading,PM25,DKI2,Kelapa Gading,2023,4,27,17,3
54,202304,2023-04-28,2023-04-28,vi-SU,,40.0,54.0,21.0,4.0,35.0,12.0,SEDANG,DKI2  Kelapa Gading,PM25,DKI2,Kelapa Gading,2023,4,28,17,4
74,202304,2023-04-29,2023-04-29,vi-SU,,56.0,74.0,22.0,9.0,42.0,18.0,SEDANG,DKI2  Kelapa Gading,PM25,DKI2,Kelapa Gading,2023,4,29,17,5
84,202304,2023-04-30,2023-04-30,vi-SU,,64.0,84.0,29.0,7.0,47.0,15.0,SEDANG,DKI2  Kelapa Gading,PM25,DKI2,Kelapa Gading,2023,4,30,17,6
35,202304,2023-04-01,2023-04-01,vi-SU,,26.0,33.0,35.0,3.0,13.0,,BAIK,DKI3  Jagakarsa,SO2,DKI3,Jagakarsa,2023,4,1,13,5
56,202304,2023-04-02,2023-04-02,vi-SU,,35.0,56.0,34.0,5.0,10.0,6.0,SEDANG,DKI3  Jagakarsa,PM25,DKI3,Jagakarsa,2023,4,2,13,6
71,202304,2023-04-03,2023-04-03,vi-SU,,52.0,71.0,36.0,9.0,12.0,15.0,SEDANG,DKI3  Jagakarsa,PM25,DKI3,Jagakarsa,2023,4,3,14,0
69,202304,2023-04-04,2023-04-04,vi-SU,,51.0,69.0,35.0,6.0,11.0,8.0,SEDANG,DKI3  Jagakarsa,PM25,DKI3,Jagakarsa,2023,4,4,14,1
71,202304,2023-04-05,2023-04-05,vi-SU,,52.0,71.0,39.0,9.0,14.0,12.0,SEDANG,DKI3  Jagakarsa,PM25,DKI3,Jagakarsa,2023,4,5,14,2
76,202304,2023-04-06,2023-04-06,vi-SU,,56.0,76.0,36.0,7.0,17.0,12.0,SEDANG,DKI3  Jagakarsa,PM25,DKI3,Jagakarsa,2023,4,6,14,3
60,202304,2023-04-07,2023-04-07,vi-SU,,47.0,60.0,39.0,7.0,13.0,7.0,SEDANG,DKI3  Jagakarsa,PM25,DKI3,Jagakarsa,2023,4,7,14,4
82,202304,2023-04-08,2023-04-08,vi-SU,,57.0,82.0,38.0,8.0,25.0,8.0,SEDANG,DKI3  Jagakarsa,PM25,DKI3,Jagakarsa,2023,4,8,14,5
66,202304,2023-04-09,2023-04-09,vi-SU,,51.0,66.0,37.0,8.0,14.0,11.0,SEDANG,DKI3  Jagakarsa,PM25,DKI3,Jagakarsa,2023,4,9,14,6
57,202304,2023-04-10,2023-04-10,vi-SU,,50.0,57.0,35.0,6.0,8.0,5.0,SEDANG,DKI3  Jagakarsa,PM25,DKI3,Jagakarsa,2023,4,10,15,0
47,202304,2023-04-11,2023-04-11,vi-SU,,26.0,47.0,33.0,3.0,7.0,,BAIK,DKI3  Jagakarsa,PM25,DKI3,Jagakarsa,2023,4,11,15,1
53,202304,2023-04-12,2023-04-12,vi-SU,,28.0,53.0,34.0,3.0,6.0,,SEDANG,DKI3  Jagakarsa,PM25,DKI3,Jagakarsa,2023,4,12,15,2
60,202304,2023-04-13,2023-04-13,vi-SU,,40.0,60.0,50.0,4.0,9.0,7.0,SEDANG,DKI3  Jagakarsa,PM25,DKI3,Jagakarsa,2023,4,13,15,3
63,202304,2023-04-14,2023-04-14,vi-SU,,50.0,63.0,51.0,5.0,11.0,11.0,SEDANG,DKI3  Jagakarsa,PM25,DKI3,Jagakarsa,2023,4,14,15,4
58,202304,2023-04-15,2023-04-15,vi-SU,,45.0,58.0,50.0,6.0,9.0,13.0,SEDANG,DKI3  Jagakarsa,PM25,DKI3,Jagakarsa,2023,4,15,15,5
60,202304,2023-04-16,2023-04-16,vi-SU,,46.0,60.0,49.0,6.0,15.0,10.0,SEDANG,DKI3  Jagakarsa,PM25,DKI3,Jagakarsa,2023,4,16,15,6
63,202304,2023-04-17,2023-04-17,vi-SU,,41.0,63.0,48.0,5.0,15.0,8.0,SEDANG,DKI3  Jagakarsa,PM25,DKI3,Jagakarsa,2023,4,17,16,0
64,202304,2023-04-18,2023-04-18,vi-SU,,47.0,64.0,51.0,7.0,21.0,12.0,SEDANG,DKI3  Jagakarsa,PM25,DKI3,Jagakarsa,2023,4,18,16,1
68,202304,2023-04-19,2023-04-19,vi-SU,,51.0,68.0,48.0,9.0,23.0,12.0,SEDANG,DKI3  Jagakarsa,PM25,DKI3,Jagakarsa,2023,4,19,16,2
61,202304,2023-04-20,2023-04-20,vi-SU,,43.0,61.0,49.0,9.0,24.0,11.0,SEDANG,DKI3  Jagakarsa,PM25,DKI3,Jagakarsa,2023,4,20,16,3
51,202304,2023-04-21,2023-04-21,vi-SU,,51.0,,50.0,10.0,22.0,11.0,SEDANG,DKI3  Jagakarsa,PM10,DKI3,Jagakarsa,2023,4,21,16,4
50,202304,2023-04-22,2023-04-22,vi-SU,,43.0,,50.0,19.0,21.0,10.0,BAIK,DKI3  Jagakarsa,SO2,DKI3,Jagakarsa,2023,4,22,16,5
50,202304,2023-04-23,2023-04-23,vi-SU,,42.0,,50.0,8.0,21.0,6.0,BAIK,DKI3  Jagakarsa,SO2,DKI3,Jagakarsa,2023,4,23,16,6
51,202304,2023-04-24,2023-04-24,vi-SU,,45.0,,51.0,24.0,18.0,14.0,SEDANG,DKI3  Jagakarsa,SO2,DKI3,Jagakarsa,2023,4,24,17,0
50,202304,2023-04-25,2023-04-25,vi-SU,,29.0,,50.0,10.0,19.0,9.0,BAIK,DKI3  Jagakarsa,SO2,DKI3,Jagakarsa,2023,4,25,17,1
51,202304,2023-04-26,2023-04-26,vi-SU,,44.0,,51.0,26.0,19.0,19.0,SEDANG,DKI3  Jagakarsa,SO2,DKI3,Jagakarsa,2023,4,26,17,2
50,202304,2023-04-27,2023-04-27,vi-SU,,49.0,,50.0,12.0,23.0,14.0,BAIK,DKI3  Jagakarsa,SO2,DKI3,Jagakarsa,2023,4,27,17,3
61,202304,2023-04-28,2023-04-28,vi-SU,,61.0,,50.0,11.0,16.0,14.0,SEDANG,DKI3  Jagakarsa,PM10,DKI3,Jagakarsa,2023,4,28,17,4
64,202304,2023-04-29,2023-04-29,vi-SU,,64.0,46.0,50.0,9.0,18.0,12.0,SEDANG,DKI3  Jagakarsa,PM10,DKI3,Jagakarsa,2023,4,29,17,5
64,202304,2023-04-30,2023-04-30,vi-SU,,64.0,50.0,50.0,12.0,26.0,14.0,SEDANG,DKI3  Jagakarsa,PM10,DKI3,Jagakarsa,2023,4,30,17,6
50,202304,2023-04-01,2023-04-01,vi-SU,,,50.0,31.0,3.0,13.0,8.0,BAIK,DKI4  Lubang Buaya,PM25,DKI4,Lubang Buaya,2023,4,1,13,5
56,202304,2023-04-02,2023-04-02,vi-SU,,,56.0,31.0,6.0,12.0,10.0,SEDANG,DKI4  Lubang Buaya,PM25,DKI4,Lubang Buaya,2023,4,2,13,6
91,202304,2023-04-03,2023-04-03,vi-SU,,,91.0,33.0,8.0,15.0,15.0,SEDANG,DKI4  Lubang Buaya,PM25,DKI4,Lubang Buaya,2023,4,3,14,0
61,202304,2023-04-04,2023-04-04,vi-SU,,,61.0,31.0,6.0,11.0,11.0,SEDANG,DKI4  Lubang Buaya,PM25,DKI4,Lubang Buaya,2023,4,4,14,1
86,202304,2023-04-05,2023-04-05,vi-SU,,,86.0,36.0,7.0,26.0,16.0,SEDANG,DKI4  Lubang Buaya,PM25,DKI4,Lubang Buaya,2023,4,5,14,2
85,202304,2023-04-06,2023-04-06,vi-SU,,,85.0,35.0,6.0,24.0,16.0,SEDANG,DKI4  Lubang Buaya,PM25,DKI4,Lubang Buaya,2023,4,6,14,3
72,202304,2023-04-07,2023-04-07,vi-SU,,,72.0,37.0,5.0,22.0,15.0,SEDANG,DKI4  Lubang Buaya,PM25,DKI4,Lubang Buaya,2023,4,7,14,4
95,202304,2023-04-08,2023-04-08,vi-SU,,,95.0,35.0,4.0,32.0,16.0,SEDANG,DKI4  Lubang Buaya,PM25,DKI4,Lubang Buaya,2023,4,8,14,5
99,202304,2023-04-09,2023-04-09,vi-SU,,,99.0,35.0,10.0,14.0,17.0,SEDANG,DKI4  Lubang Buaya,PM25,DKI4,Lubang Buaya,2023,4,9,14,6
55,202304,2023-04-10,2023-04-10,vi-SU,,,55.0,32.0,3.0,7.0,9.0,SEDANG,DKI4  Lubang Buaya,PM25,DKI4,Lubang Buaya,2023,4,10,15,0
55,202304,2023-04-12,2023-04-12,vi-SU,,,55.0,32.0,3.0,7.0,7.0,SEDANG,DKI4  Lubang Buaya,PM25,DKI4,Lubang Buaya,2023,4,12,15,2
58,202304,2023-04-13,2023-04-13,vi-SU,,37.0,58.0,32.0,3.0,11.0,8.0,SEDANG,DKI4  Lubang Buaya,PM25,DKI4,Lubang Buaya,2023,4,13,15,3
70,202304,2023-04-14,2023-04-14,vi-SU,,50.0,70.0,34.0,3.0,17.0,13.0,SEDANG,DKI4  Lubang Buaya,PM25,DKI4,Lubang Buaya,2023,4,14,15,4
88,202304,2023-04-15,2023-04-15,vi-SU,,65.0,88.0,33.0,5.0,16.0,14.0,SEDANG,DKI4  Lubang Buaya,PM25,DKI4,Lubang Buaya,2023,4,15,15,5
82,202304,2023-04-16,2023-04-16,vi-SU,,57.0,82.0,33.0,6.0,17.0,11.0,SEDANG,DKI4  Lubang Buaya,PM25,DKI4,Lubang Buaya,2023,4,16,15,6
72,202304,2023-04-17,2023-04-17,vi-SU,,51.0,72.0,32.0,4.0,19.0,13.0,SEDANG,DKI4  Lubang Buaya,PM25,DKI4,Lubang Buaya,2023,4,17,16,0
86,202304,2023-04-18,2023-04-18,vi-SU,,62.0,86.0,38.0,5.0,20.0,14.0,SEDANG,DKI4  Lubang Buaya,PM25,DKI4,Lubang Buaya,2023,4,18,16,1
88,202304,2023-04-19,2023-04-19,vi-SU,,,88.0,33.0,7.0,19.0,11.0,SEDANG,DKI4  Lubang Buaya,PM25,DKI4,Lubang Buaya,2023,4,19,16,2
85,202304,2023-04-20,2023-04-20,vi-SU,,,85.0,32.0,13.0,18.0,15.0,SEDANG,DKI4  Lubang Buaya,PM25,DKI4,Lubang Buaya,2023,4,20,16,3
78,202304,2023-04-21,2023-04-21,vi-SU,,,78.0,32.0,8.0,18.0,13.0,SEDANG,DKI4  Lubang Buaya,PM25,DKI4,Lubang Buaya,2023,4,21,16,4
79,202304,2023-04-22,2023-04-22,vi-SU,,,79.0,33.0,,19.0,11.0,SEDANG,DKI4  Lubang Buaya,PM25,DKI4,Lubang Buaya,2023,4,22,16,5
78,202304,2023-04-23,2023-04-23,vi-SU,,,78.0,34.0,,21.0,5.0,SEDANG,DKI4  Lubang Buaya,PM25,DKI4,Lubang Buaya,2023,4,23,16,6
76,202304,2023-04-24,2023-04-24,vi-SU,,,76.0,33.0,6.0,19.0,10.0,SEDANG,DKI4  Lubang Buaya,PM25,DKI4,Lubang Buaya,2023,4,24,17,0
64,202304,2023-04-25,2023-04-25,vi-SU,,,64.0,33.0,5.0,18.0,11.0,SEDANG,DKI4  Lubang Buaya,PM25,DKI4,Lubang Buaya,2023,4,25,17,1
80,202304,2023-04-26,2023-04-26,vi-SU,,,80.0,34.0,7.0,15.0,13.0,SEDANG,DKI4  Lubang Buaya,PM25,DKI4,Lubang Buaya,2023,4,26,17,2
83,202304,2023-04-27,2023-04-27,vi-SU,,,83.0,34.0,10.0,16.0,13.0,SEDANG,DKI4  Lubang Buaya,PM25,DKI4,Lubang Buaya,2023,4,27,17,3
81,202304,2023-04-28,2023-04-28,vi-SU,,,81.0,33.0,6.0,14.0,10.0,SEDANG,DKI4  Lubang Buaya,PM25,DKI4,Lubang Buaya,2023,4,28,17,4
98,202304,2023-04-29,2023-04-29,vi-SU,,,98.0,34.0,9.0,18.0,18.0,SEDANG,DKI4  Lubang Buaya,PM25,DKI4,Lubang Buaya,2023,4,29,17,5
104,202304,2023-04-30,2023-04-30,vi-SU,,,104.0,33.0,6.0,18.0,13.0,TIDAK SEHAT,DKI4  Lubang Buaya,PM25,DKI4,Lubang Buaya,2023,4,30,17,6
39,202304,2023-04-04,2023-04-04,vi-SU,,39.0,,18.0,11.0,31.0,11.0,BAIK,DKI5  Kebon Jeruk  Jakarta Barat,PM10,DKI5,Kebon Jeruk,2023,4,4,14,1
36,202304,2023-04-05,2023-04-05,vi-SU,,36.0,,19.0,9.0,24.0,12.0,BAIK,DKI5  Kebon Jeruk  Jakarta Barat,PM10,DKI5,Kebon Jeruk,2023,4,5,14,2
37,202304,2023-04-07,2023-04-07,vi-SU,,37.0,,18.0,9.0,24.0,11.0,BAIK,DKI5  Kebon Jeruk  Jakarta Barat,PM10,DKI5,Kebon Jeruk,2023,4,7,14,4
58,202304,2023-04-08,2023-04-08,vi-SU,,58.0,,20.0,10.0,44.0,14.0,SEDANG,DKI5  Kebon Jeruk  Jakarta Barat,PM10,DKI5,Kebon Jeruk,2023,4,8,14,5
57,202304,2023-04-09,2023-04-09,vi-SU,,57.0,,24.0,12.0,33.0,15.0,SEDANG,DKI5  Kebon Jeruk  Jakarta Barat,PM10,DKI5,Kebon Jeruk,2023,4,9,14,6
28,202304,2023-04-10,2023-04-10,vi-SU,,27.0,,16.0,6.0,28.0,9.0,BAIK,DKI5  Kebon Jeruk  Jakarta Barat,O3,DKI5,Kebon Jeruk,2023,4,10,15,0
26,202304,2023-04-11,2023-04-11,vi-SU,,23.0,,15.0,5.0,26.0,5.0,BAIK,DKI5  Kebon Jeruk  Jakarta Barat,O3,DKI5,Kebon Jeruk,2023,4,11,15,1
24,202304,2023-04-12,2023-04-12,vi-SU,,15.0,,15.0,5.0,24.0,4.0,BAIK,DKI5  Kebon Jeruk  Jakarta Barat,O3,DKI5,Kebon Jeruk,2023,4,12,15,2
28,202304,2023-04-13,2023-04-13,vi-SU,,17.0,,14.0,5.0,28.0,4.0,BAIK,DKI5  Kebon Jeruk  Jakarta Barat,O3,DKI5,Kebon Jeruk,2023,4,13,15,3
29,202304,2023-04-14,2023-04-14,vi-SU,,28.0,,16.0,7.0,29.0,9.0,BAIK,DKI5  Kebon Jeruk  Jakarta Barat,O3,DKI5,Kebon Jeruk,2023,4,14,15,4
40,202304,2023-04-15,2023-04-15,vi-SU,,40.0,,18.0,12.0,34.0,16.0,BAIK,DKI5  Kebon Jeruk  Jakarta Barat,PM10,DKI5,Kebon Jeruk,2023,4,15,15,5
35,202304,2023-04-16,2023-04-16,vi-SU,,31.0,,15.0,7.0,35.0,8.0,BAIK,DKI5  Kebon Jeruk  Jakarta Barat,O3,DKI5,Kebon Jeruk,2023,4,16,15,6
35,202304,2023-04-17,2023-04-17,vi-SU,,19.0,,15.0,6.0,35.0,7.0,BAIK,DKI5  Kebon Jeruk  Jakarta Barat,O3,DKI5,Kebon Jeruk,2023,4,17,16,0
50,202304,2023-04-18,2023-04-18,vi-SU,,49.0,,16.0,9.0,50.0,14.0,BAIK,DKI5  Kebon Jeruk  Jakarta Barat,O3,DKI5,Kebon Jeruk,2023,4,18,16,1
51,202304,2023-04-19,2023-04-19,vi-SU,,48.0,,15.0,12.0,51.0,16.0,SEDANG,DKI5  Kebon Jeruk  Jakarta Barat,O3,DKI5,Kebon Jeruk,2023,4,19,16,2
133,202306,2023-06-13,2023-06-13,vi-SU,,,133.0,40.0,24.0,19.0,13.0,TIDAK SEHAT,DKI4 Lubang Buaya,PM25,DKI4,Lubang Buaya,2023,6,13,24,1
102,202306,2023-06-14,2023-06-14,vi-SU,,,102.0,37.0,22.0,15.0,13.0,TIDAK SEHAT,DKI4 Lubang Buaya,PM25,DKI4,Lubang Buaya,2023,6,14,24,2
121,202306,2023-06-15,2023-06-15,vi-SU,,,121.0,39.0,31.0,14.0,17.0,TIDAK SEHAT,DKI4 Lubang Buaya,PM25,DKI4,Lubang Buaya,2023,6,15,24,3
108,202306,2023-06-16,2023-06-16,vi-SU,,,108.0,37.0,24.0,14.0,15.0,TIDAK SEHAT,DKI4 Lubang Buaya,PM25,DKI4,Lubang Buaya,2023,6,16,24,4
84,202306,2023-06-17,2023-06-17,vi-SU,,,84.0,39.0,27.0,10.0,17.0,SEDANG,DKI4 Lubang Buaya,PM25,DKI4,Lubang Buaya,2023,6,17,24,5
112,202306,2023-06-18,2023-06-18,vi-SU,,,112.0,37.0,,12.0,15.0,TIDAK SEHAT,DKI4 Lubang Buaya,PM25,DKI4,Lubang Buaya,2023,6,18,24,6
83,202306,2023-06-19,2023-06-19,vi-SU,,,83.0,36.0,22.0,13.0,14.0,SEDANG,DKI4 Lubang Buaya,PM25,DKI4,Lubang Buaya,2023,6,19,25,0
102,202306,2023-06-20,2023-06-20,vi-SU,,,102.0,38.0,,11.0,15.0,TIDAK SEHAT,DKI4 Lubang Buaya,PM25,DKI4,Lubang Buaya,2023,6,20,25,1
108,202306,2023-06-21,2023-06-21,vi-SU,,,108.0,39.0,22.0,20.0,16.0,TIDAK SEHAT,DKI4 Lubang Buaya,PM25,DKI4,Lubang Buaya,2023,6,21,25,2
119,202306,2023-06-22,2023-06-22,vi-SU,,,119.0,37.0,,16.0,22.0,TIDAK SEHAT,DKI4 Lubang Buaya,PM25,DKI4,Lubang Buaya,2023,6,22,25,3
98,202306,2023-06-23,2023-06-23,vi-SU,,,98.0,38.0,21.0,17.0,14.0,SEDANG,DKI4 Lubang Buaya,PM25,DKI4,Lubang Buaya,2023,6,23,25,4
92,202306,2023-06-24,2023-06-24,vi-SU,,,92.0,38.0,21.0,25.0,14.0,SEDANG,DKI4 Lubang Buaya,PM25,DKI4,Lubang Buaya,2023,6,24,25,5
104,202306,2023-06-25,2023-06-25,vi-SU,,,104.0,38.0,25.0,20.0,19.0,TIDAK SEHAT,DKI4 Lubang Buaya,PM25,DKI4,Lubang Buaya,2023,6,25,25,6
93,202306,2023-06-26,2023-06-26,vi-SU,,,93.0,38.0,24.0,23.0,17.0,SEDANG,DKI4 Lubang Buaya,PM25,DKI4,Lubang Buaya,2023,6,26,26,0
113,202306,2023-06-27,2023-06-27,vi-SU,,,113.0,39.0,27.0,23.0,17.0,TIDAK SEHAT,DKI4 Lubang Buaya,PM25,DKI4,Lubang Buaya,2023,6,27,26,1
84,202306,2023-06-28,2023-06-28,vi-SU,,,84.0,39.0,19.0,22.0,14.0,SEDANG,DKI4 Lubang Buaya,PM25,DKI4,Lubang Buaya,2023,6,28,26,2
64,202306,2023-06-29,2023-06-29,vi-SU,,,64.0,38.0,16.0,18.0,10.0,SEDANG,DKI4 Lubang Buaya,PM25,DKI4,Lubang Buaya,2023,6,29,26,3
77,202306,2023-06-30,2023-06-30,vi-SU,,,77.0,39.0,17.0,21.0,11.0,SEDANG,DKI4 Lubang Buaya,PM25,DKI4,Lubang Buaya,2023,6,30,26,4
54,202306,2023-06-01,2023-06-01,vi-SU,,54.0,,21.0,16.0,51.0,16.0,SEDANG,DKI5 Kebon Jeruk,PM10,DKI5,Kebon Jeruk,2023,6,1,22,3
56,202306,2023-06-02,2023-06-02,vi-SU,,56.0,,23.0,16.0,53.0,16.0,SEDANG,DKI5 Kebon Jeruk,PM10,DKI5,Kebon Jeruk,2023,6,2,22,4
56,202306,2023-06-03,2023-06-03,vi-SU,,56.0,,22.0,16.0,49.0,17.0,SEDANG,DKI5 Kebon Jeruk,PM10,DKI5,Kebon Jeruk,2023,6,3,22,5
53,202306,2023-06-04,2023-06-04,vi-SU,,53.0,,19.0,15.0,53.0,14.0,SEDANG,DKI5 Kebon Jeruk,PM10,DKI5,Kebon Jeruk,2023,6,4,22,6
55,202306,2023-06-05,2023-06-05,vi-SU,,55.0,,19.0,18.0,46.0,18.0,SEDANG,DKI5 Kebon Jeruk,PM10,DKI5,Kebon Jeruk,2023,6,5,23,0
49,202306,2023-06-06,2023-06-06,vi-SU,,46.0,,19.0,16.0,49.0,15.0,BAIK,DKI5 Kebon Jeruk,O3,DKI5,Kebon Jeruk,2023,6,6,23,1
57,202306,2023-06-07,2023-06-07,vi-SU,,57.0,,18.0,25.0,47.0,27.0,SEDANG,DKI5 Kebon Jeruk,PM10,DKI5,Kebon Jeruk,2023,6,7,23,2
51,202306,2023-06-08,2023-06-08,vi-SU,,51.0,,21.0,20.0,38.0,22.0,SEDANG,DKI5 Kebon Jeruk,PM10,DKI5,Kebon Jeruk,2023,6,8,23,3
50,202306,2023-06-09,2023-06-09,vi-SU,,50.0,,23.0,18.0,34.0,19.0,BAIK,DKI5 Kebon Jeruk,PM10,DKI5,Kebon Jeruk,2023,6,9,23,4
45,202306,2023-06-10,2023-06-10,vi-SU,,37.0,,20.0,16.0,45.0,17.0,BAIK,DKI5 Kebon Jeruk,O3,DKI5,Kebon Jeruk,2023,6,10,23,5
61,202306,2023-06-11,2023-06-11,vi-SU,,61.0,,23.0,21.0,44.0,24.0,SEDANG,DKI5 Kebon Jeruk,PM10,DKI5,Kebon Jeruk,2023,6,11,23,6
59,202306,2023-06-12,2023-06-12,vi-SU,,59.0,,20.0,18.0,47.0,20.0,SEDANG,DKI5 Kebon Jeruk,PM10,DKI5,Kebon Jeruk,2023,6,12,24,0
63,202306,2023-06-13,2023-06-13,vi-SU,,52.0,,18.0,15.0,,17.0,SEDANG,DKI5 Kebon Jeruk,O3,DKI5,Kebon Jeruk,2023,6,13,24,1
67,202306,2023-06-14,2023-06-14,vi-SU,,50.0,,18.0,17.0,,19.0,SEDANG,DKI5 Kebon Jeruk,O3,DKI5,Kebon Jeruk,2023,6,14,24,2
54,202306,2023-06-15,2023-06-15,vi-SU,,54.0,,18.0,24.0,54.0,23.0,SEDANG,DKI5 Kebon Jeruk,PM10,DKI5,Kebon Jeruk,2023,6,15,24,3
61,202306,2023-06-16,2023-06-16,vi-SU,,41.0,,18.0,15.0,,19.0,SEDANG,DKI5 Kebon Jeruk,O3,DKI5,Kebon Jeruk,2023,6,16,24,4
53,202306,2023-06-17,2023-06-17,vi-SU,,49.0,,20.0,21.0,53.0,22.0,SEDANG,DKI5 Kebon Jeruk,O3,DKI5,Kebon Jeruk,2023,6,17,24,5
57,202306,2023-06-18,2023-06-18,vi-SU,,51.0,,19.0,23.0,57.0,24.0,SEDANG,DKI5 Kebon Jeruk,O3,DKI5,Kebon Jeruk,2023,6,18,24,6
67,202306,2023-06-19,2023-06-19,vi-SU,,28.0,,18.0,13.0,,13.0,SEDANG,DKI5 Kebon Jeruk,O3,DKI5,Kebon Jeruk,2023,6,19,25,0
52,202306,2023-06-20,2023-06-20,vi-SU,,48.0,,19.0,22.0,52.0,21.0,SEDANG,DKI5 Kebon Jeruk,O3,DKI5,Kebon Jeruk,2023,6,20,25,1
65,202306,2023-06-21,2023-06-21,vi-SU,,47.0,,19.0,13.0,,17.0,SEDANG,DKI5 Kebon Jeruk,O3,DKI5,Kebon Jeruk,2023,6,21,25,2
70,202306,2023-06-22,2023-06-22,vi-SU,,62.0,,18.0,22.0,,29.0,SEDANG,DKI5 Kebon Jeruk,O3,DKI5,Kebon Jeruk,2023,6,22,25,3
64,202306,2023-06-23,2023-06-23,vi-SU,,47.0,,19.0,15.0,,18.0,SEDANG,DKI5 Kebon Jeruk,O3,DKI5,Kebon Jeruk,2023,6,23,25,4
71,202306,2023-06-24,2023-06-24,vi-SU,,44.0,,19.0,14.0,,20.0,SEDANG,DKI5 Kebon Jeruk,O3,DKI5,Kebon Jeruk,2023,6,24,25,5
77,202306,2023-06-25,2023-06-25,vi-SU,,49.0,,19.0,14.0,,14.0,SEDANG,DKI5 Kebon Jeruk,O3,DKI5,Kebon Jeruk,2023,6,25,25,6
64,202306,2023-06-26,2023-06-26,vi-SU,,52.0,,19.0,19.0,,20.0,SEDANG,DKI5 Kebon Jeruk,O3,DKI5,Kebon Jeruk,2023,6,26,26,0
58,202306,2023-06-27,2023-06-27,vi-SU,,55.0,,20.0,15.0,58.0,19.0,SEDANG,DKI5 Kebon Jeruk,O3,DKI5,Kebon Jeruk,2023,6,27,26,1
52,202306,2023-06-28,2023-06-28,vi-SU,,39.0,,20.0,14.0,52.0,19.0,SEDANG,DKI5 Kebon Jeruk,O3,DKI5,Kebon Jeruk,2023,6,28,26,2
54,202306,2023-06-29,2023-06-29,vi-SU,,19.0,,20.0,12.0,54.0,10.0,SEDANG,DKI5 Kebon Jeruk,O3,DKI5,Kebon Jeruk,2023,6,29,26,3
68,202306,2023-06-30,2023-06-30,vi-SU,,39.0,,20.0,13.0,,10.0,SEDANG,DKI5 Kebon Jeruk,O3,DKI5,Kebon Jeruk,2023,6,30,26,4
83,202307,2023-07-01,2023-07-01,vi-SU,,55.0,83.0,38.0,12.0,20.0,28.0,SEDANG,DKI1 Bunderan HI,PM25,DKI1,Bundaran HI,2023,7,1,26,5
83,202307,2023-07-02,2023-07-02,vi-SU,,55.0,83.0,37.0,11.0,26.0,27.0,SEDANG,DKI1 Bunderan HI,PM25,DKI1,Bundaran HI,2023,7,2,26,6
81,202307,2023-07-03,2023-07-03,vi-SU,,55.0,81.0,40.0,10.0,24.0,28.0,SEDANG,DKI1 Bunderan HI,PM25,DKI1,Bundaran HI,2023,7,3,27,0
76,202307,2023-07-04,2023-07-04,vi-SU,,53.0,76.0,38.0,12.0,25.0,31.0,SEDANG,DKI1 Bunderan HI,PM25,DKI1,Bundaran HI,2023,7,4,27,1
95,202307,2023-07-05,2023-07-05,vi-SU,,62.0,95.0,43.0,11.0,23.0,35.0,SEDANG,DKI1 Bunderan HI,PM25,DKI1,Bundaran HI,2023,7,5,27,2
101,202307,2023-07-06,2023-07-06,vi-SU,,66.0,101.0,39.0,11.0,22.0,35.0,TIDAK SEHAT,DKI1 Bunderan HI,PM25,DKI1,Bundaran HI,2023,7,6,27,3
97,202307,2023-07-07,2023-07-07,vi-SU,,65.0,97.0,45.0,11.0,32.0,35.0,SEDANG,DKI1 Bunderan HI,PM25,DKI1,Bundaran HI,2023,7,7,27,4
69,202307,2023-07-08,2023-07-08,vi-SU,,54.0,69.0,38.0,11.0,21.0,29.0,SEDANG,DKI1 Bunderan HI,PM25,DKI1,Bundaran HI,2023,7,8,27,5
67,202307,2023-07-09,2023-07-09,vi-SU,,42.0,67.0,38.0,12.0,15.0,23.0,SEDANG,DKI1 Bunderan HI,PM25,DKI1,Bundaran HI,2023,7,9,27,6
62,202307,2023-07-10,2023-07-10,vi-SU,,42.0,62.0,40.0,10.0,17.0,17.0,SEDANG,DKI1 Bunderan HI,PM25,DKI1,Bundaran HI,2023,7,10,28,0
73,202307,2023-07-11,2023-07-11,vi-SU,,52.0,73.0,42.0,11.0,13.0,27.0,SEDANG,DKI1 Bunderan HI,PM25,DKI1,Bundaran HI,2023,7,11,28,1
89,202307,2023-07-12,2023-07-12,vi-SU,,57.0,89.0,40.0,12.0,25.0,32.0,SEDANG,DKI1 Bunderan HI,PM25,DKI1,Bundaran HI,2023,7,12,28,2
92,202307,2023-07-13,2023-07-13,vi-SU,,63.0,92.0,40.0,12.0,36.0,33.0,SEDANG,DKI1 Bunderan HI,PM25,DKI1,Bundaran HI,2023,7,13,28,3
90,202307,2023-07-14,2023-07-14,vi-SU,,59.0,90.0,39.0,12.0,36.0,35.0,SEDANG,DKI1 Bunderan HI,PM25,DKI1,Bundaran HI,2023,7,14,28,4
82,202307,2023-07-15,2023-07-15,vi-SU,,56.0,82.0,40.0,11.0,21.0,28.0,SEDANG,DKI1 Bunderan HI,PM25,DKI1,Bundaran HI,2023,7,15,28,5
82,202307,2023-07-16,2023-07-16,vi-SU,,55.0,82.0,41.0,11.0,21.0,25.0,SEDANG,DKI1 Bunderan HI,PM25,DKI1,Bundaran HI,2023,7,16,28,6
76,202307,2023-07-17,2023-07-17,vi-SU,,52.0,76.0,38.0,12.0,24.0,22.0,SEDANG,DKI1 Bunderan HI,PM25,DKI1,Bundaran HI,2023,7,17,29,0
87,202307,2023-07-18,2023-07-18,vi-SU,,60.0,87.0,40.0,11.0,21.0,24.0,SEDANG,DKI1 Bunderan HI,PM25,DKI1,Bundaran HI,2023,7,18,29,1
84,202307,2023-07-19,2023-07-19,vi-SU,,56.0,84.0,39.0,11.0,23.0,22.0,SEDANG,DKI1 Bunderan HI,PM25,DKI1,Bundaran HI,2023,7,19,29,2
80,202307,2023-07-20,2023-07-20,vi-SU,,52.0,80.0,39.0,14.0,27.0,25.0,SEDANG,DKI1 Bunderan HI,PM25,DKI1,Bundaran HI,2023,7,20,29,3
94,202307,2023-07-21,2023-07-21,vi-SU,,62.0,94.0,41.0,16.0,24.0,38.0,SEDANG,DKI1 Bunderan HI,PM25,DKI1,Bundaran HI,2023,7,21,29,4
114,202307,2023-07-22,2023-07-22,vi-SU,,74.0,114.0,42.0,13.0,30.0,35.0,TIDAK SEHAT,DKI1 Bunderan HI,PM25,DKI1,Bundaran HI,2023,7,22,29,5
84,202307,2023-07-23,2023-07-23,vi-SU,,58.0,84.0,41.0,12.0,23.0,25.0,SEDANG,DKI1 Bunderan HI,PM25,DKI1,Bundaran HI,2023,7,23,29,6
77,202307,2023-07-24,2023-07-24,vi-SU,,57.0,77.0,38.0,11.0,33.0,23.0,SEDANG,DKI1 Bunderan HI,PM25,DKI1,Bundaran HI,2023,7,24,30,0
97,202307,2023-07-25,2023-07-25,vi-SU,,63.0,97.0,42.0,11.0,36.0,34.0,SEDANG,DKI1 Bunderan HI,PM25,DKI1,Bundaran HI,2023,7,25,30,1
92,202307,2023-07-26,2023-07-26,vi-SU,,63.0,92.0,38.0,11.0,25.0,33.0,SEDANG,DKI1 Bunderan HI,PM25,DKI1,Bundaran HI,2023,7,26,30,2
109,202307,2023-07-27,2023-07-27,vi-SU,,71.0,109.0,41.0,13.0,26.0,43.0,TIDAK SEHAT,DKI1 Bunderan HI,PM25,DKI1,Bundaran HI,2023,7,27,30,3
94,202307,2023-07-28,2023-07-28,vi-SU,,67.0,94.0,44.0,11.0,24.0,32.0,SEDANG,DKI1 Bunderan HI,PM25,DKI1,Bundaran HI,2023,7,28,30,4
93,202307,2023-07-29,2023-07-29,vi-SU,,63.0,93.0,42.0,11.0,27.0,27.0,SEDANG,DKI1 Bunderan HI,PM25,DKI1,Bundaran HI,2023,7,29,30,5
93,202307,2023-07-30,2023-07-30,vi-SU,,62.0,93.0,42.0,11.0,32.0,20.0,SEDANG,DKI1 Bunderan HI,PM25,DKI1,Bundaran HI,2023,7,30,30,6
83,202307,2023-07-31,2023-07-31,vi-SU,,60.0,83.0,39.0,12.0,26.0,20.0,SEDANG,DKI1 Bunderan HI,PM25,DKI1,Bundaran HI,2023,7,31,31,0
76,202307,2023-07-01,2023-07-01,vi-SU,,62.0,76.0,51.0,11.0,34.0,26.0,SEDANG,DKI2 Kelapa Gading,PM25,DKI2,Kelapa Gading,2023,7,1,26,5
79,202307,2023-07-02,2023-07-02,vi-SU,,64.0,79.0,51.0,13.0,36.0,30.0,SEDANG,DKI2 Kelapa Gading,PM25,DKI2,Kelapa Gading,2023,7,2,26,6
78,202307,2023-07-03,2023-07-03,vi-SU,,61.0,78.0,51.0,8.0,34.0,19.0,SEDANG,DKI2 Kelapa Gading,PM25,DKI2,Kelapa Gading,2023,7,3,27,0
73,202307,2023-07-04,2023-07-04,vi-SU,,58.0,73.0,50.0,9.0,36.0,22.0,SEDANG,DKI2 Kelapa Gading,PM25,DKI2,Kelapa Gading,2023,7,4,27,1
105,202307,2023-07-05,2023-07-05,vi-SU,,82.0,105.0,55.0,12.0,37.0,26.0,TIDAK SEHAT,DKI2 Kelapa Gading,PM25,DKI2,Kelapa Gading,2023,7,5,27,2
87,202307,2023-07-06,2023-07-06,vi-SU,,73.0,87.0,51.0,13.0,28.0,36.0,SEDANG,DKI2 Kelapa Gading,PM25,DKI2,Kelapa Gading,2023,7,6,27,3
86,202307,2023-07-07,2023-07-07,vi-SU,,69.0,86.0,57.0,12.0,22.0,38.0,SEDANG,DKI2 Kelapa Gading,PM25,DKI2,Kelapa Gading,2023,7,7,27,4
70,202307,2023-07-08,2023-07-08,vi-SU,,60.0,70.0,53.0,15.0,23.0,33.0,SEDANG,DKI2 Kelapa Gading,PM25,DKI2,Kelapa Gading,2023,7,8,27,5
69,202307,2023-07-09,2023-07-09,vi-SU,,60.0,69.0,53.0,12.0,21.0,23.0,SEDANG,DKI2 Kelapa Gading,PM25,DKI2,Kelapa Gading,2023,7,9,27,6
67,202307,2023-07-10,2023-07-10,vi-SU,,54.0,67.0,52.0,6.0,27.0,16.0,SEDANG,DKI2 Kelapa Gading,PM25,DKI2,Kelapa Gading,2023,7,10,28,0
83,202307,2023-07-11,2023-07-11,vi-SU,,69.0,83.0,58.0,9.0,23.0,22.0,SEDANG,DKI2 Kelapa Gading,PM25,DKI2,Kelapa Gading,2023,7,11,28,1
91,202307,2023-07-12,2023-07-12,vi-SU,,70.0,91.0,53.0,9.0,43.0,23.0,SEDANG,DKI2 Kelapa Gading,PM25,DKI2,Kelapa Gading,2023,7,12,28,2
91,202307,2023-07-13,2023-07-13,vi-SU,,75.0,91.0,55.0,10.0,41.0,28.0,SEDANG,DKI2 Kelapa Gading,PM25,DKI2,Kelapa Gading,2023,7,13,28,3
84,202307,2023-07-14,2023-07-14,vi-SU,,68.0,84.0,51.0,9.0,50.0,22.0,SEDANG,DKI2 Kelapa Gading,PM25,DKI2,Kelapa Gading,2023,7,14,28,4
79,202307,2023-07-15,2023-07-15,vi-SU,,67.0,79.0,52.0,10.0,38.0,26.0,SEDANG,DKI2 Kelapa Gading,PM25,DKI2,Kelapa Gading,2023,7,15,28,5
76,202307,2023-07-16,2023-07-16,vi-SU,,63.0,76.0,53.0,8.0,33.0,19.0,SEDANG,DKI2 Kelapa Gading,PM25,DKI2,Kelapa Gading,2023,7,16,28,6
69,202307,2023-07-17,2023-07-17,vi-SU,,57.0,69.0,52.0,8.0,31.0,19.0,SEDANG,DKI2 Kelapa Gading,PM25,DKI2,Kelapa Gading,2023,7,17,29,0
86,202308,2023-08-05,2023-08-05,vi-SU,,73.0,86.0,54.0,7.0,34.0,18.0,SEDANG,DKI2 Kelapa Gading,PM25,DKI2,Kelapa Gading,2023,8,5,31,5
89,202308,2023-08-06,2023-08-06,vi-SU,,70.0,89.0,54.0,9.0,37.0,20.0,SEDANG,DKI2 Kelapa Gading,PM25,DKI2,Kelapa Gading,2023,8,6,31,6
97,202308,2023-08-07,2023-08-07,vi-SU,,77.0,97.0,53.0,9.0,42.0,19.0,SEDANG,DKI2 Kelapa Gading,PM25,DKI2,Kelapa Gading,2023,8,7,32,0
82,202308,2023-08-08,2023-08-08,vi-SU,,74.0,82.0,55.0,7.0,29.0,22.0,SEDANG,DKI2 Kelapa Gading,PM25,DKI2,Kelapa Gading,2023,8,8,32,1
72,202308,2023-08-09,2023-08-09,vi-SU,,66.0,72.0,53.0,5.0,33.0,14.0,SEDANG,DKI2 Kelapa Gading,PM25,DKI2,Kelapa Gading,2023,8,9,32,2
82,202308,2023-08-10,2023-08-10,vi-SU,,68.0,82.0,54.0,6.0,39.0,18.0,SEDANG,DKI2 Kelapa Gading,PM25,DKI2,Kelapa Gading,2023,8,10,32,3
89,202308,2023-08-11,2023-08-11,vi-SU,,75.0,89.0,54.0,6.0,44.0,18.0,SEDANG,DKI2 Kelapa Gading,PM25,DKI2,Kelapa Gading,2023,8,11,32,4
81,202308,2023-08-12,2023-08-12,vi-SU,,71.0,81.0,54.0,6.0,39.0,16.0,SEDANG,DKI2 Kelapa Gading,PM25,DKI2,Kelapa Gading,2023,8,12,32,5
78,202308,2023-08-13,2023-08-13,vi-SU,,67.0,78.0,55.0,7.0,36.0,17.0,SEDANG,DKI2 Kelapa Gading,PM25,DKI2,Kelapa Gading,2023,8,13,32,6
84,202308,2023-08-14,2023-08-14,vi-SU,,70.0,84.0,58.0,7.0,40.0,18.0,SEDANG,DKI2 Kelapa Gading,PM25,DKI2,Kelapa Gading,2023,8,14,33,0
90,202308,2023-08-15,2023-08-15,vi-SU,,76.0,90.0,59.0,8.0,37.0,22.0,SEDANG,DKI2 Kelapa Gading,PM25,DKI2,Kelapa Gading,2023,8,15,33,1
91,202308,2023-08-16,2023-08-16,vi-SU,,69.0,91.0,56.0,8.0,44.0,21.0,SEDANG,DKI2 Kelapa Gading,PM25,DKI2,Kelapa Gading,2023,8,16,33,2
82,202308,2023-08-17,2023-08-17,vi-SU,,75.0,82.0,54.0,8.0,30.0,24.0,SEDANG,DKI2 Kelapa Gading,PM25,DKI2,Kelapa Gading,2023,8,17,33,3
59,202308,2023-08-18,2023-08-18,vi-SU,,52.0,59.0,52.0,6.0,37.0,17.0,SEDANG,DKI2 Kelapa Gading,PM25,DKI2,Kelapa Gading,2023,8,18,33,4
75,202308,2023-08-19,2023-08-19,vi-SU,,61.0,75.0,52.0,6.0,39.0,17.0,SEDANG,DKI2 Kelapa Gading,PM25,DKI2,Kelapa Gading,2023,8,19,33,5
75,202308,2023-08-20,2023-08-20,vi-SU,,63.0,75.0,53.0,5.0,38.0,13.0,SEDANG,DKI2 Kelapa Gading,PM25,DKI2,Kelapa Gading,2023,8,20,33,6
77,202308,2023-08-21,2023-08-21,vi-SU,,65.0,77.0,53.0,6.0,37.0,15.0,SEDANG,DKI2 Kelapa Gading,PM25,DKI2,Kelapa Gading,2023,8,21,34,0
77,202308,2023-08-22,2023-08-22,vi-SU,,61.0,77.0,54.0,7.0,36.0,20.0,SEDANG,DKI2 Kelapa Gading,PM25,DKI2,Kelapa Gading,2023,8,22,34,1
90,202308,2023-08-23,2023-08-23,vi-SU,,73.0,90.0,53.0,10.0,44.0,26.0,SEDANG,DKI2 Kelapa Gading,PM25,DKI2,Kelapa Gading,2023,8,23,34,2
93,202308,2023-08-24,2023-08-24,vi-SU,,71.0,93.0,54.0,6.0,38.0,17.0,SEDANG,DKI2 Kelapa Gading,PM25,DKI2,Kelapa Gading,2023,8,24,34,3
93,202308,2023-08-25,2023-08-25,vi-SU,,73.0,93.0,55.0,7.0,44.0,21.0,SEDANG,DKI2 Kelapa Gading,PM25,DKI2,Kelapa Gading,2023,8,25,34,4
75,202308,2023-08-26,2023-08-26,vi-SU,,66.0,75.0,52.0,4.0,43.0,11.0,SEDANG,DKI2 Kelapa Gading,PM25,DKI2,Kelapa Gading,2023,8,26,34,5
89,202308,2023-08-27,2023-08-27,vi-SU,,68.0,89.0,53.0,6.0,45.0,15.0,SEDANG,DKI2 Kelapa Gading,PM25,DKI2,Kelapa Gading,2023,8,27,34,6
87,202308,2023-08-28,2023-08-28,vi-SU,,74.0,87.0,53.0,10.0,29.0,26.0,SEDANG,DKI2 Kelapa Gading,PM25,DKI2,Kelapa Gading,2023,8,28,35,0
91,202308,2023-08-29,2023-08-29,vi-SU,,73.0,91.0,56.0,7.0,33.0,24.0,SEDANG,DKI2 Kelapa Gading,PM25,DKI2,Kelapa Gading,2023,8,29,35,1
97,202308,2023-08-30,2023-08-30,vi-SU,,75.0,97.0,57.0,7.0,45.0,22.0,SEDANG,DKI2 Kelapa Gading,PM25,DKI2,Kelapa Gading,2023,8,30,35,2
105,202308,2023-08-31,2023-08-31,vi-SU,,76.0,105.0,42.0,10.0,49.0,27.0,TIDAK SEHAT,DKI2 Kelapa Gading,PM25,DKI2,Kelapa Gading,2023,8,31,35,3
73,202308,2023-08-01,2023-08-01,vi-SU,,64.0,73.0,55.0,10.0,21.0,14.0,SEDANG,DKI3 Jagakarsa,PM25,DKI3,Jagakarsa,2023,8,1,31,1
75,202308,2023-08-02,2023-08-02,vi-SU,,64.0,75.0,54.0,9.0,22.0,12.0,SEDANG,DKI3 Jagakarsa,PM25,DKI3,Jagakarsa,2023,8,2,31,2
82,202308,2023-08-03,2023-08-03,vi-SU,,70.0,82.0,53.0,7.0,22.0,12.0,SEDANG,DKI3 Jagakarsa,PM25,DKI3,Jagakarsa,2023,8,3,31,3
83,202308,2023-08-04,2023-08-04,vi-SU,,70.0,83.0,53.0,8.0,21.0,11.0,SEDANG,DKI3 Jagakarsa,PM25,DKI3,Jagakarsa,2023,8,4,31,4
77,202308,2023-08-05,2023-08-05,vi-SU,,66.0,77.0,53.0,6.0,26.0,10.0,SEDANG,DKI3 Jagakarsa,PM25,DKI3,Jagakarsa,2023,8,5,31,5
78,202308,2023-08-06,2023-08-06,vi-SU,,69.0,78.0,53.0,5.0,24.0,10.0,SEDANG,DKI3 Jagakarsa,PM25,DKI3,Jagakarsa,2023,8,6,31,6
113,202308,2023-08-07,2023-08-07,vi-SU,,88.0,113.0,53.0,6.0,30.0,16.0,TIDAK SEHAT,DKI3 Jagakarsa,PM25,DKI3,Jagakarsa,2023,8,7,32,0
89,202308,2023-08-08,2023-08-08,vi-SU,,76.0,89.0,53.0,6.0,24.0,14.0,SEDANG,DKI3 Jagakarsa,PM25,DKI3,Jagakarsa,2023,8,8,32,1
72,202308,2023-08-09,2023-08-09,vi-SU,,64.0,72.0,53.0,8.0,27.0,9.0,SEDANG,DKI3 Jagakarsa,PM25,DKI3,Jagakarsa,2023,8,9,32,2
76,202308,2023-08-10,2023-08-10,vi-SU,,66.0,76.0,53.0,8.0,31.0,9.0,SEDANG,DKI3 Jagakarsa,PM25,DKI3,Jagakarsa,2023,8,10,32,3
89,202308,2023-08-11,2023-08-11,vi-SU,,74.0,89.0,53.0,9.0,29.0,14.0,SEDANG,DKI3 Jagakarsa,PM25,DKI3,Jagakarsa,2023,8,11,32,4
96,202308,2023-08-12,2023-08-12,vi-SU,,77.0,96.0,53.0,8.0,27.0,14.0,SEDANG,DKI3 Jagakarsa,PM25,DKI3,Jagakarsa,2023,8,12,32,5
84,202308,2023-08-13,2023-08-13,vi-SU,,69.0,84.0,53.0,8.0,25.0,11.0,SEDANG,DKI3 Jagakarsa,PM25,DKI3,Jagakarsa,2023,8,13,32,6
74,202308,2023-08-14,2023-08-14,vi-SU,,60.0,74.0,53.0,8.0,28.0,8.0,SEDANG,DKI3 Jagakarsa,PM25,DKI3,Jagakarsa,2023,8,14,33,0
90,202308,2023-08-15,2023-08-15,vi-SU,,75.0,90.0,54.0,9.0,27.0,16.0,SEDANG,DKI3 Jagakarsa,PM25,DKI3,Jagakarsa,2023,8,15,33,1
82,202308,2023-08-16,2023-08-16,vi-SU,,69.0,82.0,54.0,9.0,31.0,11.0,SEDANG,DKI3 Jagakarsa,PM25,DKI3,Jagakarsa,2023,8,16,33,2
76,202308,2023-08-17,2023-08-17,vi-SU,,66.0,76.0,54.0,7.0,23.0,13.0,SEDANG,DKI3 Jagakarsa,PM25,DKI3,Jagakarsa,2023,8,17,33,3
59,202308,2023-08-18,2023-08-18,vi-SU,,54.0,59.0,53.0,7.0,22.0,6.0,SEDANG,DKI3 Jagakarsa,PM25,DKI3,Jagakarsa,2023,8,18,33,4
77,202308,2023-08-19,2023-08-19,vi-SU,,64.0,77.0,53.0,7.0,28.0,13.0,SEDANG,DKI3 Jagakarsa,PM25,DKI3,Jagakarsa,2023,8,19,33,5
82,202308,2023-08-20,2023-08-20,vi-SU,,68.0,82.0,53.0,6.0,26.0,9.0,SEDANG,DKI3 Jagakarsa,PM25,DKI3,Jagakarsa,2023,8,20,33,6
78,202308,2023-08-21,2023-08-21,vi-SU,,65.0,78.0,53.0,6.0,24.0,10.0,SEDANG,DKI3 Jagakarsa,PM25,DKI3,Jagakarsa,2023,8,21,34,0
93,202307,2023-07-18,2023-07-18,vi-SU,,74.0,93.0,55.0,8.0,28.0,21.0,SEDANG,DKI2 Kelapa Gading,PM25,DKI2,Kelapa Gading,2023,7,18,29,1
83,202307,2023-07-19,2023-07-19,vi-SU,,69.0,83.0,55.0,8.0,29.0,23.0,SEDANG,DKI2 Kelapa Gading,PM25,DKI2,Kelapa Gading,2023,7,19,29,2
76,202307,2023-07-20,2023-07-20,vi-SU,,62.0,76.0,54.0,9.0,38.0,24.0,SEDANG,DKI2 Kelapa Gading,PM25,DKI2,Kelapa Gading,2023,7,20,29,3
78,202307,2023-07-21,2023-07-21,vi-SU,,67.0,78.0,54.0,10.0,37.0,31.0,SEDANG,DKI2 Kelapa Gading,PM25,DKI2,Kelapa Gading,2023,7,21,29,4
99,202307,2023-07-22,2023-07-22,vi-SU,,80.0,99.0,55.0,10.0,39.0,27.0,SEDANG,DKI2 Kelapa Gading,PM25,DKI2,Kelapa Gading,2023,7,22,29,5
75,202307,2023-07-23,2023-07-23,vi-SU,,64.0,75.0,54.0,6.0,33.0,17.0,SEDANG,DKI2 Kelapa Gading,PM25,DKI2,Kelapa Gading,2023,7,23,29,6
77,202307,2023-07-24,2023-07-24,vi-SU,,67.0,77.0,55.0,6.0,37.0,18.0,SEDANG,DKI2 Kelapa Gading,PM25,DKI2,Kelapa Gading,2023,7,24,30,0
91,202307,2023-07-25,2023-07-25,vi-SU,,73.0,91.0,56.0,11.0,30.0,38.0,SEDANG,DKI2 Kelapa Gading,PM25,DKI2,Kelapa Gading,2023,7,25,30,1
88,202307,2023-07-26,2023-07-26,vi-SU,,70.0,88.0,57.0,8.0,39.0,24.0,SEDANG,DKI2 Kelapa Gading,PM25,DKI2,Kelapa Gading,2023,7,26,30,2
112,202307,2023-07-27,2023-07-27,vi-SU,,85.0,112.0,55.0,14.0,36.0,33.0,TIDAK SEHAT,DKI2 Kelapa Gading,PM25,DKI2,Kelapa Gading,2023,7,27,30,3
93,202307,2023-07-28,2023-07-28,vi-SU,,81.0,93.0,56.0,10.0,26.0,25.0,SEDANG,DKI2 Kelapa Gading,PM25,DKI2,Kelapa Gading,2023,7,28,30,4
98,202307,2023-07-29,2023-07-29,vi-SU,,79.0,98.0,57.0,9.0,32.0,27.0,SEDANG,DKI2 Kelapa Gading,PM25,DKI2,Kelapa Gading,2023,7,29,30,5
94,202307,2023-07-30,2023-07-30,vi-SU,,78.0,94.0,56.0,8.0,36.0,18.0,SEDANG,DKI2 Kelapa Gading,PM25,DKI2,Kelapa Gading,2023,7,30,30,6
82,202307,2023-07-31,2023-07-31,vi-SU,,71.0,82.0,55.0,8.0,33.0,16.0,SEDANG,DKI2 Kelapa Gading,PM25,DKI2,Kelapa Gading,2023,7,31,31,0
79,202307,2023-07-01,2023-07-01,vi-SU,,61.0,79.0,53.0,9.0,21.0,13.0,SEDANG,DKI3 Jagakarsa,PM25,DKI3,Jagakarsa,2023,7,1,26,5
79,202307,2023-07-02,2023-07-02,vi-SU,,62.0,79.0,52.0,10.0,24.0,11.0,SEDANG,DKI3 Jagakarsa,PM25,DKI3,Jagakarsa,2023,7,2,26,6
75,202307,2023-07-03,2023-07-03,vi-SU,,57.0,75.0,53.0,8.0,29.0,12.0,SEDANG,DKI3 Jagakarsa,PM25,DKI3,Jagakarsa,2023,7,3,27,0
73,202307,2023-07-04,2023-07-04,vi-SU,,62.0,73.0,52.0,9.0,25.0,13.0,SEDANG,DKI3 Jagakarsa,PM25,DKI3,Jagakarsa,2023,7,4,27,1
107,202307,2023-07-06,2023-07-06,vi-SU,,76.0,107.0,52.0,12.0,28.0,16.0,TIDAK SEHAT,DKI3 Jagakarsa,PM25,DKI3,Jagakarsa,2023,7,6,27,3
97,202307,2023-07-07,2023-07-07,vi-SU,,78.0,97.0,53.0,6.0,21.0,13.0,SEDANG,DKI3 Jagakarsa,PM25,DKI3,Jagakarsa,2023,7,7,27,4
66,202307,2023-07-08,2023-07-08,vi-SU,,59.0,66.0,52.0,10.0,19.0,17.0,SEDANG,DKI3 Jagakarsa,PM25,DKI3,Jagakarsa,2023,7,8,27,5
57,202307,2023-07-09,2023-07-09,vi-SU,,47.0,57.0,52.0,9.0,15.0,13.0,SEDANG,DKI3 Jagakarsa,PM25,DKI3,Jagakarsa,2023,7,9,27,6
67,202307,2023-07-10,2023-07-10,vi-SU,,54.0,67.0,53.0,5.0,20.0,10.0,SEDANG,DKI3 Jagakarsa,PM25,DKI3,Jagakarsa,2023,7,10,28,0
81,202307,2023-07-11,2023-07-11,vi-SU,,65.0,81.0,54.0,10.0,22.0,16.0,SEDANG,DKI3 Jagakarsa,PM25,DKI3,Jagakarsa,2023,7,11,28,1
88,202307,2023-07-12,2023-07-12,vi-SU,,67.0,88.0,53.0,9.0,27.0,14.0,SEDANG,DKI3 Jagakarsa,PM25,DKI3,Jagakarsa,2023,7,12,28,2
79,202307,2023-07-13,2023-07-13,vi-SU,,65.0,79.0,52.0,5.0,37.0,10.0,SEDANG,DKI3 Jagakarsa,PM25,DKI3,Jagakarsa,2023,7,13,28,3
78,202307,2023-07-14,2023-07-14,vi-SU,,65.0,78.0,53.0,7.0,30.0,11.0,SEDANG,DKI3 Jagakarsa,PM25,DKI3,Jagakarsa,2023,7,14,28,4
63,202307,2023-07-15,2023-07-15,vi-SU,,54.0,63.0,53.0,6.0,25.0,9.0,SEDANG,DKI3 Jagakarsa,PM25,DKI3,Jagakarsa,2023,7,15,28,5
65,202307,2023-07-16,2023-07-16,vi-SU,,56.0,65.0,53.0,6.0,22.0,9.0,SEDANG,DKI3 Jagakarsa,PM25,DKI3,Jagakarsa,2023,7,16,28,6
68,202307,2023-07-17,2023-07-17,vi-SU,,53.0,68.0,53.0,6.0,30.0,9.0,SEDANG,DKI3 Jagakarsa,PM25,DKI3,Jagakarsa,2023,7,17,29,0
85,202307,2023-07-18,2023-07-18,vi-SU,,70.0,85.0,54.0,7.0,26.0,12.0,SEDANG,DKI3 Jagakarsa,PM25,DKI3,Jagakarsa,2023,7,18,29,1
77,202307,2023-07-19,2023-07-19,vi-SU,,64.0,77.0,53.0,6.0,26.0,10.0,SEDANG,DKI3 Jagakarsa,PM25,DKI3,Jagakarsa,2023,7,19,29,2
91,202307,2023-07-21,2023-07-21,vi-SU,,72.0,91.0,54.0,10.0,32.0,16.0,SEDANG,DKI3 Jagakarsa,PM25,DKI3,Jagakarsa,2023,7,21,29,4
108,202307,2023-07-22,2023-07-22,vi-SU,,86.0,108.0,54.0,10.0,36.0,13.0,TIDAK SEHAT,DKI3 Jagakarsa,PM25,DKI3,Jagakarsa,2023,7,22,29,5
85,202307,2023-07-23,2023-07-23,vi-SU,,72.0,85.0,53.0,8.0,24.0,15.0,SEDANG,DKI3 Jagakarsa,PM25,DKI3,Jagakarsa,2023,7,23,29,6
84,202307,2023-07-24,2023-07-24,vi-SU,,72.0,84.0,53.0,7.0,27.0,10.0,SEDANG,DKI3 Jagakarsa,PM25,DKI3,Jagakarsa,2023,7,24,30,0
96,202307,2023-07-25,2023-07-25,vi-SU,,76.0,96.0,54.0,5.0,23.0,15.0,SEDANG,DKI3 Jagakarsa,PM25,DKI3,Jagakarsa,2023,7,25,30,1
83,202307,2023-07-26,2023-07-26,vi-SU,,75.0,83.0,53.0,7.0,25.0,13.0,SEDANG,DKI3 Jagakarsa,PM25,DKI3,Jagakarsa,2023,7,26,30,2
100,202307,2023-07-27,2023-07-27,vi-SU,,84.0,100.0,53.0,7.0,28.0,21.0,SEDANG,DKI3 Jagakarsa,PM25,DKI3,Jagakarsa,2023,7,27,30,3
95,202307,2023-07-28,2023-07-28,vi-SU,,82.0,95.0,53.0,6.0,31.0,18.0,SEDANG,DKI3 Jagakarsa,PM25,DKI3,Jagakarsa,2023,7,28,30,4
65,202307,2023-07-29,2023-07-29,vi-SU,,65.0,42.0,53.0,7.0,27.0,13.0,SEDANG,DKI3 Jagakarsa,PM10,DKI3,Jagakarsa,2023,7,29,30,5
71,202307,2023-07-30,2023-07-30,vi-SU,,71.0,42.0,53.0,8.0,28.0,12.0,SEDANG,DKI3 Jagakarsa,PM10,DKI3,Jagakarsa,2023,7,30,30,6
63,202307,2023-07-31,2023-07-31,vi-SU,,63.0,39.0,18.0,16.0,27.0,24.0,SEDANG,DKI3 Jagakarsa,PM10,DKI3,Jagakarsa,2023,7,31,31,0
98,202307,2023-07-01,2023-07-01,vi-SU,,,98.0,38.0,27.0,17.0,18.0,SEDANG,DKI4 Lubang Buaya,PM25,DKI4,Lubang Buaya,2023,7,1,26,5
79,202307,2023-07-02,2023-07-02,vi-SU,,,79.0,37.0,27.0,18.0,14.0,SEDANG,DKI4 Lubang Buaya,PM25,DKI4,Lubang Buaya,2023,7,2,26,6
97,202307,2023-07-03,2023-07-03,vi-SU,,,97.0,39.0,21.0,23.0,13.0,SEDANG,DKI4 Lubang Buaya,PM25,DKI4,Lubang Buaya,2023,7,3,27,0
88,202307,2023-07-04,2023-07-04,vi-SU,,,88.0,39.0,22.0,23.0,17.0,SEDANG,DKI4 Lubang Buaya,PM25,DKI4,Lubang Buaya,2023,7,4,27,1
119,202307,2023-07-05,2023-07-05,vi-SU,,,119.0,39.0,31.0,22.0,16.0,TIDAK SEHAT,DKI4 Lubang Buaya,PM25,DKI4,Lubang Buaya,2023,7,5,27,2
113,202307,2023-07-06,2023-07-06,vi-SU,,,113.0,38.0,,12.0,24.0,TIDAK SEHAT,DKI4 Lubang Buaya,PM25,DKI4,Lubang Buaya,2023,7,6,27,3
107,202307,2023-07-07,2023-07-07,vi-SU,,,107.0,39.0,,12.0,21.0,TIDAK SEHAT,DKI4 Lubang Buaya,PM25,DKI4,Lubang Buaya,2023,7,7,27,4
98,202307,2023-07-08,2023-07-08,vi-SU,,,98.0,39.0,,15.0,18.0,SEDANG,DKI4 Lubang Buaya,PM25,DKI4,Lubang Buaya,2023,7,8,27,5
92,202307,2023-07-09,2023-07-09,vi-SU,,,92.0,38.0,30.0,13.0,11.0,SEDANG,DKI4 Lubang Buaya,PM25,DKI4,Lubang Buaya,2023,7,9,27,6
84,202307,2023-07-10,2023-07-10,vi-SU,,,84.0,39.0,18.0,16.0,12.0,SEDANG,DKI4 Lubang Buaya,PM25,DKI4,Lubang Buaya,2023,7,10,28,0
151,202307,2023-07-11,2023-07-11,vi-SU,,,,40.0,29.0,14.0,18.0,TIDAK SEHAT,DKI4 Lubang Buaya,PM25,DKI4,Lubang Buaya,2023,7,11,28,1
136,202307,2023-07-12,2023-07-12,vi-SU,,,136.0,40.0,29.0,20.0,15.0,TIDAK SEHAT,DKI4 Lubang Buaya,PM25,DKI4,Lubang Buaya,2023,7,12,28,2
120,202307,2023-07-13,2023-07-13,vi-SU,,,120.0,42.0,23.0,29.0,21.0,TIDAK SEHAT,DKI4 Lubang Buaya,PM25,DKI4,Lubang Buaya,2023,7,13,28,3
104,202307,2023-07-14,2023-07-14,vi-SU,,,104.0,42.0,21.0,32.0,21.0,TIDAK SEHAT,DKI4 Lubang Buaya,PM25,DKI4,Lubang Buaya,2023,7,14,28,4
90,202307,2023-07-15,2023-07-15,vi-SU,,,90.0,42.0,20.0,23.0,19.0,SEDANG,DKI4 Lubang Buaya,PM25,DKI4,Lubang Buaya,2023,7,15,28,5
101,202307,2023-07-16,2023-07-16,vi-SU,,,101.0,41.0,21.0,23.0,17.0,TIDAK SEHAT,DKI4 Lubang Buaya,PM25,DKI4,Lubang Buaya,2023,7,16,28,6
97,202307,2023-07-17,2023-07-17,vi-SU,,,97.0,41.0,19.0,24.0,16.0,SEDANG,DKI4 Lubang Buaya,PM25,DKI4,Lubang Buaya,2023,7,17,29,0
114,202307,2023-07-18,2023-07-18,vi-SU,,,114.0,,21.0,23.0,16.0,TIDAK SEHAT,DKI4 Lubang Buaya,PM25,DKI4,Lubang Buaya,2023,7,18,29,1
130,202307,2023-07-19,2023-07-19,vi-SU,,,130.0,,22.0,22.0,15.0,TIDAK SEHAT,DKI4 Lubang Buaya,PM25,DKI4,Lubang Buaya,2023,7,19,29,2
110,202307,2023-07-20,2023-07-20,vi-SU,,,110.0,,21.0,30.0,15.0,TIDAK SEHAT,DKI4 Lubang Buaya,PM25,DKI4,Lubang Buaya,2023,7,20,29,3
112,202307,2023-07-21,2023-07-21,vi-SU,,,112.0,28.0,24.0,32.0,20.0,TIDAK SEHAT,DKI4 Lubang Buaya,PM25,DKI4,Lubang Buaya,2023,7,21,29,4
125,202307,2023-07-22,2023-07-22,vi-SU,,,125.0,29.0,24.0,33.0,20.0,TIDAK SEHAT,DKI4 Lubang Buaya,PM25,DKI4,Lubang Buaya,2023,7,22,29,5
146,202307,2023-07-23,2023-07-23,vi-SU,,,,27.0,23.0,22.0,13.0,TIDAK SEHAT,DKI4 Lubang Buaya,PM25,DKI4,Lubang Buaya,2023,7,23,29,6
104,202307,2023-07-24,2023-07-24,vi-SU,,,104.0,25.0,19.0,22.0,12.0,TIDAK SEHAT,DKI4 Lubang Buaya,PM25,DKI4,Lubang Buaya,2023,7,24,30,0
117,202307,2023-07-25,2023-07-25,vi-SU,,,117.0,26.0,27.0,19.0,19.0,TIDAK SEHAT,DKI4 Lubang Buaya,PM25,DKI4,Lubang Buaya,2023,7,25,30,1
124,202307,2023-07-26,2023-07-26,vi-SU,,,124.0,26.0,24.0,28.0,18.0,TIDAK SEHAT,DKI4 Lubang Buaya,PM25,DKI4,Lubang Buaya,2023,7,26,30,2
129,202307,2023-07-27,2023-07-27,vi-SU,,,129.0,26.0,,25.0,24.0,TIDAK SEHAT,DKI4 Lubang Buaya,PM25,DKI4,Lubang Buaya,2023,7,27,30,3
129,202307,2023-07-28,2023-07-28,vi-SU,,,129.0,28.0,31.0,23.0,21.0,TIDAK SEHAT,DKI4 Lubang Buaya,PM25,DKI4,Lubang Buaya,2023,7,28,30,4
117,202307,2023-07-29,2023-07-29,vi-SU,,,117.0,27.0,21.0,26.0,17.0,TIDAK SEHAT,DKI4 Lubang Buaya,PM25,DKI4,Lubang Buaya,2023,7,29,30,5
129,202307,2023-07-30,2023-07-30,vi-SU,,,129.0,27.0,22.0,26.0,13.0,TIDAK SEHAT,DKI4 Lubang Buaya,PM25,DKI4,Lubang Buaya,2023,7,30,30,6
115,202307,2023-07-31,2023-07-31,vi-SU,,,115.0,26.0,18.0,24.0,14.0,TIDAK SEHAT,DKI4 Lubang Buaya,PM25,DKI4,Lubang Buaya,2023,7,31,31,0
61,202307,2023-07-01,2023-07-01,vi-SU,,54.0,,19.0,18.0,,18.0,SEDANG,DKI5 Kebon Jeruk,O3,DKI5,Kebon Jeruk,2023,7,1,26,5
56,202307,2023-07-02,2023-07-02,vi-SU,,44.0,,20.0,18.0,56.0,20.0,SEDANG,DKI5 Kebon Jeruk,O3,DKI5,Kebon Jeruk,2023,7,2,26,6
68,202307,2023-07-03,2023-07-03,vi-SU,,47.0,,20.0,16.0,,17.0,SEDANG,DKI5 Kebon Jeruk,O3,DKI5,Kebon Jeruk,2023,7,3,27,0
60,202307,2023-07-04,2023-07-04,vi-SU,,51.0,,20.0,15.0,60.0,17.0,SEDANG,DKI5 Kebon Jeruk,O3,DKI5,Kebon Jeruk,2023,7,4,27,1
56,202307,2023-07-05,2023-07-05,vi-SU,,52.0,,23.0,17.0,56.0,20.0,SEDANG,DKI5 Kebon Jeruk,O3,DKI5,Kebon Jeruk,2023,7,5,27,2
67,202307,2023-07-06,2023-07-06,vi-SU,,50.0,,21.0,18.0,,22.0,SEDANG,DKI5 Kebon Jeruk,O3,DKI5,Kebon Jeruk,2023,7,6,27,3
63,202307,2023-07-07,2023-07-07,vi-SU,,57.0,,21.0,19.0,,23.0,SEDANG,DKI5 Kebon Jeruk,O3,DKI5,Kebon Jeruk,2023,7,7,27,4
58,202307,2023-07-08,2023-07-08,vi-SU,,47.0,,21.0,22.0,58.0,25.0,SEDANG,DKI5 Kebon Jeruk,O3,DKI5,Kebon Jeruk,2023,7,8,27,5
56,202307,2023-07-09,2023-07-09,vi-SU,,45.0,,21.0,20.0,56.0,21.0,SEDANG,DKI5 Kebon Jeruk,O3,DKI5,Kebon Jeruk,2023,7,9,27,6
48,202307,2023-07-10,2023-07-10,vi-SU,,30.0,,23.0,13.0,48.0,13.0,BAIK,DKI5 Kebon Jeruk,O3,DKI5,Kebon Jeruk,2023,7,10,28,0
48,202307,2023-07-11,2023-07-11,vi-SU,,42.0,,23.0,18.0,48.0,19.0,BAIK,DKI5 Kebon Jeruk,O3,DKI5,Kebon Jeruk,2023,7,11,28,1
73,202307,2023-07-13,2023-07-13,vi-SU,,40.0,,21.0,15.0,,14.0,SEDANG,DKI5 Kebon Jeruk,O3,DKI5,Kebon Jeruk,2023,7,13,28,3
65,202307,2023-07-14,2023-07-14,vi-SU,,44.0,,22.0,16.0,,14.0,SEDANG,DKI5 Kebon Jeruk,O3,DKI5,Kebon Jeruk,2023,7,14,28,4
54,202307,2023-07-15,2023-07-15,vi-SU,,42.0,,22.0,15.0,54.0,16.0,SEDANG,DKI5 Kebon Jeruk,O3,DKI5,Kebon Jeruk,2023,7,15,28,5
53,202307,2023-07-16,2023-07-16,vi-SU,,30.0,,22.0,15.0,53.0,15.0,SEDANG,DKI5 Kebon Jeruk,O3,DKI5,Kebon Jeruk,2023,7,16,28,6
56,202307,2023-07-17,2023-07-17,vi-SU,,47.0,,22.0,15.0,56.0,15.0,SEDANG,DKI5 Kebon Jeruk,O3,DKI5,Kebon Jeruk,2023,7,17,29,0
55,202307,2023-07-18,2023-07-18,vi-SU,,55.0,,25.0,16.0,45.0,18.0,SEDANG,DKI5 Kebon Jeruk,PM10,DKI5,Kebon Jeruk,2023,7,18,29,1
62,202307,2023-07-19,2023-07-19,vi-SU,,62.0,,24.0,17.0,38.0,18.0,SEDANG,DKI5 Kebon Jeruk,PM10,DKI5,Kebon Jeruk,2023,7,19,29,2
51,202307,2023-07-20,2023-07-20,vi-SU,,51.0,,25.0,18.0,44.0,18.0,SEDANG,DKI5 Kebon Jeruk,PM10,DKI5,Kebon Jeruk,2023,7,20,29,3
56,202307,2023-07-21,2023-07-21,vi-SU,,56.0,,26.0,19.0,42.0,25.0,SEDANG,DKI5 Kebon Jeruk,PM10,DKI5,Kebon Jeruk,2023,7,21,29,4
67,202307,2023-07-22,2023-07-22,vi-SU,,67.0,,25.0,20.0,,22.0,SEDANG,DKI5 Kebon Jeruk,PM10,DKI5,Kebon Jeruk,2023,7,22,29,5
47,202307,2023-07-23,2023-07-23,vi-SU,,47.0,,26.0,18.0,43.0,19.0,BAIK,DKI5 Kebon Jeruk,PM10,DKI5,Kebon Jeruk,2023,7,23,29,6
74,202307,2023-07-24,2023-07-24,vi-SU,,47.0,,21.0,15.0,,14.0,SEDANG,DKI5 Kebon Jeruk,O3,DKI5,Kebon Jeruk,2023,7,24,30,0
59,202307,2023-07-25,2023-07-25,vi-SU,,57.0,,26.0,18.0,59.0,21.0,SEDANG,DKI5 Kebon Jeruk,O3,DKI5,Kebon Jeruk,2023,7,25,30,1
63,202307,2023-07-26,2023-07-26,vi-SU,,58.0,,23.0,17.0,,19.0,SEDANG,DKI5 Kebon Jeruk,O3,DKI5,Kebon Jeruk,2023,7,26,30,2
61,202307,2023-07-27,2023-07-27,vi-SU,,59.0,,24.0,20.0,,28.0,SEDANG,DKI5 Kebon Jeruk,O3,DKI5,Kebon Jeruk,2023,7,27,30,3
54,202307,2023-07-28,2023-07-28,vi-SU,,54.0,,26.0,22.0,48.0,24.0,SEDANG,DKI5 Kebon Jeruk,PM10,DKI5,Kebon Jeruk,2023,7,28,30,4
50,202307,2023-07-29,2023-07-29,vi-SU,,41.0,,26.0,17.0,50.0,18.0,BAIK,DKI5 Kebon Jeruk,O3,DKI5,Kebon Jeruk,2023,7,29,30,5
53,202307,2023-07-30,2023-07-30,vi-SU,,44.0,,26.0,16.0,53.0,15.0,SEDANG,DKI5 Kebon Jeruk,O3,DKI5,Kebon Jeruk,2023,7,30,30,6
43,202307,2023-07-31,2023-07-31,vi-SU,,43.0,,25.0,16.0,43.0,15.0,BAIK,DKI5 Kebon Jeruk,PM10,DKI5,Kebon Jeruk,2023,7,31,31,0
79,202308,2023-08-01,2023-08-01,vi-SU,,56.0,79.0,41.0,10.0,19.0,24.0,SEDANG,DKI1 Bunderan HI,PM25,DKI1,Bundaran HI,2023,8,1,31,1
74,202308,2023-08-02,2023-08-02,vi-SU,,51.0,74.0,42.0,9.0,22.0,24.0,SEDANG,DKI1 Bunderan HI,PM25,DKI1,Bundaran HI,2023,8,2,31,2
82,202308,2023-08-03,2023-08-03,vi-SU,,60.0,82.0,40.0,9.0,32.0,29.0,SEDANG,DKI1 Bunderan HI,PM25,DKI1,Bundaran HI,2023,8,3,31,3
91,202308,2023-08-04,2023-08-04,vi-SU,,62.0,91.0,38.0,11.0,39.0,24.0,SEDANG,DKI1 Bunderan HI,PM25,DKI1,Bundaran HI,2023,8,4,31,4
91,202308,2023-08-05,2023-08-05,vi-SU,,57.0,91.0,39.0,8.0,33.0,22.0,SEDANG,DKI1 Bunderan HI,PM25,DKI1,Bundaran HI,2023,8,5,31,5
97,202308,2023-08-06,2023-08-06,vi-SU,,58.0,97.0,39.0,11.0,30.0,22.0,SEDANG,DKI1 Bunderan HI,PM25,DKI1,Bundaran HI,2023,8,6,31,6
114,202308,2023-08-07,2023-08-07,vi-SU,,72.0,114.0,40.0,13.0,28.0,39.0,TIDAK SEHAT,DKI1 Bunderan HI,PM25,DKI1,Bundaran HI,2023,8,7,32,0
90,202308,2023-08-08,2023-08-08,vi-SU,,67.0,90.0,41.0,10.0,19.0,29.0,SEDANG,DKI1 Bunderan HI,PM25,DKI1,Bundaran HI,2023,8,8,32,1
79,202308,2023-08-09,2023-08-09,vi-SU,,58.0,79.0,39.0,9.0,24.0,24.0,SEDANG,DKI1 Bunderan HI,PM25,DKI1,Bundaran HI,2023,8,9,32,2
87,202308,2023-08-10,2023-08-10,vi-SU,,58.0,87.0,41.0,10.0,27.0,31.0,SEDANG,DKI1 Bunderan HI,PM25,DKI1,Bundaran HI,2023,8,10,32,3
96,202308,2023-08-11,2023-08-11,vi-SU,,66.0,96.0,40.0,10.0,29.0,29.0,SEDANG,DKI1 Bunderan HI,PM25,DKI1,Bundaran HI,2023,8,11,32,4
98,202308,2023-08-12,2023-08-12,vi-SU,,66.0,98.0,42.0,12.0,28.0,28.0,SEDANG,DKI1 Bunderan HI,PM25,DKI1,Bundaran HI,2023,8,12,32,5
87,202308,2023-08-13,2023-08-13,vi-SU,,59.0,87.0,43.0,12.0,27.0,24.0,SEDANG,DKI1 Bunderan HI,PM25,DKI1,Bundaran HI,2023,8,13,32,6
82,202308,2023-08-14,2023-08-14,vi-SU,,56.0,82.0,42.0,12.0,30.0,25.0,SEDANG,DKI1 Bunderan HI,PM25,DKI1,Bundaran HI,2023,8,14,33,0
90,202308,2023-08-15,2023-08-15,vi-SU,,61.0,90.0,46.0,11.0,26.0,33.0,SEDANG,DKI1 Bunderan HI,PM25,DKI1,Bundaran HI,2023,8,15,33,1
93,202308,2023-08-16,2023-08-16,vi-SU,,63.0,93.0,42.0,12.0,28.0,35.0,SEDANG,DKI1 Bunderan HI,PM25,DKI1,Bundaran HI,2023,8,16,33,2
87,202308,2023-08-17,2023-08-17,vi-SU,,61.0,87.0,42.0,11.0,21.0,29.0,SEDANG,DKI1 Bunderan HI,PM25,DKI1,Bundaran HI,2023,8,17,33,3
67,202308,2023-08-18,2023-08-18,vi-SU,,46.0,67.0,40.0,12.0,24.0,22.0,SEDANG,DKI1 Bunderan HI,PM25,DKI1,Bundaran HI,2023,8,18,33,4
84,202308,2023-08-19,2023-08-19,vi-SU,,56.0,84.0,41.0,12.0,28.0,28.0,SEDANG,DKI1 Bunderan HI,PM25,DKI1,Bundaran HI,2023,8,19,33,5
86,202308,2023-08-20,2023-08-20,vi-SU,,59.0,86.0,42.0,13.0,30.0,20.0,SEDANG,DKI1 Bunderan HI,PM25,DKI1,Bundaran HI,2023,8,20,33,6
82,202308,2023-08-21,2023-08-21,vi-SU,,57.0,82.0,40.0,13.0,28.0,21.0,SEDANG,DKI1 Bunderan HI,PM25,DKI1,Bundaran HI,2023,8,21,34,0
88,202308,2023-08-22,2023-08-22,vi-SU,,59.0,88.0,42.0,14.0,25.0,30.0,SEDANG,DKI1 Bunderan HI,PM25,DKI1,Bundaran HI,2023,8,22,34,1
96,202308,2023-08-23,2023-08-23,vi-SU,,64.0,96.0,41.0,14.0,29.0,37.0,SEDANG,DKI1 Bunderan HI,PM25,DKI1,Bundaran HI,2023,8,23,34,2
89,202308,2023-08-24,2023-08-24,vi-SU,,64.0,89.0,45.0,12.0,26.0,27.0,SEDANG,DKI1 Bunderan HI,PM25,DKI1,Bundaran HI,2023,8,24,34,3
90,202308,2023-08-25,2023-08-25,vi-SU,,60.0,90.0,45.0,13.0,40.0,35.0,SEDANG,DKI1 Bunderan HI,PM25,DKI1,Bundaran HI,2023,8,25,34,4
84,202308,2023-08-26,2023-08-26,vi-SU,,77.0,84.0,42.0,8.0,30.0,23.0,SEDANG,DKI1 Bunderan HI,PM25,DKI1,Bundaran HI,2023,8,26,34,5
94,202308,2023-08-27,2023-08-27,vi-SU,,64.0,94.0,40.0,12.0,42.0,23.0,SEDANG,DKI1 Bunderan HI,PM25,DKI1,Bundaran HI,2023,8,27,34,6
85,202308,2023-08-28,2023-08-28,vi-SU,,62.0,85.0,41.0,13.0,28.0,30.0,SEDANG,DKI1 Bunderan HI,PM25,DKI1,Bundaran HI,2023,8,28,35,0
90,202308,2023-08-29,2023-08-29,vi-SU,,63.0,90.0,45.0,14.0,23.0,30.0,SEDANG,DKI1 Bunderan HI,PM25,DKI1,Bundaran HI,2023,8,29,35,1
90,202308,2023-08-30,2023-08-30,vi-SU,,64.0,90.0,44.0,13.0,32.0,32.0,SEDANG,DKI1 Bunderan HI,PM25,DKI1,Bundaran HI,2023,8,30,35,2
104,202308,2023-08-31,2023-08-31,vi-SU,,68.0,104.0,44.0,13.0,39.0,34.0,TIDAK SEHAT,DKI1 Bunderan HI,PM25,DKI1,Bundaran HI,2023,8,31,35,3
79,202308,2023-08-01,2023-08-01,vi-SU,,67.0,79.0,57.0,7.0,27.0,22.0,SEDANG,DKI2 Kelapa Gading,PM25,DKI2,Kelapa Gading,2023,8,1,31,1
77,202308,2023-08-02,2023-08-02,vi-SU,,66.0,77.0,56.0,7.0,24.0,23.0,SEDANG,DKI2 Kelapa Gading,PM25,DKI2,Kelapa Gading,2023,8,2,31,2
79,202308,2023-08-03,2023-08-03,vi-SU,,68.0,79.0,54.0,7.0,32.0,20.0,SEDANG,DKI2 Kelapa Gading,PM25,DKI2,Kelapa Gading,2023,8,3,31,3
90,202308,2023-08-04,2023-08-04,vi-SU,,74.0,90.0,54.0,7.0,40.0,18.0,SEDANG,DKI2 Kelapa Gading,PM25,DKI2,Kelapa Gading,2023,8,4,31,4
81,202306,2023-06-08,2023-06-08,vi-SU,,54.0,81.0,44.0,11.0,21.0,22.0,SEDANG,DKI1 Bunderan HI,PM25,DKI1,Bundaran HI,2023,6,8,23,3
75,202306,2023-06-09,2023-06-09,vi-SU,,56.0,75.0,43.0,13.0,15.0,23.0,SEDANG,DKI1 Bunderan HI,PM25,DKI1,Bundaran HI,2023,6,9,23,4
74,202306,2023-06-10,2023-06-10,vi-SU,,48.0,74.0,38.0,11.0,31.0,25.0,SEDANG,DKI1 Bunderan HI,PM25,DKI1,Bundaran HI,2023,6,10,23,5
92,202306,2023-06-11,2023-06-11,vi-SU,,63.0,92.0,42.0,11.0,32.0,23.0,SEDANG,DKI1 Bunderan HI,PM25,DKI1,Bundaran HI,2023,6,11,23,6
89,202306,2023-06-12,2023-06-12,vi-SU,,60.0,89.0,38.0,12.0,23.0,24.0,SEDANG,DKI1 Bunderan HI,PM25,DKI1,Bundaran HI,2023,6,12,24,0
80,202306,2023-06-13,2023-06-13,vi-SU,,57.0,80.0,44.0,10.0,19.0,26.0,SEDANG,DKI1 Bunderan HI,PM25,DKI1,Bundaran HI,2023,6,13,24,1
81,202306,2023-06-14,2023-06-14,vi-SU,,56.0,81.0,39.0,11.0,24.0,26.0,SEDANG,DKI1 Bunderan HI,PM25,DKI1,Bundaran HI,2023,6,14,24,2
92,202306,2023-06-15,2023-06-15,vi-SU,,60.0,92.0,40.0,11.0,20.0,32.0,SEDANG,DKI1 Bunderan HI,PM25,DKI1,Bundaran HI,2023,6,15,24,3
75,202306,2023-06-16,2023-06-16,vi-SU,,56.0,75.0,36.0,11.0,28.0,25.0,SEDANG,DKI1 Bunderan HI,PM25,DKI1,Bundaran HI,2023,6,16,24,4
85,202306,2023-06-17,2023-06-17,vi-SU,,57.0,85.0,46.0,13.0,23.0,28.0,SEDANG,DKI1 Bunderan HI,PM25,DKI1,Bundaran HI,2023,6,17,24,5
87,202306,2023-06-18,2023-06-18,vi-SU,,58.0,87.0,44.0,10.0,21.0,27.0,SEDANG,DKI1 Bunderan HI,PM25,DKI1,Bundaran HI,2023,6,18,24,6
64,202306,2023-06-19,2023-06-19,vi-SU,,42.0,64.0,36.0,11.0,31.0,25.0,SEDANG,DKI1 Bunderan HI,PM25,DKI1,Bundaran HI,2023,6,19,25,0
75,202306,2023-06-20,2023-06-20,vi-SU,,56.0,75.0,41.0,14.0,25.0,28.0,SEDANG,DKI1 Bunderan HI,PM25,DKI1,Bundaran HI,2023,6,20,25,1
87,202306,2023-06-21,2023-06-21,vi-SU,,55.0,87.0,41.0,10.0,36.0,26.0,SEDANG,DKI1 Bunderan HI,PM25,DKI1,Bundaran HI,2023,6,21,25,2
98,202306,2023-06-22,2023-06-22,vi-SU,,63.0,98.0,37.0,13.0,33.0,35.0,SEDANG,DKI1 Bunderan HI,PM25,DKI1,Bundaran HI,2023,6,22,25,3
78,202306,2023-06-23,2023-06-23,vi-SU,,55.0,78.0,39.0,10.0,28.0,24.0,SEDANG,DKI1 Bunderan HI,PM25,DKI1,Bundaran HI,2023,6,23,25,4
74,202306,2023-06-24,2023-06-24,vi-SU,,51.0,74.0,37.0,10.0,34.0,29.0,SEDANG,DKI1 Bunderan HI,PM25,DKI1,Bundaran HI,2023,6,24,25,5
83,202306,2023-06-25,2023-06-25,vi-SU,,55.0,83.0,36.0,10.0,39.0,24.0,SEDANG,DKI1 Bunderan HI,PM25,DKI1,Bundaran HI,2023,6,25,25,6
77,202306,2023-06-26,2023-06-26,vi-SU,,54.0,77.0,37.0,12.0,33.0,29.0,SEDANG,DKI1 Bunderan HI,PM25,DKI1,Bundaran HI,2023,6,26,26,0
94,202306,2023-06-27,2023-06-27,vi-SU,,64.0,94.0,42.0,11.0,28.0,30.0,SEDANG,DKI1 Bunderan HI,PM25,DKI1,Bundaran HI,2023,6,27,26,1
67,202306,2023-06-28,2023-06-28,vi-SU,,43.0,67.0,38.0,11.0,25.0,25.0,SEDANG,DKI1 Bunderan HI,PM25,DKI1,Bundaran HI,2023,6,28,26,2
56,202306,2023-06-29,2023-06-29,vi-SU,,36.0,56.0,37.0,9.0,24.0,16.0,SEDANG,DKI1 Bunderan HI,PM25,DKI1,Bundaran HI,2023,6,29,26,3
65,202306,2023-06-30,2023-06-30,vi-SU,,38.0,65.0,36.0,10.0,28.0,18.0,SEDANG,DKI1 Bunderan HI,PM25,DKI1,Bundaran HI,2023,6,30,26,4
94,202306,2023-06-01,2023-06-01,vi-SU,,72.0,94.0,53.0,10.0,40.0,25.0,SEDANG,DKI2 Kelapa Gading,PM25,DKI2,Kelapa Gading,2023,6,1,22,3
95,202306,2023-06-02,2023-06-02,vi-SU,,74.0,95.0,53.0,8.0,33.0,18.0,SEDANG,DKI2 Kelapa Gading,PM25,DKI2,Kelapa Gading,2023,6,2,22,4
87,202306,2023-06-03,2023-06-03,vi-SU,,69.0,87.0,55.0,7.0,33.0,17.0,SEDANG,DKI2 Kelapa Gading,PM25,DKI2,Kelapa Gading,2023,6,3,22,5
87,202306,2023-06-04,2023-06-04,vi-SU,,67.0,87.0,51.0,8.0,36.0,16.0,SEDANG,DKI2 Kelapa Gading,PM25,DKI2,Kelapa Gading,2023,6,4,22,6
79,202306,2023-06-05,2023-06-05,vi-SU,,61.0,79.0,53.0,9.0,34.0,21.0,SEDANG,DKI2 Kelapa Gading,PM25,DKI2,Kelapa Gading,2023,6,5,23,0
83,202306,2023-06-06,2023-06-06,vi-SU,,65.0,83.0,53.0,11.0,30.0,27.0,SEDANG,DKI2 Kelapa Gading,PM25,DKI2,Kelapa Gading,2023,6,6,23,1
86,202306,2023-06-07,2023-06-07,vi-SU,,69.0,86.0,56.0,17.0,23.0,35.0,SEDANG,DKI2 Kelapa Gading,PM25,DKI2,Kelapa Gading,2023,6,7,23,2
87,202306,2023-06-08,2023-06-08,vi-SU,,68.0,87.0,53.0,8.0,26.0,20.0,SEDANG,DKI2 Kelapa Gading,PM25,DKI2,Kelapa Gading,2023,6,8,23,3
82,202306,2023-06-09,2023-06-09,vi-SU,,69.0,82.0,54.0,8.0,21.0,20.0,SEDANG,DKI2 Kelapa Gading,PM25,DKI2,Kelapa Gading,2023,6,9,23,4
83,202306,2023-06-10,2023-06-10,vi-SU,,58.0,83.0,52.0,8.0,38.0,18.0,SEDANG,DKI2 Kelapa Gading,PM25,DKI2,Kelapa Gading,2023,6,10,23,5
98,202306,2023-06-11,2023-06-11,vi-SU,,70.0,98.0,55.0,8.0,34.0,18.0,SEDANG,DKI2 Kelapa Gading,PM25,DKI2,Kelapa Gading,2023,6,11,23,6
92,202306,2023-06-12,2023-06-12,vi-SU,,65.0,92.0,51.0,9.0,35.0,19.0,SEDANG,DKI2 Kelapa Gading,PM25,DKI2,Kelapa Gading,2023,6,12,24,0
84,202306,2023-06-13,2023-06-13,vi-SU,,66.0,84.0,55.0,7.0,28.0,18.0,SEDANG,DKI2 Kelapa Gading,PM25,DKI2,Kelapa Gading,2023,6,13,24,1
84,202306,2023-06-14,2023-06-14,vi-SU,,65.0,84.0,51.0,7.0,36.0,17.0,SEDANG,DKI2 Kelapa Gading,PM25,DKI2,Kelapa Gading,2023,6,14,24,2
97,202306,2023-06-15,2023-06-15,vi-SU,,70.0,97.0,57.0,11.0,28.0,30.0,SEDANG,DKI2 Kelapa Gading,PM25,DKI2,Kelapa Gading,2023,6,15,24,3
83,202306,2023-06-16,2023-06-16,vi-SU,,,83.0,52.0,8.0,28.0,23.0,SEDANG,DKI2 Kelapa Gading,PM25,DKI2,Kelapa Gading,2023,6,16,24,4
73,202306,2023-06-17,2023-06-17,vi-SU,,59.0,73.0,52.0,14.0,21.0,31.0,SEDANG,DKI2 Kelapa Gading,PM25,DKI2,Kelapa Gading,2023,6,17,24,5
93,202306,2023-06-18,2023-06-18,vi-SU,,76.0,93.0,63.0,14.0,23.0,31.0,SEDANG,DKI2 Kelapa Gading,PM25,DKI2,Kelapa Gading,2023,6,18,24,6
67,202306,2023-06-19,2023-06-19,vi-SU,,59.0,67.0,51.0,9.0,28.0,20.0,SEDANG,DKI2 Kelapa Gading,PM25,DKI2,Kelapa Gading,2023,6,19,25,0
72,202306,2023-06-20,2023-06-20,vi-SU,,61.0,72.0,53.0,16.0,20.0,28.0,SEDANG,DKI2 Kelapa Gading,PM25,DKI2,Kelapa Gading,2023,6,20,25,1
88,202306,2023-06-21,2023-06-21,vi-SU,,65.0,88.0,54.0,7.0,34.0,22.0,SEDANG,DKI2 Kelapa Gading,PM25,DKI2,Kelapa Gading,2023,6,21,25,2
92,202306,2023-06-22,2023-06-22,vi-SU,,73.0,92.0,52.0,10.0,35.0,25.0,SEDANG,DKI2 Kelapa Gading,PM25,DKI2,Kelapa Gading,2023,6,22,25,3
86,202306,2023-06-23,2023-06-23,vi-SU,,67.0,86.0,54.0,8.0,27.0,18.0,SEDANG,DKI2 Kelapa Gading,PM25,DKI2,Kelapa Gading,2023,6,23,25,4
75,202306,2023-06-24,2023-06-24,vi-SU,,59.0,75.0,52.0,7.0,38.0,20.0,SEDANG,DKI2 Kelapa Gading,PM25,DKI2,Kelapa Gading,2023,6,24,25,5
80,202306,2023-06-25,2023-06-25,vi-SU,,61.0,80.0,50.0,8.0,37.0,19.0,SEDANG,DKI2 Kelapa Gading,PM25,DKI2,Kelapa Gading,2023,6,25,25,6
74,202306,2023-06-26,2023-06-26,vi-SU,,59.0,74.0,51.0,10.0,33.0,25.0,SEDANG,DKI2 Kelapa Gading,PM25,DKI2,Kelapa Gading,2023,6,26,26,0
96,202306,2023-06-27,2023-06-27,vi-SU,,75.0,96.0,55.0,10.0,38.0,30.0,SEDANG,DKI2 Kelapa Gading,PM25,DKI2,Kelapa Gading,2023,6,27,26,1
67,202306,2023-06-28,2023-06-28,vi-SU,,56.0,67.0,54.0,8.0,26.0,24.0,SEDANG,DKI2 Kelapa Gading,PM25,DKI2,Kelapa Gading,2023,6,28,26,2
55,202306,2023-06-29,2023-06-29,vi-SU,,40.0,55.0,51.0,5.0,33.0,14.0,SEDANG,DKI2 Kelapa Gading,PM25,DKI2,Kelapa Gading,2023,6,29,26,3
62,202306,2023-06-30,2023-06-30,vi-SU,,48.0,62.0,52.0,6.0,32.0,15.0,SEDANG,DKI2 Kelapa Gading,PM25,DKI2,Kelapa Gading,2023,6,30,26,4
74,202306,2023-06-01,2023-06-01,vi-SU,,59.0,74.0,51.0,7.0,30.0,12.0,SEDANG,DKI3 Jagakarsa,PM25,DKI3,Jagakarsa,2023,6,1,22,3
99,202306,2023-06-02,2023-06-02,vi-SU,,74.0,99.0,51.0,8.0,24.0,14.0,SEDANG,DKI3 Jagakarsa,PM25,DKI3,Jagakarsa,2023,6,2,22,4
101,202306,2023-06-03,2023-06-03,vi-SU,,75.0,101.0,51.0,4.0,29.0,13.0,TIDAK SEHAT,DKI3 Jagakarsa,PM25,DKI3,Jagakarsa,2023,6,3,22,5
80,202306,2023-06-04,2023-06-04,vi-SU,,64.0,80.0,50.0,3.0,26.0,10.0,SEDANG,DKI3 Jagakarsa,PM25,DKI3,Jagakarsa,2023,6,4,22,6
72,202306,2023-06-05,2023-06-05,vi-SU,,58.0,72.0,51.0,4.0,26.0,13.0,SEDANG,DKI3 Jagakarsa,PM25,DKI3,Jagakarsa,2023,6,5,23,0
65,202306,2023-06-06,2023-06-06,vi-SU,,57.0,65.0,50.0,4.0,23.0,11.0,SEDANG,DKI3 Jagakarsa,PM25,DKI3,Jagakarsa,2023,6,6,23,1
64,202306,2023-06-07,2023-06-07,vi-SU,,52.0,64.0,50.0,6.0,21.0,14.0,SEDANG,DKI3 Jagakarsa,PM25,DKI3,Jagakarsa,2023,6,7,23,2
77,202306,2023-06-08,2023-06-08,vi-SU,,62.0,77.0,51.0,4.0,22.0,14.0,SEDANG,DKI3 Jagakarsa,PM25,DKI3,Jagakarsa,2023,6,8,23,3
84,202306,2023-06-09,2023-06-09,vi-SU,,65.0,84.0,51.0,4.0,21.0,21.0,SEDANG,DKI3 Jagakarsa,PM25,DKI3,Jagakarsa,2023,6,9,23,4
72,202306,2023-06-10,2023-06-10,vi-SU,,57.0,72.0,50.0,3.0,23.0,10.0,SEDANG,DKI3 Jagakarsa,PM25,DKI3,Jagakarsa,2023,6,10,23,5
97,202306,2023-06-11,2023-06-11,vi-SU,,73.0,97.0,51.0,5.0,28.0,15.0,SEDANG,DKI3 Jagakarsa,PM25,DKI3,Jagakarsa,2023,6,11,23,6
62,202306,2023-06-12,2023-06-12,vi-SU,,62.0,,51.0,5.0,24.0,12.0,SEDANG,DKI3 Jagakarsa,PM10,DKI3,Jagakarsa,2023,6,12,24,0
82,202306,2023-06-13,2023-06-13,vi-SU,,64.0,82.0,52.0,7.0,23.0,14.0,SEDANG,DKI3 Jagakarsa,PM25,DKI3,Jagakarsa,2023,6,13,24,1
86,202306,2023-06-14,2023-06-14,vi-SU,,68.0,86.0,52.0,7.0,25.0,12.0,SEDANG,DKI3 Jagakarsa,PM25,DKI3,Jagakarsa,2023,6,14,24,2
78,202306,2023-06-15,2023-06-15,vi-SU,,61.0,78.0,52.0,10.0,20.0,18.0,SEDANG,DKI3 Jagakarsa,PM25,DKI3,Jagakarsa,2023,6,15,24,3
87,202306,2023-06-16,2023-06-16,vi-SU,,70.0,87.0,52.0,6.0,16.0,15.0,SEDANG,DKI3 Jagakarsa,PM25,DKI3,Jagakarsa,2023,6,16,24,4
69,202306,2023-06-17,2023-06-17,vi-SU,,55.0,69.0,52.0,6.0,15.0,16.0,SEDANG,DKI3 Jagakarsa,PM25,DKI3,Jagakarsa,2023,6,17,24,5
97,202306,2023-06-18,2023-06-18,vi-SU,,71.0,97.0,53.0,16.0,20.0,20.0,SEDANG,DKI3 Jagakarsa,PM25,DKI3,Jagakarsa,2023,6,18,24,6
62,202306,2023-06-19,2023-06-19,vi-SU,,52.0,62.0,52.0,8.0,20.0,10.0,SEDANG,DKI3 Jagakarsa,PM25,DKI3,Jagakarsa,2023,6,19,25,0
62,202306,2023-06-20,2023-06-20,vi-SU,,53.0,62.0,53.0,18.0,16.0,23.0,SEDANG,DKI3 Jagakarsa,PM25,DKI3,Jagakarsa,2023,6,20,25,1
83,202306,2023-06-21,2023-06-21,vi-SU,,63.0,83.0,52.0,11.0,25.0,11.0,SEDANG,DKI3 Jagakarsa,PM25,DKI3,Jagakarsa,2023,6,21,25,2
99,202306,2023-06-22,2023-06-22,vi-SU,,75.0,99.0,53.0,16.0,22.0,14.0,SEDANG,DKI3 Jagakarsa,PM25,DKI3,Jagakarsa,2023,6,22,25,3
76,202306,2023-06-23,2023-06-23,vi-SU,,59.0,76.0,53.0,10.0,24.0,11.0,SEDANG,DKI3 Jagakarsa,PM25,DKI3,Jagakarsa,2023,6,23,25,4
74,202306,2023-06-24,2023-06-24,vi-SU,,62.0,74.0,54.0,11.0,25.0,15.0,SEDANG,DKI3 Jagakarsa,PM25,DKI3,Jagakarsa,2023,6,24,25,5
80,202306,2023-06-25,2023-06-25,vi-SU,,65.0,80.0,53.0,12.0,29.0,14.0,SEDANG,DKI3 Jagakarsa,PM25,DKI3,Jagakarsa,2023,6,25,25,6
64,202306,2023-06-26,2023-06-26,vi-SU,,55.0,64.0,53.0,15.0,25.0,13.0,SEDANG,DKI3 Jagakarsa,PM25,DKI3,Jagakarsa,2023,6,26,26,0
71,202306,2023-06-27,2023-06-27,vi-SU,,58.0,71.0,53.0,11.0,26.0,11.0,SEDANG,DKI3 Jagakarsa,PM25,DKI3,Jagakarsa,2023,6,27,26,1
57,202306,2023-06-28,2023-06-28,vi-SU,,44.0,57.0,53.0,10.0,24.0,13.0,SEDANG,DKI3 Jagakarsa,PM25,DKI3,Jagakarsa,2023,6,28,26,2
52,202306,2023-06-29,2023-06-29,vi-SU,,37.0,37.0,52.0,7.0,22.0,8.0,SEDANG,DKI3 Jagakarsa,SO2,DKI3,Jagakarsa,2023,6,29,26,3
52,202306,2023-06-30,2023-06-30,vi-SU,,41.0,36.0,52.0,6.0,29.0,7.0,SEDANG,DKI3 Jagakarsa,SO2,DKI3,Jagakarsa,2023,6,30,26,4
111,202306,2023-06-01,2023-06-01,vi-SU,,,111.0,39.0,25.0,23.0,21.0,TIDAK SEHAT,DKI4 Lubang Buaya,PM25,DKI4,Lubang Buaya,2023,6,1,22,3
136,202306,2023-06-02,2023-06-02,vi-SU,,,136.0,38.0,25.0,21.0,12.0,TIDAK SEHAT,DKI4 Lubang Buaya,PM25,DKI4,Lubang Buaya,2023,6,2,22,4
116,202306,2023-06-03,2023-06-03,vi-SU,,,116.0,39.0,21.0,21.0,15.0,TIDAK SEHAT,DKI4 Lubang Buaya,PM25,DKI4,Lubang Buaya,2023,6,3,22,5
117,202306,2023-06-04,2023-06-04,vi-SU,,,117.0,38.0,24.0,21.0,13.0,TIDAK SEHAT,DKI4 Lubang Buaya,PM25,DKI4,Lubang Buaya,2023,6,4,22,6
105,202306,2023-06-05,2023-06-05,vi-SU,,,105.0,40.0,22.0,22.0,13.0,TIDAK SEHAT,DKI4 Lubang Buaya,PM25,DKI4,Lubang Buaya,2023,6,5,23,0
105,202306,2023-06-06,2023-06-06,vi-SU,,,105.0,37.0,25.0,14.0,13.0,TIDAK SEHAT,DKI4 Lubang Buaya,PM25,DKI4,Lubang Buaya,2023,6,6,23,1
102,202306,2023-06-07,2023-06-07,vi-SU,,,102.0,37.0,29.0,18.0,16.0,TIDAK SEHAT,DKI4 Lubang Buaya,PM25,DKI4,Lubang Buaya,2023,6,7,23,2
118,202306,2023-06-08,2023-06-08,vi-SU,,,118.0,39.0,22.0,15.0,17.0,TIDAK SEHAT,DKI4 Lubang Buaya,PM25,DKI4,Lubang Buaya,2023,6,8,23,3
115,202306,2023-06-09,2023-06-09,vi-SU,,,115.0,38.0,24.0,15.0,14.0,TIDAK SEHAT,DKI4 Lubang Buaya,PM25,DKI4,Lubang Buaya,2023,6,9,23,4
106,202306,2023-06-10,2023-06-10,vi-SU,,,106.0,37.0,22.0,18.0,13.0,TIDAK SEHAT,DKI4 Lubang Buaya,PM25,DKI4,Lubang Buaya,2023,6,10,23,5
116,202306,2023-06-11,2023-06-11,vi-SU,,,116.0,39.0,22.0,25.0,14.0,TIDAK SEHAT,DKI4 Lubang Buaya,PM25,DKI4,Lubang Buaya,2023,6,11,23,6
113,202306,2023-06-12,2023-06-12,vi-SU,,,113.0,38.0,20.0,22.0,15.0,TIDAK SEHAT,DKI4 Lubang Buaya,PM25,DKI4,Lubang Buaya,2023,6,12,24,0
101,202309,2023-09-01,2023-09-01,vi-SU,,71.0,101.0,42.0,12.0,35.0,37.0,TIDAK SEHAT,DKI1 Bunderan HI,PM25,DKI1,Bundaran HI,2023,9,1,35,4
108,202309,2023-09-02,2023-09-02,vi-SU,,74.0,108.0,43.0,11.0,34.0,33.0,TIDAK SEHAT,DKI1 Bunderan HI,PM25,DKI1,Bundaran HI,2023,9,2,35,5
93,202309,2023-09-03,2023-09-03,vi-SU,,63.0,93.0,43.0,11.0,42.0,20.0,SEDANG,DKI1 Bunderan HI,PM25,DKI1,Bundaran HI,2023,9,3,35,6
89,202309,2023-09-04,2023-09-04,vi-SU,,62.0,89.0,45.0,11.0,31.0,29.0,SEDANG,DKI1 Bunderan HI,PM25,DKI1,Bundaran HI,2023,9,4,36,0
99,202309,2023-09-05,2023-09-05,vi-SU,,66.0,99.0,46.0,16.0,27.0,36.0,SEDANG,DKI1 Bunderan HI,PM25,DKI1,Bundaran HI,2023,9,5,36,1
93,202309,2023-09-06,2023-09-06,vi-SU,,60.0,93.0,47.0,16.0,32.0,35.0,SEDANG,DKI1 Bunderan HI,PM25,DKI1,Bundaran HI,2023,9,6,36,2
95,202309,2023-09-07,2023-09-07,vi-SU,,62.0,95.0,47.0,15.0,33.0,30.0,SEDANG,DKI1 Bunderan HI,PM25,DKI1,Bundaran HI,2023,9,7,36,3
102,202309,2023-09-08,2023-09-08,vi-SU,,66.0,102.0,49.0,14.0,24.0,34.0,TIDAK SEHAT,DKI1 Bunderan HI,PM25,DKI1,Bundaran HI,2023,9,8,36,4
88,202309,2023-09-09,2023-09-09,vi-SU,,46.0,88.0,54.0,13.0,26.0,27.0,SEDANG,DKI1 Bunderan HI,PM25,DKI1,Bundaran HI,2023,9,9,36,5
82,202309,2023-09-10,2023-09-10,vi-SU,,58.0,82.0,41.0,11.0,29.0,23.0,SEDANG,DKI1 Bunderan HI,PM25,DKI1,Bundaran HI,2023,9,10,36,6
91,202309,2023-09-11,2023-09-11,vi-SU,,62.0,91.0,41.0,10.0,35.0,29.0,SEDANG,DKI1 Bunderan HI,PM25,DKI1,Bundaran HI,2023,9,11,37,0
82,202309,2023-09-12,2023-09-12,vi-SU,,56.0,82.0,41.0,10.0,18.0,24.0,SEDANG,DKI1 Bunderan HI,PM25,DKI1,Bundaran HI,2023,9,12,37,1
86,202309,2023-09-13,2023-09-13,vi-SU,,55.0,86.0,41.0,10.0,31.0,26.0,SEDANG,DKI1 Bunderan HI,PM25,DKI1,Bundaran HI,2023,9,13,37,2
73,202309,2023-09-14,2023-09-14,vi-SU,,55.0,73.0,42.0,9.0,29.0,29.0,SEDANG,DKI1 Bunderan HI,PM25,DKI1,Bundaran HI,2023,9,14,37,3
82,202309,2023-09-15,2023-09-15,vi-SU,,58.0,82.0,44.0,8.0,29.0,27.0,SEDANG,DKI1 Bunderan HI,PM25,DKI1,Bundaran HI,2023,9,15,37,4
88,202309,2023-09-16,2023-09-16,vi-SU,,60.0,88.0,46.0,7.0,33.0,26.0,SEDANG,DKI1 Bunderan HI,PM25,DKI1,Bundaran HI,2023,9,16,37,5
76,202309,2023-09-17,2023-09-17,vi-SU,,57.0,76.0,43.0,6.0,33.0,20.0,SEDANG,DKI1 Bunderan HI,PM25,DKI1,Bundaran HI,2023,9,17,37,6
76,202309,2023-09-18,2023-09-18,vi-SU,,53.0,76.0,42.0,6.0,32.0,20.0,SEDANG,DKI1 Bunderan HI,PM25,DKI1,Bundaran HI,2023,9,18,38,0
88,202309,2023-09-19,2023-09-19,vi-SU,,60.0,88.0,41.0,9.0,33.0,30.0,SEDANG,DKI1 Bunderan HI,PM25,DKI1,Bundaran HI,2023,9,19,38,1
84,202309,2023-09-20,2023-09-20,vi-SU,,62.0,84.0,43.0,8.0,21.0,33.0,SEDANG,DKI1 Bunderan HI,PM25,DKI1,Bundaran HI,2023,9,20,38,2
84,202309,2023-09-21,2023-09-21,vi-SU,,61.0,84.0,44.0,8.0,29.0,32.0,SEDANG,DKI1 Bunderan HI,PM25,DKI1,Bundaran HI,2023,9,21,38,3
87,202309,2023-09-22,2023-09-22,vi-SU,,60.0,87.0,44.0,9.0,29.0,30.0,SEDANG,DKI1 Bunderan HI,PM25,DKI1,Bundaran HI,2023,9,22,38,4
86,202309,2023-09-23,2023-09-23,vi-SU,,57.0,86.0,45.0,8.0,33.0,31.0,SEDANG,DKI1 Bunderan HI,PM25,DKI1,Bundaran HI,2023,9,23,38,5
78,202309,2023-09-24,2023-09-24,vi-SU,,55.0,78.0,44.0,7.0,30.0,23.0,SEDANG,DKI1 Bunderan HI,PM25,DKI1,Bundaran HI,2023,9,24,38,6
84,202309,2023-09-25,2023-09-25,vi-SU,,59.0,84.0,46.0,9.0,35.0,30.0,SEDANG,DKI1 Bunderan HI,PM25,DKI1,Bundaran HI,2023,9,25,39,0
89,202309,2023-09-26,2023-09-26,vi-SU,,58.0,89.0,45.0,8.0,27.0,34.0,SEDANG,DKI1 Bunderan HI,PM25,DKI1,Bundaran HI,2023,9,26,39,1
88,202309,2023-09-27,2023-09-27,vi-SU,,57.0,88.0,46.0,9.0,23.0,33.0,SEDANG,DKI1 Bunderan HI,PM25,DKI1,Bundaran HI,2023,9,27,39,2
99,202309,2023-09-28,2023-09-28,vi-SU,,58.0,99.0,46.0,8.0,29.0,23.0,SEDANG,DKI1 Bunderan HI,PM25,DKI1,Bundaran HI,2023,9,28,39,3
88,202309,2023-09-29,2023-09-29,vi-SU,,58.0,88.0,47.0,8.0,29.0,22.0,SEDANG,DKI1 Bunderan HI,PM25,DKI1,Bundaran HI,2023,9,29,39,4
101,202309,2023-09-01,2023-09-01,vi-SU,,81.0,101.0,32.0,8.0,49.0,26.0,TIDAK SEHAT,DKI2 Kelapa Gading,PM25,DKI2,Kelapa Gading,2023,9,1,35,4
91,202309,2023-09-02,2023-09-02,vi-SU,,77.0,91.0,28.0,7.0,44.0,25.0,SEDANG,DKI2 Kelapa Gading,PM25,DKI2,Kelapa Gading,2023,9,2,35,5
89,202309,2023-09-03,2023-09-03,vi-SU,,71.0,89.0,26.0,5.0,53.0,12.0,SEDANG,DKI2 Kelapa Gading,PM25,DKI2,Kelapa Gading,2023,9,3,35,6
83,202309,2023-09-04,2023-09-04,vi-SU,,66.0,83.0,29.0,6.0,44.0,16.0,SEDANG,DKI2 Kelapa Gading,PM25,DKI2,Kelapa Gading,2023,9,4,36,0
103,202309,2023-09-05,2023-09-05,vi-SU,,77.0,103.0,43.0,9.0,36.0,31.0,TIDAK SEHAT,DKI2 Kelapa Gading,PM25,DKI2,Kelapa Gading,2023,9,5,36,1
88,202309,2023-09-06,2023-09-06,vi-SU,,67.0,88.0,26.0,9.0,40.0,26.0,SEDANG,DKI2 Kelapa Gading,PM25,DKI2,Kelapa Gading,2023,9,6,36,2
96,202309,2023-09-07,2023-09-07,vi-SU,,68.0,96.0,22.0,8.0,40.0,24.0,SEDANG,DKI2 Kelapa Gading,PM25,DKI2,Kelapa Gading,2023,9,7,36,3
97,202309,2023-09-08,2023-09-08,vi-SU,,75.0,97.0,25.0,7.0,37.0,21.0,SEDANG,DKI2 Kelapa Gading,PM25,DKI2,Kelapa Gading,2023,9,8,36,4
91,202309,2023-09-09,2023-09-09,vi-SU,,69.0,91.0,22.0,6.0,41.0,16.0,SEDANG,DKI2 Kelapa Gading,PM25,DKI2,Kelapa Gading,2023,9,9,36,5
89,202309,2023-09-10,2023-09-10,vi-SU,,67.0,89.0,22.0,7.0,41.0,17.0,SEDANG,DKI2 Kelapa Gading,PM25,DKI2,Kelapa Gading,2023,9,10,36,6
86,202309,2023-09-11,2023-09-11,vi-SU,,65.0,86.0,20.0,7.0,45.0,18.0,SEDANG,DKI2 Kelapa Gading,PM25,DKI2,Kelapa Gading,2023,9,11,37,0
90,202309,2023-09-12,2023-09-12,vi-SU,,65.0,90.0,21.0,8.0,25.0,24.0,SEDANG,DKI2 Kelapa Gading,PM25,DKI2,Kelapa Gading,2023,9,12,37,1
84,202309,2023-09-13,2023-09-13,vi-SU,,61.0,84.0,20.0,6.0,37.0,17.0,SEDANG,DKI2 Kelapa Gading,PM25,DKI2,Kelapa Gading,2023,9,13,37,2
77,202309,2023-09-14,2023-09-14,vi-SU,,61.0,77.0,20.0,7.0,37.0,19.0,SEDANG,DKI2 Kelapa Gading,PM25,DKI2,Kelapa Gading,2023,9,14,37,3
86,202309,2023-09-15,2023-09-15,vi-SU,,65.0,86.0,19.0,7.0,37.0,17.0,SEDANG,DKI2 Kelapa Gading,PM25,DKI2,Kelapa Gading,2023,9,15,37,4
90,202309,2023-09-16,2023-09-16,vi-SU,,67.0,90.0,22.0,7.0,40.0,18.0,SEDANG,DKI2 Kelapa Gading,PM25,DKI2,Kelapa Gading,2023,9,16,37,5
79,202309,2023-09-17,2023-09-17,vi-SU,,64.0,79.0,20.0,6.0,39.0,14.0,SEDANG,DKI2 Kelapa Gading,PM25,DKI2,Kelapa Gading,2023,9,17,37,6
71,202309,2023-09-18,2023-09-18,vi-SU,,56.0,71.0,19.0,5.0,44.0,15.0,SEDANG,DKI2 Kelapa Gading,PM25,DKI2,Kelapa Gading,2023,9,18,38,0
80,202309,2023-09-19,2023-09-19,vi-SU,,69.0,80.0,19.0,5.0,42.0,20.0,SEDANG,DKI2 Kelapa Gading,PM25,DKI2,Kelapa Gading,2023,9,19,38,1
85,202309,2023-09-20,2023-09-20,vi-SU,,69.0,85.0,21.0,8.0,28.0,25.0,SEDANG,DKI2 Kelapa Gading,PM25,DKI2,Kelapa Gading,2023,9,20,38,2
83,202309,2023-09-21,2023-09-21,vi-SU,,65.0,83.0,20.0,6.0,37.0,17.0,SEDANG,DKI2 Kelapa Gading,PM25,DKI2,Kelapa Gading,2023,9,21,38,3
87,202309,2023-09-22,2023-09-22,vi-SU,,68.0,87.0,21.0,7.0,40.0,25.0,SEDANG,DKI2 Kelapa Gading,PM25,DKI2,Kelapa Gading,2023,9,22,38,4
83,202309,2023-09-23,2023-09-23,vi-SU,,65.0,83.0,22.0,6.0,37.0,19.0,SEDANG,DKI2 Kelapa Gading,PM25,DKI2,Kelapa Gading,2023,9,23,38,5
75,202309,2023-09-24,2023-09-24,vi-SU,,56.0,75.0,20.0,6.0,42.0,17.0,SEDANG,DKI2 Kelapa Gading,PM25,DKI2,Kelapa Gading,2023,9,24,38,6
105,202309,2023-09-25,2023-09-25,vi-SU,,75.0,105.0,23.0,11.0,48.0,29.0,TIDAK SEHAT,DKI2 Kelapa Gading,PM25,DKI2,Kelapa Gading,2023,9,25,39,0
84,202309,2023-09-26,2023-09-26,vi-SU,,64.0,84.0,20.0,6.0,42.0,21.0,SEDANG,DKI2 Kelapa Gading,PM25,DKI2,Kelapa Gading,2023,9,26,39,1
82,202309,2023-09-27,2023-09-27,vi-SU,,63.0,82.0,20.0,7.0,37.0,23.0,SEDANG,DKI2 Kelapa Gading,PM25,DKI2,Kelapa Gading,2023,9,27,39,2
89,202309,2023-09-28,2023-09-28,vi-SU,,66.0,89.0,21.0,7.0,38.0,19.0,SEDANG,DKI2 Kelapa Gading,PM25,DKI2,Kelapa Gading,2023,9,28,39,3
98,202309,2023-09-29,2023-09-29,vi-SU,,68.0,98.0,23.0,8.0,33.0,22.0,SEDANG,DKI2 Kelapa Gading,PM25,DKI2,Kelapa Gading,2023,9,29,39,4
88,202309,2023-09-01,2023-09-01,vi-SU,,66.0,88.0,54.0,8.0,44.0,12.0,SEDANG,DKI3 Jagakarsa,PM25,DKI3,Jagakarsa,2023,9,1,35,4
91,202309,2023-09-02,2023-09-02,vi-SU,,72.0,91.0,54.0,8.0,31.0,22.0,SEDANG,DKI3 Jagakarsa,PM25,DKI3,Jagakarsa,2023,9,2,35,5
80,202309,2023-09-03,2023-09-03,vi-SU,,59.0,80.0,54.0,8.0,38.0,8.0,SEDANG,DKI3 Jagakarsa,PM25,DKI3,Jagakarsa,2023,9,3,35,6
69,202309,2023-09-04,2023-09-04,vi-SU,,54.0,69.0,54.0,9.0,36.0,6.0,SEDANG,DKI3 Jagakarsa,PM25,DKI3,Jagakarsa,2023,9,4,36,0
82,202309,2023-09-05,2023-09-05,vi-SU,,60.0,82.0,54.0,10.0,33.0,9.0,SEDANG,DKI3 Jagakarsa,PM25,DKI3,Jagakarsa,2023,9,5,36,1
81,202309,2023-09-06,2023-09-06,vi-SU,,60.0,81.0,55.0,10.0,33.0,9.0,SEDANG,DKI3 Jagakarsa,PM25,DKI3,Jagakarsa,2023,9,6,36,2
93,202309,2023-09-07,2023-09-07,vi-SU,,71.0,93.0,55.0,10.0,35.0,15.0,SEDANG,DKI3 Jagakarsa,PM25,DKI3,Jagakarsa,2023,9,7,36,3
87,202309,2023-09-08,2023-09-08,vi-SU,,67.0,87.0,55.0,9.0,32.0,12.0,SEDANG,DKI3 Jagakarsa,PM25,DKI3,Jagakarsa,2023,9,8,36,4
78,202309,2023-09-09,2023-09-09,vi-SU,,61.0,78.0,54.0,6.0,28.0,8.0,SEDANG,DKI3 Jagakarsa,PM25,DKI3,Jagakarsa,2023,9,9,36,5
68,202309,2023-09-10,2023-09-10,vi-SU,,57.0,68.0,54.0,7.0,28.0,6.0,SEDANG,DKI3 Jagakarsa,PM25,DKI3,Jagakarsa,2023,9,10,36,6
72,202309,2023-09-11,2023-09-11,vi-SU,,59.0,72.0,54.0,6.0,30.0,5.0,SEDANG,DKI3 Jagakarsa,PM25,DKI3,Jagakarsa,2023,9,11,37,0
70,202309,2023-09-12,2023-09-12,vi-SU,,57.0,70.0,54.0,7.0,21.0,5.0,SEDANG,DKI3 Jagakarsa,PM25,DKI3,Jagakarsa,2023,9,12,37,1
83,202309,2023-09-13,2023-09-13,vi-SU,,56.0,83.0,54.0,5.0,26.0,6.0,SEDANG,DKI3 Jagakarsa,PM25,DKI3,Jagakarsa,2023,9,13,37,2
68,202309,2023-09-14,2023-09-14,vi-SU,,54.0,68.0,54.0,7.0,29.0,7.0,SEDANG,DKI3 Jagakarsa,PM25,DKI3,Jagakarsa,2023,9,14,37,3
77,202309,2023-09-15,2023-09-15,vi-SU,,58.0,77.0,54.0,8.0,28.0,7.0,SEDANG,DKI3 Jagakarsa,PM25,DKI3,Jagakarsa,2023,9,15,37,4
86,202309,2023-09-16,2023-09-16,vi-SU,,61.0,86.0,54.0,9.0,31.0,9.0,SEDANG,DKI3 Jagakarsa,PM25,DKI3,Jagakarsa,2023,9,16,37,5
74,202309,2023-09-17,2023-09-17,vi-SU,,61.0,74.0,54.0,8.0,28.0,10.0,SEDANG,DKI3 Jagakarsa,PM25,DKI3,Jagakarsa,2023,9,17,37,6
72,202309,2023-09-18,2023-09-18,vi-SU,,54.0,72.0,54.0,8.0,25.0,13.0,SEDANG,DKI3 Jagakarsa,PM25,DKI3,Jagakarsa,2023,9,18,38,0
81,202309,2023-09-19,2023-09-19,vi-SU,,59.0,81.0,54.0,9.0,32.0,13.0,SEDANG,DKI3 Jagakarsa,PM25,DKI3,Jagakarsa,2023,9,19,38,1
80,202309,2023-09-20,2023-09-20,vi-SU,,62.0,80.0,53.0,9.0,29.0,15.0,SEDANG,DKI3 Jagakarsa,PM25,DKI3,Jagakarsa,2023,9,20,38,2
72,202309,2023-09-21,2023-09-21,vi-SU,,59.0,72.0,53.0,9.0,31.0,11.0,SEDANG,DKI3 Jagakarsa,PM25,DKI3,Jagakarsa,2023,9,21,38,3
70,202309,2023-09-22,2023-09-22,vi-SU,,57.0,70.0,54.0,8.0,22.0,11.0,SEDANG,DKI3 Jagakarsa,PM25,DKI3,Jagakarsa,2023,9,22,38,4
70,202309,2023-09-23,2023-09-23,vi-SU,,52.0,70.0,54.0,9.0,34.0,10.0,SEDANG,DKI3 Jagakarsa,PM25,DKI3,Jagakarsa,2023,9,23,38,5
65,202309,2023-09-24,2023-09-24,vi-SU,,54.0,65.0,54.0,9.0,33.0,7.0,SEDANG,DKI3 Jagakarsa,PM25,DKI3,Jagakarsa,2023,9,24,38,6
72,202309,2023-09-25,2023-09-25,vi-SU,,55.0,72.0,54.0,9.0,35.0,6.0,SEDANG,DKI3 Jagakarsa,PM25,DKI3,Jagakarsa,2023,9,25,39,0
66,202309,2023-09-26,2023-09-26,vi-SU,,53.0,66.0,55.0,9.0,30.0,9.0,SEDANG,DKI3 Jagakarsa,PM25,DKI3,Jagakarsa,2023,9,26,39,1
74,202309,2023-09-27,2023-09-27,vi-SU,,59.0,74.0,55.0,10.0,30.0,10.0,SEDANG,DKI3 Jagakarsa,PM25,DKI3,Jagakarsa,2023,9,27,39,2
73,202309,2023-09-28,2023-09-28,vi-SU,,56.0,73.0,54.0,9.0,28.0,8.0,SEDANG,DKI3 Jagakarsa,PM25,DKI3,Jagakarsa,2023,9,28,39,3
62,202309,2023-09-29,2023-09-29,vi-SU,,62.0,47.0,56.0,9.0,24.0,9.0,SEDANG,DKI3 Jagakarsa,PM10,DKI3,Jagakarsa,2023,9,29,39,4
117,202309,2023-09-01,2023-09-01,vi-SU,,,117.0,27.0,24.0,34.0,24.0,TIDAK SEHAT,DKI4 Lubang Buaya,PM25,DKI4,Lubang Buaya,2023,9,1,35,4
112,202309,2023-09-02,2023-09-02,vi-SU,,,112.0,28.0,23.0,33.0,21.0,TIDAK SEHAT,DKI4 Lubang Buaya,PM25,DKI4,Lubang Buaya,2023,9,2,35,5
102,202309,2023-09-03,2023-09-03,vi-SU,,,102.0,26.0,18.0,32.0,17.0,TIDAK SEHAT,DKI4 Lubang Buaya,PM25,DKI4,Lubang Buaya,2023,9,3,35,6
96,202309,2023-09-04,2023-09-04,vi-SU,,,96.0,27.0,18.0,33.0,14.0,SEDANG,DKI4 Lubang Buaya,PM25,DKI4,Lubang Buaya,2023,9,4,36,0
134,202309,2023-09-05,2023-09-05,vi-SU,,,134.0,27.0,28.0,29.0,21.0,TIDAK SEHAT,DKI4 Lubang Buaya,PM25,DKI4,Lubang Buaya,2023,9,5,36,1
104,202309,2023-09-06,2023-09-06,vi-SU,,,104.0,28.0,21.0,29.0,20.0,TIDAK SEHAT,DKI4 Lubang Buaya,PM25,DKI4,Lubang Buaya,2023,9,6,36,2
121,202309,2023-09-07,2023-09-07,vi-SU,,88.0,121.0,27.0,26.0,39.0,22.0,TIDAK SEHAT,DKI4 Lubang Buaya,PM25,DKI4,Lubang Buaya,2023,9,7,36,3
117,202309,2023-09-08,2023-09-08,vi-SU,,89.0,117.0,29.0,22.0,28.0,17.0,TIDAK SEHAT,DKI4 Lubang Buaya,PM25,DKI4,Lubang Buaya,2023,9,8,36,4
111,202309,2023-09-09,2023-09-09,vi-SU,,80.0,111.0,28.0,21.0,29.0,16.0,TIDAK SEHAT,DKI4 Lubang Buaya,PM25,DKI4,Lubang Buaya,2023,9,9,36,5
99,202309,2023-09-10,2023-09-10,vi-SU,,69.0,99.0,27.0,18.0,27.0,15.0,SEDANG,DKI4 Lubang Buaya,PM25,DKI4,Lubang Buaya,2023,9,10,36,6
126,202309,2023-09-11,2023-09-11,vi-SU,,,126.0,27.0,22.0,33.0,18.0,TIDAK SEHAT,DKI4 Lubang Buaya,PM25,DKI4,Lubang Buaya,2023,9,11,37,0
152,202309,2023-09-12,2023-09-12,vi-SU,,81.0,,27.0,19.0,19.0,19.0,TIDAK SEHAT,DKI4 Lubang Buaya,PM25,DKI4,Lubang Buaya,2023,9,12,37,1
107,202309,2023-09-13,2023-09-13,vi-SU,,71.0,107.0,28.0,17.0,23.0,15.0,TIDAK SEHAT,DKI4 Lubang Buaya,PM25,DKI4,Lubang Buaya,2023,9,13,37,2
93,202309,2023-09-14,2023-09-14,vi-SU,,62.0,93.0,27.0,16.0,24.0,13.0,SEDANG,DKI4 Lubang Buaya,PM25,DKI4,Lubang Buaya,2023,9,14,37,3
108,202309,2023-09-15,2023-09-15,vi-SU,,70.0,108.0,27.0,21.0,29.0,18.0,TIDAK SEHAT,DKI4 Lubang Buaya,PM25,DKI4,Lubang Buaya,2023,9,15,37,4
113,202309,2023-09-16,2023-09-16,vi-SU,,76.0,113.0,28.0,20.0,26.0,18.0,TIDAK SEHAT,DKI4 Lubang Buaya,PM25,DKI4,Lubang Buaya,2023,9,16,37,5
110,202309,2023-09-17,2023-09-17,vi-SU,,77.0,110.0,27.0,19.0,25.0,15.0,TIDAK SEHAT,DKI4 Lubang Buaya,PM25,DKI4,Lubang Buaya,2023,9,17,37,6
86,202309,2023-09-18,2023-09-18,vi-SU,,59.0,86.0,28.0,16.0,28.0,12.0,SEDANG,DKI4 Lubang Buaya,PM25,DKI4,Lubang Buaya,2023,9,18,38,0
109,202309,2023-09-19,2023-09-19,vi-SU,,77.0,109.0,28.0,24.0,40.0,21.0,TIDAK SEHAT,DKI4 Lubang Buaya,PM25,DKI4,Lubang Buaya,2023,9,19,38,1
98,202309,2023-09-20,2023-09-20,vi-SU,,71.0,98.0,28.0,21.0,26.0,17.0,SEDANG,DKI4 Lubang Buaya,PM25,DKI4,Lubang Buaya,2023,9,20,38,2
101,202309,2023-09-21,2023-09-21,vi-SU,,69.0,101.0,28.0,24.0,29.0,19.0,TIDAK SEHAT,DKI4 Lubang Buaya,PM25,DKI4,Lubang Buaya,2023,9,21,38,3
93,202309,2023-09-22,2023-09-22,vi-SU,,68.0,93.0,28.0,20.0,26.0,23.0,SEDANG,DKI4 Lubang Buaya,PM25,DKI4,Lubang Buaya,2023,9,22,38,4
111,202309,2023-09-23,2023-09-23,vi-SU,,78.0,111.0,28.0,22.0,30.0,20.0,TIDAK SEHAT,DKI4 Lubang Buaya,PM25,DKI4,Lubang Buaya,2023,9,23,38,5
92,202309,2023-09-24,2023-09-24,vi-SU,,65.0,92.0,28.0,23.0,26.0,16.0,SEDANG,DKI4 Lubang Buaya,PM25,DKI4,Lubang Buaya,2023,9,24,38,6
114,202309,2023-09-25,2023-09-25,vi-SU,,76.0,114.0,30.0,23.0,,24.0,TIDAK SEHAT,DKI4 Lubang Buaya,PM25,DKI4,Lubang Buaya,2023,9,25,39,0
249,202309,2023-09-26,2023-09-26,vi-SU,,85.0,,28.0,18.0,26.0,20.0,SANGAT TIDAK SEHAT,DKI4 Lubang Buaya,PM25,DKI4,Lubang Buaya,2023,9,26,39,1
217,202309,2023-09-27,2023-09-27,vi-SU,,,,28.0,22.0,23.0,22.0,SANGAT TIDAK SEHAT,DKI4 Lubang Buaya,PM25,DKI4,Lubang Buaya,2023,9,27,39,2
287,202309,2023-09-28,2023-09-28,vi-SU,,,,29.0,17.0,29.0,19.0,SANGAT TIDAK SEHAT,DKI4 Lubang Buaya,PM25,DKI4,Lubang Buaya,2023,9,28,39,3
143,202309,2023-09-29,2023-09-29,vi-SU,,,,29.0,21.0,24.0,23.0,TIDAK SEHAT,DKI4 Lubang Buaya,PM25,DKI4,Lubang Buaya,2023,9,29,39,4
56,202309,2023-09-01,2023-09-01,vi-SU,,53.0,,28.0,20.0,56.0,22.0,SEDANG,DKI5 Kebon Jeruk,O3,DKI5,Kebon Jeruk,2023,9,1,35,4
58,202309,2023-09-02,2023-09-02,vi-SU,,58.0,,27.0,19.0,49.0,18.0,SEDANG,DKI5 Kebon Jeruk,PM10,DKI5,Kebon Jeruk,2023,9,2,35,5
53,202309,2023-09-03,2023-09-03,vi-SU,,43.0,,27.0,16.0,53.0,11.0,SEDANG,DKI5 Kebon Jeruk,O3,DKI5,Kebon Jeruk,2023,9,3,35,6
52,202309,2023-09-04,2023-09-04,vi-SU,,52.0,,27.0,17.0,44.0,17.0,SEDANG,DKI5 Kebon Jeruk,PM10,DKI5,Kebon Jeruk,2023,9,4,36,0
89,202309,2023-09-05,2023-09-05,vi-SU,,49.0,89.0,28.0,18.0,40.0,20.0,SEDANG,DKI5 Kebon Jeruk,PM25,DKI5,Kebon Jeruk,2023,9,5,36,1
90,202309,2023-09-07,2023-09-07,vi-SU,,59.0,90.0,27.0,20.0,49.0,24.0,SEDANG,DKI5 Kebon Jeruk,PM25,DKI5,Kebon Jeruk,2023,9,7,36,3
83,202309,2023-09-08,2023-09-08,vi-SU,,63.0,83.0,30.0,18.0,56.0,23.0,SEDANG,DKI5 Kebon Jeruk,PM25,DKI5,Kebon Jeruk,2023,9,8,36,4
78,202309,2023-09-09,2023-09-09,vi-SU,,41.0,78.0,26.0,17.0,53.0,20.0,SEDANG,DKI5 Kebon Jeruk,PM25,DKI5,Kebon Jeruk,2023,9,9,36,5
73,202309,2023-09-10,2023-09-10,vi-SU,,48.0,73.0,27.0,16.0,50.0,15.0,SEDANG,DKI5 Kebon Jeruk,PM25,DKI5,Kebon Jeruk,2023,9,10,36,6
74,202309,2023-09-11,2023-09-11,vi-SU,,45.0,74.0,27.0,16.0,60.0,16.0,SEDANG,DKI5 Kebon Jeruk,PM25,DKI5,Kebon Jeruk,2023,9,11,37,0
74,202309,2023-09-12,2023-09-12,vi-SU,,29.0,74.0,26.0,16.0,37.0,14.0,SEDANG,DKI5 Kebon Jeruk,PM25,DKI5,Kebon Jeruk,2023,9,12,37,1
75,202309,2023-09-13,2023-09-13,vi-SU,,52.0,75.0,27.0,16.0,58.0,15.0,SEDANG,DKI5 Kebon Jeruk,PM25,DKI5,Kebon Jeruk,2023,9,13,37,2
66,202309,2023-09-14,2023-09-14,vi-SU,,24.0,66.0,27.0,16.0,48.0,14.0,SEDANG,DKI5 Kebon Jeruk,PM25,DKI5,Kebon Jeruk,2023,9,14,37,3
74,202309,2023-09-15,2023-09-15,vi-SU,,42.0,74.0,27.0,17.0,57.0,15.0,SEDANG,DKI5 Kebon Jeruk,PM25,DKI5,Kebon Jeruk,2023,9,15,37,4
78,202309,2023-09-16,2023-09-16,vi-SU,,41.0,78.0,28.0,17.0,56.0,17.0,SEDANG,DKI5 Kebon Jeruk,PM25,DKI5,Kebon Jeruk,2023,9,16,37,5
69,202309,2023-09-18,2023-09-18,vi-SU,,39.0,69.0,26.0,15.0,59.0,12.0,SEDANG,DKI5 Kebon Jeruk,PM25,DKI5,Kebon Jeruk,2023,9,18,38,0
83,202309,2023-09-19,2023-09-19,vi-SU,,54.0,83.0,25.0,15.0,,17.0,SEDANG,DKI5 Kebon Jeruk,PM25,DKI5,Kebon Jeruk,2023,9,19,38,1
77,202309,2023-09-20,2023-09-20,vi-SU,,48.0,77.0,26.0,17.0,55.0,24.0,SEDANG,DKI5 Kebon Jeruk,PM25,DKI5,Kebon Jeruk,2023,9,20,38,2
76,202309,2023-09-21,2023-09-21,vi-SU,,50.0,76.0,26.0,17.0,58.0,20.0,SEDANG,DKI5 Kebon Jeruk,PM25,DKI5,Kebon Jeruk,2023,9,21,38,3
70,202309,2023-09-22,2023-09-22,vi-SU,,46.0,70.0,27.0,15.0,56.0,16.0,SEDANG,DKI5 Kebon Jeruk,PM25,DKI5,Kebon Jeruk,2023,9,22,38,4
70,202309,2023-09-23,2023-09-23,vi-SU,,39.0,70.0,27.0,15.0,49.0,18.0,SEDANG,DKI5 Kebon Jeruk,PM25,DKI5,Kebon Jeruk,2023,9,23,38,5
87,202308,2023-08-22,2023-08-22,vi-SU,,70.0,87.0,53.0,6.0,24.0,13.0,SEDANG,DKI3 Jagakarsa,PM25,DKI3,Jagakarsa,2023,8,22,34,1
78,202308,2023-08-23,2023-08-23,vi-SU,,65.0,78.0,53.0,7.0,28.0,8.0,SEDANG,DKI3 Jagakarsa,PM25,DKI3,Jagakarsa,2023,8,23,34,2
88,202308,2023-08-24,2023-08-24,vi-SU,,71.0,88.0,54.0,7.0,29.0,12.0,SEDANG,DKI3 Jagakarsa,PM25,DKI3,Jagakarsa,2023,8,24,34,3
85,202308,2023-08-25,2023-08-25,vi-SU,,64.0,85.0,54.0,6.0,33.0,9.0,SEDANG,DKI3 Jagakarsa,PM25,DKI3,Jagakarsa,2023,8,25,34,4
87,202308,2023-08-26,2023-08-26,vi-SU,,65.0,87.0,53.0,6.0,30.0,9.0,SEDANG,DKI3 Jagakarsa,PM25,DKI3,Jagakarsa,2023,8,26,34,5
89,202308,2023-08-27,2023-08-27,vi-SU,,65.0,89.0,53.0,7.0,30.0,10.0,SEDANG,DKI3 Jagakarsa,PM25,DKI3,Jagakarsa,2023,8,27,34,6
75,202308,2023-08-28,2023-08-28,vi-SU,,,75.0,53.0,8.0,33.0,8.0,SEDANG,DKI3 Jagakarsa,PM25,DKI3,Jagakarsa,2023,8,28,35,0
64,202308,2023-08-29,2023-08-29,vi-SU,,64.0,45.0,54.0,9.0,22.0,13.0,SEDANG,DKI3 Jagakarsa,PM10,DKI3,Jagakarsa,2023,8,29,35,1
69,202308,2023-08-30,2023-08-30,vi-SU,,69.0,44.0,54.0,11.0,24.0,11.0,SEDANG,DKI3 Jagakarsa,PM10,DKI3,Jagakarsa,2023,8,30,35,2
68,202308,2023-08-31,2023-08-31,vi-SU,,68.0,44.0,22.0,27.0,30.0,32.0,SEDANG,DKI3 Jagakarsa,PM10,DKI3,Jagakarsa,2023,8,31,35,3
103,202308,2023-08-01,2023-08-01,vi-SU,,,103.0,28.0,17.0,20.0,14.0,TIDAK SEHAT,DKI4 Lubang Buaya,PM25,DKI4,Lubang Buaya,2023,8,1,31,1
99,202308,2023-08-02,2023-08-02,vi-SU,,,99.0,29.0,18.0,23.0,13.0,SEDANG,DKI4 Lubang Buaya,PM25,DKI4,Lubang Buaya,2023,8,2,31,2
106,202308,2023-08-03,2023-08-03,vi-SU,,,106.0,28.0,21.0,22.0,14.0,TIDAK SEHAT,DKI4 Lubang Buaya,PM25,DKI4,Lubang Buaya,2023,8,3,31,3
110,202308,2023-08-04,2023-08-04,vi-SU,,,110.0,27.0,19.0,25.0,13.0,TIDAK SEHAT,DKI4 Lubang Buaya,PM25,DKI4,Lubang Buaya,2023,8,4,31,4
111,202308,2023-08-05,2023-08-05,vi-SU,,,111.0,26.0,18.0,26.0,12.0,TIDAK SEHAT,DKI4 Lubang Buaya,PM25,DKI4,Lubang Buaya,2023,8,5,31,5
118,202308,2023-08-06,2023-08-06,vi-SU,,,118.0,26.0,22.0,23.0,14.0,TIDAK SEHAT,DKI4 Lubang Buaya,PM25,DKI4,Lubang Buaya,2023,8,6,31,6
139,202308,2023-08-07,2023-08-07,vi-SU,,,,25.0,31.0,28.0,18.0,TIDAK SEHAT,DKI4 Lubang Buaya,PM25,DKI4,Lubang Buaya,2023,8,7,32,0
105,202308,2023-08-08,2023-08-08,vi-SU,,,105.0,26.0,19.0,22.0,12.0,TIDAK SEHAT,DKI4 Lubang Buaya,PM25,DKI4,Lubang Buaya,2023,8,8,32,1
104,202308,2023-08-09,2023-08-09,vi-SU,,,104.0,27.0,16.0,24.0,10.0,TIDAK SEHAT,DKI4 Lubang Buaya,PM25,DKI4,Lubang Buaya,2023,8,9,32,2
102,202308,2023-08-10,2023-08-10,vi-SU,,,102.0,26.0,16.0,32.0,10.0,TIDAK SEHAT,DKI4 Lubang Buaya,PM25,DKI4,Lubang Buaya,2023,8,10,32,3
119,202308,2023-08-11,2023-08-11,vi-SU,,,119.0,28.0,21.0,32.0,14.0,TIDAK SEHAT,DKI4 Lubang Buaya,PM25,DKI4,Lubang Buaya,2023,8,11,32,4
126,202308,2023-08-12,2023-08-12,vi-SU,,,126.0,27.0,20.0,29.0,15.0,TIDAK SEHAT,DKI4 Lubang Buaya,PM25,DKI4,Lubang Buaya,2023,8,12,32,5
128,202308,2023-08-13,2023-08-13,vi-SU,,,128.0,26.0,22.0,26.0,13.0,TIDAK SEHAT,DKI4 Lubang Buaya,PM25,DKI4,Lubang Buaya,2023,8,13,32,6
115,202308,2023-08-14,2023-08-14,vi-SU,,,115.0,26.0,19.0,27.0,14.0,TIDAK SEHAT,DKI4 Lubang Buaya,PM25,DKI4,Lubang Buaya,2023,8,14,33,0
122,202308,2023-08-15,2023-08-15,vi-SU,,,122.0,28.0,23.0,30.0,18.0,TIDAK SEHAT,DKI4 Lubang Buaya,PM25,DKI4,Lubang Buaya,2023,8,15,33,1
138,202308,2023-08-16,2023-08-16,vi-SU,,,,27.0,24.0,29.0,15.0,TIDAK SEHAT,DKI4 Lubang Buaya,PM25,DKI4,Lubang Buaya,2023,8,16,33,2
111,202308,2023-08-17,2023-08-17,vi-SU,,,111.0,27.0,23.0,23.0,18.0,TIDAK SEHAT,DKI4 Lubang Buaya,PM25,DKI4,Lubang Buaya,2023,8,17,33,3
82,202308,2023-08-18,2023-08-18,vi-SU,,,82.0,26.0,15.0,25.0,12.0,SEDANG,DKI4 Lubang Buaya,PM25,DKI4,Lubang Buaya,2023,8,18,33,4
127,202308,2023-08-19,2023-08-19,vi-SU,,,127.0,27.0,23.0,29.0,16.0,TIDAK SEHAT,DKI4 Lubang Buaya,PM25,DKI4,Lubang Buaya,2023,8,19,33,5
113,202308,2023-08-20,2023-08-20,vi-SU,,,113.0,27.0,17.0,28.0,10.0,TIDAK SEHAT,DKI4 Lubang Buaya,PM25,DKI4,Lubang Buaya,2023,8,20,33,6
105,202308,2023-08-21,2023-08-21,vi-SU,,,105.0,26.0,19.0,26.0,13.0,TIDAK SEHAT,DKI4 Lubang Buaya,PM25,DKI4,Lubang Buaya,2023,8,21,34,0
123,202308,2023-08-22,2023-08-22,vi-SU,,,123.0,27.0,22.0,23.0,20.0,TIDAK SEHAT,DKI4 Lubang Buaya,PM25,DKI4,Lubang Buaya,2023,8,22,34,1
110,202308,2023-08-23,2023-08-23,vi-SU,,,110.0,27.0,19.0,26.0,15.0,TIDAK SEHAT,DKI4 Lubang Buaya,PM25,DKI4,Lubang Buaya,2023,8,23,34,2
114,202308,2023-08-24,2023-08-24,vi-SU,,,114.0,28.0,20.0,26.0,17.0,TIDAK SEHAT,DKI4 Lubang Buaya,PM25,DKI4,Lubang Buaya,2023,8,24,34,3
112,202308,2023-08-25,2023-08-25,vi-SU,,,112.0,28.0,20.0,33.0,15.0,TIDAK SEHAT,DKI4 Lubang Buaya,PM25,DKI4,Lubang Buaya,2023,8,25,34,4
96,202308,2023-08-26,2023-08-26,vi-SU,,,96.0,27.0,17.0,30.0,10.0,SEDANG,DKI4 Lubang Buaya,PM25,DKI4,Lubang Buaya,2023,8,26,34,5
139,202308,2023-08-27,2023-08-27,vi-SU,,,,27.0,23.0,29.0,18.0,TIDAK SEHAT,DKI4 Lubang Buaya,PM25,DKI4,Lubang Buaya,2023,8,27,34,6
98,202308,2023-08-28,2023-08-28,vi-SU,,,98.0,27.0,25.0,20.0,22.0,SEDANG,DKI4 Lubang Buaya,PM25,DKI4,Lubang Buaya,2023,8,28,35,0
108,202308,2023-08-29,2023-08-29,vi-SU,,,108.0,28.0,22.0,21.0,21.0,TIDAK SEHAT,DKI4 Lubang Buaya,PM25,DKI4,Lubang Buaya,2023,8,29,35,1
113,202308,2023-08-30,2023-08-30,vi-SU,,,113.0,27.0,24.0,29.0,17.0,TIDAK SEHAT,DKI4 Lubang Buaya,PM25,DKI4,Lubang Buaya,2023,8,30,35,2
108,202308,2023-08-31,2023-08-31,vi-SU,,,108.0,27.0,22.0,32.0,19.0,TIDAK SEHAT,DKI4 Lubang Buaya,PM25,DKI4,Lubang Buaya,2023,8,31,35,3
40,202308,2023-08-01,2023-08-01,vi-SU,,28.0,,27.0,16.0,40.0,18.0,BAIK,DKI5 Kebon Jeruk,O3,DKI5,Kebon Jeruk,2023,8,1,31,1
57,202308,2023-08-02,2023-08-02,vi-SU,,51.0,,27.0,15.0,57.0,17.0,SEDANG,DKI5 Kebon Jeruk,O3,DKI5,Kebon Jeruk,2023,8,2,31,2
62,202308,2023-08-03,2023-08-03,vi-SU,,47.0,,25.0,16.0,,22.0,SEDANG,DKI5 Kebon Jeruk,O3,DKI5,Kebon Jeruk,2023,8,3,31,3
54,202308,2023-08-04,2023-08-04,vi-SU,,51.0,,24.0,18.0,54.0,22.0,SEDANG,DKI5 Kebon Jeruk,O3,DKI5,Kebon Jeruk,2023,8,4,31,4
58,202308,2023-08-05,2023-08-05,vi-SU,,44.0,,24.0,14.0,58.0,14.0,SEDANG,DKI5 Kebon Jeruk,O3,DKI5,Kebon Jeruk,2023,8,5,31,5
52,202308,2023-08-06,2023-08-06,vi-SU,,52.0,,25.0,17.0,47.0,18.0,SEDANG,DKI5 Kebon Jeruk,PM10,DKI5,Kebon Jeruk,2023,8,6,31,6
70,202308,2023-08-07,2023-08-07,vi-SU,,66.0,,24.0,21.0,,24.0,SEDANG,DKI5 Kebon Jeruk,O3,DKI5,Kebon Jeruk,2023,8,7,32,0
55,202308,2023-08-08,2023-08-08,vi-SU,,55.0,,25.0,17.0,54.0,23.0,SEDANG,DKI5 Kebon Jeruk,PM10,DKI5,Kebon Jeruk,2023,8,8,32,1
63,202308,2023-08-09,2023-08-09,vi-SU,,36.0,,23.0,13.0,,16.0,SEDANG,DKI5 Kebon Jeruk,O3,DKI5,Kebon Jeruk,2023,8,9,32,2
64,202308,2023-08-10,2023-08-10,vi-SU,,27.0,,25.0,13.0,,14.0,SEDANG,DKI5 Kebon Jeruk,O3,DKI5,Kebon Jeruk,2023,8,10,32,3
60,202308,2023-08-11,2023-08-11,vi-SU,,58.0,,24.0,17.0,60.0,20.0,SEDANG,DKI5 Kebon Jeruk,O3,DKI5,Kebon Jeruk,2023,8,11,32,4
57,202308,2023-08-12,2023-08-12,vi-SU,,57.0,,26.0,16.0,56.0,19.0,SEDANG,DKI5 Kebon Jeruk,PM10,DKI5,Kebon Jeruk,2023,8,12,32,5
52,202308,2023-08-13,2023-08-13,vi-SU,,52.0,,26.0,17.0,46.0,18.0,SEDANG,DKI5 Kebon Jeruk,PM10,DKI5,Kebon Jeruk,2023,8,13,32,6
54,202308,2023-08-14,2023-08-14,vi-SU,,46.0,,24.0,16.0,54.0,16.0,SEDANG,DKI5 Kebon Jeruk,O3,DKI5,Kebon Jeruk,2023,8,14,33,0
54,202308,2023-08-15,2023-08-15,vi-SU,,51.0,,27.0,18.0,54.0,23.0,SEDANG,DKI5 Kebon Jeruk,O3,DKI5,Kebon Jeruk,2023,8,15,33,1
60,202308,2023-08-16,2023-08-16,vi-SU,,45.0,,25.0,17.0,60.0,18.0,SEDANG,DKI5 Kebon Jeruk,O3,DKI5,Kebon Jeruk,2023,8,16,33,2
40,202308,2023-08-17,2023-08-17,vi-SU,,40.0,,26.0,17.0,40.0,20.0,BAIK,DKI5 Kebon Jeruk,PM10,DKI5,Kebon Jeruk,2023,8,17,33,3
47,202308,2023-08-18,2023-08-18,vi-SU,,33.0,,25.0,13.0,47.0,9.0,BAIK,DKI5 Kebon Jeruk,O3,DKI5,Kebon Jeruk,2023,8,18,33,4
56,202308,2023-08-19,2023-08-19,vi-SU,,40.0,,26.0,15.0,56.0,16.0,SEDANG,DKI5 Kebon Jeruk,O3,DKI5,Kebon Jeruk,2023,8,19,33,5
59,202308,2023-08-20,2023-08-20,vi-SU,,44.0,,26.0,13.0,59.0,12.0,SEDANG,DKI5 Kebon Jeruk,O3,DKI5,Kebon Jeruk,2023,8,20,33,6
60,202308,2023-08-21,2023-08-21,vi-SU,,34.0,,24.0,14.0,60.0,14.0,SEDANG,DKI5 Kebon Jeruk,O3,DKI5,Kebon Jeruk,2023,8,21,34,0
52,202308,2023-08-22,2023-08-22,vi-SU,,52.0,,26.0,17.0,49.0,20.0,SEDANG,DKI5 Kebon Jeruk,PM10,DKI5,Kebon Jeruk,2023,8,22,34,1
62,202308,2023-08-23,2023-08-23,vi-SU,,62.0,,26.0,16.0,56.0,16.0,SEDANG,DKI5 Kebon Jeruk,PM10,DKI5,Kebon Jeruk,2023,8,23,34,2
54,202308,2023-08-24,2023-08-24,vi-SU,,54.0,,28.0,16.0,45.0,16.0,SEDANG,DKI5 Kebon Jeruk,PM10,DKI5,Kebon Jeruk,2023,8,24,34,3
59,202308,2023-08-25,2023-08-25,vi-SU,,59.0,,29.0,17.0,51.0,19.0,SEDANG,DKI5 Kebon Jeruk,PM10,DKI5,Kebon Jeruk,2023,8,25,34,4
52,202308,2023-08-26,2023-08-26,vi-SU,,52.0,,26.0,15.0,42.0,19.0,SEDANG,DKI5 Kebon Jeruk,PM10,DKI5,Kebon Jeruk,2023,8,26,34,5
54,202308,2023-08-27,2023-08-27,vi-SU,,54.0,,27.0,16.0,46.0,13.0,SEDANG,DKI5 Kebon Jeruk,PM10,DKI5,Kebon Jeruk,2023,8,27,34,6
41,202308,2023-08-28,2023-08-28,vi-SU,,41.0,,26.0,18.0,35.0,19.0,BAIK,DKI5 Kebon Jeruk,PM10,DKI5,Kebon Jeruk,2023,8,28,35,0
49,202308,2023-08-29,2023-08-29,vi-SU,,49.0,,28.0,21.0,32.0,25.0,BAIK,DKI5 Kebon Jeruk,PM10,DKI5,Kebon Jeruk,2023,8,29,35,1
56,202308,2023-08-30,2023-08-30,vi-SU,,56.0,,27.0,19.0,41.0,22.0,SEDANG,DKI5 Kebon Jeruk,PM10,DKI5,Kebon Jeruk,2023,8,30,35,2
53,202308,2023-08-31,2023-08-31,vi-SU,,53.0,,28.0,19.0,48.0,18.0,SEDANG,DKI5 Kebon Jeruk,PM10,DKI5,Kebon Jeruk,2023,8,31,35,3
66,202309,2023-09-24,2023-09-24,vi-SU,,35.0,66.0,26.0,16.0,53.0,16.0,SEDANG,DKI5 Kebon Jeruk,PM25,DKI5,Kebon Jeruk,2023,9,24,38,6
74,202309,2023-09-25,2023-09-25,vi-SU,,51.0,74.0,27.0,16.0,,16.0,SEDANG,DKI5 Kebon Jeruk,PM25,DKI5,Kebon Jeruk,2023,9,25,39,0
76,202309,2023-09-26,2023-09-26,vi-SU,,,76.0,42.0,17.0,39.0,49.0,SEDANG,DKI5 Kebon Jeruk,PM25,DKI5,Kebon Jeruk,2023,9,26,39,1
78,202309,2023-09-27,2023-09-27,vi-SU,,11.0,78.0,29.0,19.0,42.0,21.0,SEDANG,DKI5 Kebon Jeruk,PM25,DKI5,Kebon Jeruk,2023,9,27,39,2
85,202309,2023-09-28,2023-09-28,vi-SU,,53.0,85.0,28.0,17.0,43.0,15.0,SEDANG,DKI5 Kebon Jeruk,PM25,DKI5,Kebon Jeruk,2023,9,28,39,3
83,202309,2023-09-29,2023-09-29,vi-SU,,53.0,83.0,30.0,18.0,49.0,17.0,SEDANG,DKI5 Kebon Jeruk,PM25,DKI5,Kebon Jeruk,2023,9,29,39,4
89,202310,2023-10-17,2023-10-17,vi-SU,,69.0,89.0,21.0,6.0,42.0,18.0,SEDANG,DKI2 Kelapa Gading,PM25,DKI2,Kelapa Gading,2023,10,17,42,1
104,202310,2023-10-18,2023-10-18,vi-SU,,75.0,104.0,22.0,9.0,41.0,26.0,TIDAK SEHAT,DKI2 Kelapa Gading,PM25,DKI2,Kelapa Gading,2023,10,18,42,2
91,202310,2023-10-19,2023-10-19,vi-SU,,73.0,91.0,23.0,6.0,38.0,20.0,SEDANG,DKI2 Kelapa Gading,PM25,DKI2,Kelapa Gading,2023,10,19,42,3
81,202310,2023-10-20,2023-10-20,vi-SU,,62.0,81.0,23.0,6.0,31.0,20.0,SEDANG,DKI2 Kelapa Gading,PM25,DKI2,Kelapa Gading,2023,10,20,42,4
89,202310,2023-10-21,2023-10-21,vi-SU,,67.0,89.0,21.0,10.0,28.0,28.0,SEDANG,DKI2 Kelapa Gading,PM25,DKI2,Kelapa Gading,2023,10,21,42,5
78,202310,2023-10-22,2023-10-22,vi-SU,,60.0,78.0,20.0,7.0,32.0,16.0,SEDANG,DKI2 Kelapa Gading,PM25,DKI2,Kelapa Gading,2023,10,22,42,6
85,202310,2023-10-23,2023-10-23,vi-SU,,64.0,85.0,21.0,7.0,31.0,20.0,SEDANG,DKI2 Kelapa Gading,PM25,DKI2,Kelapa Gading,2023,10,23,43,0
90,202310,2023-10-24,2023-10-24,vi-SU,,66.0,90.0,23.0,8.0,30.0,26.0,SEDANG,DKI2 Kelapa Gading,PM25,DKI2,Kelapa Gading,2023,10,24,43,1
85,202310,2023-10-25,2023-10-25,vi-SU,,64.0,85.0,22.0,8.0,37.0,28.0,SEDANG,DKI2 Kelapa Gading,PM25,DKI2,Kelapa Gading,2023,10,25,43,2
106,202310,2023-10-26,2023-10-26,vi-SU,,78.0,106.0,28.0,13.0,35.0,40.0,TIDAK SEHAT,DKI2 Kelapa Gading,PM25,DKI2,Kelapa Gading,2023,10,26,43,3
109,202310,2023-10-27,2023-10-27,vi-SU,,82.0,109.0,24.0,12.0,39.0,33.0,TIDAK SEHAT,DKI2 Kelapa Gading,PM25,DKI2,Kelapa Gading,2023,10,27,43,4
93,202310,2023-10-28,2023-10-28,vi-SU,,72.0,93.0,20.0,9.0,39.0,26.0,SEDANG,DKI2 Kelapa Gading,PM25,DKI2,Kelapa Gading,2023,10,28,43,5
92,202310,2023-10-29,2023-10-29,vi-SU,,74.0,92.0,23.0,8.0,40.0,21.0,SEDANG,DKI2 Kelapa Gading,PM25,DKI2,Kelapa Gading,2023,10,29,43,6
86,202310,2023-10-30,2023-10-30,vi-SU,,65.0,86.0,20.0,8.0,43.0,21.0,SEDANG,DKI2 Kelapa Gading,PM25,DKI2,Kelapa Gading,2023,10,30,44,0
96,202310,2023-10-31,2023-10-31,vi-SU,,73.0,96.0,21.0,8.0,44.0,25.0,SEDANG,DKI2 Kelapa Gading,PM25,DKI2,Kelapa Gading,2023,10,31,44,1
91,202310,2023-10-01,2023-10-01,vi-SU,,70.0,91.0,54.0,7.0,36.0,5.0,SEDANG,DKI3 Jagakarsa,PM25,DKI3,Jagakarsa,2023,10,1,39,6
84,202310,2023-10-02,2023-10-02,vi-SU,,66.0,84.0,55.0,7.0,32.0,5.0,SEDANG,DKI3 Jagakarsa,PM25,DKI3,Jagakarsa,2023,10,2,40,0
68,202310,2023-10-03,2023-10-03,vi-SU,,56.0,68.0,54.0,8.0,32.0,4.0,SEDANG,DKI3 Jagakarsa,PM25,DKI3,Jagakarsa,2023,10,3,40,1
74,202310,2023-10-04,2023-10-04,vi-SU,,60.0,74.0,55.0,6.0,32.0,5.0,SEDANG,DKI3 Jagakarsa,PM25,DKI3,Jagakarsa,2023,10,4,40,2
79,202310,2023-10-05,2023-10-05,vi-SU,,64.0,79.0,55.0,5.0,26.0,4.0,SEDANG,DKI3 Jagakarsa,PM25,DKI3,Jagakarsa,2023,10,5,40,3
80,202310,2023-10-06,2023-10-06,vi-SU,,59.0,80.0,54.0,5.0,28.0,4.0,SEDANG,DKI3 Jagakarsa,PM25,DKI3,Jagakarsa,2023,10,6,40,4
88,202310,2023-10-07,2023-10-07,vi-SU,,66.0,88.0,54.0,4.0,28.0,3.0,SEDANG,DKI3 Jagakarsa,PM25,DKI3,Jagakarsa,2023,10,7,40,5
81,202310,2023-10-08,2023-10-08,vi-SU,,,81.0,55.0,5.0,26.0,3.0,SEDANG,DKI3 Jagakarsa,PM25,DKI3,Jagakarsa,2023,10,8,40,6
71,202310,2023-10-09,2023-10-09,vi-SU,,56.0,71.0,54.0,6.0,25.0,2.0,SEDANG,DKI3 Jagakarsa,PM25,DKI3,Jagakarsa,2023,10,9,41,0
66,202310,2023-10-10,2023-10-10,vi-SU,,55.0,66.0,55.0,5.0,27.0,1.0,SEDANG,DKI3 Jagakarsa,PM25,DKI3,Jagakarsa,2023,10,10,41,1
76,202310,2023-10-11,2023-10-11,vi-SU,,63.0,76.0,54.0,4.0,25.0,3.0,SEDANG,DKI3 Jagakarsa,PM25,DKI3,Jagakarsa,2023,10,11,41,2
80,202310,2023-10-12,2023-10-12,vi-SU,,,80.0,54.0,4.0,25.0,5.0,SEDANG,DKI3 Jagakarsa,PM25,DKI3,Jagakarsa,2023,10,12,41,3
93,202310,2023-10-13,2023-10-13,vi-SU,,67.0,93.0,54.0,5.0,32.0,2.0,SEDANG,DKI3 Jagakarsa,PM25,DKI3,Jagakarsa,2023,10,13,41,4
78,202310,2023-10-14,2023-10-14,vi-SU,,59.0,78.0,54.0,5.0,34.0,3.0,SEDANG,DKI3 Jagakarsa,PM25,DKI3,Jagakarsa,2023,10,14,41,5
72,202310,2023-10-15,2023-10-15,vi-SU,,57.0,72.0,54.0,6.0,28.0,2.0,SEDANG,DKI3 Jagakarsa,PM25,DKI3,Jagakarsa,2023,10,15,41,6
78,202310,2023-10-16,2023-10-16,vi-SU,,59.0,78.0,55.0,7.0,27.0,3.0,SEDANG,DKI3 Jagakarsa,PM25,DKI3,Jagakarsa,2023,10,16,42,0
91,202310,2023-10-17,2023-10-17,vi-SU,,72.0,91.0,55.0,5.0,30.0,2.0,SEDANG,DKI3 Jagakarsa,PM25,DKI3,Jagakarsa,2023,10,17,42,1
94,202310,2023-10-18,2023-10-18,vi-SU,,70.0,94.0,55.0,8.0,31.0,4.0,SEDANG,DKI3 Jagakarsa,PM25,DKI3,Jagakarsa,2023,10,18,42,2
77,202310,2023-10-19,2023-10-19,vi-SU,,63.0,77.0,55.0,7.0,32.0,3.0,SEDANG,DKI3 Jagakarsa,PM25,DKI3,Jagakarsa,2023,10,19,42,3
73,202310,2023-10-20,2023-10-20,vi-SU,,56.0,73.0,55.0,6.0,31.0,2.0,SEDANG,DKI3 Jagakarsa,PM25,DKI3,Jagakarsa,2023,10,20,42,4
80,202310,2023-10-21,2023-10-21,vi-SU,,64.0,80.0,55.0,5.0,28.0,4.0,SEDANG,DKI3 Jagakarsa,PM25,DKI3,Jagakarsa,2023,10,21,42,5
84,202310,2023-10-22,2023-10-22,vi-SU,,62.0,84.0,55.0,5.0,37.0,3.0,SEDANG,DKI3 Jagakarsa,PM25,DKI3,Jagakarsa,2023,10,22,42,6
86,202310,2023-10-23,2023-10-23,vi-SU,,70.0,86.0,55.0,7.0,33.0,3.0,SEDANG,DKI3 Jagakarsa,PM25,DKI3,Jagakarsa,2023,10,23,43,0
89,202310,2023-10-24,2023-10-24,vi-SU,,65.0,89.0,55.0,8.0,34.0,4.0,SEDANG,DKI3 Jagakarsa,PM25,DKI3,Jagakarsa,2023,10,24,43,1
69,202310,2023-10-25,2023-10-25,vi-SU,,59.0,69.0,56.0,4.0,36.0,3.0,SEDANG,DKI3 Jagakarsa,PM25,DKI3,Jagakarsa,2023,10,25,43,2
78,202310,2023-10-26,2023-10-26,vi-SU,,63.0,78.0,55.0,4.0,32.0,3.0,SEDANG,DKI3 Jagakarsa,PM25,DKI3,Jagakarsa,2023,10,26,43,3
79,202310,2023-10-27,2023-10-27,vi-SU,,63.0,79.0,55.0,5.0,36.0,2.0,SEDANG,DKI3 Jagakarsa,PM25,DKI3,Jagakarsa,2023,10,27,43,4
81,202310,2023-10-28,2023-10-28,vi-SU,,67.0,81.0,54.0,5.0,31.0,2.0,SEDANG,DKI3 Jagakarsa,PM25,DKI3,Jagakarsa,2023,10,28,43,5
63,202310,2023-10-29,2023-10-29,vi-SU,,63.0,47.0,55.0,8.0,28.0,48.0,SEDANG,DKI3 Jagakarsa,PM10,DKI3,Jagakarsa,2023,10,29,43,6
60,202310,2023-10-30,2023-10-30,vi-SU,,60.0,45.0,55.0,6.0,36.0,38.0,SEDANG,DKI3 Jagakarsa,PM10,DKI3,Jagakarsa,2023,10,30,44,0
66,202310,2023-10-31,2023-10-31,vi-SU,,66.0,45.0,22.0,25.0,40.0,33.0,SEDANG,DKI3 Jagakarsa,PM10,DKI3,Jagakarsa,2023,10,31,44,1
199,202310,2023-10-01,2023-10-01,vi-SU,,,,29.0,26.0,27.0,25.0,TIDAK SEHAT,DKI4 Lubang Buaya,PM25,DKI4,Lubang Buaya,2023,10,1,39,6
120,202310,2023-10-02,2023-10-02,vi-SU,,86.0,120.0,30.0,25.0,24.0,25.0,TIDAK SEHAT,DKI4 Lubang Buaya,PM25,DKI4,Lubang Buaya,2023,10,2,40,0
93,202310,2023-10-03,2023-10-03,vi-SU,,64.0,93.0,29.0,15.0,28.0,19.0,SEDANG,DKI4 Lubang Buaya,PM25,DKI4,Lubang Buaya,2023,10,3,40,1
115,202310,2023-10-04,2023-10-04,vi-SU,,76.0,115.0,29.0,20.0,26.0,25.0,TIDAK SEHAT,DKI4 Lubang Buaya,PM25,DKI4,Lubang Buaya,2023,10,4,40,2
123,202310,2023-10-05,2023-10-05,vi-SU,,84.0,123.0,28.0,20.0,21.0,12.0,TIDAK SEHAT,DKI4 Lubang Buaya,PM25,DKI4,Lubang Buaya,2023,10,5,40,3
111,202310,2023-10-06,2023-10-06,vi-SU,,80.0,111.0,28.0,20.0,24.0,15.0,TIDAK SEHAT,DKI4 Lubang Buaya,PM25,DKI4,Lubang Buaya,2023,10,6,40,4
141,202310,2023-10-07,2023-10-07,vi-SU,,,,29.0,,23.0,28.0,TIDAK SEHAT,DKI4 Lubang Buaya,PM25,DKI4,Lubang Buaya,2023,10,7,40,5
148,202310,2023-10-08,2023-10-08,vi-SU,,,,29.0,21.0,21.0,16.0,TIDAK SEHAT,DKI4 Lubang Buaya,PM25,DKI4,Lubang Buaya,2023,10,8,40,6
122,202310,2023-10-09,2023-10-09,vi-SU,,80.0,122.0,28.0,17.0,20.0,11.0,TIDAK SEHAT,DKI4 Lubang Buaya,PM25,DKI4,Lubang Buaya,2023,10,9,41,0
121,202310,2023-10-10,2023-10-10,vi-SU,,88.0,121.0,30.0,16.0,18.0,10.0,TIDAK SEHAT,DKI4 Lubang Buaya,PM25,DKI4,Lubang Buaya,2023,10,10,41,1
106,202310,2023-10-11,2023-10-11,vi-SU,,75.0,106.0,31.0,18.0,19.0,14.0,TIDAK SEHAT,DKI4 Lubang Buaya,PM25,DKI4,Lubang Buaya,2023,10,11,41,2
123,202310,2023-10-12,2023-10-12,vi-SU,,82.0,123.0,30.0,22.0,23.0,15.0,TIDAK SEHAT,DKI4 Lubang Buaya,PM25,DKI4,Lubang Buaya,2023,10,12,41,3
121,202310,2023-10-13,2023-10-13,vi-SU,,82.0,121.0,29.0,19.0,29.0,12.0,TIDAK SEHAT,DKI4 Lubang Buaya,PM25,DKI4,Lubang Buaya,2023,10,13,41,4
110,202310,2023-10-14,2023-10-14,vi-SU,,78.0,110.0,29.0,20.0,24.0,17.0,TIDAK SEHAT,DKI4 Lubang Buaya,PM25,DKI4,Lubang Buaya,2023,10,14,41,5
117,202310,2023-10-15,2023-10-15,vi-SU,,79.0,117.0,29.0,20.0,20.0,14.0,TIDAK SEHAT,DKI4 Lubang Buaya,PM25,DKI4,Lubang Buaya,2023,10,15,41,6
122,202310,2023-10-16,2023-10-16,vi-SU,,82.0,122.0,30.0,20.0,22.0,16.0,TIDAK SEHAT,DKI4 Lubang Buaya,PM25,DKI4,Lubang Buaya,2023,10,16,42,0
122,202310,2023-10-01,2023-10-01,vi-SU,,75.0,122.0,43.0,5.0,37.0,29.0,TIDAK SEHAT,DKI1 Bunderan HI,PM25,DKI1,Bundaran HI,2023,10,1,39,6
122,202310,2023-10-02,2023-10-02,vi-SU,,76.0,122.0,43.0,8.0,35.0,31.0,TIDAK SEHAT,DKI1 Bunderan HI,PM25,DKI1,Bundaran HI,2023,10,2,40,0
86,202310,2023-10-03,2023-10-03,vi-SU,,58.0,86.0,41.0,7.0,36.0,26.0,SEDANG,DKI1 Bunderan HI,PM25,DKI1,Bundaran HI,2023,10,3,40,1
95,202310,2023-10-04,2023-10-04,vi-SU,,65.0,95.0,43.0,7.0,30.0,33.0,SEDANG,DKI1 Bunderan HI,PM25,DKI1,Bundaran HI,2023,10,4,40,2
89,202310,2023-10-05,2023-10-05,vi-SU,,62.0,89.0,46.0,5.0,27.0,26.0,SEDANG,DKI1 Bunderan HI,PM25,DKI1,Bundaran HI,2023,10,5,40,3
86,202310,2023-10-06,2023-10-06,vi-SU,,59.0,86.0,46.0,5.0,39.0,26.0,SEDANG,DKI1 Bunderan HI,PM25,DKI1,Bundaran HI,2023,10,6,40,4
107,202310,2023-10-07,2023-10-07,vi-SU,,72.0,107.0,46.0,5.0,30.0,38.0,TIDAK SEHAT,DKI1 Bunderan HI,PM25,DKI1,Bundaran HI,2023,10,7,40,5
92,202310,2023-10-08,2023-10-08,vi-SU,,64.0,92.0,49.0,4.0,29.0,27.0,SEDANG,DKI1 Bunderan HI,PM25,DKI1,Bundaran HI,2023,10,8,40,6
85,202310,2023-10-09,2023-10-09,vi-SU,,58.0,85.0,48.0,5.0,25.0,23.0,SEDANG,DKI1 Bunderan HI,PM25,DKI1,Bundaran HI,2023,10,9,41,0
78,202310,2023-10-10,2023-10-10,vi-SU,,59.0,78.0,50.0,5.0,36.0,26.0,SEDANG,DKI1 Bunderan HI,PM25,DKI1,Bundaran HI,2023,10,10,41,1
74,202310,2023-10-11,2023-10-11,vi-SU,,53.0,74.0,48.0,4.0,31.0,26.0,SEDANG,DKI1 Bunderan HI,PM25,DKI1,Bundaran HI,2023,10,11,41,2
93,202310,2023-10-12,2023-10-12,vi-SU,,62.0,93.0,47.0,4.0,34.0,33.0,SEDANG,DKI1 Bunderan HI,PM25,DKI1,Bundaran HI,2023,10,12,41,3
89,202310,2023-10-13,2023-10-13,vi-SU,,63.0,89.0,47.0,3.0,41.0,26.0,SEDANG,DKI1 Bunderan HI,PM25,DKI1,Bundaran HI,2023,10,13,41,4
102,202310,2023-10-14,2023-10-14,vi-SU,,65.0,102.0,47.0,,24.0,32.0,TIDAK SEHAT,DKI1 Bunderan HI,PM25,DKI1,Bundaran HI,2023,10,14,41,5
98,202310,2023-10-15,2023-10-15,vi-SU,,62.0,98.0,48.0,,25.0,22.0,SEDANG,DKI1 Bunderan HI,PM25,DKI1,Bundaran HI,2023,10,15,41,6
96,202310,2023-10-16,2023-10-16,vi-SU,,59.0,96.0,50.0,,31.0,24.0,SEDANG,DKI1 Bunderan HI,PM25,DKI1,Bundaran HI,2023,10,16,42,0
93,202310,2023-10-17,2023-10-17,vi-SU,,61.0,93.0,49.0,,43.0,25.0,SEDANG,DKI1 Bunderan HI,PM25,DKI1,Bundaran HI,2023,10,17,42,1
108,202310,2023-10-18,2023-10-18,vi-SU,,64.0,108.0,50.0,9.0,29.0,34.0,TIDAK SEHAT,DKI1 Bunderan HI,PM25,DKI1,Bundaran HI,2023,10,18,42,2
93,202310,2023-10-19,2023-10-19,vi-SU,,65.0,93.0,51.0,9.0,25.0,30.0,SEDANG,DKI1 Bunderan HI,PM25,DKI1,Bundaran HI,2023,10,19,42,3
78,202310,2023-10-20,2023-10-20,vi-SU,,62.0,78.0,50.0,6.0,29.0,23.0,SEDANG,DKI1 Bunderan HI,PM25,DKI1,Bundaran HI,2023,10,20,42,4
88,202310,2023-10-21,2023-10-21,vi-SU,,63.0,88.0,49.0,6.0,24.0,33.0,SEDANG,DKI1 Bunderan HI,PM25,DKI1,Bundaran HI,2023,10,21,42,5
91,202310,2023-10-22,2023-10-22,vi-SU,,60.0,91.0,47.0,4.0,37.0,25.0,SEDANG,DKI1 Bunderan HI,PM25,DKI1,Bundaran HI,2023,10,22,42,6
86,202310,2023-10-23,2023-10-23,vi-SU,,62.0,86.0,48.0,6.0,37.0,27.0,SEDANG,DKI1 Bunderan HI,PM25,DKI1,Bundaran HI,2023,10,23,43,0
96,202310,2023-10-24,2023-10-24,vi-SU,,63.0,96.0,47.0,5.0,21.0,35.0,SEDANG,DKI1 Bunderan HI,PM25,DKI1,Bundaran HI,2023,10,24,43,1
81,202310,2023-10-25,2023-10-25,vi-SU,,58.0,81.0,44.0,5.0,31.0,32.0,SEDANG,DKI1 Bunderan HI,PM25,DKI1,Bundaran HI,2023,10,25,43,2
99,202310,2023-10-26,2023-10-26,vi-SU,,65.0,99.0,46.0,8.0,31.0,37.0,SEDANG,DKI1 Bunderan HI,PM25,DKI1,Bundaran HI,2023,10,26,43,3
102,202310,2023-10-27,2023-10-27,vi-SU,,67.0,102.0,47.0,8.0,29.0,36.0,TIDAK SEHAT,DKI1 Bunderan HI,PM25,DKI1,Bundaran HI,2023,10,27,43,4
97,202310,2023-10-28,2023-10-28,vi-SU,,66.0,97.0,47.0,6.0,34.0,36.0,SEDANG,DKI1 Bunderan HI,PM25,DKI1,Bundaran HI,2023,10,28,43,5
94,202310,2023-10-29,2023-10-29,vi-SU,,65.0,94.0,47.0,7.0,36.0,26.0,SEDANG,DKI1 Bunderan HI,PM25,DKI1,Bundaran HI,2023,10,29,43,6
83,202310,2023-10-30,2023-10-30,vi-SU,,59.0,83.0,45.0,6.0,40.0,29.0,SEDANG,DKI1 Bunderan HI,PM25,DKI1,Bundaran HI,2023,10,30,44,0
95,202310,2023-10-31,2023-10-31,vi-SU,,67.0,95.0,45.0,5.0,48.0,33.0,SEDANG,DKI1 Bunderan HI,PM25,DKI1,Bundaran HI,2023,10,31,44,1
109,202310,2023-10-01,2023-10-01,vi-SU,,82.0,109.0,20.0,10.0,40.0,24.0,TIDAK SEHAT,DKI2 Kelapa Gading,PM25,DKI2,Kelapa Gading,2023,10,1,39,6
100,202310,2023-10-02,2023-10-02,vi-SU,,79.0,100.0,23.0,8.0,42.0,21.0,SEDANG,DKI2 Kelapa Gading,PM25,DKI2,Kelapa Gading,2023,10,2,40,0
74,202310,2023-10-03,2023-10-03,vi-SU,,59.0,74.0,19.0,6.0,44.0,19.0,SEDANG,DKI2 Kelapa Gading,PM25,DKI2,Kelapa Gading,2023,10,3,40,1
93,202310,2023-10-04,2023-10-04,vi-SU,,72.0,93.0,24.0,7.0,46.0,21.0,SEDANG,DKI2 Kelapa Gading,PM25,DKI2,Kelapa Gading,2023,10,4,40,2
83,202310,2023-10-05,2023-10-05,vi-SU,,66.0,83.0,22.0,5.0,34.0,16.0,SEDANG,DKI2 Kelapa Gading,PM25,DKI2,Kelapa Gading,2023,10,5,40,3
86,202310,2023-10-06,2023-10-06,vi-SU,,68.0,86.0,24.0,6.0,38.0,19.0,SEDANG,DKI2 Kelapa Gading,PM25,DKI2,Kelapa Gading,2023,10,6,40,4
107,202310,2023-10-07,2023-10-07,vi-SU,,81.0,107.0,22.0,12.0,33.0,32.0,TIDAK SEHAT,DKI2 Kelapa Gading,PM25,DKI2,Kelapa Gading,2023,10,7,40,5
93,202310,2023-10-08,2023-10-08,vi-SU,,71.0,93.0,23.0,6.0,37.0,16.0,SEDANG,DKI2 Kelapa Gading,PM25,DKI2,Kelapa Gading,2023,10,8,40,6
88,202310,2023-10-09,2023-10-09,vi-SU,,62.0,88.0,21.0,6.0,31.0,18.0,SEDANG,DKI2 Kelapa Gading,PM25,DKI2,Kelapa Gading,2023,10,9,41,0
79,202310,2023-10-10,2023-10-10,vi-SU,,63.0,79.0,20.0,4.0,33.0,11.0,SEDANG,DKI2 Kelapa Gading,PM25,DKI2,Kelapa Gading,2023,10,10,41,1
75,202310,2023-10-11,2023-10-11,vi-SU,,59.0,75.0,19.0,4.0,32.0,12.0,SEDANG,DKI2 Kelapa Gading,PM25,DKI2,Kelapa Gading,2023,10,11,41,2
93,202310,2023-10-12,2023-10-12,vi-SU,,69.0,93.0,21.0,6.0,41.0,17.0,SEDANG,DKI2 Kelapa Gading,PM25,DKI2,Kelapa Gading,2023,10,12,41,3
90,202310,2023-10-13,2023-10-13,vi-SU,,69.0,90.0,21.0,5.0,44.0,13.0,SEDANG,DKI2 Kelapa Gading,PM25,DKI2,Kelapa Gading,2023,10,13,41,4
95,202310,2023-10-14,2023-10-14,vi-SU,,70.0,95.0,20.0,8.0,37.0,23.0,SEDANG,DKI2 Kelapa Gading,PM25,DKI2,Kelapa Gading,2023,10,14,41,5
83,202310,2023-10-15,2023-10-15,vi-SU,,64.0,83.0,21.0,6.0,37.0,14.0,SEDANG,DKI2 Kelapa Gading,PM25,DKI2,Kelapa Gading,2023,10,15,41,6
86,202310,2023-10-16,2023-10-16,vi-SU,,65.0,86.0,23.0,7.0,38.0,19.0,SEDANG,DKI2 Kelapa Gading,PM25,DKI2,Kelapa Gading,2023,10,16,42,0
70,202307,2023-07-20,2023-07-20,vi-SU,,59.0,70.0,52.0,7.0,31.0,9.0,SEDANG,DKI3 Jagakarsa,PM25,DKI3,Jagakarsa,2023,7,20,29,3
74,202307,2023-07-12,2023-07-12,vi-SU,,29.0,,20.0,17.0,,17.0,SEDANG,DKI5 Kebon Jeruk,O3,DKI5,Kebon Jeruk,2023,7,12,28,2
86,202311,2023-11-01,2023-11-01,vi-SU,,61.0,86.0,42.0,8.0,38.0,41.0,SEDANG,DKI1 Bunderan HI,PM25,DKI1,Bundaran HI,2023,11,1,44,2
84,202311,2023-11-02,2023-11-02,vi-SU,,58.0,84.0,42.0,6.0,35.0,38.0,SEDANG,DKI1 Bunderan HI,PM25,DKI1,Bundaran HI,2023,11,2,44,3
89,202311,2023-11-03,2023-11-03,vi-SU,,64.0,89.0,43.0,9.0,39.0,37.0,SEDANG,DKI1 Bunderan HI,PM25,DKI1,Bundaran HI,2023,11,3,44,4
97,202311,2023-11-04,2023-11-04,vi-SU,,68.0,97.0,45.0,8.0,33.0,41.0,SEDANG,DKI1 Bunderan HI,PM25,DKI1,Bundaran HI,2023,11,4,44,5
63,202311,2023-11-05,2023-11-05,vi-SU,,51.0,63.0,44.0,8.0,40.0,29.0,SEDANG,DKI1 Bunderan HI,PM25,DKI1,Bundaran HI,2023,11,5,44,6
73,202311,2023-11-06,2023-11-06,vi-SU,,53.0,73.0,43.0,8.0,34.0,29.0,SEDANG,DKI1 Bunderan HI,PM25,DKI1,Bundaran HI,2023,11,6,45,0
85,202311,2023-11-07,2023-11-07,vi-SU,,60.0,85.0,43.0,7.0,37.0,30.0,SEDANG,DKI1 Bunderan HI,PM25,DKI1,Bundaran HI,2023,11,7,45,1
74,202311,2023-11-08,2023-11-08,vi-SU,,55.0,74.0,41.0,6.0,40.0,25.0,SEDANG,DKI1 Bunderan HI,PM25,DKI1,Bundaran HI,2023,11,8,45,2
89,202311,2023-11-09,2023-11-09,vi-SU,,61.0,89.0,44.0,6.0,46.0,30.0,SEDANG,DKI1 Bunderan HI,PM25,DKI1,Bundaran HI,2023,11,9,45,3
107,202311,2023-11-10,2023-11-10,vi-SU,,64.0,107.0,44.0,8.0,41.0,33.0,TIDAK SEHAT,DKI1 Bunderan HI,PM25,DKI1,Bundaran HI,2023,11,10,45,4
89,202311,2023-11-11,2023-11-11,vi-SU,,64.0,89.0,39.0,15.0,35.0,30.0,SEDANG,DKI1 Bunderan HI,PM25,DKI1,Bundaran HI,2023,11,11,45,5
79,202311,2023-11-12,2023-11-12,vi-SU,,57.0,79.0,42.0,16.0,45.0,25.0,SEDANG,DKI1 Bunderan HI,PM25,DKI1,Bundaran HI,2023,11,12,45,6
81,202311,2023-11-13,2023-11-13,vi-SU,,58.0,81.0,43.0,18.0,36.0,29.0,SEDANG,DKI1 Bunderan HI,PM25,DKI1,Bundaran HI,2023,11,13,46,0
79,202311,2023-11-14,2023-11-14,vi-SU,,57.0,79.0,43.0,16.0,34.0,26.0,SEDANG,DKI1 Bunderan HI,PM25,DKI1,Bundaran HI,2023,11,14,46,1
66,202311,2023-11-15,2023-11-15,vi-SU,,47.0,66.0,40.0,16.0,38.0,30.0,SEDANG,DKI1 Bunderan HI,PM25,DKI1,Bundaran HI,2023,11,15,46,2
81,202311,2023-11-16,2023-11-16,vi-SU,,57.0,81.0,42.0,16.0,41.0,37.0,SEDANG,DKI1 Bunderan HI,PM25,DKI1,Bundaran HI,2023,11,16,46,3
75,202311,2023-11-17,2023-11-17,vi-SU,,52.0,75.0,41.0,16.0,40.0,36.0,SEDANG,DKI1 Bunderan HI,PM25,DKI1,Bundaran HI,2023,11,17,46,4
120,202311,2023-11-18,2023-11-18,vi-SU,,53.0,120.0,41.0,14.0,34.0,31.0,TIDAK SEHAT,DKI1 Bunderan HI,PM25,DKI1,Bundaran HI,2023,11,18,46,5
80,202311,2023-11-19,2023-11-19,vi-SU,,54.0,80.0,43.0,16.0,32.0,24.0,SEDANG,DKI1 Bunderan HI,PM25,DKI1,Bundaran HI,2023,11,19,46,6
75,202311,2023-11-20,2023-11-20,vi-SU,,52.0,75.0,43.0,15.0,39.0,24.0,SEDANG,DKI1 Bunderan HI,PM25,DKI1,Bundaran HI,2023,11,20,47,0
87,202311,2023-11-21,2023-11-21,vi-SU,,57.0,87.0,44.0,15.0,36.0,30.0,SEDANG,DKI1 Bunderan HI,PM25,DKI1,Bundaran HI,2023,11,21,47,1
69,202311,2023-11-22,2023-11-22,vi-SU,,50.0,69.0,42.0,13.0,43.0,30.0,SEDANG,DKI1 Bunderan HI,PM25,DKI1,Bundaran HI,2023,11,22,47,2
93,202311,2023-11-23,2023-11-23,vi-SU,,56.0,93.0,44.0,11.0,38.0,30.0,SEDANG,DKI1 Bunderan HI,PM25,DKI1,Bundaran HI,2023,11,23,47,3
101,202311,2023-11-24,2023-11-24,vi-SU,,70.0,101.0,44.0,11.0,33.0,38.0,TIDAK SEHAT,DKI1 Bunderan HI,PM25,DKI1,Bundaran HI,2023,11,24,47,4
83,202311,2023-11-25,2023-11-25,vi-SU,,65.0,83.0,43.0,14.0,4.0,29.0,SEDANG,DKI1 Bunderan HI,PM25,DKI1,Bundaran HI,2023,11,25,47,5
75,202311,2023-11-26,2023-11-26,vi-SU,,55.0,75.0,43.0,15.0,15.0,25.0,SEDANG,DKI1 Bunderan HI,PM25,DKI1,Bundaran HI,2023,11,26,47,6
76,202311,2023-11-27,2023-11-27,vi-SU,,58.0,76.0,43.0,14.0,31.0,26.0,SEDANG,DKI1 Bunderan HI,PM25,DKI1,Bundaran HI,2023,11,27,48,0
96,202311,2023-11-28,2023-11-28,vi-SU,,62.0,96.0,45.0,15.0,29.0,34.0,SEDANG,DKI1 Bunderan HI,PM25,DKI1,Bundaran HI,2023,11,28,48,1
82,202311,2023-11-29,2023-11-29,vi-SU,,58.0,82.0,44.0,11.0,31.0,26.0,SEDANG,DKI1 Bunderan HI,PM25,DKI1,Bundaran HI,2023,11,29,48,2
67,202311,2023-11-30,2023-11-30,vi-SU,,38.0,67.0,43.0,12.0,34.0,34.0,SEDANG,DKI1 Bunderan HI,PM25,DKI1,Bundaran HI,2023,11,30,48,3
88,202311,2023-11-01,2023-11-01,vi-SU,,70.0,88.0,25.0,10.0,33.0,34.0,SEDANG,DKI2 Kelapa Gading,PM25,DKI2,Kelapa Gading,2023,11,1,44,2
85,202311,2023-11-02,2023-11-02,vi-SU,,62.0,85.0,20.0,13.0,39.0,35.0,SEDANG,DKI2 Kelapa Gading,PM25,DKI2,Kelapa Gading,2023,11,2,44,3
98,202311,2023-11-03,2023-11-03,vi-SU,,69.0,98.0,22.0,15.0,32.0,45.0,SEDANG,DKI2 Kelapa Gading,PM25,DKI2,Kelapa Gading,2023,11,3,44,4
102,202311,2023-11-04,2023-11-04,vi-SU,,70.0,102.0,29.0,14.0,29.0,44.0,TIDAK SEHAT,DKI2 Kelapa Gading,PM25,DKI2,Kelapa Gading,2023,11,4,44,5
66,202311,2023-11-05,2023-11-05,vi-SU,,56.0,66.0,24.0,8.0,30.0,24.0,SEDANG,DKI2 Kelapa Gading,PM25,DKI2,Kelapa Gading,2023,11,5,44,6
77,202311,2023-11-06,2023-11-06,vi-SU,,60.0,77.0,20.0,15.0,23.0,32.0,SEDANG,DKI2 Kelapa Gading,PM25,DKI2,Kelapa Gading,2023,11,6,45,0
83,202311,2023-11-07,2023-11-07,vi-SU,,61.0,83.0,19.0,9.0,28.0,25.0,SEDANG,DKI2 Kelapa Gading,PM25,DKI2,Kelapa Gading,2023,11,7,45,1
75,202311,2023-11-08,2023-11-08,vi-SU,,56.0,75.0,18.0,6.0,33.0,19.0,SEDANG,DKI2 Kelapa Gading,PM25,DKI2,Kelapa Gading,2023,11,8,45,2
96,202311,2023-11-09,2023-11-09,vi-SU,,66.0,96.0,20.0,8.0,36.0,23.0,SEDANG,DKI2 Kelapa Gading,PM25,DKI2,Kelapa Gading,2023,11,9,45,3
104,202311,2023-11-10,2023-11-10,vi-SU,,74.0,104.0,22.0,11.0,36.0,32.0,TIDAK SEHAT,DKI2 Kelapa Gading,PM25,DKI2,Kelapa Gading,2023,11,10,45,4
89,202311,2023-11-11,2023-11-11,vi-SU,,67.0,89.0,19.0,9.0,42.0,29.0,SEDANG,DKI2 Kelapa Gading,PM25,DKI2,Kelapa Gading,2023,11,11,45,5
90,202311,2023-11-12,2023-11-12,vi-SU,,68.0,90.0,22.0,10.0,37.0,27.0,SEDANG,DKI2 Kelapa Gading,PM25,DKI2,Kelapa Gading,2023,11,12,45,6
94,202311,2023-11-13,2023-11-13,vi-SU,,72.0,94.0,24.0,12.0,29.0,33.0,SEDANG,DKI2 Kelapa Gading,PM25,DKI2,Kelapa Gading,2023,11,13,46,0
79,202311,2023-11-14,2023-11-14,vi-SU,,63.0,79.0,22.0,7.0,31.0,21.0,SEDANG,DKI2 Kelapa Gading,PM25,DKI2,Kelapa Gading,2023,11,14,46,1
67,202311,2023-11-15,2023-11-15,vi-SU,,50.0,67.0,22.0,8.0,32.0,24.0,SEDANG,DKI2 Kelapa Gading,PM25,DKI2,Kelapa Gading,2023,11,15,46,2
82,202311,2023-11-16,2023-11-16,vi-SU,,,82.0,,,,,SEDANG,DKI2 Kelapa Gading,PM25,DKI2,Kelapa Gading,2023,11,16,46,3
81,202311,2023-11-17,2023-11-17,vi-SU,,59.0,81.0,19.0,13.0,40.0,39.0,SEDANG,DKI2 Kelapa Gading,PM25,DKI2,Kelapa Gading,2023,11,17,46,4
73,202311,2023-11-18,2023-11-18,vi-SU,,54.0,73.0,18.0,9.0,35.0,31.0,SEDANG,DKI2 Kelapa Gading,PM25,DKI2,Kelapa Gading,2023,11,18,46,5
75,202311,2023-11-19,2023-11-19,vi-SU,,57.0,75.0,21.0,10.0,32.0,28.0,SEDANG,DKI2 Kelapa Gading,PM25,DKI2,Kelapa Gading,2023,11,19,46,6
68,202311,2023-11-20,2023-11-20,vi-SU,,52.0,68.0,21.0,5.0,36.0,18.0,SEDANG,DKI2 Kelapa Gading,PM25,DKI2,Kelapa Gading,2023,11,20,47,0
81,202311,2023-11-21,2023-11-21,vi-SU,,55.0,81.0,21.0,7.0,36.0,25.0,SEDANG,DKI2 Kelapa Gading,PM25,DKI2,Kelapa Gading,2023,11,21,47,1
63,202311,2023-11-22,2023-11-22,vi-SU,,50.0,63.0,19.0,7.0,46.0,23.0,SEDANG,DKI2 Kelapa Gading,PM25,DKI2,Kelapa Gading,2023,11,22,47,2
84,202311,2023-11-23,2023-11-23,vi-SU,,59.0,84.0,32.0,8.0,36.0,27.0,SEDANG,DKI2 Kelapa Gading,PM25,DKI2,Kelapa Gading,2023,11,23,47,3
99,202311,2023-11-24,2023-11-24,vi-SU,,72.0,99.0,33.0,14.0,29.0,47.0,SEDANG,DKI2 Kelapa Gading,PM25,DKI2,Kelapa Gading,2023,11,24,47,4
72,202311,2023-11-25,2023-11-25,vi-SU,,60.0,72.0,33.0,13.0,19.0,37.0,SEDANG,DKI2 Kelapa Gading,PM25,DKI2,Kelapa Gading,2023,11,25,47,5
68,202311,2023-11-26,2023-11-26,vi-SU,,52.0,68.0,32.0,15.0,24.0,33.0,SEDANG,DKI2 Kelapa Gading,PM25,DKI2,Kelapa Gading,2023,11,26,47,6
68,202311,2023-11-27,2023-11-27,vi-SU,,56.0,68.0,33.0,6.0,34.0,23.0,SEDANG,DKI2 Kelapa Gading,PM25,DKI2,Kelapa Gading,2023,11,27,48,0
73,202311,2023-11-28,2023-11-28,vi-SU,,54.0,73.0,32.0,10.0,26.0,31.0,SEDANG,DKI2 Kelapa Gading,PM25,DKI2,Kelapa Gading,2023,11,28,48,1
78,202311,2023-11-29,2023-11-29,vi-SU,,62.0,78.0,36.0,7.0,28.0,24.0,SEDANG,DKI2 Kelapa Gading,PM25,DKI2,Kelapa Gading,2023,11,29,48,2
59,202311,2023-11-30,2023-11-30,vi-SU,,38.0,59.0,32.0,8.0,33.0,26.0,SEDANG,DKI2 Kelapa Gading,PM25,DKI2,Kelapa Gading,2023,11,30,48,3
70,202311,2023-11-01,2023-11-01,vi-SU,,59.0,70.0,55.0,2.0,33.0,3.0,SEDANG,DKI3 Jagakarsa,PM25,DKI3,Jagakarsa,2023,11,1,44,2
68,202311,2023-11-02,2023-11-02,vi-SU,,55.0,68.0,55.0,1.0,33.0,4.0,SEDANG,DKI3 Jagakarsa,PM25,DKI3,Jagakarsa,2023,11,2,44,3
72,202311,2023-11-03,2023-11-03,vi-SU,,63.0,72.0,55.0,1.0,35.0,4.0,SEDANG,DKI3 Jagakarsa,PM25,DKI3,Jagakarsa,2023,11,3,44,4
75,202311,2023-11-04,2023-11-04,vi-SU,,63.0,75.0,55.0,2.0,31.0,6.0,SEDANG,DKI3 Jagakarsa,PM25,DKI3,Jagakarsa,2023,11,4,44,5
54,202311,2023-11-05,2023-11-05,vi-SU,,45.0,51.0,54.0,2.0,22.0,2.0,SEDANG,DKI3 Jagakarsa,SO2,DKI3,Jagakarsa,2023,11,5,44,6
60,202311,2023-11-06,2023-11-06,vi-SU,,44.0,60.0,54.0,,17.0,5.0,SEDANG,DKI3 Jagakarsa,PM25,DKI3,Jagakarsa,2023,11,6,45,0
84,202311,2023-11-07,2023-11-07,vi-SU,,68.0,84.0,54.0,,28.0,4.0,SEDANG,DKI3 Jagakarsa,PM25,DKI3,Jagakarsa,2023,11,7,45,1
75,202311,2023-11-08,2023-11-08,vi-SU,,64.0,75.0,55.0,11.0,26.0,5.0,SEDANG,DKI3 Jagakarsa,PM25,DKI3,Jagakarsa,2023,11,8,45,2
72,202311,2023-11-09,2023-11-09,vi-SU,,62.0,72.0,56.0,12.0,35.0,3.0,SEDANG,DKI3 Jagakarsa,PM25,DKI3,Jagakarsa,2023,11,9,45,3
70,202311,2023-11-10,2023-11-10,vi-SU,,63.0,70.0,55.0,12.0,35.0,5.0,SEDANG,DKI3 Jagakarsa,PM25,DKI3,Jagakarsa,2023,11,10,45,4
64,202311,2023-11-11,2023-11-11,vi-SU,,63.0,64.0,54.0,10.0,26.0,8.0,SEDANG,DKI3 Jagakarsa,PM25,DKI3,Jagakarsa,2023,11,11,45,5
56,202311,2023-11-12,2023-11-12,vi-SU,,53.0,56.0,53.0,12.0,30.0,6.0,SEDANG,DKI3 Jagakarsa,PM25,DKI3,Jagakarsa,2023,11,12,45,6
59,202311,2023-11-13,2023-11-13,vi-SU,,52.0,59.0,54.0,13.0,27.0,10.0,SEDANG,DKI3 Jagakarsa,PM25,DKI3,Jagakarsa,2023,11,13,46,0
64,202311,2023-11-14,2023-11-14,vi-SU,,52.0,64.0,55.0,12.0,27.0,9.0,SEDANG,DKI3 Jagakarsa,PM25,DKI3,Jagakarsa,2023,11,14,46,1
62,202311,2023-11-15,2023-11-15,vi-SU,,41.0,62.0,55.0,12.0,25.0,7.0,SEDANG,DKI3 Jagakarsa,PM25,DKI3,Jagakarsa,2023,11,15,46,2
78,202311,2023-11-16,2023-11-16,vi-SU,,52.0,78.0,56.0,13.0,31.0,12.0,SEDANG,DKI3 Jagakarsa,PM25,DKI3,Jagakarsa,2023,11,16,46,3
72,202311,2023-11-17,2023-11-17,vi-SU,,51.0,72.0,55.0,14.0,32.0,12.0,SEDANG,DKI3 Jagakarsa,PM25,DKI3,Jagakarsa,2023,11,17,46,4
76,202311,2023-11-18,2023-11-18,vi-SU,,51.0,76.0,55.0,12.0,23.0,10.0,SEDANG,DKI3 Jagakarsa,PM25,DKI3,Jagakarsa,2023,11,18,46,5
68,202311,2023-11-19,2023-11-19,vi-SU,,45.0,68.0,55.0,13.0,27.0,10.0,SEDANG,DKI3 Jagakarsa,PM25,DKI3,Jagakarsa,2023,11,19,46,6
66,202311,2023-11-20,2023-11-20,vi-SU,,48.0,66.0,55.0,11.0,29.0,8.0,SEDANG,DKI3 Jagakarsa,PM25,DKI3,Jagakarsa,2023,11,20,47,0
73,202311,2023-11-21,2023-11-21,vi-SU,,50.0,73.0,55.0,12.0,25.0,13.0,SEDANG,DKI3 Jagakarsa,PM25,DKI3,Jagakarsa,2023,11,21,47,1
63,202311,2023-11-22,2023-11-22,vi-SU,,44.0,63.0,55.0,13.0,32.0,10.0,SEDANG,DKI3 Jagakarsa,PM25,DKI3,Jagakarsa,2023,11,22,47,2
82,202311,2023-11-23,2023-11-23,vi-SU,,51.0,82.0,56.0,14.0,31.0,16.0,SEDANG,DKI3 Jagakarsa,PM25,DKI3,Jagakarsa,2023,11,23,47,3
101,202311,2023-11-24,2023-11-24,vi-SU,,66.0,101.0,55.0,12.0,22.0,21.0,TIDAK SEHAT,DKI3 Jagakarsa,PM25,DKI3,Jagakarsa,2023,11,24,47,4
75,202311,2023-11-25,2023-11-25,vi-SU,,56.0,75.0,56.0,12.0,16.0,15.0,SEDANG,DKI3 Jagakarsa,PM25,DKI3,Jagakarsa,2023,11,25,47,5
62,202311,2023-11-26,2023-11-26,vi-SU,,46.0,62.0,56.0,13.0,19.0,16.0,SEDANG,DKI3 Jagakarsa,PM25,DKI3,Jagakarsa,2023,11,26,47,6
77,202311,2023-11-27,2023-11-27,vi-SU,,54.0,77.0,56.0,13.0,27.0,16.0,SEDANG,DKI3 Jagakarsa,PM25,DKI3,Jagakarsa,2023,11,27,48,0
80,202311,2023-11-28,2023-11-28,vi-SU,,55.0,80.0,57.0,13.0,24.0,14.0,SEDANG,DKI3 Jagakarsa,PM25,DKI3,Jagakarsa,2023,11,28,48,1
56,202311,2023-11-29,2023-11-29,vi-SU,,56.0,44.0,56.0,13.0,18.0,12.0,SEDANG,DKI3 Jagakarsa,PM10,DKI3,Jagakarsa,2023,11,29,48,2
55,202311,2023-11-30,2023-11-30,vi-SU,,37.0,43.0,55.0,13.0,21.0,8.0,SEDANG,DKI3 Jagakarsa,SO2,DKI3,Jagakarsa,2023,11,30,48,3
104,202311,2023-11-01,2023-11-01,vi-SU,,80.0,104.0,34.0,24.0,24.0,27.0,TIDAK SEHAT,DKI4 Lubang Buaya,PM25,DKI4,Lubang Buaya,2023,11,1,44,2
109,202311,2023-11-02,2023-11-02,vi-SU,,80.0,109.0,29.0,31.0,27.0,26.0,TIDAK SEHAT,DKI4 Lubang Buaya,PM25,DKI4,Lubang Buaya,2023,11,2,44,3
108,202311,2023-11-03,2023-11-03,vi-SU,,82.0,108.0,29.0,,24.0,28.0,TIDAK SEHAT,DKI4 Lubang Buaya,PM25,DKI4,Lubang Buaya,2023,11,3,44,4
124,202311,2023-11-04,2023-11-04,vi-SU,,89.0,124.0,30.0,,19.0,27.0,TIDAK SEHAT,DKI4 Lubang Buaya,PM25,DKI4,Lubang Buaya,2023,11,4,44,5
129,202310,2023-10-17,2023-10-17,vi-SU,,81.0,129.0,29.0,18.0,24.0,14.0,TIDAK SEHAT,DKI4 Lubang Buaya,PM25,DKI4,Lubang Buaya,2023,10,17,42,1
122,202310,2023-10-18,2023-10-18,vi-SU,,88.0,122.0,29.0,25.0,24.0,21.0,TIDAK SEHAT,DKI4 Lubang Buaya,PM25,DKI4,Lubang Buaya,2023,10,18,42,2
116,202310,2023-10-19,2023-10-19,vi-SU,,82.0,116.0,30.0,19.0,23.0,14.0,TIDAK SEHAT,DKI4 Lubang Buaya,PM25,DKI4,Lubang Buaya,2023,10,19,42,3
106,202310,2023-10-20,2023-10-20,vi-SU,,75.0,106.0,29.0,16.0,23.0,10.0,TIDAK SEHAT,DKI4 Lubang Buaya,PM25,DKI4,Lubang Buaya,2023,10,20,42,4
109,202310,2023-10-21,2023-10-21,vi-SU,,77.0,109.0,30.0,24.0,19.0,21.0,TIDAK SEHAT,DKI4 Lubang Buaya,PM25,DKI4,Lubang Buaya,2023,10,21,42,5
114,202310,2023-10-22,2023-10-22,vi-SU,,77.0,114.0,29.0,26.0,23.0,20.0,TIDAK SEHAT,DKI4 Lubang Buaya,PM25,DKI4,Lubang Buaya,2023,10,22,42,6
133,202310,2023-10-23,2023-10-23,vi-SU,,86.0,133.0,29.0,20.0,22.0,16.0,TIDAK SEHAT,DKI4 Lubang Buaya,PM25,DKI4,Lubang Buaya,2023,10,23,43,0
107,202310,2023-10-24,2023-10-24,vi-SU,,75.0,107.0,29.0,20.0,27.0,17.0,TIDAK SEHAT,DKI4 Lubang Buaya,PM25,DKI4,Lubang Buaya,2023,10,24,43,1
103,202310,2023-10-25,2023-10-25,vi-SU,,61.0,103.0,28.0,20.0,34.0,17.0,TIDAK SEHAT,DKI4 Lubang Buaya,PM25,DKI4,Lubang Buaya,2023,10,25,43,2
114,202310,2023-10-26,2023-10-26,vi-SU,,82.0,114.0,30.0,29.0,26.0,22.0,TIDAK SEHAT,DKI4 Lubang Buaya,PM25,DKI4,Lubang Buaya,2023,10,26,43,3
116,202310,2023-10-27,2023-10-27,vi-SU,,83.0,116.0,30.0,27.0,27.0,23.0,TIDAK SEHAT,DKI4 Lubang Buaya,PM25,DKI4,Lubang Buaya,2023,10,27,43,4
122,202310,2023-10-28,2023-10-28,vi-SU,,81.0,122.0,29.0,26.0,22.0,22.0,TIDAK SEHAT,DKI4 Lubang Buaya,PM25,DKI4,Lubang Buaya,2023,10,28,43,5
150,202310,2023-10-29,2023-10-29,vi-SU,,,,30.0,20.0,25.0,16.0,TIDAK SEHAT,DKI4 Lubang Buaya,PM25,DKI4,Lubang Buaya,2023,10,29,43,6
108,202310,2023-10-30,2023-10-30,vi-SU,,92.0,108.0,32.0,22.0,28.0,20.0,TIDAK SEHAT,DKI4 Lubang Buaya,PM25,DKI4,Lubang Buaya,2023,10,30,44,0
108,202310,2023-10-31,2023-10-31,vi-SU,,81.0,108.0,29.0,22.0,33.0,20.0,TIDAK SEHAT,DKI4 Lubang Buaya,PM25,DKI4,Lubang Buaya,2023,10,31,44,1
86,202310,2023-10-01,2023-10-01,vi-SU,,61.0,86.0,27.0,18.0,,15.0,SEDANG,DKI5 Kebon Jeruk,PM25,DKI5,Kebon Jeruk,2023,10,1,39,6
75,202310,2023-10-02,2023-10-02,vi-SU,,,75.0,30.0,17.0,58.0,16.0,SEDANG,DKI5 Kebon Jeruk,PM25,DKI5,Kebon Jeruk,2023,10,2,40,0
65,202310,2023-10-03,2023-10-03,vi-SU,,23.0,65.0,28.0,15.0,55.0,11.0,SEDANG,DKI5 Kebon Jeruk,PM25,DKI5,Kebon Jeruk,2023,10,3,40,1
69,202310,2023-10-04,2023-10-04,vi-SU,,15.0,69.0,29.0,17.0,52.0,18.0,SEDANG,DKI5 Kebon Jeruk,PM25,DKI5,Kebon Jeruk,2023,10,4,40,2
65,202310,2023-10-05,2023-10-05,vi-SU,,14.0,65.0,29.0,16.0,57.0,15.0,SEDANG,DKI5 Kebon Jeruk,PM25,DKI5,Kebon Jeruk,2023,10,5,40,3
74,202310,2023-10-06,2023-10-06,vi-SU,,15.0,74.0,28.0,17.0,56.0,19.0,SEDANG,DKI5 Kebon Jeruk,PM25,DKI5,Kebon Jeruk,2023,10,6,40,4
85,202310,2023-10-07,2023-10-07,vi-SU,,,85.0,28.0,19.0,55.0,24.0,SEDANG,DKI5 Kebon Jeruk,PM25,DKI5,Kebon Jeruk,2023,10,7,40,5
79,202310,2023-10-08,2023-10-08,vi-SU,,,79.0,30.0,18.0,55.0,18.0,SEDANG,DKI5 Kebon Jeruk,PM25,DKI5,Kebon Jeruk,2023,10,8,40,6
81,202310,2023-10-09,2023-10-09,vi-SU,,,81.0,29.0,18.0,47.0,16.0,SEDANG,DKI5 Kebon Jeruk,PM25,DKI5,Kebon Jeruk,2023,10,9,41,0
61,202310,2023-10-10,2023-10-10,vi-SU,,,61.0,31.0,14.0,49.0,17.0,SEDANG,DKI5 Kebon Jeruk,PM25,DKI5,Kebon Jeruk,2023,10,10,41,1
63,202310,2023-10-11,2023-10-11,vi-SU,,,63.0,29.0,15.0,52.0,15.0,SEDANG,DKI5 Kebon Jeruk,PM25,DKI5,Kebon Jeruk,2023,10,11,41,2
75,202310,2023-10-12,2023-10-12,vi-SU,,59.0,75.0,28.0,17.0,58.0,16.0,SEDANG,DKI5 Kebon Jeruk,PM25,DKI5,Kebon Jeruk,2023,10,12,41,3
75,202310,2023-10-13,2023-10-13,vi-SU,,59.0,75.0,29.0,15.0,,14.0,SEDANG,DKI5 Kebon Jeruk,PM25,DKI5,Kebon Jeruk,2023,10,13,41,4
77,202310,2023-10-14,2023-10-14,vi-SU,,59.0,77.0,29.0,17.0,55.0,16.0,SEDANG,DKI5 Kebon Jeruk,PM25,DKI5,Kebon Jeruk,2023,10,14,41,5
67,202310,2023-10-15,2023-10-15,vi-SU,,56.0,67.0,29.0,16.0,48.0,15.0,SEDANG,DKI5 Kebon Jeruk,PM25,DKI5,Kebon Jeruk,2023,10,15,41,6
70,202310,2023-10-16,2023-10-16,vi-SU,,54.0,70.0,30.0,16.0,56.0,16.0,SEDANG,DKI5 Kebon Jeruk,PM25,DKI5,Kebon Jeruk,2023,10,16,42,0
87,202310,2023-10-17,2023-10-17,vi-SU,,69.0,87.0,30.0,18.0,59.0,18.0,SEDANG,DKI5 Kebon Jeruk,PM25,DKI5,Kebon Jeruk,2023,10,17,42,1
85,202310,2023-10-18,2023-10-18,vi-SU,,65.0,85.0,30.0,19.0,57.0,20.0,SEDANG,DKI5 Kebon Jeruk,PM25,DKI5,Kebon Jeruk,2023,10,18,42,2
69,202310,2023-10-19,2023-10-19,vi-SU,,59.0,69.0,32.0,16.0,56.0,16.0,SEDANG,DKI5 Kebon Jeruk,PM25,DKI5,Kebon Jeruk,2023,10,19,42,3
58,202310,2023-10-20,2023-10-20,vi-SU,,45.0,58.0,31.0,14.0,56.0,14.0,SEDANG,DKI5 Kebon Jeruk,PM25,DKI5,Kebon Jeruk,2023,10,20,42,4
74,202310,2023-10-21,2023-10-21,vi-SU,,62.0,74.0,30.0,22.0,48.0,22.0,SEDANG,DKI5 Kebon Jeruk,PM25,DKI5,Kebon Jeruk,2023,10,21,42,5
76,202310,2023-10-22,2023-10-22,vi-SU,,62.0,76.0,30.0,19.0,,16.0,SEDANG,DKI5 Kebon Jeruk,PM25,DKI5,Kebon Jeruk,2023,10,22,42,6
73,202310,2023-10-23,2023-10-23,vi-SU,,62.0,73.0,30.0,17.0,,15.0,SEDANG,DKI5 Kebon Jeruk,PM25,DKI5,Kebon Jeruk,2023,10,23,43,0
80,202310,2023-10-24,2023-10-24,vi-SU,,64.0,80.0,31.0,20.0,49.0,22.0,SEDANG,DKI5 Kebon Jeruk,PM25,DKI5,Kebon Jeruk,2023,10,24,43,1
67,202310,2023-10-25,2023-10-25,vi-SU,,56.0,67.0,30.0,19.0,,22.0,SEDANG,DKI5 Kebon Jeruk,PM25,DKI5,Kebon Jeruk,2023,10,25,43,2
83,202310,2023-10-26,2023-10-26,vi-SU,,67.0,83.0,31.0,25.0,57.0,28.0,SEDANG,DKI5 Kebon Jeruk,PM25,DKI5,Kebon Jeruk,2023,10,26,43,3
82,202310,2023-10-27,2023-10-27,vi-SU,,65.0,82.0,29.0,20.0,55.0,21.0,SEDANG,DKI5 Kebon Jeruk,PM25,DKI5,Kebon Jeruk,2023,10,27,43,4
74,202310,2023-10-28,2023-10-28,vi-SU,,62.0,74.0,30.0,17.0,53.0,19.0,SEDANG,DKI5 Kebon Jeruk,PM25,DKI5,Kebon Jeruk,2023,10,28,43,5
70,202310,2023-10-29,2023-10-29,vi-SU,,57.0,70.0,31.0,17.0,54.0,16.0,SEDANG,DKI5 Kebon Jeruk,PM25,DKI5,Kebon Jeruk,2023,10,29,43,6
69,202310,2023-10-30,2023-10-30,vi-SU,,56.0,69.0,30.0,17.0,58.0,15.0,SEDANG,DKI5 Kebon Jeruk,PM25,DKI5,Kebon Jeruk,2023,10,30,44,0
64,202310,2023-10-31,2023-10-31,vi-SU,,64.0,,31.0,17.0,,17.0,SEDANG,DKI5 Kebon Jeruk,PM10,DKI5,Kebon Jeruk,2023,10,31,44,1
74,202311,2023-11-05,2023-11-05,vi-SU,,59.0,74.0,28.0,22.0,15.0,16.0,SEDANG,DKI4 Lubang Buaya,PM25,DKI4,Lubang Buaya,2023,11,5,44,6
92,202311,2023-11-06,2023-11-06,vi-SU,,67.0,92.0,30.0,,,19.0,SEDANG,DKI4 Lubang Buaya,PM25,DKI4,Lubang Buaya,2023,11,6,45,0
107,202311,2023-11-07,2023-11-07,vi-SU,,71.0,107.0,29.0,26.0,18.0,19.0,TIDAK SEHAT,DKI4 Lubang Buaya,PM25,DKI4,Lubang Buaya,2023,11,7,45,1
92,202311,2023-11-08,2023-11-08,vi-SU,,66.0,92.0,29.0,21.0,18.0,18.0,SEDANG,DKI4 Lubang Buaya,PM25,DKI4,Lubang Buaya,2023,11,8,45,2
109,202311,2023-11-09,2023-11-09,vi-SU,,73.0,109.0,30.0,20.0,24.0,19.0,TIDAK SEHAT,DKI4 Lubang Buaya,PM25,DKI4,Lubang Buaya,2023,11,9,45,3
109,202311,2023-11-10,2023-11-10,vi-SU,,78.0,109.0,30.0,27.0,27.0,24.0,TIDAK SEHAT,DKI4 Lubang Buaya,PM25,DKI4,Lubang Buaya,2023,11,10,45,4
90,202311,2023-11-11,2023-11-11,vi-SU,,67.0,90.0,28.0,23.0,24.0,17.0,SEDANG,DKI4 Lubang Buaya,PM25,DKI4,Lubang Buaya,2023,11,11,45,5
93,202311,2023-11-12,2023-11-12,vi-SU,,65.0,93.0,30.0,21.0,23.0,15.0,SEDANG,DKI4 Lubang Buaya,PM25,DKI4,Lubang Buaya,2023,11,12,45,6
109,202311,2023-11-14,2023-11-14,vi-SU,,75.0,109.0,30.0,22.0,19.0,16.0,TIDAK SEHAT,DKI4 Lubang Buaya,PM25,DKI4,Lubang Buaya,2023,11,14,46,1
79,202311,2023-11-15,2023-11-15,vi-SU,,55.0,79.0,29.0,20.0,15.0,15.0,SEDANG,DKI4 Lubang Buaya,PM25,DKI4,Lubang Buaya,2023,11,15,46,2
95,202311,2023-11-16,2023-11-16,vi-SU,,63.0,95.0,30.0,25.0,21.0,26.0,SEDANG,DKI4 Lubang Buaya,PM25,DKI4,Lubang Buaya,2023,11,16,46,3
87,202311,2023-11-17,2023-11-17,vi-SU,,65.0,87.0,30.0,27.0,25.0,28.0,SEDANG,DKI4 Lubang Buaya,PM25,DKI4,Lubang Buaya,2023,11,17,46,4
60,202311,2023-11-18,2023-11-18,vi-SU,,60.0,,31.0,22.0,14.0,27.0,SEDANG,DKI4 Lubang Buaya,PM10,DKI4,Lubang Buaya,2023,11,18,46,5
56,202311,2023-11-19,2023-11-19,vi-SU,,56.0,,29.0,22.0,20.0,18.0,SEDANG,DKI4 Lubang Buaya,PM10,DKI4,Lubang Buaya,2023,11,19,46,6
63,202311,2023-11-20,2023-11-20,vi-SU,,63.0,,30.0,14.0,22.0,12.0,SEDANG,DKI4 Lubang Buaya,PM10,DKI4,Lubang Buaya,2023,11,20,47,0
89,202311,2023-11-21,2023-11-21,vi-SU,,59.0,89.0,30.0,18.0,19.0,18.0,SEDANG,DKI4 Lubang Buaya,PM25,DKI4,Lubang Buaya,2023,11,21,47,1
74,202311,2023-11-22,2023-11-22,vi-SU,,58.0,74.0,30.0,19.0,24.0,19.0,SEDANG,DKI4 Lubang Buaya,PM25,DKI4,Lubang Buaya,2023,11,22,47,2
75,202311,2023-11-23,2023-11-23,vi-SU,,67.0,75.0,31.0,21.0,21.0,22.0,SEDANG,DKI4 Lubang Buaya,PM25,DKI4,Lubang Buaya,2023,11,23,47,3
83,202311,2023-11-24,2023-11-24,vi-SU,,83.0,82.0,29.0,,20.0,29.0,SEDANG,DKI4 Lubang Buaya,PM10,DKI4,Lubang Buaya,2023,11,24,47,4
63,202311,2023-11-25,2023-11-25,vi-SU,,63.0,54.0,29.0,25.0,15.0,21.0,SEDANG,DKI4 Lubang Buaya,PM10,DKI4,Lubang Buaya,2023,11,25,47,5
55,202311,2023-11-26,2023-11-26,vi-SU,,55.0,33.0,30.0,28.0,17.0,19.0,SEDANG,DKI4 Lubang Buaya,PM10,DKI4,Lubang Buaya,2023,11,26,47,6
67,202311,2023-11-27,2023-11-27,vi-SU,,67.0,57.0,31.0,19.0,24.0,20.0,SEDANG,DKI4 Lubang Buaya,PM10,DKI4,Lubang Buaya,2023,11,27,48,0
60,202311,2023-11-28,2023-11-28,vi-SU,,60.0,,30.0,22.0,17.0,23.0,SEDANG,DKI4 Lubang Buaya,PM10,DKI4,Lubang Buaya,2023,11,28,48,1
105,202311,2023-11-29,2023-11-29,vi-SU,,71.0,105.0,30.0,19.0,22.0,14.0,TIDAK SEHAT,DKI4 Lubang Buaya,PM25,DKI4,Lubang Buaya,2023,11,29,48,2
67,202311,2023-11-30,2023-11-30,vi-SU,,46.0,67.0,29.0,18.0,23.0,17.0,SEDANG,DKI4 Lubang Buaya,PM25,DKI4,Lubang Buaya,2023,11,30,48,3
101,202311,2023-11-01,2023-11-01,vi-SU,,59.0,101.0,31.0,20.0,52.0,21.0,TIDAK SEHAT,DKI5 Kebon Jeruk,PM25,DKI5,Kebon Jeruk,2023,11,1,44,2
100,202311,2023-11-02,2023-11-02,vi-SU,,59.0,100.0,31.0,22.0,54.0,23.0,SEDANG,DKI5 Kebon Jeruk,PM25,DKI5,Kebon Jeruk,2023,11,2,44,3
101,202311,2023-11-03,2023-11-03,vi-SU,,59.0,101.0,32.0,22.0,49.0,22.0,TIDAK SEHAT,DKI5 Kebon Jeruk,PM25,DKI5,Kebon Jeruk,2023,11,3,44,4
102,202311,2023-11-04,2023-11-04,vi-SU,,64.0,102.0,33.0,25.0,43.0,28.0,TIDAK SEHAT,DKI5 Kebon Jeruk,PM25,DKI5,Kebon Jeruk,2023,11,4,44,5
68,202311,2023-11-05,2023-11-05,vi-SU,,46.0,68.0,31.0,19.0,40.0,20.0,SEDANG,DKI5 Kebon Jeruk,PM25,DKI5,Kebon Jeruk,2023,11,5,44,6
86,202311,2023-11-06,2023-11-06,vi-SU,,53.0,86.0,31.0,24.0,33.0,22.0,SEDANG,DKI5 Kebon Jeruk,PM25,DKI5,Kebon Jeruk,2023,11,6,45,0
88,202311,2023-11-07,2023-11-07,vi-SU,,54.0,88.0,33.0,18.0,40.0,18.0,SEDANG,DKI5 Kebon Jeruk,PM25,DKI5,Kebon Jeruk,2023,11,7,45,1
80,202311,2023-11-08,2023-11-08,vi-SU,,51.0,80.0,31.0,15.0,42.0,11.0,SEDANG,DKI5 Kebon Jeruk,PM25,DKI5,Kebon Jeruk,2023,11,8,45,2
89,202311,2023-11-09,2023-11-09,vi-SU,,55.0,89.0,33.0,16.0,51.0,14.0,SEDANG,DKI5 Kebon Jeruk,PM25,DKI5,Kebon Jeruk,2023,11,9,45,3
93,202311,2023-11-10,2023-11-10,vi-SU,,58.0,93.0,33.0,17.0,60.0,15.0,SEDANG,DKI5 Kebon Jeruk,PM25,DKI5,Kebon Jeruk,2023,11,10,45,4
91,202311,2023-11-11,2023-11-11,vi-SU,,58.0,91.0,32.0,18.0,57.0,17.0,SEDANG,DKI5 Kebon Jeruk,PM25,DKI5,Kebon Jeruk,2023,11,11,45,5
79,202311,2023-11-12,2023-11-12,vi-SU,,52.0,79.0,31.0,17.0,45.0,14.0,SEDANG,DKI5 Kebon Jeruk,PM25,DKI5,Kebon Jeruk,2023,11,12,45,6
85,202311,2023-11-13,2023-11-13,vi-SU,,53.0,85.0,32.0,21.0,38.0,17.0,SEDANG,DKI5 Kebon Jeruk,PM25,DKI5,Kebon Jeruk,2023,11,13,46,0
78,202311,2023-11-14,2023-11-14,vi-SU,,51.0,78.0,31.0,17.0,41.0,16.0,SEDANG,DKI5 Kebon Jeruk,PM25,DKI5,Kebon Jeruk,2023,11,14,46,1
64,202311,2023-11-15,2023-11-15,vi-SU,,39.0,64.0,31.0,18.0,49.0,16.0,SEDANG,DKI5 Kebon Jeruk,PM25,DKI5,Kebon Jeruk,2023,11,15,46,2
78,202311,2023-11-16,2023-11-16,vi-SU,,51.0,78.0,33.0,19.0,52.0,19.0,SEDANG,DKI5 Kebon Jeruk,PM25,DKI5,Kebon Jeruk,2023,11,16,46,3
78,202311,2023-11-17,2023-11-17,vi-SU,,52.0,78.0,31.0,19.0,50.0,17.0,SEDANG,DKI5 Kebon Jeruk,PM25,DKI5,Kebon Jeruk,2023,11,17,46,4
82,202311,2023-11-18,2023-11-18,vi-SU,,54.0,82.0,31.0,18.0,49.0,16.0,SEDANG,DKI5 Kebon Jeruk,PM25,DKI5,Kebon Jeruk,2023,11,18,46,5
72,202311,2023-11-19,2023-11-19,vi-SU,,47.0,72.0,31.0,19.0,51.0,17.0,SEDANG,DKI5 Kebon Jeruk,PM25,DKI5,Kebon Jeruk,2023,11,19,46,6
81,202311,2023-11-20,2023-11-20,vi-SU,,46.0,71.0,30.0,13.0,,12.0,SEDANG,DKI5 Kebon Jeruk,O3,DKI5,Kebon Jeruk,2023,11,20,47,0
83,202311,2023-11-21,2023-11-21,vi-SU,,53.0,83.0,32.0,15.0,,15.0,SEDANG,DKI5 Kebon Jeruk,PM25,DKI5,Kebon Jeruk,2023,11,21,47,1
71,202311,2023-11-22,2023-11-22,vi-SU,,40.0,67.0,31.0,14.0,,10.0,SEDANG,DKI5 Kebon Jeruk,O3,DKI5,Kebon Jeruk,2023,11,22,47,2
85,202311,2023-11-23,2023-11-23,vi-SU,,52.0,85.0,34.0,16.0,,16.0,SEDANG,DKI5 Kebon Jeruk,PM25,DKI5,Kebon Jeruk,2023,11,23,47,3
112,202311,2023-11-24,2023-11-24,vi-SU,,71.0,112.0,36.0,23.0,54.0,26.0,TIDAK SEHAT,DKI5 Kebon Jeruk,PM25,DKI5,Kebon Jeruk,2023,11,24,47,4
101,202311,2023-11-25,2023-11-25,vi-SU,,63.0,101.0,33.0,20.0,49.0,22.0,TIDAK SEHAT,DKI5 Kebon Jeruk,PM25,DKI5,Kebon Jeruk,2023,11,25,47,5
71,202311,2023-11-26,2023-11-26,vi-SU,,48.0,71.0,33.0,21.0,44.0,20.0,SEDANG,DKI5 Kebon Jeruk,PM25,DKI5,Kebon Jeruk,2023,11,26,47,6
76,202311,2023-11-27,2023-11-27,vi-SU,,51.0,76.0,32.0,18.0,53.0,19.0,SEDANG,DKI5 Kebon Jeruk,PM25,DKI5,Kebon Jeruk,2023,11,27,48,0
88,202311,2023-11-28,2023-11-28,vi-SU,,56.0,88.0,33.0,20.0,48.0,21.0,SEDANG,DKI5 Kebon Jeruk,PM25,DKI5,Kebon Jeruk,2023,11,28,48,1
88,202311,2023-11-29,2023-11-29,vi-SU,,56.0,88.0,32.0,18.0,56.0,18.0,SEDANG,DKI5 Kebon Jeruk,PM25,DKI5,Kebon Jeruk,2023,11,29,48,2
61,202311,2023-11-30,2023-11-30,vi-SU,,30.0,57.0,32.0,15.0,,17.0,SEDANG,DKI5 Kebon Jeruk,O3,DKI5,Kebon Jeruk,2023,11,30,48,3
79.0,202401,21,2024-01-21,0I834,1.0,51.0,65.0,45.0,9.0,8.0,,SEDANG,DKI3  Jagakarsa,,DKI3,Jagakarsa,2024,1,21,3,6
56.0,202401,22,2024-01-22,0I834,1.0,27.0,34.0,45.0,5.0,8.0,,SEDANG,DKI3  Jagakarsa,,DKI3,Jagakarsa,2024,1,22,4,0
52.0,202401,23,2024-01-23,0I834,1.0,,52.0,46.0,6.0,9.0,51.0,SEDANG,DKI3  Jagakarsa,PM25,DKI3,Jagakarsa,2024,1,23,4,1
65.0,202401,24,2024-01-24,0I834,1.0,46.0,65.0,46.0,8.0,9.0,38.0,SEDANG,DKI3  Jagakarsa,PM25,DKI3,Jagakarsa,2024,1,24,4,2
55.0,202401,25,2024-01-25,0I834,1.0,37.0,55.0,47.0,7.0,11.0,28.0,SEDANG,DKI3  Jagakarsa,PM25,DKI3,Jagakarsa,2024,1,25,4,3
62.0,202401,26,2024-01-26,0I834,1.0,43.0,62.0,50.0,7.0,15.0,14.0,SEDANG,DKI3  Jagakarsa,PM25,DKI3,Jagakarsa,2024,1,26,4,4
52.0,202401,27,2024-01-27,0I834,1.0,40.0,52.0,48.0,8.0,12.0,10.0,SEDANG,DKI3  Jagakarsa,PM25,DKI3,Jagakarsa,2024,1,27,4,5
62.0,202401,28,2024-01-28,0I834,1.0,40.0,62.0,48.0,12.0,12.0,18.0,SEDANG,DKI3  Jagakarsa,PM25,DKI3,Jagakarsa,2024,1,28,4,6
47.0,202401,29,2024-01-29,0I834,1.0,33.0,44.0,47.0,14.0,12.0,24.0,BAIK,DKI3  Jagakarsa,SO2,DKI3,Jagakarsa,2024,1,29,5,0
58.0,202401,30,2024-01-30,0I834,1.0,58.0,46.0,48.0,22.0,12.0,33.0,SEDANG,DKI3  Jagakarsa,PM10,DKI3,Jagakarsa,2024,1,30,5,1
47.0,202401,31,2024-01-31,0I834,1.0,37.0,47.0,7.0,26.0,17.0,17.0,BAIK,DKI3  Jagakarsa,PM25,DKI3,Jagakarsa,2024,1,31,5,2
96.0,202404,1,2024-04-01,0I834,4.0,63.0,96.0,11.0,26.0,27.0,52.0,SEDANG,DKI1  Bunderan HI,PM25,DKI1,Bundaran HI,2024,4,1,14,0
97.0,202404,2,2024-04-02,0I834,4.0,67.0,97.0,14.0,28.0,28.0,,SEDANG,DKI1  Bunderan HI,PM25,DKI1,Bundaran HI,2024,4,2,14,1
78.0,202404,3,2024-04-03,0I834,4.0,62.0,78.0,13.0,25.0,24.0,52.0,SEDANG,DKI1  Bunderan HI,PM25,DKI1,Bundaran HI,2024,4,3,14,2
63.0,202404,4,2024-04-04,0I834,4.0,48.0,63.0,12.0,30.0,24.0,51.0,SEDANG,DKI1  Bunderan HI,PM25,DKI1,Bundaran HI,2024,4,4,14,3
102.0,202404,5,2024-04-05,0I834,4.0,67.0,102.0,13.0,,26.0,,TIDAK SEHAT,DKI1  Bunderan HI,PM25,DKI1,Bundaran HI,2024,4,5,14,4
83.0,202404,6,2024-04-06,0I834,4.0,58.0,83.0,15.0,28.0,29.0,39.0,SEDANG,DKI1  Bunderan HI,PM25,DKI1,Bundaran HI,2024,4,6,14,5
68.0,202404,7,2024-04-07,0I834,4.0,48.0,68.0,12.0,22.0,36.0,34.0,SEDANG,DKI1  Bunderan HI,PM25,DKI1,Bundaran HI,2024,4,7,14,6
65.0,202404,8,2024-04-08,0I834,4.0,50.0,65.0,13.0,19.0,44.0,31.0,SEDANG,DKI1  Bunderan HI,PM25,DKI1,Bundaran HI,2024,4,8,15,0
62.0,202404,9,2024-04-09,0I834,4.0,40.0,62.0,15.0,20.0,34.0,24.0,SEDANG,DKI1  Bunderan HI,PM25,DKI1,Bundaran HI,2024,4,9,15,1
76.0,202404,10,2024-04-10,0I834,4.0,55.0,76.0,14.0,26.0,37.0,34.0,SEDANG,DKI1  Bunderan HI,PM25,DKI1,Bundaran HI,2024,4,10,15,2
54.0,202404,11,2024-04-11,0I834,4.0,40.0,54.0,10.0,18.0,31.0,26.0,SEDANG,DKI1  Bunderan HI,PM25,DKI1,Bundaran HI,2024,4,11,15,3
45.0,202404,12,2024-04-12,0I834,4.0,24.0,45.0,9.0,15.0,30.0,24.0,BAIK,DKI1  Bunderan HI,PM25,DKI1,Bundaran HI,2024,4,12,15,4
53.0,202404,13,2024-04-13,0I834,4.0,33.0,53.0,10.0,20.0,31.0,29.0,SEDANG,DKI1  Bunderan HI,PM25,DKI1,Bundaran HI,2024,4,13,15,5
47.0,202404,14,2024-04-14,0I834,4.0,27.0,47.0,9.0,17.0,34.0,23.0,BAIK,DKI1  Bunderan HI,PM25,DKI1,Bundaran HI,2024,4,14,15,6
46.0,202404,15,2024-04-15,0I834,4.0,27.0,46.0,9.0,19.0,27.0,25.0,BAIK,DKI1  Bunderan HI,PM25,DKI1,Bundaran HI,2024,4,15,16,0
52.0,202404,16,2024-04-16,0I834,4.0,32.0,52.0,13.0,17.0,25.0,20.0,SEDANG,DKI1  Bunderan HI,PM25,DKI1,Bundaran HI,2024,4,16,16,1
69.0,202404,17,2024-04-17,0I834,4.0,46.0,69.0,12.0,21.0,35.0,32.0,SEDANG,DKI1  Bunderan HI,PM25,DKI1,Bundaran HI,2024,4,17,16,2
60.0,202404,18,2024-04-18,0I834,4.0,44.0,60.0,11.0,24.0,33.0,37.0,SEDANG,DKI1  Bunderan HI,PM25,DKI1,Bundaran HI,2024,4,18,16,3
60.0,202404,19,2024-04-19,0I834,4.0,41.0,60.0,14.0,21.0,25.0,38.0,SEDANG,DKI1  Bunderan HI,PM25,DKI1,Bundaran HI,2024,4,19,16,4
77.0,202404,20,2024-04-20,0I834,4.0,57.0,77.0,20.0,22.0,24.0,33.0,SEDANG,DKI1  Bunderan HI,PM25,DKI1,Bundaran HI,2024,4,20,16,5
52.0,202404,21,2024-04-21,0I834,4.0,40.0,52.0,13.0,18.0,24.0,25.0,SEDANG,DKI1  Bunderan HI,PM25,DKI1,Bundaran HI,2024,4,21,16,6
71.0,202404,22,2024-04-22,0I834,4.0,53.0,71.0,13.0,22.0,23.0,40.0,SEDANG,DKI1  Bunderan HI,PM25,DKI1,Bundaran HI,2024,4,22,17,0
70.0,202404,23,2024-04-23,0I834,4.0,52.0,70.0,14.0,25.0,17.0,41.0,SEDANG,DKI1  Bunderan HI,PM25,DKI1,Bundaran HI,2024,4,23,17,1
71.0,202404,24,2024-04-24,0I834,4.0,50.0,71.0,13.0,25.0,22.0,49.0,SEDANG,DKI1  Bunderan HI,PM25,DKI1,Bundaran HI,2024,4,24,17,2
69.0,202404,25,2024-04-25,0I834,4.0,52.0,69.0,11.0,23.0,31.0,51.0,SEDANG,DKI1  Bunderan HI,PM25,DKI1,Bundaran HI,2024,4,25,17,3
58.0,202404,26,2024-04-26,0I834,4.0,41.0,58.0,13.0,19.0,26.0,35.0,SEDANG,DKI1  Bunderan HI,PM25,DKI1,Bundaran HI,2024,4,26,17,4
73.0,202404,27,2024-04-27,0I834,4.0,53.0,73.0,19.0,22.0,20.0,34.0,SEDANG,DKI1  Bunderan HI,PM25,DKI1,Bundaran HI,2024,4,27,17,5
74.0,202404,28,2024-04-28,0I834,4.0,51.0,74.0,13.0,25.0,28.0,34.0,SEDANG,DKI1  Bunderan HI,PM25,DKI1,Bundaran HI,2024,4,28,17,6
65.0,202404,29,2024-04-29,0I834,4.0,50.0,65.0,13.0,17.0,28.0,28.0,SEDANG,DKI1  Bunderan HI,PM25,DKI1,Bundaran HI,2024,4,29,18,0
70.0,202404,30,2024-04-30,0I834,4.0,53.0,70.0,16.0,18.0,27.0,33.0,SEDANG,DKI1  Bunderan HI,PM25,DKI1,Bundaran HI,2024,4,30,18,1
111.0,202404,1,2024-04-01,0I834,4.0,78.0,111.0,58.0,15.0,35.0,44.0,TIDAK SEHAT,DKI2 Kelapa Gading,PM25,DKI2,Kelapa Gading,2024,4,1,14,0
109.0,202404,2,2024-04-02,0I834,4.0,80.0,109.0,58.0,12.0,30.0,48.0,TIDAK SEHAT,DKI2 Kelapa Gading,PM25,DKI2,Kelapa Gading,2024,4,2,14,1
93.0,202404,3,2024-04-03,0I834,4.0,71.0,93.0,56.0,13.0,30.0,32.0,SEDANG,DKI2 Kelapa Gading,PM25,DKI2,Kelapa Gading,2024,4,3,14,2
69.0,202404,4,2024-04-04,0I834,4.0,56.0,69.0,58.0,15.0,27.0,,SEDANG,DKI2 Kelapa Gading,PM25,DKI2,Kelapa Gading,2024,4,4,14,3
112.0,202404,5,2024-04-05,0I834,4.0,75.0,112.0,56.0,30.0,21.0,,TIDAK SEHAT,DKI2 Kelapa Gading,PM25,DKI2,Kelapa Gading,2024,4,5,14,4
83.0,202404,6,2024-04-06,0I834,4.0,59.0,83.0,55.0,18.0,18.0,38.0,SEDANG,DKI2 Kelapa Gading,PM25,DKI2,Kelapa Gading,2024,4,6,14,5
71.0,202404,7,2024-04-07,0I834,4.0,52.0,71.0,55.0,13.0,24.0,19.0,SEDANG,DKI2 Kelapa Gading,PM25,DKI2,Kelapa Gading,2024,4,7,14,6
82.0,202404,8,2024-04-08,0I834,4.0,55.0,82.0,56.0,14.0,29.0,21.0,SEDANG,DKI2 Kelapa Gading,PM25,DKI2,Kelapa Gading,2024,4,8,15,0
67.0,202404,9,2024-04-09,0I834,4.0,43.0,67.0,55.0,11.0,22.0,18.0,SEDANG,DKI2 Kelapa Gading,PM25,DKI2,Kelapa Gading,2024,4,9,15,1
95.0,202404,10,2024-04-10,0I834,4.0,65.0,95.0,56.0,23.0,26.0,27.0,SEDANG,DKI2 Kelapa Gading,PM25,DKI2,Kelapa Gading,2024,4,10,15,2
55.0,202404,12,2024-04-12,0I834,4.0,34.0,55.0,54.0,6.0,14.0,18.0,SEDANG,DKI3 Jagakarsa,PM25,DKI3,Jagakarsa,2024,4,12,15,4
57.0,202404,13,2024-04-13,0I834,4.0,34.0,57.0,55.0,18.0,10.0,52.0,SEDANG,DKI3 Jagakarsa,PM25,DKI3,Jagakarsa,2024,4,13,15,5
55.0,202404,14,2024-04-14,0I834,4.0,32.0,55.0,54.0,7.0,14.0,19.0,SEDANG,DKI3 Jagakarsa,PM25,DKI3,Jagakarsa,2024,4,14,15,6
54.0,202404,15,2024-04-15,0I834,4.0,28.0,52.0,54.0,11.0,11.0,34.0,SEDANG,DKI3 Jagakarsa,SO2,DKI3,Jagakarsa,2024,4,15,16,0
58.0,202404,16,2024-04-16,0I834,4.0,36.0,58.0,54.0,9.0,10.0,41.0,SEDANG,DKI3 Jagakarsa,PM25,DKI3,Jagakarsa,2024,4,16,16,1
72.0,202404,17,2024-04-17,0I834,4.0,48.0,72.0,54.0,11.0,14.0,24.0,SEDANG,DKI3 Jagakarsa,PM25,DKI3,Jagakarsa,2024,4,17,16,2
59.0,202404,18,2024-04-18,0I834,4.0,39.0,59.0,54.0,12.0,15.0,34.0,SEDANG,DKI3 Jagakarsa,PM25,DKI3,Jagakarsa,2024,4,18,16,3
58.0,202404,19,2024-04-19,0I834,4.0,35.0,58.0,54.0,11.0,15.0,33.0,SEDANG,DKI3 Jagakarsa,PM25,DKI3,Jagakarsa,2024,4,19,16,4
79.0,202404,20,2024-04-20,0I834,4.0,54.0,79.0,54.0,20.0,12.0,,SEDANG,DKI3 Jagakarsa,PM25,DKI3,Jagakarsa,2024,4,20,16,5
68.0,202404,21,2024-04-21,0I834,4.0,50.0,68.0,54.0,13.0,11.0,43.0,SEDANG,DKI3 Jagakarsa,PM25,DKI3,Jagakarsa,2024,4,21,16,6
74.0,202404,22,2024-04-22,0I834,4.0,54.0,74.0,55.0,18.0,11.0,,SEDANG,DKI3 Jagakarsa,PM25,DKI3,Jagakarsa,2024,4,22,17,0
81.0,202404,23,2024-04-23,0I834,4.0,57.0,81.0,54.0,14.0,11.0,39.0,SEDANG,DKI3 Jagakarsa,PM25,DKI3,Jagakarsa,2024,4,23,17,1
63.0,202404,24,2024-04-24,0I834,4.0,43.0,63.0,54.0,14.0,15.0,37.0,SEDANG,DKI3 Jagakarsa,PM25,DKI3,Jagakarsa,2024,4,24,17,2
63.0,202404,25,2024-04-25,0I834,4.0,46.0,63.0,54.0,13.0,16.0,23.0,SEDANG,DKI3 Jagakarsa,PM25,DKI3,Jagakarsa,2024,4,25,17,3
60.0,202404,26,2024-04-26,0I834,4.0,40.0,60.0,54.0,9.0,14.0,28.0,SEDANG,DKI3 Jagakarsa,PM25,DKI3,Jagakarsa,2024,4,26,17,4
63.0,202404,27,2024-04-27,0I834,4.0,48.0,63.0,54.0,14.0,9.0,,SEDANG,DKI3 Jagakarsa,PM25,DKI3,Jagakarsa,2024,4,27,17,5
68.0,202404,28,2024-04-28,0I834,4.0,50.0,68.0,54.0,16.0,11.0,,SEDANG,DKI3 Jagakarsa,PM25,DKI3,Jagakarsa,2024,4,28,17,6
55.0,202404,29,2024-04-29,0I834,4.0,55.0,,54.0,11.0,14.0,27.0,SEDANG,DKI3 Jagakarsa,PM10,DKI3,Jagakarsa,2024,4,29,18,0
57.0,202404,30,2024-04-30,0I834,4.0,57.0,16.0,54.0,9.0,14.0,24.0,SEDANG,DKI3 Jagakarsa,PM10,DKI3,Jagakarsa,2024,4,30,18,1
113.0,202404,1,2024-04-01,0I834,4.0,83.0,113.0,27.0,27.0,13.0,8.0,TIDAK SEHAT,DKI4 Lubang Buaya,PM25,DKI4,Lubang Buaya,2024,4,1,14,0
57.0,202404,11,2024-04-11,0I834,4.0,40.0,57.0,56.0,10.0,23.0,16.0,SEDANG,DKI2 Kelapa Gading,PM25,DKI2,Kelapa Gading,2024,4,11,15,3
54.0,202404,12,2024-04-12,0I834,4.0,27.0,46.0,54.0,5.0,28.0,,SEDANG,DKI2 Kelapa Gading,SO2,DKI2,Kelapa Gading,2024,4,12,15,4
59.0,202404,13,2024-04-13,0I834,4.0,36.0,59.0,55.0,14.0,22.0,33.0,SEDANG,DKI2 Kelapa Gading,PM25,DKI2,Kelapa Gading,2024,4,13,15,5
54.0,202404,14,2024-04-14,0I834,4.0,31.0,53.0,54.0,7.0,27.0,8.0,SEDANG,DKI2 Kelapa Gading,SO2,DKI2,Kelapa Gading,2024,4,14,15,6
55.0,202404,15,2024-04-15,0I834,4.0,33.0,55.0,55.0,11.0,21.0,26.0,SEDANG,DKI2 Kelapa Gading,PM25,DKI2,Kelapa Gading,2024,4,15,16,0
57.0,202404,16,2024-04-16,0I834,4.0,36.0,57.0,55.0,7.0,21.0,17.0,SEDANG,DKI2 Kelapa Gading,PM25,DKI2,Kelapa Gading,2024,4,16,16,1
67.0,202404,17,2024-04-17,0I834,4.0,49.0,67.0,54.0,6.0,32.0,10.0,SEDANG,DKI2 Kelapa Gading,PM25,DKI2,Kelapa Gading,2024,4,17,16,2
70.0,202404,18,2024-04-18,0I834,4.0,52.0,70.0,55.0,13.0,23.0,27.0,SEDANG,DKI2 Kelapa Gading,PM25,DKI2,Kelapa Gading,2024,4,18,16,3
64.0,202404,19,2024-04-19,0I834,4.0,51.0,64.0,55.0,8.0,20.0,21.0,SEDANG,DKI2 Kelapa Gading,PM25,DKI2,Kelapa Gading,2024,4,19,16,4
87.0,202404,20,2024-04-20,0I834,4.0,62.0,87.0,56.0,10.0,18.0,27.0,SEDANG,DKI2 Kelapa Gading,PM25,DKI2,Kelapa Gading,2024,4,20,16,5
55.0,202404,21,2024-04-21,0I834,4.0,42.0,53.0,55.0,6.0,22.0,6.0,SEDANG,DKI2 Kelapa Gading,SO2,DKI2,Kelapa Gading,2024,4,21,16,6
70.0,202404,22,2024-04-22,0I834,4.0,52.0,70.0,55.0,11.0,18.0,26.0,SEDANG,DKI2 Kelapa Gading,PM25,DKI2,Kelapa Gading,2024,4,22,17,0
71.0,202404,23,2024-04-23,0I834,4.0,54.0,71.0,55.0,8.0,23.0,18.0,SEDANG,DKI2 Kelapa Gading,PM25,DKI2,Kelapa Gading,2024,4,23,17,1
70.0,202404,24,2024-04-24,0I834,4.0,48.0,70.0,55.0,11.0,22.0,26.0,SEDANG,DKI2 Kelapa Gading,PM25,DKI2,Kelapa Gading,2024,4,24,17,2
76.0,202404,25,2024-04-25,0I834,4.0,57.0,76.0,55.0,9.0,27.0,23.0,SEDANG,DKI2 Kelapa Gading,PM25,DKI2,Kelapa Gading,2024,4,25,17,3
65.0,202404,26,2024-04-26,0I834,4.0,51.0,65.0,55.0,8.0,23.0,22.0,SEDANG,DKI2 Kelapa Gading,PM25,DKI2,Kelapa Gading,2024,4,26,17,4
76.0,202404,27,2024-04-27,0I834,4.0,59.0,76.0,55.0,10.0,17.0,47.0,SEDANG,DKI2 Kelapa Gading,PM25,DKI2,Kelapa Gading,2024,4,27,17,5
73.0,202404,28,2024-04-28,0I834,4.0,52.0,73.0,55.0,13.0,24.0,43.0,SEDANG,DKI2 Kelapa Gading,PM25,DKI2,Kelapa Gading,2024,4,28,17,6
68.0,202404,29,2024-04-29,0I834,4.0,55.0,68.0,55.0,5.0,28.0,9.0,SEDANG,DKI2 Kelapa Gading,PM25,DKI2,Kelapa Gading,2024,4,29,18,0
72.0,202404,30,2024-04-30,0I834,4.0,52.0,72.0,55.0,6.0,25.0,12.0,SEDANG,DKI2 Kelapa Gading,PM25,DKI2,Kelapa Gading,2024,4,30,18,1
83.0,202404,1,2024-04-01,0I834,4.0,55.0,83.0,51.0,20.0,17.0,43.0,SEDANG,DKI3 Jagakarsa,PM25,DKI3,Jagakarsa,2024,4,1,14,0
81.0,202404,2,2024-04-02,0I834,4.0,56.0,81.0,51.0,16.0,25.0,31.0,SEDANG,DKI3 Jagakarsa,PM25,DKI3,Jagakarsa,2024,4,2,14,1
80.0,202404,3,2024-04-03,0I834,4.0,59.0,80.0,51.0,16.0,31.0,20.0,SEDANG,DKI3 Jagakarsa,PM25,DKI3,Jagakarsa,2024,4,3,14,2
56.0,202404,4,2024-04-04,0I834,4.0,35.0,56.0,51.0,17.0,16.0,52.0,SEDANG,DKI3 Jagakarsa,PM25,DKI3,Jagakarsa,2024,4,4,14,3
96.0,202404,5,2024-04-05,0I834,4.0,61.0,96.0,52.0,30.0,10.0,,SEDANG,DKI3 Jagakarsa,PM25,DKI3,Jagakarsa,2024,4,5,14,4
92.0,202404,6,2024-04-06,0I834,4.0,62.0,92.0,52.0,19.0,16.0,,SEDANG,DKI3 Jagakarsa,PM25,DKI3,Jagakarsa,2024,4,6,14,5
69.0,202404,7,2024-04-07,0I834,4.0,52.0,69.0,52.0,11.0,19.0,31.0,SEDANG,DKI3 Jagakarsa,PM25,DKI3,Jagakarsa,2024,4,7,14,6
69.0,202404,8,2024-04-08,0I834,4.0,47.0,69.0,52.0,12.0,25.0,32.0,SEDANG,DKI3 Jagakarsa,PM25,DKI3,Jagakarsa,2024,4,8,15,0
84.0,202404,9,2024-04-09,0I834,4.0,54.0,84.0,52.0,11.0,22.0,43.0,SEDANG,DKI3 Jagakarsa,PM25,DKI3,Jagakarsa,2024,4,9,15,1
82.0,202404,10,2024-04-10,0I834,4.0,56.0,82.0,51.0,24.0,17.0,38.0,SEDANG,DKI3 Jagakarsa,PM25,DKI3,Jagakarsa,2024,4,10,15,2
54.0,202404,11,2024-04-11,0I834,4.0,20.0,50.0,54.0,11.0,12.0,47.0,SEDANG,DKI3 Jagakarsa,SO2,DKI3,Jagakarsa,2024,4,11,15,3
68.0,202401,9,2024-01-09,0I834,1.0,51.0,68.0,58.0,16.0,18.0,53.0,SEDANG,DKI2  Kelapa Gading,PM25,DKI2,Kelapa Gading,2024,1,9,2,1
77.0,202401,10,2024-01-10,0I834,1.0,56.0,77.0,61.0,11.0,31.0,43.0,SEDANG,DKI2  Kelapa Gading,PM25,DKI2,Kelapa Gading,2024,1,10,2,2
56.0,202401,11,2024-01-11,0I834,1.0,44.0,54.0,56.0,11.0,19.0,27.0,SEDANG,DKI2  Kelapa Gading,SO2,DKI2,Kelapa Gading,2024,1,11,2,3
57.0,202401,12,2024-01-12,0I834,1.0,27.0,39.0,57.0,11.0,14.0,52.0,SEDANG,DKI2  Kelapa Gading,SO2,DKI2,Kelapa Gading,2024,1,12,2,4
57.0,202401,13,2024-01-13,0I834,1.0,35.0,54.0,57.0,10.0,16.0,28.0,SEDANG,DKI2  Kelapa Gading,SO2,DKI2,Kelapa Gading,2024,1,13,2,5
57.0,202401,14,2024-01-14,0I834,1.0,37.0,51.0,57.0,8.0,16.0,22.0,SEDANG,DKI2  Kelapa Gading,SO2,DKI2,Kelapa Gading,2024,1,14,2,6
67.0,202401,15,2024-01-15,0I834,1.0,52.0,67.0,58.0,12.0,14.0,32.0,SEDANG,DKI2  Kelapa Gading,PM25,DKI2,Kelapa Gading,2024,1,15,3,0
89.0,202401,1,2024-01-01,0I834,1.0,64.0,89.0,52.0,9.0,13.0,30.0,SEDANG,DKI1  Bundaran Hotel Indonesia (HI),PM25,DKI1,Bundaran HI,2024,1,1,1,0
93.0,202401,2,2024-01-02,0I834,1.0,53.0,93.0,52.0,4.0,12.0,28.0,SEDANG,DKI1  Bundaran Hotel Indonesia (HI),PM25,DKI1,Bundaran HI,2024,1,2,1,1
57.0,202401,3,2024-01-03,0I834,1.0,52.0,57.0,52.0,6.0,12.0,27.0,SEDANG,DKI1  Bundaran Hotel Indonesia (HI),PM25,DKI1,Bundaran HI,2024,1,3,1,2
112.0,202401,4,2024-01-04,0I834,1.0,30.0,,,20.0,8.0,,TIDAK SEHAT,DKI1  Bundaran Hotel Indonesia (HI),SO2,DKI1,Bundaran HI,2024,1,4,1,3
54.0,202401,5,2024-01-05,0I834,1.0,22.0,54.0,46.0,15.0,24.0,44.0,SEDANG,DKI1  Bundaran Hotel Indonesia (HI),PM25,DKI1,Bundaran HI,2024,1,5,1,4
68.0,202401,6,2024-01-06,0I834,1.0,49.0,68.0,46.0,12.0,38.0,36.0,SEDANG,DKI1  Bundaran Hotel Indonesia (HI),PM25,DKI1,Bundaran HI,2024,1,6,1,5
77.0,202401,7,2024-01-07,0I834,1.0,52.0,77.0,45.0,14.0,34.0,44.0,SEDANG,DKI1  Bundaran Hotel Indonesia (HI),PM25,DKI1,Bundaran HI,2024,1,7,1,6
52.0,202401,8,2024-01-08,0I834,1.0,49.0,52.0,46.0,10.0,27.0,32.0,SEDANG,DKI1  Bundaran Hotel Indonesia (HI),PM25,DKI1,Bundaran HI,2024,1,8,2,0
62.0,202401,9,2024-01-09,0I834,1.0,50.0,62.0,48.0,13.0,25.0,31.0,SEDANG,DKI1  Bundaran Hotel Indonesia (HI),PM25,DKI1,Bundaran HI,2024,1,9,2,1
66.0,202401,10,2024-01-10,0I834,1.0,49.0,66.0,49.0,10.0,34.0,41.0,SEDANG,DKI1  Bundaran Hotel Indonesia (HI),PM25,DKI1,Bundaran HI,2024,1,10,2,2
58.0,202401,11,2024-01-11,0I834,1.0,51.0,58.0,47.0,10.0,24.0,36.0,SEDANG,DKI1  Bundaran Hotel Indonesia (HI),PM25,DKI1,Bundaran HI,2024,1,11,2,3
45.0,202401,12,2024-01-12,0I834,1.0,30.0,26.0,45.0,8.0,18.0,21.0,BAIK,DKI1  Bundaran Hotel Indonesia (HI),SO2,DKI1,Bundaran HI,2024,1,12,2,4
53.0,202401,13,2024-01-13,0I834,1.0,34.0,53.0,46.0,8.0,25.0,25.0,SEDANG,DKI1  Bundaran Hotel Indonesia (HI),PM25,DKI1,Bundaran HI,2024,1,13,2,5
49.0,202401,14,2024-01-14,0I834,1.0,39.0,49.0,45.0,6.0,20.0,20.0,BAIK,DKI1  Bundaran Hotel Indonesia (HI),PM25,DKI1,Bundaran HI,2024,1,14,2,6
72.0,202401,15,2024-01-15,0I834,1.0,55.0,72.0,47.0,10.0,21.0,30.0,SEDANG,DKI1  Bundaran Hotel Indonesia (HI),PM25,DKI1,Bundaran HI,2024,1,15,3,0
48.0,202401,16,2024-01-16,0I834,1.0,41.0,47.0,48.0,10.0,25.0,24.0,BAIK,DKI1  Bundaran Hotel Indonesia (HI),SO2,DKI1,Bundaran HI,2024,1,16,3,1
54.0,202401,17,2024-01-17,0I834,1.0,45.0,54.0,51.0,8.0,16.0,30.0,SEDANG,DKI1  Bundaran Hotel Indonesia (HI),PM25,DKI1,Bundaran HI,2024,1,17,3,2
58.0,202401,18,2024-01-18,0I834,1.0,45.0,58.0,47.0,11.0,14.0,27.0,SEDANG,DKI1  Bundaran Hotel Indonesia (HI),PM25,DKI1,Bundaran HI,2024,1,18,3,3
46.0,202401,19,2024-01-19,0I834,1.0,19.0,31.0,46.0,,12.0,20.0,BAIK,DKI1  Bundaran Hotel Indonesia (HI),SO2,DKI1,Bundaran HI,2024,1,19,3,4
44.0,202401,20,2024-01-20,0I834,1.0,26.0,28.0,44.0,,17.0,17.0,BAIK,DKI1  Bundaran Hotel Indonesia (HI),SO2,DKI1,Bundaran HI,2024,1,20,3,5
50.0,202401,21,2024-01-21,0I834,1.0,36.0,50.0,46.0,6.0,15.0,14.0,BAIK,DKI1  Bundaran Hotel Indonesia (HI),PM25,DKI1,Bundaran HI,2024,1,21,3,6
44.0,202401,22,2024-01-22,0I834,1.0,24.0,26.0,44.0,3.0,17.0,11.0,BAIK,DKI1  Bundaran Hotel Indonesia (HI),SO2,DKI1,Bundaran HI,2024,1,22,4,0
44.0,202401,23,2024-01-23,0I834,1.0,20.0,38.0,44.0,5.0,15.0,12.0,BAIK,DKI1  Bundaran Hotel Indonesia (HI),SO2,DKI1,Bundaran HI,2024,1,23,4,1
45.0,202401,24,2024-01-24,0I834,1.0,31.0,37.0,45.0,8.0,14.0,14.0,BAIK,DKI1  Bundaran Hotel Indonesia (HI),SO2,DKI1,Bundaran HI,2024,1,24,4,2
56.0,202401,25,2024-01-25,0I834,1.0,43.0,56.0,48.0,11.0,14.0,22.0,SEDANG,DKI1  Bundaran Hotel Indonesia (HI),PM25,DKI1,Bundaran HI,2024,1,25,4,3
59.0,202401,26,2024-01-26,0I834,1.0,39.0,59.0,48.0,9.0,17.0,26.0,SEDANG,DKI1  Bundaran Hotel Indonesia (HI),PM25,DKI1,Bundaran HI,2024,1,26,4,4
45.0,202401,27,2024-01-27,0I834,1.0,21.0,18.0,45.0,,17.0,22.0,BAIK,DKI1  Bundaran Hotel Indonesia (HI),SO2,DKI1,Bundaran HI,2024,1,27,4,5
53.0,202401,28,2024-01-28,0I834,1.0,35.0,53.0,45.0,13.0,17.0,30.0,SEDANG,DKI1  Bundaran Hotel Indonesia (HI),PM25,DKI1,Bundaran HI,2024,1,28,4,6
44.0,202401,29,2024-01-29,0I834,1.0,30.0,,44.0,8.0,17.0,28.0,BAIK,DKI1  Bundaran Hotel Indonesia (HI),SO2,DKI1,Bundaran HI,2024,1,29,5,0
67.0,202401,30,2024-01-30,0I834,1.0,39.0,67.0,46.0,31.0,14.0,28.0,SEDANG,DKI1  Bundaran Hotel Indonesia (HI),PM25,DKI1,Bundaran HI,2024,1,30,5,1
49.0,202401,31,2024-01-31,0I834,1.0,25.0,49.0,47.0,19.0,24.0,30.0,BAIK,DKI1  Bundaran Hotel Indonesia (HI),PM25,DKI1,Bundaran HI,2024,1,31,5,2
103.0,202401,1,2024-01-01,0I834,1.0,67.0,103.0,34.0,18.0,26.0,,TIDAK SEHAT,DKI2  Kelapa Gading,PM25,DKI2,Kelapa Gading,2024,1,1,1,0
74.0,202401,2,2024-01-02,0I834,1.0,53.0,74.0,35.0,9.0,27.0,,SEDANG,DKI2  Kelapa Gading,PM25,DKI2,Kelapa Gading,2024,1,2,1,1
56.0,202401,3,2024-01-03,0I834,1.0,43.0,56.0,,7.0,25.0,20.0,SEDANG,DKI2  Kelapa Gading,PM25,DKI2,Kelapa Gading,2024,1,3,1,2
62.0,202401,4,2024-01-04,0I834,1.0,42.0,62.0,57.0,10.0,22.0,20.0,SEDANG,DKI2  Kelapa Gading,PM25,DKI2,Kelapa Gading,2024,1,4,1,3
56.0,202401,5,2024-01-05,0I834,1.0,38.0,55.0,56.0,14.0,16.0,45.0,SEDANG,DKI2  Kelapa Gading,SO2,DKI2,Kelapa Gading,2024,1,5,1,4
68.0,202401,6,2024-01-06,0I834,1.0,46.0,68.0,58.0,9.0,29.0,26.0,SEDANG,DKI2  Kelapa Gading,PM25,DKI2,Kelapa Gading,2024,1,6,1,5
87.0,202401,7,2024-01-07,0I834,1.0,59.0,87.0,59.0,14.0,34.0,29.0,SEDANG,DKI2  Kelapa Gading,PM25,DKI2,Kelapa Gading,2024,1,7,1,6
57.0,202401,8,2024-01-08,0I834,1.0,44.0,55.0,57.0,11.0,19.0,23.0,SEDANG,DKI2  Kelapa Gading,SO2,DKI2,Kelapa Gading,2024,1,8,2,0
58.0,202401,16,2024-01-16,0I834,1.0,29.0,50.0,58.0,6.0,14.0,32.0,SEDANG,DKI2  Kelapa Gading,SO2,DKI2,Kelapa Gading,2024,1,16,3,1
59.0,202401,17,2024-01-17,0I834,1.0,35.0,51.0,59.0,8.0,12.0,44.0,SEDANG,DKI2  Kelapa Gading,SO2,DKI2,Kelapa Gading,2024,1,17,3,2
58.0,202401,18,2024-01-18,0I834,1.0,47.0,58.0,57.0,15.0,12.0,44.0,SEDANG,DKI2  Kelapa Gading,PM25,DKI2,Kelapa Gading,2024,1,18,3,3
56.0,202401,19,2024-01-19,0I834,1.0,21.0,32.0,56.0,8.0,12.0,21.0,SEDANG,DKI2  Kelapa Gading,SO2,DKI2,Kelapa Gading,2024,1,19,3,4
54.0,202401,20,2024-01-20,0I834,1.0,25.0,32.0,54.0,7.0,13.0,18.0,SEDANG,DKI2  Kelapa Gading,SO2,DKI2,Kelapa Gading,2024,1,20,3,5
54.0,202401,21,2024-01-21,0I834,1.0,31.0,48.0,54.0,8.0,13.0,18.0,SEDANG,DKI2  Kelapa Gading,SO2,DKI2,Kelapa Gading,2024,1,21,3,6
53.0,202401,22,2024-01-22,0I834,1.0,21.0,30.0,53.0,6.0,13.0,11.0,SEDANG,DKI2  Kelapa Gading,SO2,DKI2,Kelapa Gading,2024,1,22,4,0
53.0,202401,23,2024-01-23,0I834,1.0,29.0,38.0,53.0,6.0,12.0,14.0,SEDANG,DKI2  Kelapa Gading,SO2,DKI2,Kelapa Gading,2024,1,23,4,1
53.0,202401,24,2024-01-24,0I834,1.0,29.0,41.0,53.0,7.0,13.0,17.0,SEDANG,DKI2  Kelapa Gading,SO2,DKI2,Kelapa Gading,2024,1,24,4,2
58.0,202401,25,2024-01-25,0I834,1.0,40.0,58.0,55.0,9.0,14.0,38.0,SEDANG,DKI2  Kelapa Gading,PM25,DKI2,Kelapa Gading,2024,1,25,4,3
69.0,202401,26,2024-01-26,0I834,1.0,55.0,69.0,59.0,7.0,14.0,43.0,SEDANG,DKI2  Kelapa Gading,PM25,DKI2,Kelapa Gading,2024,1,26,4,4
53.0,202401,27,2024-01-27,0I834,1.0,24.0,23.0,53.0,5.0,16.0,17.0,SEDANG,DKI2  Kelapa Gading,SO2,DKI2,Kelapa Gading,2024,1,27,4,5
55.0,202401,28,2024-01-28,0I834,1.0,39.0,55.0,54.0,15.0,14.0,47.0,SEDANG,DKI2  Kelapa Gading,PM25,DKI2,Kelapa Gading,2024,1,28,4,6
53.0,202401,29,2024-01-29,0I834,1.0,37.0,51.0,53.0,12.0,13.0,48.0,SEDANG,DKI2  Kelapa Gading,SO2,DKI2,Kelapa Gading,2024,1,29,5,0
68.0,202401,30,2024-01-30,0I834,1.0,51.0,64.0,54.0,17.0,13.0,,SEDANG,DKI2  Kelapa Gading,,DKI2,Kelapa Gading,2024,1,30,5,1
53.0,202401,31,2024-01-31,0I834,1.0,25.0,44.0,53.0,8.0,19.0,26.0,SEDANG,DKI2  Kelapa Gading,SO2,DKI2,Kelapa Gading,2024,1,31,5,2
110.0,202401,1,2024-01-01,0I834,1.0,74.0,110.0,10.0,20.0,24.0,10.0,TIDAK SEHAT,DKI4  Lubang Buaya,PM25,DKI4,Lubang Buaya,2024,1,1,1,0
80.0,202401,2,2024-01-02,0I834,1.0,56.0,80.0,12.0,11.0,27.0,13.0,SEDANG,DKI4  Lubang Buaya,PM25,DKI4,Lubang Buaya,2024,1,2,1,1
66.0,202401,3,2024-01-03,0I834,1.0,54.0,66.0,13.0,7.0,18.0,14.0,SEDANG,DKI4  Lubang Buaya,PM25,DKI4,Lubang Buaya,2024,1,3,1,2
72.0,202401,4,2024-01-04,0I834,1.0,53.0,72.0,13.0,10.0,20.0,15.0,SEDANG,DKI4  Lubang Buaya,PM25,DKI4,Lubang Buaya,2024,1,4,1,3
62.0,202401,5,2024-01-05,0I834,1.0,61.0,62.0,10.0,14.0,17.0,19.0,SEDANG,DKI4  Lubang Buaya,PM25,DKI4,Lubang Buaya,2024,1,5,1,4
70.0,202401,6,2024-01-06,0I834,1.0,51.0,70.0,11.0,10.0,31.0,16.0,SEDANG,DKI4  Lubang Buaya,PM25,DKI4,Lubang Buaya,2024,1,6,1,5
84.0,202401,7,2024-01-07,0I834,1.0,62.0,84.0,10.0,15.0,23.0,19.0,SEDANG,DKI4  Lubang Buaya,PM25,DKI4,Lubang Buaya,2024,1,7,1,6
76.0,202401,8,2024-01-08,0I834,1.0,55.0,76.0,10.0,22.0,21.0,20.0,SEDANG,DKI4  Lubang Buaya,PM25,DKI4,Lubang Buaya,2024,1,8,2,0
84.0,202401,9,2024-01-09,0I834,1.0,61.0,84.0,12.0,14.0,17.0,14.0,SEDANG,DKI4  Lubang Buaya,PM25,DKI4,Lubang Buaya,2024,1,9,2,1
102.0,202401,10,2024-01-10,0I834,1.0,70.0,102.0,12.0,11.0,26.0,13.0,TIDAK SEHAT,DKI4  Lubang Buaya,PM25,DKI4,Lubang Buaya,2024,1,10,2,2
81.0,202401,11,2024-01-11,0I834,1.0,63.0,81.0,11.0,16.0,17.0,19.0,SEDANG,DKI4  Lubang Buaya,PM25,DKI4,Lubang Buaya,2024,1,11,2,3
49.0,202401,12,2024-01-12,0I834,1.0,37.0,49.0,10.0,11.0,10.0,8.0,BAIK,DKI4  Lubang Buaya,PM25,DKI4,Lubang Buaya,2024,1,12,2,4
62.0,202401,13,2024-01-13,0I834,1.0,45.0,62.0,10.0,10.0,15.0,13.0,SEDANG,DKI4  Lubang Buaya,PM25,DKI4,Lubang Buaya,2024,1,13,2,5
64.0,202401,14,2024-01-14,0I834,1.0,50.0,64.0,11.0,9.0,16.0,10.0,SEDANG,DKI4  Lubang Buaya,PM25,DKI4,Lubang Buaya,2024,1,14,2,6
78.0,202401,15,2024-01-15,0I834,1.0,58.0,78.0,10.0,12.0,15.0,15.0,SEDANG,DKI4  Lubang Buaya,PM25,DKI4,Lubang Buaya,2024,1,15,3,0
62.0,202401,16,2024-01-16,0I834,1.0,49.0,62.0,11.0,6.0,11.0,9.0,SEDANG,DKI4  Lubang Buaya,PM25,DKI4,Lubang Buaya,2024,1,16,3,1
56.0,202401,17,2024-01-17,0I834,1.0,42.0,56.0,10.0,7.0,8.0,9.0,SEDANG,DKI4  Lubang Buaya,PM25,DKI4,Lubang Buaya,2024,1,17,3,2
67.0,202401,18,2024-01-18,0I834,1.0,53.0,67.0,13.0,13.0,6.0,12.0,SEDANG,DKI4  Lubang Buaya,PM25,DKI4,Lubang Buaya,2024,1,18,3,3
36.0,202401,19,2024-01-19,0I834,1.0,30.0,36.0,24.0,7.0,6.0,8.0,BAIK,DKI4  Lubang Buaya,PM25,DKI4,Lubang Buaya,2024,1,19,3,4
46.0,202401,20,2024-01-20,0I834,1.0,28.0,46.0,24.0,8.0,7.0,8.0,BAIK,DKI4  Lubang Buaya,PM25,DKI4,Lubang Buaya,2024,1,20,3,5
64.0,202401,21,2024-01-21,0I834,1.0,50.0,64.0,24.0,8.0,7.0,6.0,SEDANG,DKI4  Lubang Buaya,PM25,DKI4,Lubang Buaya,2024,1,21,3,6
50.0,202401,22,2024-01-22,0I834,1.0,31.0,50.0,24.0,4.0,7.0,3.0,BAIK,DKI4  Lubang Buaya,PM25,DKI4,Lubang Buaya,2024,1,22,4,0
58.0,202401,23,2024-01-23,0I834,1.0,36.0,58.0,24.0,5.0,9.0,6.0,SEDANG,DKI4  Lubang Buaya,PM25,DKI4,Lubang Buaya,2024,1,23,4,1
61.0,202401,24,2024-01-24,0I834,1.0,46.0,61.0,24.0,6.0,7.0,6.0,SEDANG,DKI4  Lubang Buaya,PM25,DKI4,Lubang Buaya,2024,1,24,4,2
62.0,202401,25,2024-01-25,0I834,1.0,46.0,62.0,25.0,7.0,12.0,8.0,SEDANG,DKI4  Lubang Buaya,PM25,DKI4,Lubang Buaya,2024,1,25,4,3
77.0,202401,26,2024-01-26,0I834,1.0,58.0,77.0,27.0,7.0,16.0,14.0,SEDANG,DKI4  Lubang Buaya,PM25,DKI4,Lubang Buaya,2024,1,26,4,4
47.0,202401,27,2024-01-27,0I834,1.0,38.0,47.0,24.0,5.0,11.0,10.0,BAIK,DKI4  Lubang Buaya,PM25,DKI4,Lubang Buaya,2024,1,27,4,5
59.0,202401,28,2024-01-28,0I834,1.0,43.0,59.0,24.0,16.0,10.0,14.0,SEDANG,DKI4  Lubang Buaya,PM25,DKI4,Lubang Buaya,2024,1,28,4,6
63.0,202401,29,2024-01-29,0I834,1.0,51.0,63.0,24.0,14.0,11.0,13.0,SEDANG,DKI4  Lubang Buaya,PM25,DKI4,Lubang Buaya,2024,1,29,5,0
82.0,202401,30,2024-01-30,0I834,1.0,71.0,82.0,24.0,23.0,13.0,12.0,SEDANG,DKI4  Lubang Buaya,PM25,DKI4,Lubang Buaya,2024,1,30,5,1
57.0,202401,31,2024-01-31,0I834,1.0,40.0,57.0,25.0,7.0,17.0,15.0,SEDANG,DKI4  Lubang Buaya,PM25,DKI4,Lubang Buaya,2024,1,31,5,2
99.0,202401,1,2024-01-01,0I834,1.0,58.0,99.0,40.0,18.0,55.0,12.0,SEDANG,DKI5  Kebon Jeruk  Jakarta Barat,PM25,DKI5,Kebon Jeruk,2024,1,1,1,0
68.0,202401,2,2024-01-02,0I834,1.0,40.0,68.0,40.0,9.0,,11.0,SEDANG,DKI5  Kebon Jeruk  Jakarta Barat,PM25,DKI5,Kebon Jeruk,2024,1,2,1,1
63.0,202401,3,2024-01-03,0I834,1.0,32.0,54.0,39.0,7.0,,10.0,SEDANG,DKI5  Kebon Jeruk  Jakarta Barat,O3,DKI5,Kebon Jeruk,2024,1,3,1,2
59.0,202401,4,2024-01-04,0I834,1.0,38.0,59.0,46.0,10.0,55.0,12.0,SEDANG,DKI5  Kebon Jeruk  Jakarta Barat,PM25,DKI5,Kebon Jeruk,2024,1,4,1,3
52.0,202401,5,2024-01-05,0I834,1.0,30.0,52.0,37.0,15.0,48.0,15.0,SEDANG,DKI5  Kebon Jeruk  Jakarta Barat,PM25,DKI5,Kebon Jeruk,2024,1,5,1,4
64.0,202401,6,2024-01-06,0I834,1.0,32.0,64.0,39.0,12.0,,14.0,SEDANG,DKI5  Kebon Jeruk  Jakarta Barat,PM25,DKI5,Kebon Jeruk,2024,1,6,1,5
86.0,202401,7,2024-01-07,0I834,1.0,53.0,86.0,40.0,23.0,,,SEDANG,DKI5  Kebon Jeruk  Jakarta Barat,PM25,DKI5,Kebon Jeruk,2024,1,7,1,6
55.0,202401,8,2024-01-08,0I834,1.0,37.0,55.0,38.0,12.0,43.0,,SEDANG,DKI5  Kebon Jeruk  Jakarta Barat,PM25,DKI5,Kebon Jeruk,2024,1,8,2,0
81.0,202401,9,2024-01-09,0I834,1.0,54.0,81.0,21.0,18.0,35.0,3.0,SEDANG,DKI5  Kebon Jeruk  Jakarta Barat,PM25,DKI5,Kebon Jeruk,2024,1,9,2,1
73.0,202401,10,2024-01-10,0I834,1.0,43.0,73.0,18.0,11.0,,7.0,SEDANG,DKI5  Kebon Jeruk  Jakarta Barat,PM25,DKI5,Kebon Jeruk,2024,1,10,2,2
60.0,202401,11,2024-01-11,0I834,1.0,37.0,60.0,12.0,,51.0,6.0,SEDANG,DKI5  Kebon Jeruk  Jakarta Barat,PM25,DKI5,Kebon Jeruk,2024,1,11,2,3
43.0,202401,12,2024-01-12,0I834,1.0,28.0,20.0,11.0,6.0,43.0,4.0,BAIK,DKI5  Kebon Jeruk  Jakarta Barat,O3,DKI5,Kebon Jeruk,2024,1,12,2,4
52.0,202401,13,2024-01-13,0I834,1.0,25.0,52.0,21.0,8.0,38.0,6.0,SEDANG,DKI5  Kebon Jeruk  Jakarta Barat,PM25,DKI5,Kebon Jeruk,2024,1,13,2,5
58.0,202401,14,2024-01-14,0I834,1.0,30.0,50.0,19.0,8.0,58.0,6.0,SEDANG,DKI5  Kebon Jeruk  Jakarta Barat,O3,DKI5,Kebon Jeruk,2024,1,14,2,6
81.0,202401,15,2024-01-15,0I834,1.0,51.0,81.0,24.0,11.0,55.0,11.0,SEDANG,DKI5  Kebon Jeruk  Jakarta Barat,PM25,DKI5,Kebon Jeruk,2024,1,15,3,0
49.0,202401,16,2024-01-16,0I834,1.0,23.0,49.0,24.0,5.0,43.0,6.0,BAIK,DKI5  Kebon Jeruk  Jakarta Barat,PM25,DKI5,Kebon Jeruk,2024,1,16,3,1
57.0,202401,17,2024-01-17,0I834,1.0,34.0,57.0,39.0,7.0,47.0,8.0,SEDANG,DKI5  Kebon Jeruk  Jakarta Barat,PM25,DKI5,Kebon Jeruk,2024,1,17,3,2
56.0,202401,18,2024-01-18,0I834,1.0,37.0,56.0,25.0,8.0,39.0,8.0,SEDANG,DKI5  Kebon Jeruk  Jakarta Barat,PM25,DKI5,Kebon Jeruk,2024,1,18,3,3
46.0,202401,19,2024-01-19,0I834,1.0,16.0,29.0,19.0,6.0,46.0,6.0,BAIK,DKI5  Kebon Jeruk  Jakarta Barat,O3,DKI5,Kebon Jeruk,2024,1,19,3,4
33.0,202401,20,2024-01-20,0I834,1.0,17.0,28.0,33.0,7.0,23.0,6.0,BAIK,DKI5  Kebon Jeruk  Jakarta Barat,SO2,DKI5,Kebon Jeruk,2024,1,20,3,5
51.0,202401,21,2024-01-21,0I834,1.0,26.0,51.0,37.0,10.0,18.0,5.0,SEDANG,DKI5  Kebon Jeruk  Jakarta Barat,PM25,DKI5,Kebon Jeruk,2024,1,21,3,6
31.0,202401,22,2024-01-22,0I834,1.0,14.0,23.0,31.0,9.0,19.0,2.0,BAIK,DKI5  Kebon Jeruk  Jakarta Barat,SO2,DKI5,Kebon Jeruk,2024,1,22,4,0
40.0,202401,23,2024-01-23,0I834,1.0,17.0,40.0,31.0,9.0,17.0,3.0,BAIK,DKI5  Kebon Jeruk  Jakarta Barat,PM25,DKI5,Kebon Jeruk,2024,1,23,4,1
44.0,202401,24,2024-01-24,0I834,1.0,23.0,44.0,32.0,10.0,17.0,3.0,BAIK,DKI5  Kebon Jeruk  Jakarta Barat,PM25,DKI5,Kebon Jeruk,2024,1,24,4,2
60.0,202401,25,2024-01-25,0I834,1.0,36.0,60.0,38.0,12.0,19.0,4.0,SEDANG,DKI5  Kebon Jeruk  Jakarta Barat,PM25,DKI5,Kebon Jeruk,2024,1,25,4,3
54.0,202401,26,2024-01-26,0I834,1.0,27.0,54.0,37.0,10.0,26.0,9.0,SEDANG,DKI5  Kebon Jeruk  Jakarta Barat,PM25,DKI5,Kebon Jeruk,2024,1,26,4,4
35.0,202401,27,2024-01-27,0I834,1.0,25.0,28.0,30.0,8.0,35.0,12.0,BAIK,DKI5  Kebon Jeruk  Jakarta Barat,O3,DKI5,Kebon Jeruk,2024,1,27,4,5
66.0,202401,28,2024-01-28,0I834,1.0,46.0,66.0,31.0,18.0,34.0,16.0,SEDANG,DKI5  Kebon Jeruk  Jakarta Barat,PM25,DKI5,Kebon Jeruk,2024,1,28,4,6
53.0,202401,29,2024-01-29,0I834,1.0,30.0,53.0,29.0,14.0,35.0,14.0,SEDANG,DKI5  Kebon Jeruk  Jakarta Barat,PM25,DKI5,Kebon Jeruk,2024,1,29,5,0
63.0,202401,30,2024-01-30,0I834,1.0,40.0,63.0,29.0,15.0,37.0,16.0,SEDANG,DKI5  Kebon Jeruk  Jakarta Barat,PM25,DKI5,Kebon Jeruk,2024,1,30,5,1
49.0,202401,31,2024-01-31,0I834,1.0,22.0,49.0,33.0,9.0,40.0,17.0,BAIK,DKI5  Kebon Jeruk  Jakarta Barat,PM25,DKI5,Kebon Jeruk,2024,1,31,5,2
89.0,202401,1,2024-01-01,0I834,1.0,65.0,89.0,14.0,,13.0,,SEDANG,DKI3  Jagakarsa,PM25,DKI3,Jagakarsa,2024,1,1,1,0
73.0,202401,2,2024-01-02,0I834,1.0,52.0,73.0,14.0,,17.0,,SEDANG,DKI3  Jagakarsa,PM25,DKI3,Jagakarsa,2024,1,2,1,1
57.0,202401,3,2024-01-03,0I834,1.0,47.0,57.0,14.0,31.0,9.0,,SEDANG,DKI3  Jagakarsa,PM25,DKI3,Jagakarsa,2024,1,3,1,2
73.0,202401,4,2024-01-04,0I834,1.0,54.0,73.0,14.0,,13.0,,SEDANG,DKI3  Jagakarsa,PM25,DKI3,Jagakarsa,2024,1,4,1,3
58.0,202401,5,2024-01-05,0I834,1.0,39.0,58.0,15.0,,14.0,,SEDANG,DKI3  Jagakarsa,PM25,DKI3,Jagakarsa,2024,1,5,1,4
67.0,202401,6,2024-01-06,0I834,1.0,45.0,67.0,15.0,,22.0,3.0,SEDANG,DKI3  Jagakarsa,PM25,DKI3,Jagakarsa,2024,1,6,1,5
70.0,202401,7,2024-01-07,0I834,1.0,54.0,70.0,15.0,,14.0,24.0,SEDANG,DKI3  Jagakarsa,PM25,DKI3,Jagakarsa,2024,1,7,1,6
72.0,202401,8,2024-01-08,0I834,1.0,51.0,72.0,15.0,,20.0,15.0,SEDANG,DKI3  Jagakarsa,PM25,DKI3,Jagakarsa,2024,1,8,2,0
67.0,202401,9,2024-01-09,0I834,1.0,55.0,67.0,15.0,,13.0,22.0,SEDANG,DKI3  Jagakarsa,PM25,DKI3,Jagakarsa,2024,1,9,2,1
67.0,202401,10,2024-01-10,0I834,1.0,47.0,67.0,34.0,11.0,20.0,42.0,SEDANG,DKI3  Jagakarsa,PM25,DKI3,Jagakarsa,2024,1,10,2,2
80.0,202401,11,2024-01-11,0I834,1.0,58.0,80.0,35.0,15.0,17.0,43.0,SEDANG,DKI3  Jagakarsa,PM25,DKI3,Jagakarsa,2024,1,11,2,3
56.0,202401,12,2024-01-12,0I834,1.0,37.0,48.0,43.0,8.0,3.0,,SEDANG,DKI3  Jagakarsa,,DKI3,Jagakarsa,2024,1,12,2,4
66.0,202401,13,2024-01-13,0I834,1.0,50.0,66.0,44.0,7.0,11.0,55.0,SEDANG,DKI3  Jagakarsa,PM25,DKI3,Jagakarsa,2024,1,13,2,5
57.0,202401,14,2024-01-14,0I834,1.0,42.0,52.0,43.0,10.0,10.0,,SEDANG,DKI3  Jagakarsa,,DKI3,Jagakarsa,2024,1,14,2,6
78.0,202401,15,2024-01-15,0I834,1.0,57.0,78.0,43.0,17.0,5.0,54.0,SEDANG,DKI3  Jagakarsa,PM25,DKI3,Jagakarsa,2024,1,15,3,0
60.0,202401,16,2024-01-16,0I834,1.0,47.0,60.0,44.0,7.0,6.0,,SEDANG,DKI3  Jagakarsa,PM25,DKI3,Jagakarsa,2024,1,16,3,1
65.0,202401,17,2024-01-17,0I834,1.0,50.0,65.0,46.0,8.0,5.0,,SEDANG,DKI3  Jagakarsa,PM25,DKI3,Jagakarsa,2024,1,17,3,2
76.0,202401,18,2024-01-18,0I834,1.0,56.0,76.0,49.0,13.0,6.0,23.0,SEDANG,DKI3  Jagakarsa,PM25,DKI3,Jagakarsa,2024,1,18,3,3
76.0,202401,19,2024-01-19,0I834,1.0,32.0,34.0,45.0,6.0,9.0,,SEDANG,DKI3  Jagakarsa,,DKI3,Jagakarsa,2024,1,19,3,4
66.0,202401,20,2024-01-20,0I834,1.0,32.0,45.0,44.0,7.0,8.0,,SEDANG,DKI3  Jagakarsa,,DKI3,Jagakarsa,2024,1,20,3,5
112.0,202404,2,2024-04-02,0I834,4.0,81.0,112.0,27.0,26.0,10.0,11.0,TIDAK SEHAT,DKI4 Lubang Buaya,PM25,DKI4,Lubang Buaya,2024,4,2,14,1
97.0,202404,3,2024-04-03,0I834,4.0,70.0,97.0,27.0,20.0,15.0,8.0,SEDANG,DKI4 Lubang Buaya,PM25,DKI4,Lubang Buaya,2024,4,3,14,2
70.0,202404,4,2024-04-04,0I834,4.0,49.0,70.0,27.0,30.0,13.0,11.0,SEDANG,DKI4 Lubang Buaya,PM25,DKI4,Lubang Buaya,2024,4,4,14,3
116.0,202404,5,2024-04-05,0I834,4.0,86.0,116.0,28.0,,11.0,9.0,TIDAK SEHAT,DKI4 Lubang Buaya,PM25,DKI4,Lubang Buaya,2024,4,5,14,4
92.0,202404,6,2024-04-06,0I834,4.0,61.0,92.0,28.0,28.0,14.0,12.0,SEDANG,DKI4 Lubang Buaya,PM25,DKI4,Lubang Buaya,2024,4,6,14,5
83.0,202404,7,2024-04-07,0I834,4.0,60.0,83.0,28.0,19.0,19.0,7.0,SEDANG,DKI4 Lubang Buaya,PM25,DKI4,Lubang Buaya,2024,4,7,14,6
76.0,202404,8,2024-04-08,0I834,4.0,55.0,76.0,28.0,20.0,19.0,9.0,SEDANG,DKI4 Lubang Buaya,PM25,DKI4,Lubang Buaya,2024,4,8,15,0
77.0,202404,9,2024-04-09,0I834,4.0,53.0,77.0,28.0,20.0,19.0,11.0,SEDANG,DKI4 Lubang Buaya,PM25,DKI4,Lubang Buaya,2024,4,9,15,1
96.0,202404,10,2024-04-10,0I834,4.0,73.0,96.0,28.0,,14.0,10.0,SEDANG,DKI4 Lubang Buaya,PM25,DKI4,Lubang Buaya,2024,4,10,15,2
62.0,202404,11,2024-04-11,0I834,4.0,45.0,62.0,28.0,17.0,15.0,8.0,SEDANG,DKI4 Lubang Buaya,PM25,DKI4,Lubang Buaya,2024,4,11,15,3
51.0,202404,12,2024-04-12,0I834,4.0,31.0,51.0,28.0,13.0,12.0,5.0,SEDANG,DKI4 Lubang Buaya,PM25,DKI4,Lubang Buaya,2024,4,12,15,4
61.0,202404,13,2024-04-13,0I834,4.0,44.0,61.0,28.0,23.0,9.0,7.0,SEDANG,DKI4 Lubang Buaya,PM25,DKI4,Lubang Buaya,2024,4,13,15,5
60.0,202404,14,2024-04-14,0I834,4.0,37.0,60.0,28.0,15.0,13.0,6.0,SEDANG,DKI4 Lubang Buaya,PM25,DKI4,Lubang Buaya,2024,4,14,15,6
54.0,202404,15,2024-04-15,0I834,4.0,31.0,54.0,28.0,18.0,10.0,6.0,SEDANG,DKI4 Lubang Buaya,PM25,DKI4,Lubang Buaya,2024,4,15,16,0
64.0,202404,16,2024-04-16,0I834,4.0,43.0,64.0,28.0,16.0,11.0,6.0,SEDANG,DKI4 Lubang Buaya,PM25,DKI4,Lubang Buaya,2024,4,16,16,1
76.0,202404,17,2024-04-17,0I834,4.0,51.0,76.0,28.0,17.0,19.0,8.0,SEDANG,DKI4 Lubang Buaya,PM25,DKI4,Lubang Buaya,2024,4,17,16,2
67.0,202404,18,2024-04-18,0I834,4.0,52.0,67.0,28.0,21.0,14.0,10.0,SEDANG,DKI4 Lubang Buaya,PM25,DKI4,Lubang Buaya,2024,4,18,16,3
64.0,202404,19,2024-04-19,0I834,4.0,44.0,64.0,28.0,21.0,12.0,9.0,SEDANG,DKI4 Lubang Buaya,PM25,DKI4,Lubang Buaya,2024,4,19,16,4
95.0,202404,20,2024-04-20,0I834,4.0,69.0,95.0,29.0,22.0,9.0,7.0,SEDANG,DKI4 Lubang Buaya,PM25,DKI4,Lubang Buaya,2024,4,20,16,5
76.0,202404,21,2024-04-21,0I834,4.0,58.0,76.0,28.0,18.0,10.0,6.0,SEDANG,DKI4 Lubang Buaya,PM25,DKI4,Lubang Buaya,2024,4,21,16,6
83.0,202404,22,2024-04-22,0I834,4.0,64.0,83.0,29.0,26.0,9.0,7.0,SEDANG,DKI4 Lubang Buaya,PM25,DKI4,Lubang Buaya,2024,4,22,17,0
84.0,202404,23,2024-04-23,0I834,4.0,63.0,84.0,29.0,23.0,11.0,6.0,SEDANG,DKI4 Lubang Buaya,PM25,DKI4,Lubang Buaya,2024,4,23,17,1
74.0,202404,24,2024-04-24,0I834,4.0,53.0,74.0,28.0,21.0,14.0,8.0,SEDANG,DKI4 Lubang Buaya,PM25,DKI4,Lubang Buaya,2024,4,24,17,2
79.0,202404,25,2024-04-25,0I834,4.0,58.0,79.0,28.0,13.0,12.0,8.0,SEDANG,DKI4 Lubang Buaya,PM25,DKI4,Lubang Buaya,2024,4,25,17,3
71.0,202404,26,2024-04-26,0I834,4.0,56.0,71.0,29.0,12.0,13.0,6.0,SEDANG,DKI4 Lubang Buaya,PM25,DKI4,Lubang Buaya,2024,4,26,17,4
80.0,202404,27,2024-04-27,0I834,4.0,62.0,80.0,29.0,18.0,10.0,3.0,SEDANG,DKI4 Lubang Buaya,PM25,DKI4,Lubang Buaya,2024,4,27,17,5
80.0,202404,28,2024-04-28,0I834,4.0,60.0,80.0,29.0,24.0,14.0,3.0,SEDANG,DKI4 Lubang Buaya,PM25,DKI4,Lubang Buaya,2024,4,28,17,6
81.0,202404,29,2024-04-29,0I834,4.0,60.0,81.0,29.0,13.0,18.0,5.0,SEDANG,DKI4 Lubang Buaya,PM25,DKI4,Lubang Buaya,2024,4,29,18,0
91.0,202404,30,2024-04-30,0I834,4.0,70.0,91.0,29.0,16.0,18.0,6.0,SEDANG,DKI4 Lubang Buaya,PM25,DKI4,Lubang Buaya,2024,4,30,18,1
104.0,202404,1,2024-04-01,0I834,4.0,64.0,104.0,22.0,30.0,,28.0,TIDAK SEHAT,DKI5 Kebon Jeruk,PM25,DKI5,Kebon Jeruk,2024,4,1,14,0
120.0,202404,2,2024-04-02,0I834,4.0,72.0,120.0,23.0,,,32.0,TIDAK SEHAT,DKI5 Kebon Jeruk,PM25,DKI5,Kebon Jeruk,2024,4,2,14,1
95.0,202404,3,2024-04-03,0I834,4.0,58.0,95.0,24.0,24.0,,27.0,SEDANG,DKI5 Kebon Jeruk,PM25,DKI5,Kebon Jeruk,2024,4,3,14,2
77.0,202404,4,2024-04-04,0I834,4.0,51.0,77.0,24.0,28.0,,24.0,SEDANG,DKI5 Kebon Jeruk,PM25,DKI5,Kebon Jeruk,2024,4,4,14,3
125.0,202404,5,2024-04-05,0I834,4.0,74.0,125.0,22.0,31.0,,27.0,TIDAK SEHAT,DKI5 Kebon Jeruk,PM25,DKI5,Kebon Jeruk,2024,4,5,14,4
83.0,202404,6,2024-04-06,0I834,4.0,55.0,83.0,24.0,22.0,55.0,15.0,SEDANG,DKI5 Kebon Jeruk,PM25,DKI5,Kebon Jeruk,2024,4,6,14,5
77.0,202404,7,2024-04-07,0I834,4.0,52.0,77.0,24.0,20.0,,12.0,SEDANG,DKI5 Kebon Jeruk,PM25,DKI5,Kebon Jeruk,2024,4,7,14,6
77.0,202404,8,2024-04-08,0I834,4.0,45.0,73.0,25.0,18.0,,13.0,SEDANG,DKI5 Kebon Jeruk,O3,DKI5,Kebon Jeruk,2024,4,8,15,0
68.0,202404,9,2024-04-09,0I834,4.0,41.0,68.0,27.0,15.0,60.0,10.0,SEDANG,DKI5 Kebon Jeruk,PM25,DKI5,Kebon Jeruk,2024,4,9,15,1
85.0,202404,10,2024-04-10,0I834,4.0,57.0,85.0,24.0,25.0,,17.0,SEDANG,DKI5 Kebon Jeruk,PM25,DKI5,Kebon Jeruk,2024,4,10,15,2
62.0,202404,11,2024-04-11,0I834,4.0,35.0,58.0,24.0,17.0,,15.0,SEDANG,DKI5 Kebon Jeruk,O3,DKI5,Kebon Jeruk,2024,4,11,15,3
74.0,202404,12,2024-04-12,0I834,4.0,25.0,51.0,22.0,14.0,,8.0,SEDANG,DKI5 Kebon Jeruk,O3,DKI5,Kebon Jeruk,2024,4,12,15,4
62.0,202404,13,2024-04-13,0I834,4.0,35.0,61.0,24.0,23.0,,16.0,SEDANG,DKI5 Kebon Jeruk,O3,DKI5,Kebon Jeruk,2024,4,13,15,5
79.0,202404,14,2024-04-14,0I834,4.0,28.0,55.0,22.0,15.0,,8.0,SEDANG,DKI5 Kebon Jeruk,O3,DKI5,Kebon Jeruk,2024,4,14,15,6
62.0,202404,15,2024-04-15,0I834,4.0,30.0,54.0,23.0,20.0,,14.0,SEDANG,DKI5 Kebon Jeruk,O3,DKI5,Kebon Jeruk,2024,4,15,16,0
60.0,202404,16,2024-04-16,0I834,4.0,23.0,53.0,25.0,17.0,60.0,11.0,SEDANG,DKI5 Kebon Jeruk,O3,DKI5,Kebon Jeruk,2024,4,16,16,1
77.0,202404,17,2024-04-17,0I834,4.0,41.0,71.0,23.0,18.0,,14.0,SEDANG,DKI5 Kebon Jeruk,O3,DKI5,Kebon Jeruk,2024,4,17,16,2
69.0,202404,18,2024-04-18,0I834,4.0,44.0,69.0,23.0,21.0,,18.0,SEDANG,DKI5 Kebon Jeruk,PM25,DKI5,Kebon Jeruk,2024,4,18,16,3
61.0,202404,19,2024-04-19,0I834,4.0,34.0,61.0,25.0,18.0,57.0,19.0,SEDANG,DKI5 Kebon Jeruk,PM25,DKI5,Kebon Jeruk,2024,4,19,16,4
90.0,202404,20,2024-04-20,0I834,4.0,57.0,90.0,27.0,25.0,59.0,19.0,SEDANG,DKI5 Kebon Jeruk,PM25,DKI5,Kebon Jeruk,2024,4,20,16,5
68.0,202404,21,2024-04-21,0I834,4.0,68.0,60.0,23.0,20.0,,15.0,SEDANG,DKI5 Kebon Jeruk,PM10,DKI5,Kebon Jeruk,2024,4,21,16,6
85.0,202404,22,2024-04-22,0I834,4.0,56.0,85.0,24.0,26.0,56.0,22.0,SEDANG,DKI5 Kebon Jeruk,PM25,DKI5,Kebon Jeruk,2024,4,22,17,0
75.0,202403,30,2024-03-30,0I834,3.0,56.0,75.0,16.0,21.0,29.0,44.0,SEDANG,DKI1  Bundaran Hotel Indonesia (HI),PM25,DKI1,Bundaran HI,2024,3,30,13,5
79.0,202403,31,2024-03-31,0I834,3.0,53.0,79.0,12.0,23.0,32.0,41.0,SEDANG,DKI1  Bundaran Hotel Indonesia (HI),PM25,DKI1,Bundaran HI,2024,3,31,13,6
76.0,202403,1,2024-03-01,0I834,3.0,53.0,66.0,54.0,23.0,12.0,,SEDANG,DKI2 Kelapa Gading,,DKI2,Kelapa Gading,2024,3,1,9,4
62.0,202403,2,2024-03-02,0I834,3.0,50.0,62.0,55.0,10.0,20.0,42.0,SEDANG,DKI2 Kelapa Gading,PM25,DKI2,Kelapa Gading,2024,3,2,9,5
54.0,202403,3,2024-03-03,0I834,3.0,35.0,41.0,54.0,6.0,20.0,31.0,SEDANG,DKI2 Kelapa Gading,SO2,DKI2,Kelapa Gading,2024,3,3,9,6
55.0,202403,4,2024-03-04,0I834,3.0,39.0,55.0,54.0,8.0,22.0,32.0,SEDANG,DKI2 Kelapa Gading,PM25,DKI2,Kelapa Gading,2024,3,4,10,0
54.0,202403,5,2024-03-05,0I834,3.0,30.0,54.0,54.0,9.0,20.0,31.0,SEDANG,DKI2 Kelapa Gading,PM25,DKI2,Kelapa Gading,2024,3,5,10,1
54.0,202403,6,2024-03-06,0I834,3.0,31.0,51.0,54.0,5.0,19.0,19.0,SEDANG,DKI2 Kelapa Gading,SO2,DKI2,Kelapa Gading,2024,3,6,10,2
55.0,202403,7,2024-03-07,0I834,3.0,31.0,46.0,55.0,6.0,19.0,25.0,SEDANG,DKI2 Kelapa Gading,SO2,DKI2,Kelapa Gading,2024,3,7,10,3
54.0,202403,8,2024-03-08,0I834,3.0,24.0,44.0,54.0,4.0,20.0,12.0,SEDANG,DKI2 Kelapa Gading,SO2,DKI2,Kelapa Gading,2024,3,8,10,4
55.0,202403,9,2024-03-09,0I834,3.0,33.0,45.0,55.0,6.0,13.0,24.0,SEDANG,DKI2 Kelapa Gading,SO2,DKI2,Kelapa Gading,2024,3,9,10,5
86.0,202403,10,2024-03-10,0I834,3.0,63.0,86.0,55.0,30.0,14.0,,SEDANG,DKI2 Kelapa Gading,PM25,DKI2,Kelapa Gading,2024,3,10,10,6
61.0,202403,11,2024-03-11,0I834,3.0,46.0,61.0,54.0,10.0,19.0,37.0,SEDANG,DKI2 Kelapa Gading,PM25,DKI2,Kelapa Gading,2024,3,11,11,0
55.0,202403,12,2024-03-12,0I834,3.0,33.0,55.0,54.0,3.0,23.0,14.0,SEDANG,DKI2 Kelapa Gading,PM25,DKI2,Kelapa Gading,2024,3,12,11,1
58.0,202403,13,2024-03-13,0I834,3.0,41.0,58.0,54.0,5.0,22.0,22.0,SEDANG,DKI2 Kelapa Gading,PM25,DKI2,Kelapa Gading,2024,3,13,11,2
54.0,202403,14,2024-03-14,0I834,3.0,37.0,50.0,54.0,4.0,23.0,21.0,SEDANG,DKI2 Kelapa Gading,SO2,DKI2,Kelapa Gading,2024,3,14,11,3
54.0,202403,15,2024-03-15,0I834,3.0,36.0,44.0,54.0,10.0,15.0,36.0,SEDANG,DKI2 Kelapa Gading,SO2,DKI2,Kelapa Gading,2024,3,15,11,4
54.0,202403,16,2024-03-16,0I834,3.0,26.0,32.0,54.0,6.0,18.0,18.0,SEDANG,DKI2 Kelapa Gading,SO2,DKI2,Kelapa Gading,2024,3,16,11,5
62.0,202403,1,2024-03-01,0I834,3.0,45.0,62.0,14.0,30.0,23.0,37.0,SEDANG,DKI1  Bundaran Hotel Indonesia (HI),PM25,DKI1,Bundaran HI,2024,3,1,9,4
64.0,202403,2,2024-03-02,0I834,3.0,43.0,64.0,17.0,22.0,15.0,37.0,SEDANG,DKI1  Bundaran Hotel Indonesia (HI),PM25,DKI1,Bundaran HI,2024,3,2,9,5
51.0,202403,3,2024-03-03,0I834,3.0,33.0,51.0,17.0,20.0,22.0,27.0,SEDANG,DKI1  Bundaran Hotel Indonesia (HI),PM25,DKI1,Bundaran HI,2024,3,3,9,6
54.0,202403,4,2024-03-04,0I834,3.0,34.0,54.0,14.0,19.0,20.0,25.0,SEDANG,DKI1  Bundaran Hotel Indonesia (HI),PM25,DKI1,Bundaran HI,2024,3,4,10,0
43.0,202403,5,2024-03-05,0I834,3.0,24.0,43.0,13.0,19.0,20.0,22.0,BAIK,DKI1  Bundaran Hotel Indonesia (HI),PM25,DKI1,Bundaran HI,2024,3,5,10,1
38.0,202403,6,2024-03-06,0I834,3.0,25.0,38.0,15.0,17.0,17.0,21.0,BAIK,DKI1  Bundaran Hotel Indonesia (HI),PM25,DKI1,Bundaran HI,2024,3,6,10,2
35.0,202403,7,2024-03-07,0I834,3.0,23.0,35.0,14.0,17.0,20.0,21.0,BAIK,DKI1  Bundaran Hotel Indonesia (HI),PM25,DKI1,Bundaran HI,2024,3,7,10,3
34.0,202403,8,2024-03-08,0I834,3.0,19.0,34.0,13.0,15.0,22.0,15.0,BAIK,DKI1  Bundaran Hotel Indonesia (HI),PM25,DKI1,Bundaran HI,2024,3,8,10,4
30.0,202403,9,2024-03-09,0I834,3.0,29.0,30.0,17.0,17.0,19.0,21.0,BAIK,DKI1  Bundaran Hotel Indonesia (HI),PM25,DKI1,Bundaran HI,2024,3,9,10,5
72.0,202403,10,2024-03-10,0I834,3.0,53.0,72.0,17.0,27.0,20.0,35.0,SEDANG,DKI1  Bundaran Hotel Indonesia (HI),PM25,DKI1,Bundaran HI,2024,3,10,10,6
47.0,202403,11,2024-03-11,0I834,3.0,35.0,47.0,12.0,17.0,14.0,21.0,BAIK,DKI1  Bundaran Hotel Indonesia (HI),PM25,DKI1,Bundaran HI,2024,3,11,11,0
50.0,202403,12,2024-03-12,0I834,3.0,31.0,50.0,11.0,13.0,21.0,19.0,BAIK,DKI1  Bundaran Hotel Indonesia (HI),PM25,DKI1,Bundaran HI,2024,3,12,11,1
60.0,202403,13,2024-03-13,0I834,3.0,42.0,60.0,14.0,15.0,19.0,25.0,SEDANG,DKI1  Bundaran Hotel Indonesia (HI),PM25,DKI1,Bundaran HI,2024,3,13,11,2
52.0,202403,14,2024-03-14,0I834,3.0,36.0,52.0,12.0,17.0,17.0,29.0,SEDANG,DKI1  Bundaran Hotel Indonesia (HI),PM25,DKI1,Bundaran HI,2024,3,14,11,3
44.0,202403,15,2024-03-15,0I834,3.0,32.0,44.0,15.0,16.0,22.0,22.0,BAIK,DKI1  Bundaran Hotel Indonesia (HI),PM25,DKI1,Bundaran HI,2024,3,15,11,4
27.0,202403,16,2024-03-16,0I834,3.0,23.0,27.0,13.0,13.0,23.0,20.0,BAIK,DKI1  Bundaran Hotel Indonesia (HI),PM25,DKI1,Bundaran HI,2024,3,16,11,5
37.0,202403,17,2024-03-17,0I834,3.0,24.0,37.0,14.0,12.0,21.0,16.0,BAIK,DKI1  Bundaran Hotel Indonesia (HI),PM25,DKI1,Bundaran HI,2024,3,17,11,6
35.0,202403,18,2024-03-18,0I834,3.0,22.0,35.0,16.0,11.0,20.0,17.0,BAIK,DKI1  Bundaran Hotel Indonesia (HI),PM25,DKI1,Bundaran HI,2024,3,18,12,0
47.0,202403,19,2024-03-19,0I834,3.0,29.0,47.0,14.0,13.0,18.0,18.0,BAIK,DKI1  Bundaran Hotel Indonesia (HI),PM25,DKI1,Bundaran HI,2024,3,19,12,1
47.0,202403,20,2024-03-20,0I834,3.0,27.0,47.0,13.0,17.0,10.0,16.0,BAIK,DKI1  Bundaran Hotel Indonesia (HI),PM25,DKI1,Bundaran HI,2024,3,20,12,2
51.0,202403,21,2024-03-21,0I834,3.0,28.0,51.0,18.0,16.0,11.0,18.0,SEDANG,DKI1  Bundaran Hotel Indonesia (HI),PM25,DKI1,Bundaran HI,2024,3,21,12,3
28.0,202403,22,2024-03-22,0I834,3.0,24.0,28.0,10.0,17.0,17.0,26.0,BAIK,DKI1  Bundaran Hotel Indonesia (HI),PM25,DKI1,Bundaran HI,2024,3,22,12,4
100.0,202403,23,2024-03-23,0I834,3.0,63.0,100.0,15.0,31.0,30.0,47.0,SEDANG,DKI1  Bundaran Hotel Indonesia (HI),PM25,DKI1,Bundaran HI,2024,3,23,12,5
71.0,202403,24,2024-03-24,0I834,3.0,52.0,71.0,13.0,15.0,38.0,30.0,SEDANG,DKI1  Bundaran Hotel Indonesia (HI),PM25,DKI1,Bundaran HI,2024,3,24,12,6
64.0,202403,25,2024-03-25,0I834,3.0,44.0,64.0,13.0,16.0,25.0,39.0,SEDANG,DKI1  Bundaran Hotel Indonesia (HI),PM25,DKI1,Bundaran HI,2024,3,25,13,0
73.0,202403,26,2024-03-26,0I834,3.0,52.0,73.0,13.0,21.0,25.0,37.0,SEDANG,DKI1  Bundaran Hotel Indonesia (HI),PM25,DKI1,Bundaran HI,2024,3,26,13,1
77.0,202403,27,2024-03-27,0I834,3.0,57.0,77.0,13.0,22.0,17.0,43.0,SEDANG,DKI1  Bundaran Hotel Indonesia (HI),PM25,DKI1,Bundaran HI,2024,3,27,13,2
92.0,202403,28,2024-03-28,0I834,3.0,62.0,92.0,19.0,22.0,33.0,45.0,SEDANG,DKI1  Bundaran Hotel Indonesia (HI),PM25,DKI1,Bundaran HI,2024,3,28,13,3
90.0,202403,29,2024-03-29,0I834,3.0,62.0,90.0,16.0,19.0,35.0,50.0,SEDANG,DKI1  Bundaran Hotel Indonesia (HI),PM25,DKI1,Bundaran HI,2024,3,29,13,4
51.0,202403,30,2024-03-30,0I834,3.0,45.0,16.0,51.0,14.0,15.0,48.0,SEDANG,DKI3 Jagakarsa,SO2,DKI3,Jagakarsa,2024,3,30,13,5
49.0,202403,31,2024-03-31,0I834,3.0,49.0,,27.0,,17.0,13.0,BAIK,DKI3 Jagakarsa,PM10,DKI3,Jagakarsa,2024,3,31,13,6
69.0,202403,1,2024-03-01,0I834,3.0,55.0,69.0,25.0,28.0,8.0,6.0,SEDANG,DKI4 Lubang Buaya,PM25,DKI4,Lubang Buaya,2024,3,1,9,4
72.0,202403,2,2024-03-02,0I834,3.0,59.0,72.0,26.0,21.0,8.0,7.0,SEDANG,DKI4 Lubang Buaya,PM25,DKI4,Lubang Buaya,2024,3,2,9,5
58.0,202403,3,2024-03-03,0I834,3.0,46.0,58.0,26.0,21.0,6.0,7.0,SEDANG,DKI4 Lubang Buaya,PM25,DKI4,Lubang Buaya,2024,3,3,9,6
61.0,202403,4,2024-03-04,0I834,3.0,49.0,61.0,26.0,25.0,8.0,5.0,SEDANG,DKI4 Lubang Buaya,PM25,DKI4,Lubang Buaya,2024,3,4,10,0
56.0,202403,5,2024-03-05,0I834,3.0,39.0,56.0,26.0,22.0,6.0,4.0,SEDANG,DKI4 Lubang Buaya,PM25,DKI4,Lubang Buaya,2024,3,5,10,1
55.0,202403,17,2024-03-17,0I834,3.0,27.0,34.0,55.0,6.0,15.0,17.0,SEDANG,DKI2 Kelapa Gading,SO2,DKI2,Kelapa Gading,2024,3,17,11,6
55.0,202403,18,2024-03-18,0I834,3.0,26.0,33.0,55.0,5.0,16.0,17.0,SEDANG,DKI2 Kelapa Gading,SO2,DKI2,Kelapa Gading,2024,3,18,12,0
55.0,202403,19,2024-03-19,0I834,3.0,32.0,46.0,55.0,5.0,17.0,21.0,SEDANG,DKI2 Kelapa Gading,SO2,DKI2,Kelapa Gading,2024,3,19,12,1
54.0,202403,20,2024-03-20,0I834,3.0,26.0,52.0,54.0,6.0,15.0,19.0,SEDANG,DKI2 Kelapa Gading,SO2,DKI2,Kelapa Gading,2024,3,20,12,2
55.0,202403,21,2024-03-21,0I834,3.0,31.0,55.0,55.0,5.0,17.0,19.0,SEDANG,DKI2 Kelapa Gading,PM25,DKI2,Kelapa Gading,2024,3,21,12,3
54.0,202403,22,2024-03-22,0I834,3.0,26.0,34.0,54.0,4.0,19.0,26.0,SEDANG,DKI2 Kelapa Gading,SO2,DKI2,Kelapa Gading,2024,3,22,12,4
111.0,202403,23,2024-03-23,0I834,3.0,70.0,111.0,55.0,22.0,28.0,,TIDAK SEHAT,DKI2 Kelapa Gading,PM25,DKI2,Kelapa Gading,2024,3,23,12,5
69.0,202403,24,2024-03-24,0I834,3.0,55.0,69.0,55.0,5.0,32.0,19.0,SEDANG,DKI2 Kelapa Gading,PM25,DKI2,Kelapa Gading,2024,3,24,12,6
66.0,202403,25,2024-03-25,0I834,3.0,53.0,66.0,56.0,5.0,33.0,16.0,SEDANG,DKI2 Kelapa Gading,PM25,DKI2,Kelapa Gading,2024,3,25,13,0
83.0,202403,26,2024-03-26,0I834,3.0,63.0,83.0,58.0,8.0,25.0,42.0,SEDANG,DKI2 Kelapa Gading,PM25,DKI2,Kelapa Gading,2024,3,26,13,1
68.0,202403,27,2024-03-27,0I834,3.0,57.0,68.0,56.0,4.0,24.0,19.0,SEDANG,DKI2 Kelapa Gading,PM25,DKI2,Kelapa Gading,2024,3,27,13,2
90.0,202403,28,2024-03-28,0I834,3.0,65.0,90.0,55.0,8.0,40.0,30.0,SEDANG,DKI2 Kelapa Gading,PM25,DKI2,Kelapa Gading,2024,3,28,13,3
91.0,202403,29,2024-03-29,0I834,3.0,69.0,91.0,56.0,11.0,39.0,31.0,SEDANG,DKI2 Kelapa Gading,PM25,DKI2,Kelapa Gading,2024,3,29,13,4
83.0,202403,30,2024-03-30,0I834,3.0,65.0,83.0,59.0,11.0,31.0,33.0,SEDANG,DKI2 Kelapa Gading,PM25,DKI2,Kelapa Gading,2024,3,30,13,5
82.0,202403,31,2024-03-31,0I834,3.0,60.0,82.0,55.0,11.0,33.0,34.0,SEDANG,DKI2 Kelapa Gading,PM25,DKI2,Kelapa Gading,2024,3,31,13,6
66.0,202403,1,2024-03-01,0I834,3.0,46.0,66.0,50.0,14.0,15.0,28.0,SEDANG,DKI3 Jagakarsa,PM25,DKI3,Jagakarsa,2024,3,1,9,4
64.0,202403,2,2024-03-02,0I834,3.0,48.0,64.0,50.0,11.0,9.0,20.0,SEDANG,DKI3 Jagakarsa,PM25,DKI3,Jagakarsa,2024,3,2,9,5
57.0,202403,3,2024-03-03,0I834,3.0,48.0,57.0,50.0,12.0,5.0,20.0,SEDANG,DKI3 Jagakarsa,PM25,DKI3,Jagakarsa,2024,3,3,9,6
61.0,202403,4,2024-03-04,0I834,3.0,43.0,56.0,50.0,14.0,13.0,,SEDANG,DKI3 Jagakarsa,,DKI3,Jagakarsa,2024,3,4,10,0
62.0,202403,5,2024-03-05,0I834,3.0,44.0,56.0,50.0,9.0,13.0,,SEDANG,DKI3 Jagakarsa,,DKI3,Jagakarsa,2024,3,5,10,1
61.0,202403,6,2024-03-06,0I834,3.0,48.0,61.0,50.0,8.0,9.0,,SEDANG,DKI3 Jagakarsa,PM25,DKI3,Jagakarsa,2024,3,6,10,2
52.0,202403,7,2024-03-07,0I834,3.0,38.0,52.0,50.0,6.0,10.0,52.0,SEDANG,DKI3 Jagakarsa,PM25,DKI3,Jagakarsa,2024,3,7,10,3
49.0,202403,8,2024-03-08,0I834,3.0,23.0,28.0,49.0,3.0,13.0,34.0,BAIK,DKI3 Jagakarsa,SO2,DKI3,Jagakarsa,2024,3,8,10,4
50.0,202403,9,2024-03-09,0I834,3.0,29.0,25.0,50.0,4.0,12.0,40.0,BAIK,DKI3 Jagakarsa,SO2,DKI3,Jagakarsa,2024,3,9,10,5
91.0,202403,10,2024-03-10,0I834,3.0,54.0,73.0,51.0,21.0,11.0,,SEDANG,DKI3 Jagakarsa,,DKI3,Jagakarsa,2024,3,10,10,6
79.0,202403,11,2024-03-11,0I834,3.0,51.0,63.0,51.0,20.0,,,SEDANG,DKI3 Jagakarsa,,DKI3,Jagakarsa,2024,3,11,11,0
55.0,202403,12,2024-03-12,0I834,3.0,41.0,55.0,52.0,7.0,15.0,38.0,SEDANG,DKI3 Jagakarsa,PM25,DKI3,Jagakarsa,2024,3,12,11,1
68.0,202403,13,2024-03-13,0I834,3.0,54.0,68.0,51.0,9.0,16.0,44.0,SEDANG,DKI3 Jagakarsa,PM25,DKI3,Jagakarsa,2024,3,13,11,2
65.0,202403,14,2024-03-14,0I834,3.0,,65.0,51.0,11.0,12.0,43.0,SEDANG,DKI3 Jagakarsa,PM25,DKI3,Jagakarsa,2024,3,14,11,3
62.0,202403,15,2024-03-15,0I834,3.0,23.0,40.0,51.0,8.0,10.0,,SEDANG,DKI3 Jagakarsa,,DKI3,Jagakarsa,2024,3,15,11,4
53.0,202403,16,2024-03-16,0I834,3.0,16.0,26.0,51.0,4.0,12.0,53.0,SEDANG,DKI3 Jagakarsa,,DKI3,Jagakarsa,2024,3,16,11,5
58.0,202403,17,2024-03-17,0I834,3.0,18.0,21.0,51.0,5.0,10.0,,SEDANG,DKI3 Jagakarsa,,DKI3,Jagakarsa,2024,3,17,11,6
51.0,202403,18,2024-03-18,0I834,3.0,22.0,40.0,51.0,5.0,11.0,51.0,SEDANG,DKI3 Jagakarsa,SO2,DKI3,Jagakarsa,2024,3,18,12,0
75.0,202403,19,2024-03-19,0I834,3.0,43.0,63.0,51.0,9.0,10.0,,SEDANG,DKI3 Jagakarsa,,DKI3,Jagakarsa,2024,3,19,12,1
62.0,202403,20,2024-03-20,0I834,3.0,41.0,62.0,51.0,7.0,10.0,49.0,SEDANG,DKI3 Jagakarsa,PM25,DKI3,Jagakarsa,2024,3,20,12,2
68.0,202403,21,2024-03-21,0I834,3.0,50.0,68.0,51.0,8.0,13.0,,SEDANG,DKI3 Jagakarsa,PM25,DKI3,Jagakarsa,2024,3,21,12,3
53.0,202403,22,2024-03-22,0I834,3.0,38.0,53.0,51.0,9.0,14.0,40.0,SEDANG,DKI3 Jagakarsa,PM25,DKI3,Jagakarsa,2024,3,22,12,4
106.0,202403,23,2024-03-23,0I834,3.0,59.0,99.0,51.0,27.0,21.0,,TIDAK SEHAT,DKI3 Jagakarsa,,DKI3,Jagakarsa,2024,3,23,12,5
73.0,202403,24,2024-03-24,0I834,3.0,54.0,73.0,51.0,10.0,25.0,31.0,SEDANG,DKI3 Jagakarsa,PM25,DKI3,Jagakarsa,2024,3,24,12,6
61.0,202403,25,2024-03-25,0I834,3.0,44.0,61.0,51.0,8.0,23.0,29.0,SEDANG,DKI3 Jagakarsa,PM25,DKI3,Jagakarsa,2024,3,25,13,0
68.0,202403,26,2024-03-26,0I834,3.0,44.0,68.0,51.0,13.0,19.0,54.0,SEDANG,DKI3 Jagakarsa,PM25,DKI3,Jagakarsa,2024,3,26,13,1
84.0,202403,27,2024-03-27,0I834,3.0,57.0,84.0,52.0,15.0,18.0,37.0,SEDANG,DKI3 Jagakarsa,PM25,DKI3,Jagakarsa,2024,3,27,13,2
90.0,202403,28,2024-03-28,0I834,3.0,63.0,90.0,51.0,23.0,18.0,,SEDANG,DKI3 Jagakarsa,PM25,DKI3,Jagakarsa,2024,3,28,13,3
56.0,202403,29,2024-03-29,0I834,3.0,56.0,16.0,51.0,13.0,20.0,29.0,SEDANG,DKI3 Jagakarsa,PM10,DKI3,Jagakarsa,2024,3,29,13,4
55.0,202403,6,2024-03-06,0I834,3.0,37.0,55.0,26.0,18.0,5.0,3.0,SEDANG,DKI4 Lubang Buaya,PM25,DKI4,Lubang Buaya,2024,3,6,10,2
47.0,202403,7,2024-03-07,0I834,3.0,31.0,47.0,26.0,18.0,6.0,2.0,BAIK,DKI4 Lubang Buaya,PM25,DKI4,Lubang Buaya,2024,3,7,10,3
39.0,202403,8,2024-03-08,0I834,3.0,26.0,39.0,26.0,15.0,6.0,2.0,BAIK,DKI4 Lubang Buaya,PM25,DKI4,Lubang Buaya,2024,3,8,10,4
30.0,202403,9,2024-03-09,0I834,3.0,30.0,30.0,26.0,16.0,6.0,3.0,BAIK,DKI4 Lubang Buaya,PM10,DKI4,Lubang Buaya,2024,3,9,10,5
96.0,202403,10,2024-03-10,0I834,3.0,72.0,96.0,26.0,,5.0,8.0,SEDANG,DKI4 Lubang Buaya,PM25,DKI4,Lubang Buaya,2024,3,10,10,6
78.0,202403,11,2024-03-11,0I834,3.0,70.0,78.0,26.0,27.0,8.0,4.0,SEDANG,DKI4 Lubang Buaya,PM25,DKI4,Lubang Buaya,2024,3,11,11,0
53.0,202403,12,2024-03-12,0I834,3.0,37.0,53.0,26.0,17.0,6.0,2.0,SEDANG,DKI4 Lubang Buaya,PM25,DKI4,Lubang Buaya,2024,3,12,11,1
64.0,202403,13,2024-03-13,0I834,3.0,49.0,64.0,26.0,19.0,7.0,4.0,SEDANG,DKI4 Lubang Buaya,PM25,DKI4,Lubang Buaya,2024,3,13,11,2
65.0,202403,14,2024-03-14,0I834,3.0,52.0,65.0,26.0,21.0,6.0,4.0,SEDANG,DKI4 Lubang Buaya,PM25,DKI4,Lubang Buaya,2024,3,14,11,3
45.0,202403,15,2024-03-15,0I834,3.0,38.0,45.0,26.0,21.0,6.0,4.0,BAIK,DKI4 Lubang Buaya,PM25,DKI4,Lubang Buaya,2024,3,15,11,4
31.0,202403,16,2024-03-16,0I834,3.0,24.0,31.0,26.0,17.0,5.0,3.0,BAIK,DKI4 Lubang Buaya,PM25,DKI4,Lubang Buaya,2024,3,16,11,5
31.0,202403,17,2024-03-17,0I834,3.0,23.0,31.0,26.0,16.0,5.0,4.0,BAIK,DKI4 Lubang Buaya,PM25,DKI4,Lubang Buaya,2024,3,17,11,6
51.0,202403,18,2024-03-18,0I834,3.0,30.0,51.0,26.0,17.0,4.0,3.0,SEDANG,DKI4 Lubang Buaya,PM25,DKI4,Lubang Buaya,2024,3,18,12,0
67.0,202403,19,2024-03-19,0I834,3.0,53.0,67.0,27.0,20.0,4.0,3.0,SEDANG,DKI4 Lubang Buaya,PM25,DKI4,Lubang Buaya,2024,3,19,12,1
59.0,202403,20,2024-03-20,0I834,3.0,43.0,59.0,27.0,19.0,3.0,4.0,SEDANG,DKI4 Lubang Buaya,PM25,DKI4,Lubang Buaya,2024,3,20,12,2
67.0,202403,21,2024-03-21,0I834,3.0,48.0,67.0,27.0,21.0,4.0,4.0,SEDANG,DKI4 Lubang Buaya,PM25,DKI4,Lubang Buaya,2024,3,21,12,3
122.0,202403,23,2024-03-23,0I834,3.0,70.0,122.0,27.0,,8.0,11.0,TIDAK SEHAT,DKI4 Lubang Buaya,PM25,DKI4,Lubang Buaya,2024,3,23,12,5
78.0,202403,24,2024-03-24,0I834,3.0,57.0,78.0,27.0,18.0,11.0,7.0,SEDANG,DKI4 Lubang Buaya,PM25,DKI4,Lubang Buaya,2024,3,24,12,6
69.0,202403,25,2024-03-25,0I834,3.0,50.0,69.0,27.0,17.0,12.0,4.0,SEDANG,DKI4 Lubang Buaya,PM25,DKI4,Lubang Buaya,2024,3,25,13,0
93.0,202403,26,2024-03-26,0I834,3.0,,93.0,27.0,23.0,9.0,7.0,SEDANG,DKI4 Lubang Buaya,PM25,DKI4,Lubang Buaya,2024,3,26,13,1
92.0,202403,27,2024-03-27,0I834,3.0,64.0,92.0,27.0,25.0,8.0,9.0,SEDANG,DKI4 Lubang Buaya,PM25,DKI4,Lubang Buaya,2024,3,27,13,2
128.0,202403,28,2024-03-28,0I834,3.0,90.0,128.0,27.0,27.0,12.0,10.0,TIDAK SEHAT,DKI4 Lubang Buaya,PM25,DKI4,Lubang Buaya,2024,3,28,13,3
96.0,202403,29,2024-03-29,0I834,3.0,74.0,96.0,27.0,23.0,10.0,11.0,SEDANG,DKI4 Lubang Buaya,PM25,DKI4,Lubang Buaya,2024,3,29,13,4
86.0,202403,30,2024-03-30,0I834,3.0,62.0,86.0,27.0,23.0,13.0,9.0,SEDANG,DKI4 Lubang Buaya,PM25,DKI4,Lubang Buaya,2024,3,30,13,5
82.0,202403,31,2024-03-31,0I834,3.0,61.0,82.0,27.0,27.0,13.0,9.0,SEDANG,DKI4 Lubang Buaya,PM25,DKI4,Lubang Buaya,2024,3,31,13,6
82.0,202403,1,2024-03-01,0I834,3.0,52.0,82.0,21.0,29.0,50.0,13.0,SEDANG,DKI5 Kebon Jeruk,PM25,DKI5,Kebon Jeruk,2024,3,1,9,4
69.0,202403,2,2024-03-02,0I834,3.0,41.0,69.0,23.0,21.0,54.0,21.0,SEDANG,DKI5 Kebon Jeruk,PM25,DKI5,Kebon Jeruk,2024,3,2,9,5
54.0,202403,3,2024-03-03,0I834,3.0,35.0,54.0,22.0,19.0,51.0,14.0,SEDANG,DKI5 Kebon Jeruk,PM25,DKI5,Kebon Jeruk,2024,3,3,9,6
60.0,202403,4,2024-03-04,0I834,3.0,33.0,60.0,22.0,18.0,42.0,10.0,SEDANG,DKI5 Kebon Jeruk,PM25,DKI5,Kebon Jeruk,2024,3,4,10,0
46.0,202403,5,2024-03-05,0I834,3.0,18.0,38.0,21.0,14.0,46.0,6.0,BAIK,DKI5 Kebon Jeruk,O3,DKI5,Kebon Jeruk,2024,3,5,10,1
49.0,202403,6,2024-03-06,0I834,3.0,18.0,34.0,23.0,13.0,49.0,6.0,BAIK,DKI5 Kebon Jeruk,O3,DKI5,Kebon Jeruk,2024,3,6,10,2
48.0,202403,7,2024-03-07,0I834,3.0,22.0,28.0,22.0,13.0,48.0,6.0,BAIK,DKI5 Kebon Jeruk,O3,DKI5,Kebon Jeruk,2024,3,7,10,3
46.0,202403,8,2024-03-08,0I834,3.0,17.0,28.0,22.0,12.0,46.0,4.0,BAIK,DKI5 Kebon Jeruk,O3,DKI5,Kebon Jeruk,2024,3,8,10,4
45.0,202403,9,2024-03-09,0I834,3.0,27.0,41.0,25.0,14.0,45.0,10.0,BAIK,DKI5 Kebon Jeruk,O3,DKI5,Kebon Jeruk,2024,3,9,10,5
92.0,202403,10,2024-03-10,0I834,3.0,56.0,92.0,25.0,,48.0,18.0,SEDANG,DKI5 Kebon Jeruk,PM25,DKI5,Kebon Jeruk,2024,3,10,10,6
60.0,202403,11,2024-03-11,0I834,3.0,42.0,60.0,20.0,24.0,57.0,9.0,SEDANG,DKI5 Kebon Jeruk,PM25,DKI5,Kebon Jeruk,2024,3,11,11,0
56.0,202403,12,2024-03-12,0I834,3.0,30.0,56.0,21.0,15.0,51.0,10.0,SEDANG,DKI5 Kebon Jeruk,PM25,DKI5,Kebon Jeruk,2024,3,12,11,1
64.0,202403,13,2024-03-13,0I834,3.0,40.0,64.0,22.0,17.0,53.0,13.0,SEDANG,DKI5 Kebon Jeruk,PM25,DKI5,Kebon Jeruk,2024,3,13,11,2
61.0,202403,14,2024-03-14,0I834,3.0,35.0,61.0,21.0,18.0,57.0,16.0,SEDANG,DKI5 Kebon Jeruk,PM25,DKI5,Kebon Jeruk,2024,3,14,11,3
45.0,202403,15,2024-03-15,0I834,3.0,32.0,45.0,23.0,16.0,43.0,9.0,BAIK,DKI5 Kebon Jeruk,PM25,DKI5,Kebon Jeruk,2024,3,15,11,4
46.0,202403,16,2024-03-16,0I834,3.0,21.0,33.0,23.0,14.0,46.0,9.0,BAIK,DKI5 Kebon Jeruk,O3,DKI5,Kebon Jeruk,2024,3,16,11,5
45.0,202403,17,2024-03-17,0I834,3.0,26.0,39.0,23.0,12.0,45.0,7.0,BAIK,DKI5 Kebon Jeruk,O3,DKI5,Kebon Jeruk,2024,3,17,11,6
41.0,202403,18,2024-03-18,0I834,3.0,18.0,39.0,27.0,12.0,41.0,7.0,BAIK,DKI5 Kebon Jeruk,O3,DKI5,Kebon Jeruk,2024,3,18,12,0
50.0,202403,19,2024-03-19,0I834,3.0,21.0,50.0,23.0,14.0,34.0,6.0,BAIK,DKI5 Kebon Jeruk,PM25,DKI5,Kebon Jeruk,2024,3,19,12,1
54.0,202403,20,2024-03-20,0I834,3.0,23.0,54.0,22.0,15.0,22.0,5.0,SEDANG,DKI5 Kebon Jeruk,PM25,DKI5,Kebon Jeruk,2024,3,20,12,2
65.0,202403,21,2024-03-21,0I834,3.0,40.0,65.0,27.0,16.0,31.0,7.0,SEDANG,DKI5 Kebon Jeruk,PM25,DKI5,Kebon Jeruk,2024,3,21,12,3
55.0,202403,22,2024-03-22,0I834,3.0,31.0,43.0,21.0,17.0,55.0,14.0,SEDANG,DKI5 Kebon Jeruk,O3,DKI5,Kebon Jeruk,2024,3,22,12,4
108.0,202403,23,2024-03-23,0I834,3.0,59.0,108.0,23.0,,59.0,19.0,TIDAK SEHAT,DKI5 Kebon Jeruk,PM25,DKI5,Kebon Jeruk,2024,3,23,12,5
83.0,202403,24,2024-03-24,0I834,3.0,54.0,83.0,25.0,19.0,,16.0,SEDANG,DKI5 Kebon Jeruk,PM25,DKI5,Kebon Jeruk,2024,3,24,12,6
65.0,202403,25,2024-03-25,0I834,3.0,42.0,64.0,30.0,18.0,,15.0,SEDANG,DKI5 Kebon Jeruk,O3,DKI5,Kebon Jeruk,2024,3,25,13,0
81.0,202403,26,2024-03-26,0I834,3.0,51.0,81.0,25.0,23.0,58.0,22.0,SEDANG,DKI5 Kebon Jeruk,PM25,DKI5,Kebon Jeruk,2024,3,26,13,1
86.0,202403,27,2024-03-27,0I834,3.0,56.0,86.0,24.0,23.0,59.0,25.0,SEDANG,DKI5 Kebon Jeruk,PM25,DKI5,Kebon Jeruk,2024,3,27,13,2
109.0,202403,28,2024-03-28,0I834,3.0,63.0,109.0,27.0,26.0,,22.0,TIDAK SEHAT,DKI5 Kebon Jeruk,PM25,DKI5,Kebon Jeruk,2024,3,28,13,3
104.0,202403,29,2024-03-29,0I834,3.0,65.0,104.0,27.0,24.0,,26.0,TIDAK SEHAT,DKI5 Kebon Jeruk,PM25,DKI5,Kebon Jeruk,2024,3,29,13,4
87.0,202403,30,2024-03-30,0I834,3.0,60.0,87.0,24.0,25.0,,21.0,SEDANG,DKI5 Kebon Jeruk,PM25,DKI5,Kebon Jeruk,2024,3,30,13,5
94.0,202403,31,2024-03-31,0I834,3.0,57.0,94.0,22.0,28.0,,22.0,SEDANG,DKI5 Kebon Jeruk,PM25,DKI5,Kebon Jeruk,2024,3,31,13,6
78.0,202404,23,2024-04-23,0I834,4.0,52.0,78.0,23.0,22.0,,20.0,SEDANG,DKI5 Kebon Jeruk,PM25,DKI5,Kebon Jeruk,2024,4,23,17,1
78.0,202404,24,2024-04-24,0I834,4.0,52.0,78.0,25.0,21.0,,20.0,SEDANG,DKI5 Kebon Jeruk,PM25,DKI5,Kebon Jeruk,2024,4,24,17,2
83.0,202404,25,2024-04-25,0I834,4.0,49.0,75.0,23.0,22.0,,22.0,SEDANG,DKI5 Kebon Jeruk,O3,DKI5,Kebon Jeruk,2024,4,25,17,3
70.0,202404,26,2024-04-26,0I834,4.0,47.0,70.0,30.0,14.0,45.0,13.0,SEDANG,DKI5 Kebon Jeruk,PM25,DKI5,Kebon Jeruk,2024,4,26,17,4
75.0,202404,27,2024-04-27,0I834,4.0,51.0,75.0,23.0,26.0,59.0,17.0,SEDANG,DKI5 Kebon Jeruk,PM25,DKI5,Kebon Jeruk,2024,4,27,17,5
72.0,202404,28,2024-04-28,0I834,4.0,49.0,72.0,23.0,20.0,,15.0,SEDANG,DKI5 Kebon Jeruk,PM25,DKI5,Kebon Jeruk,2024,4,28,17,6
72.0,202404,29,2024-04-29,0I834,4.0,44.0,66.0,24.0,17.0,,12.0,SEDANG,DKI5 Kebon Jeruk,O3,DKI5,Kebon Jeruk,2024,4,29,18,0
75.0,202404,30,2024-04-30,0I834,4.0,47.0,75.0,24.0,18.0,,17.0,SEDANG,DKI5 Kebon Jeruk,PM25,DKI5,Kebon Jeruk,2024,4,30,18,1
63.0,202405,1,2024-05-01,0I834,5.0,47.0,63.0,15.0,19.0,26.0,34.0,SEDANG,DKI1  Bunderan HI,PM25,DKI1,Bundaran HI,2024,5,1,18,2
75.0,202405,2,2024-05-02,0I834,5.0,54.0,75.0,14.0,18.0,27.0,30.0,SEDANG,DKI1  Bunderan HI,PM25,DKI1,Bundaran HI,2024,5,2,18,3
85.0,202405,3,2024-05-03,0I834,5.0,58.0,85.0,13.0,24.0,30.0,43.0,SEDANG,DKI1  Bunderan HI,PM25,DKI1,Bundaran HI,2024,5,3,18,4
87.0,202405,4,2024-05-04,0I834,5.0,62.0,87.0,14.0,24.0,25.0,50.0,SEDANG,DKI1  Bunderan HI,PM25,DKI1,Bundaran HI,2024,5,4,18,5
88.0,202405,5,2024-05-05,0I834,5.0,60.0,88.0,14.0,27.0,22.0,47.0,SEDANG,DKI1  Bunderan HI,PM25,DKI1,Bundaran HI,2024,5,5,18,6
82.0,202405,6,2024-05-06,0I834,5.0,59.0,82.0,15.0,18.0,26.0,38.0,SEDANG,DKI1  Bunderan HI,PM25,DKI1,Bundaran HI,2024,5,6,19,0
92.0,202405,7,2024-05-07,0I834,5.0,64.0,92.0,16.0,20.0,23.0,42.0,SEDANG,DKI1  Bunderan HI,PM25,DKI1,Bundaran HI,2024,5,7,19,1
87.0,202405,8,2024-05-08,0I834,5.0,63.0,87.0,19.0,18.0,20.0,47.0,SEDANG,DKI1  Bunderan HI,PM25,DKI1,Bundaran HI,2024,5,8,19,2
93.0,202405,9,2024-05-09,0I834,5.0,62.0,93.0,16.0,18.0,22.0,44.0,SEDANG,DKI1  Bunderan HI,PM25,DKI1,Bundaran HI,2024,5,9,19,3
84.0,202405,10,2024-05-10,0I834,5.0,56.0,84.0,19.0,12.0,30.0,27.0,SEDANG,DKI1  Bunderan HI,PM25,DKI1,Bundaran HI,2024,5,10,19,4
74.0,202405,11,2024-05-11,0I834,5.0,52.0,74.0,18.0,11.0,28.0,27.0,SEDANG,DKI1  Bunderan HI,PM25,DKI1,Bundaran HI,2024,5,11,19,5
75.0,202405,12,2024-05-12,0I834,5.0,53.0,75.0,18.0,10.0,28.0,27.0,SEDANG,DKI1  Bunderan HI,PM25,DKI1,Bundaran HI,2024,5,12,19,6
64.0,202405,13,2024-05-13,0I834,5.0,52.0,64.0,16.0,8.0,25.0,25.0,SEDANG,DKI1  Bunderan HI,PM25,DKI1,Bundaran HI,2024,5,13,20,0
85.0,202405,14,2024-05-14,0I834,5.0,61.0,85.0,18.0,10.0,28.0,39.0,SEDANG,DKI1  Bunderan HI,PM25,DKI1,Bundaran HI,2024,5,14,20,1
78.0,202405,15,2024-05-15,0I834,5.0,62.0,78.0,14.0,20.0,26.0,40.0,SEDANG,DKI1  Bunderan HI,PM25,DKI1,Bundaran HI,2024,5,15,20,2
98.0,202405,16,2024-05-16,0I834,5.0,65.0,98.0,19.0,17.0,28.0,40.0,SEDANG,DKI1  Bunderan HI,PM25,DKI1,Bundaran HI,2024,5,16,20,3
86.0,202405,17,2024-05-17,0I834,5.0,64.0,86.0,17.0,17.0,21.0,39.0,SEDANG,DKI1  Bunderan HI,PM25,DKI1,Bundaran HI,2024,5,17,20,4
97.0,202405,18,2024-05-18,0I834,5.0,67.0,97.0,18.0,20.0,18.0,48.0,SEDANG,DKI1  Bunderan HI,PM25,DKI1,Bundaran HI,2024,5,18,20,5
92.0,202405,19,2024-05-19,0I834,5.0,63.0,92.0,15.0,17.0,25.0,36.0,SEDANG,DKI1  Bunderan HI,PM25,DKI1,Bundaran HI,2024,5,19,20,6
91.0,202405,20,2024-05-20,0I834,5.0,65.0,91.0,17.0,15.0,26.0,32.0,SEDANG,DKI1  Bunderan HI,PM25,DKI1,Bundaran HI,2024,5,20,21,0
97.0,202405,21,2024-05-21,0I834,5.0,62.0,97.0,25.0,14.0,23.0,45.0,SEDANG,DKI1  Bunderan HI,PM25,DKI1,Bundaran HI,2024,5,21,21,1
92.0,202405,22,2024-05-22,0I834,5.0,65.0,92.0,20.0,12.0,24.0,37.0,SEDANG,DKI1  Bunderan HI,PM25,DKI1,Bundaran HI,2024,5,22,21,2
78.0,202405,23,2024-05-23,0I834,5.0,59.0,78.0,20.0,11.0,22.0,32.0,SEDANG,DKI1  Bunderan HI,PM25,DKI1,Bundaran HI,2024,5,23,21,3
74.0,202405,24,2024-05-24,0I834,5.0,60.0,74.0,16.0,13.0,19.0,30.0,SEDANG,DKI1  Bunderan HI,PM25,DKI1,Bundaran HI,2024,5,24,21,4
53.0,202405,25,2024-05-25,0I834,5.0,39.0,53.0,12.0,15.0,16.0,30.0,SEDANG,DKI1  Bunderan HI,PM25,DKI1,Bundaran HI,2024,5,25,21,5
82.0,202405,26,2024-05-26,0I834,5.0,61.0,82.0,26.0,21.0,19.0,38.0,SEDANG,DKI1  Bunderan HI,PM25,DKI1,Bundaran HI,2024,5,26,21,6
92.0,202405,27,2024-05-27,0I834,5.0,64.0,92.0,22.0,15.0,25.0,39.0,SEDANG,DKI1  Bunderan HI,PM25,DKI1,Bundaran HI,2024,5,27,22,0
100.0,202405,28,2024-05-28,0I834,5.0,67.0,100.0,18.0,14.0,29.0,42.0,SEDANG,DKI1  Bunderan HI,PM25,DKI1,Bundaran HI,2024,5,28,22,1
86.0,202405,29,2024-05-29,0I834,5.0,64.0,86.0,19.0,10.0,32.0,36.0,SEDANG,DKI1  Bunderan HI,PM25,DKI1,Bundaran HI,2024,5,29,22,2
85.0,202405,30,2024-05-30,0I834,5.0,59.0,85.0,19.0,8.0,29.0,38.0,SEDANG,DKI1  Bunderan HI,PM25,DKI1,Bundaran HI,2024,5,30,22,3
101.0,202405,31,2024-05-31,0I834,5.0,70.0,101.0,17.0,10.0,27.0,44.0,TIDAK SEHAT,DKI1  Bunderan HI,PM25,DKI1,Bundaran HI,2024,5,31,22,4
66.0,202405,1,2024-05-01,0I834,5.0,51.0,66.0,55.0,6.0,24.0,13.0,SEDANG,DKI2 Kelapa Gading,PM25,DKI2,Kelapa Gading,2024,5,1,18,2
79.0,202405,2,2024-05-02,0I834,5.0,60.0,79.0,55.0,7.0,24.0,11.0,SEDANG,DKI2 Kelapa Gading,PM25,DKI2,Kelapa Gading,2024,5,2,18,3
83.0,202405,3,2024-05-03,0I834,5.0,59.0,83.0,55.0,8.0,32.0,14.0,SEDANG,DKI2 Kelapa Gading,PM25,DKI2,Kelapa Gading,2024,5,3,18,4
89.0,202405,4,2024-05-04,0I834,5.0,65.0,89.0,55.0,12.0,22.0,24.0,SEDANG,DKI2 Kelapa Gading,PM25,DKI2,Kelapa Gading,2024,5,4,18,5
94.0,202405,5,2024-05-05,0I834,5.0,64.0,94.0,56.0,18.0,20.0,43.0,SEDANG,DKI2 Kelapa Gading,PM25,DKI2,Kelapa Gading,2024,5,5,18,6
90.0,202405,6,2024-05-06,0I834,5.0,69.0,90.0,55.0,10.0,25.0,19.0,SEDANG,DKI2 Kelapa Gading,PM25,DKI2,Kelapa Gading,2024,5,6,19,0
97.0,202405,7,2024-05-07,0I834,5.0,72.0,97.0,55.0,12.0,21.0,27.0,SEDANG,DKI2 Kelapa Gading,PM25,DKI2,Kelapa Gading,2024,5,7,19,1
70.0,202402,22,2024-02-22,0I834,2.0,58.0,70.0,56.0,9.0,19.0,32.0,SEDANG,DKI2  Kelapa Gading,PM25,DKI2,Kelapa Gading,2024,2,22,8,3
62.0,202402,23,2024-02-23,0I834,2.0,49.0,62.0,56.0,9.0,16.0,39.0,SEDANG,DKI2  Kelapa Gading,PM25,DKI2,Kelapa Gading,2024,2,23,8,4
57.0,202402,24,2024-02-24,0I834,2.0,47.0,57.0,55.0,7.0,12.0,40.0,SEDANG,DKI2  Kelapa Gading,PM25,DKI2,Kelapa Gading,2024,2,24,8,5
56.0,202402,25,2024-02-25,0I834,2.0,28.0,39.0,56.0,4.0,16.0,15.0,SEDANG,DKI2  Kelapa Gading,SO2,DKI2,Kelapa Gading,2024,2,25,8,6
54.0,202402,26,2024-02-26,0I834,2.0,23.0,30.0,54.0,5.0,18.0,22.0,SEDANG,DKI2  Kelapa Gading,SO2,DKI2,Kelapa Gading,2024,2,26,9,0
71.0,202402,27,2024-02-27,0I834,2.0,59.0,71.0,55.0,14.0,11.0,,SEDANG,DKI2  Kelapa Gading,PM25,DKI2,Kelapa Gading,2024,2,27,9,1
62.0,202402,28,2024-02-28,0I834,2.0,51.0,62.0,57.0,9.0,11.0,54.0,SEDANG,DKI2  Kelapa Gading,PM25,DKI2,Kelapa Gading,2024,2,28,9,2
54.0,202402,29,2024-02-29,0I834,2.0,32.0,35.0,54.0,9.0,13.0,36.0,SEDANG,DKI2  Kelapa Gading,SO2,DKI2,Kelapa Gading,2024,2,29,9,3
71.0,202402,1,2024-02-01,0I834,2.0,52.0,71.0,48.0,16.0,16.0,21.0,SEDANG,DKI3  Jagakarsa,PM25,DKI3,Jagakarsa,2024,2,1,5,3
53.0,202402,2,2024-02-02,0I834,2.0,39.0,53.0,47.0,12.0,10.0,33.0,SEDANG,DKI3  Jagakarsa,PM25,DKI3,Jagakarsa,2024,2,2,5,4
48.0,202402,3,2024-02-03,0I834,2.0,33.0,45.0,48.0,9.0,9.0,33.0,BAIK,DKI3  Jagakarsa,SO2,DKI3,Jagakarsa,2024,2,3,5,5
49.0,202402,4,2024-02-04,0I834,2.0,31.0,49.0,48.0,5.0,7.0,17.0,BAIK,DKI3  Jagakarsa,PM25,DKI3,Jagakarsa,2024,2,4,5,6
74.0,202402,5,2024-02-05,0I834,2.0,52.0,74.0,49.0,14.0,12.0,40.0,SEDANG,DKI3  Jagakarsa,PM25,DKI3,Jagakarsa,2024,2,5,6,0
74.0,202402,6,2024-02-06,0I834,2.0,61.0,74.0,50.0,16.0,9.0,37.0,SEDANG,DKI3  Jagakarsa,PM25,DKI3,Jagakarsa,2024,2,6,6,1
52.0,202402,7,2024-02-07,0I834,2.0,35.0,52.0,48.0,9.0,9.0,28.0,SEDANG,DKI3  Jagakarsa,PM25,DKI3,Jagakarsa,2024,2,7,6,2
80.0,202402,8,2024-02-08,0I834,2.0,56.0,75.0,50.0,22.0,8.0,,SEDANG,DKI3  Jagakarsa,,DKI3,Jagakarsa,2024,2,8,6,3
67.0,202402,9,2024-02-09,0I834,2.0,49.0,67.0,54.0,9.0,16.0,17.0,SEDANG,DKI3  Jagakarsa,PM25,DKI3,Jagakarsa,2024,2,9,6,4
63.0,202402,10,2024-02-10,0I834,2.0,52.0,63.0,51.0,7.0,21.0,8.0,SEDANG,DKI3  Jagakarsa,PM25,DKI3,Jagakarsa,2024,2,10,6,5
68.0,202402,11,2024-02-11,0I834,2.0,50.0,68.0,50.0,19.0,14.0,52.0,SEDANG,DKI3  Jagakarsa,PM25,DKI3,Jagakarsa,2024,2,11,6,6
64.0,202402,12,2024-02-12,0I834,2.0,50.0,64.0,50.0,12.0,15.0,19.0,SEDANG,DKI3  Jagakarsa,PM25,DKI3,Jagakarsa,2024,2,12,7,0
187.0,202402,13,2024-02-13,0I834,2.0,57.0,72.0,52.0,14.0,18.0,,TIDAK SEHAT,DKI3  Jagakarsa,,DKI3,Jagakarsa,2024,2,13,7,1
202.0,202402,14,2024-02-14,0I834,2.0,43.0,55.0,51.0,10.0,20.0,,SANGAT TIDAK SEHAT,DKI3  Jagakarsa,,DKI3,Jagakarsa,2024,2,14,7,2
63.0,202402,15,2024-02-15,0I834,2.0,41.0,63.0,51.0,13.0,16.0,,SEDANG,DKI3  Jagakarsa,PM25,DKI3,Jagakarsa,2024,2,15,7,3
87.0,202402,16,2024-02-16,0I834,2.0,64.0,87.0,53.0,19.0,12.0,22.0,SEDANG,DKI3  Jagakarsa,PM25,DKI3,Jagakarsa,2024,2,16,7,4
70.0,202402,17,2024-02-17,0I834,2.0,53.0,70.0,52.0,16.0,10.0,12.0,SEDANG,DKI3  Jagakarsa,PM25,DKI3,Jagakarsa,2024,2,17,7,5
63.0,202402,18,2024-02-18,0I834,2.0,47.0,63.0,50.0,14.0,15.0,8.0,SEDANG,DKI3  Jagakarsa,PM25,DKI3,Jagakarsa,2024,2,18,7,6
67.0,202402,19,2024-02-19,0I834,2.0,50.0,67.0,49.0,17.0,19.0,12.0,SEDANG,DKI3  Jagakarsa,PM25,DKI3,Jagakarsa,2024,2,19,8,0
93.0,202402,20,2024-02-20,0I834,2.0,65.0,93.0,50.0,15.0,21.0,13.0,SEDANG,DKI3  Jagakarsa,PM25,DKI3,Jagakarsa,2024,2,20,8,1
79.0,202402,21,2024-02-21,0I834,2.0,58.0,79.0,49.0,14.0,20.0,17.0,SEDANG,DKI3  Jagakarsa,PM25,DKI3,Jagakarsa,2024,2,21,8,2
71.0,202402,22,2024-02-22,0I834,2.0,59.0,71.0,48.0,12.0,8.0,17.0,SEDANG,DKI3  Jagakarsa,PM25,DKI3,Jagakarsa,2024,2,22,8,3
59.0,202402,23,2024-02-23,0I834,2.0,44.0,59.0,49.0,7.0,15.0,14.0,SEDANG,DKI3  Jagakarsa,PM25,DKI3,Jagakarsa,2024,2,23,8,4
62.0,202402,24,2024-02-24,0I834,2.0,44.0,62.0,49.0,6.0,13.0,29.0,SEDANG,DKI3  Jagakarsa,PM25,DKI3,Jagakarsa,2024,2,24,8,5
50.0,202402,25,2024-02-25,0I834,2.0,37.0,50.0,50.0,7.0,9.0,16.0,BAIK,DKI3  Jagakarsa,PM25,DKI3,Jagakarsa,2024,2,25,8,6
56.0,202402,26,2024-02-26,0I834,2.0,41.0,56.0,49.0,10.0,12.0,29.0,SEDANG,DKI3  Jagakarsa,PM25,DKI3,Jagakarsa,2024,2,26,9,0
88.0,202402,27,2024-02-27,0I834,2.0,64.0,88.0,50.0,20.0,14.0,19.0,SEDANG,DKI3  Jagakarsa,PM25,DKI3,Jagakarsa,2024,2,27,9,1
62.0,202402,28,2024-02-28,0I834,2.0,47.0,62.0,50.0,10.0,11.0,21.0,SEDANG,DKI3  Jagakarsa,PM25,DKI3,Jagakarsa,2024,2,28,9,2
54.0,202402,29,2024-02-29,0I834,2.0,54.0,,50.0,12.0,12.0,41.0,SEDANG,DKI3  Jagakarsa,PM10,DKI3,Jagakarsa,2024,2,29,9,3
90.0,202402,1,2024-02-01,0I834,2.0,68.0,90.0,25.0,15.0,18.0,14.0,SEDANG,DKI4  Lubang Buaya,PM25,DKI4,Lubang Buaya,2024,2,1,5,3
59.0,202402,2,2024-02-02,0I834,2.0,50.0,59.0,24.0,10.0,12.0,9.0,SEDANG,DKI4  Lubang Buaya,PM25,DKI4,Lubang Buaya,2024,2,2,5,4
56.0,202402,3,2024-02-03,0I834,2.0,,56.0,25.0,7.0,11.0,10.0,SEDANG,DKI4  Lubang Buaya,PM25,DKI4,Lubang Buaya,2024,2,3,5,5
72.0,202402,1,2024-02-01,0I834,2.0,52.0,72.0,49.0,17.0,18.0,37.0,SEDANG,DKI1  Bunderan HI,PM25,DKI1,Bundaran HI,2024,2,1,5,3
62.0,202402,2,2024-02-02,0I834,2.0,50.0,62.0,49.0,12.0,19.0,26.0,SEDANG,DKI1  Bunderan HI,PM25,DKI1,Bundaran HI,2024,2,2,5,4
51.0,202402,3,2024-02-03,0I834,2.0,33.0,51.0,48.0,10.0,20.0,22.0,SEDANG,DKI1  Bunderan HI,PM25,DKI1,Bundaran HI,2024,2,3,5,5
46.0,202402,4,2024-02-04,0I834,2.0,24.0,38.0,46.0,9.0,16.0,14.0,BAIK,DKI1  Bunderan HI,SO2,DKI1,Bundaran HI,2024,2,4,5,6
67.0,202402,5,2024-02-05,0I834,2.0,38.0,67.0,47.0,13.0,18.0,28.0,SEDANG,DKI1  Bunderan HI,PM25,DKI1,Bundaran HI,2024,2,5,6,0
61.0,202402,6,2024-02-06,0I834,2.0,47.0,61.0,47.0,9.0,18.0,32.0,SEDANG,DKI1  Bunderan HI,PM25,DKI1,Bundaran HI,2024,2,6,6,1
49.0,202402,7,2024-02-07,0I834,2.0,32.0,49.0,49.0,8.0,15.0,22.0,BAIK,DKI1  Bunderan HI,PM25,DKI1,Bundaran HI,2024,2,7,6,2
60.0,202402,8,2024-02-08,0I834,2.0,42.0,60.0,47.0,6.0,15.0,20.0,SEDANG,DKI1  Bunderan HI,PM25,DKI1,Bundaran HI,2024,2,8,6,3
72.0,202402,9,2024-02-09,0I834,2.0,51.0,72.0,51.0,6.0,21.0,31.0,SEDANG,DKI1  Bunderan HI,PM25,DKI1,Bundaran HI,2024,2,9,6,4
57.0,202402,10,2024-02-10,0I834,2.0,46.0,57.0,51.0,7.0,28.0,20.0,SEDANG,DKI1  Bunderan HI,PM25,DKI1,Bundaran HI,2024,2,10,6,5
57.0,202402,11,2024-02-11,0I834,2.0,39.0,57.0,50.0,9.0,23.0,23.0,SEDANG,DKI1  Bunderan HI,PM25,DKI1,Bundaran HI,2024,2,11,6,6
54.0,202402,12,2024-02-12,0I834,2.0,33.0,54.0,50.0,7.0,25.0,23.0,SEDANG,DKI1  Bunderan HI,PM25,DKI1,Bundaran HI,2024,2,12,7,0
52.0,202402,13,2024-02-13,0I834,2.0,39.0,52.0,51.0,7.0,26.0,28.0,SEDANG,DKI1  Bunderan HI,PM25,DKI1,Bundaran HI,2024,2,13,7,1
52.0,202402,14,2024-02-14,0I834,2.0,25.0,38.0,52.0,8.0,26.0,24.0,SEDANG,DKI1  Bunderan HI,SO2,DKI1,Bundaran HI,2024,2,14,7,2
55.0,202402,15,2024-02-15,0I834,2.0,35.0,55.0,,18.0,22.0,29.0,SEDANG,DKI1  Bunderan HI,PM25,DKI1,Bundaran HI,2024,2,15,7,3
73.0,202402,16,2024-02-16,0I834,2.0,57.0,73.0,20.0,28.0,20.0,40.0,SEDANG,DKI1  Bunderan HI,PM25,DKI1,Bundaran HI,2024,2,16,7,4
50.0,202402,17,2024-02-17,0I834,2.0,36.0,50.0,16.0,21.0,23.0,23.0,BAIK,DKI1  Bunderan HI,PM25,DKI1,Bundaran HI,2024,2,17,7,5
55.0,202402,18,2024-02-18,0I834,2.0,38.0,55.0,15.0,20.0,24.0,26.0,SEDANG,DKI1  Bunderan HI,PM25,DKI1,Bundaran HI,2024,2,18,7,6
66.0,202402,19,2024-02-19,0I834,2.0,46.0,66.0,16.0,24.0,14.0,39.0,SEDANG,DKI1  Bunderan HI,PM25,DKI1,Bundaran HI,2024,2,19,8,0
61.0,202402,20,2024-02-20,0I834,2.0,42.0,61.0,16.0,21.0,21.0,31.0,SEDANG,DKI1  Bunderan HI,PM25,DKI1,Bundaran HI,2024,2,20,8,1
73.0,202402,21,2024-02-21,0I834,2.0,52.0,73.0,20.0,,24.0,37.0,SEDANG,DKI1  Bunderan HI,PM25,DKI1,Bundaran HI,2024,2,21,8,2
73.0,202402,22,2024-02-22,0I834,2.0,56.0,73.0,19.0,22.0,23.0,35.0,SEDANG,DKI1  Bunderan HI,PM25,DKI1,Bundaran HI,2024,2,22,8,3
56.0,202402,23,2024-02-23,0I834,2.0,38.0,56.0,16.0,20.0,23.0,29.0,SEDANG,DKI1  Bunderan HI,PM25,DKI1,Bundaran HI,2024,2,23,8,4
57.0,202402,24,2024-02-24,0I834,2.0,38.0,57.0,20.0,20.0,12.0,19.0,SEDANG,DKI1  Bunderan HI,PM25,DKI1,Bundaran HI,2024,2,24,8,5
37.0,202402,25,2024-02-25,0I834,2.0,26.0,37.0,20.0,16.0,22.0,19.0,BAIK,DKI1  Bunderan HI,PM25,DKI1,Bundaran HI,2024,2,25,8,6
42.0,202402,26,2024-02-26,0I834,2.0,25.0,42.0,13.0,17.0,18.0,24.0,BAIK,DKI1  Bunderan HI,PM25,DKI1,Bundaran HI,2024,2,26,9,0
63.0,202402,27,2024-02-27,0I834,2.0,44.0,63.0,14.0,25.0,16.0,32.0,SEDANG,DKI1  Bunderan HI,PM25,DKI1,Bundaran HI,2024,2,27,9,1
59.0,202402,28,2024-02-28,0I834,2.0,43.0,59.0,14.0,21.0,13.0,31.0,SEDANG,DKI1  Bunderan HI,PM25,DKI1,Bundaran HI,2024,2,28,9,2
44.0,202402,29,2024-02-29,0I834,2.0,33.0,44.0,13.0,22.0,14.0,29.0,BAIK,DKI1  Bunderan HI,PM25,DKI1,Bundaran HI,2024,2,29,9,3
55.0,202402,1,2024-02-01,0I834,2.0,55.0,,54.0,15.0,25.0,49.0,SEDANG,DKI2  Kelapa Gading,PM10,DKI2,Kelapa Gading,2024,2,1,5,3
62.0,202402,2,2024-02-02,0I834,2.0,48.0,62.0,55.0,15.0,16.0,,SEDANG,DKI2  Kelapa Gading,PM25,DKI2,Kelapa Gading,2024,2,2,5,4
55.0,202402,3,2024-02-03,0I834,2.0,36.0,53.0,55.0,9.0,13.0,43.0,SEDANG,DKI2  Kelapa Gading,SO2,DKI2,Kelapa Gading,2024,2,3,5,5
54.0,202402,4,2024-02-04,0I834,2.0,27.0,43.0,54.0,7.0,12.0,21.0,SEDANG,DKI2  Kelapa Gading,SO2,DKI2,Kelapa Gading,2024,2,4,5,6
71.0,202402,5,2024-02-05,0I834,2.0,53.0,71.0,56.0,13.0,17.0,40.0,SEDANG,DKI2  Kelapa Gading,PM25,DKI2,Kelapa Gading,2024,2,5,6,0
55.0,202402,6,2024-02-06,0I834,2.0,44.0,55.0,54.0,10.0,13.0,37.0,SEDANG,DKI2  Kelapa Gading,PM25,DKI2,Kelapa Gading,2024,2,6,6,1
56.0,202402,7,2024-02-07,0I834,2.0,37.0,53.0,56.0,11.0,10.0,48.0,SEDANG,DKI2  Kelapa Gading,SO2,DKI2,Kelapa Gading,2024,2,7,6,2
73.0,202402,8,2024-02-08,0I834,2.0,59.0,73.0,56.0,13.0,14.0,,SEDANG,DKI2  Kelapa Gading,PM25,DKI2,Kelapa Gading,2024,2,8,6,3
79.0,202402,9,2024-02-09,0I834,2.0,58.0,79.0,58.0,9.0,24.0,28.0,SEDANG,DKI2  Kelapa Gading,PM25,DKI2,Kelapa Gading,2024,2,9,6,4
57.0,202402,10,2024-02-10,0I834,2.0,47.0,57.0,55.0,5.0,21.0,20.0,SEDANG,DKI2  Kelapa Gading,PM25,DKI2,Kelapa Gading,2024,2,10,6,5
54.0,202402,11,2024-02-11,0I834,2.0,33.0,53.0,54.0,7.0,17.0,20.0,SEDANG,DKI2  Kelapa Gading,SO2,DKI2,Kelapa Gading,2024,2,11,6,6
55.0,202402,12,2024-02-12,0I834,2.0,34.0,52.0,55.0,7.0,18.0,22.0,SEDANG,DKI2  Kelapa Gading,SO2,DKI2,Kelapa Gading,2024,2,12,7,0
54.0,202402,13,2024-02-13,0I834,2.0,42.0,54.0,54.0,6.0,18.0,29.0,SEDANG,DKI2  Kelapa Gading,PM25,DKI2,Kelapa Gading,2024,2,13,7,1
54.0,202402,14,2024-02-14,0I834,2.0,24.0,40.0,54.0,6.0,20.0,31.0,SEDANG,DKI2  Kelapa Gading,SO2,DKI2,Kelapa Gading,2024,2,14,7,2
60.0,202402,15,2024-02-15,0I834,2.0,43.0,60.0,55.0,10.0,14.0,46.0,SEDANG,DKI2  Kelapa Gading,PM25,DKI2,Kelapa Gading,2024,2,15,7,3
83.0,202402,16,2024-02-16,0I834,2.0,67.0,83.0,56.0,21.0,12.0,,SEDANG,DKI2  Kelapa Gading,PM25,DKI2,Kelapa Gading,2024,2,16,7,4
54.0,202402,17,2024-02-17,0I834,2.0,29.0,32.0,54.0,5.0,16.0,28.0,SEDANG,DKI2  Kelapa Gading,SO2,DKI2,Kelapa Gading,2024,2,17,7,5
64.0,202402,18,2024-02-18,0I834,2.0,44.0,64.0,54.0,8.0,17.0,35.0,SEDANG,DKI2  Kelapa Gading,PM25,DKI2,Kelapa Gading,2024,2,18,7,6
70.0,202402,20,2024-02-20,0I834,2.0,52.0,70.0,55.0,9.0,16.0,37.0,SEDANG,DKI2  Kelapa Gading,PM25,DKI2,Kelapa Gading,2024,2,20,8,1
81.0,202402,21,2024-02-21,0I834,2.0,55.0,81.0,56.0,13.0,24.0,36.0,SEDANG,DKI2  Kelapa Gading,PM25,DKI2,Kelapa Gading,2024,2,21,8,2
45.0,202402,4,2024-02-04,0I834,2.0,32.0,45.0,25.0,4.0,7.0,4.0,BAIK,DKI4  Lubang Buaya,PM25,DKI4,Lubang Buaya,2024,2,4,5,6
77.0,202402,5,2024-02-05,0I834,2.0,54.0,77.0,25.0,10.0,6.0,5.0,SEDANG,DKI4  Lubang Buaya,PM25,DKI4,Lubang Buaya,2024,2,5,6,0
74.0,202402,6,2024-02-06,0I834,2.0,64.0,74.0,25.0,15.0,6.0,7.0,SEDANG,DKI4  Lubang Buaya,PM25,DKI4,Lubang Buaya,2024,2,6,6,1
58.0,202402,7,2024-02-07,0I834,2.0,40.0,58.0,25.0,6.0,4.0,6.0,SEDANG,DKI4  Lubang Buaya,PM25,DKI4,Lubang Buaya,2024,2,7,6,2
90.0,202402,8,2024-02-08,0I834,2.0,64.0,90.0,25.0,10.0,4.0,4.0,SEDANG,DKI4  Lubang Buaya,PM25,DKI4,Lubang Buaya,2024,2,8,6,3
86.0,202402,9,2024-02-09,0I834,2.0,67.0,86.0,26.0,,7.0,5.0,SEDANG,DKI4  Lubang Buaya,PM25,DKI4,Lubang Buaya,2024,2,9,6,4
74.0,202402,10,2024-02-10,0I834,2.0,57.0,74.0,25.0,,8.0,5.0,SEDANG,DKI4  Lubang Buaya,PM25,DKI4,Lubang Buaya,2024,2,10,6,5
85.0,202402,11,2024-02-11,0I834,2.0,63.0,85.0,25.0,9.0,6.0,6.0,SEDANG,DKI4  Lubang Buaya,PM25,DKI4,Lubang Buaya,2024,2,11,6,6
80.0,202402,12,2024-02-12,0I834,2.0,61.0,80.0,25.0,4.0,5.0,6.0,SEDANG,DKI4  Lubang Buaya,PM25,DKI4,Lubang Buaya,2024,2,12,7,0
67.0,202402,13,2024-02-13,0I834,2.0,53.0,67.0,25.0,7.0,8.0,6.0,SEDANG,DKI4  Lubang Buaya,PM25,DKI4,Lubang Buaya,2024,2,13,7,1
62.0,202402,14,2024-02-14,0I834,2.0,49.0,62.0,25.0,16.0,8.0,6.0,SEDANG,DKI4  Lubang Buaya,PM25,DKI4,Lubang Buaya,2024,2,14,7,2
76.0,202402,15,2024-02-15,0I834,2.0,53.0,76.0,25.0,24.0,7.0,8.0,SEDANG,DKI4  Lubang Buaya,PM25,DKI4,Lubang Buaya,2024,2,15,7,3
103.0,202402,16,2024-02-16,0I834,2.0,81.0,103.0,25.0,24.0,6.0,11.0,TIDAK SEHAT,DKI4  Lubang Buaya,PM25,DKI4,Lubang Buaya,2024,2,16,7,4
74.0,202402,17,2024-02-17,0I834,2.0,59.0,74.0,25.0,22.0,6.0,8.0,SEDANG,DKI4  Lubang Buaya,PM25,DKI4,Lubang Buaya,2024,2,17,7,5
71.0,202402,18,2024-02-18,0I834,2.0,57.0,71.0,25.0,21.0,7.0,6.0,SEDANG,DKI4  Lubang Buaya,PM25,DKI4,Lubang Buaya,2024,2,18,7,6
91.0,202402,19,2024-02-19,0I834,2.0,68.0,91.0,26.0,23.0,6.0,9.0,SEDANG,DKI4  Lubang Buaya,PM25,DKI4,Lubang Buaya,2024,2,19,8,0
94.0,202402,20,2024-02-20,0I834,2.0,71.0,94.0,25.0,22.0,7.0,9.0,SEDANG,DKI4  Lubang Buaya,PM25,DKI4,Lubang Buaya,2024,2,20,8,1
102.0,202402,21,2024-02-21,0I834,2.0,70.0,102.0,25.0,24.0,9.0,8.0,TIDAK SEHAT,DKI4  Lubang Buaya,PM25,DKI4,Lubang Buaya,2024,2,21,8,2
86.0,202402,22,2024-02-22,0I834,2.0,70.0,86.0,25.0,21.0,8.0,9.0,SEDANG,DKI4  Lubang Buaya,PM25,DKI4,Lubang Buaya,2024,2,22,8,3
61.0,202402,23,2024-02-23,0I834,2.0,46.0,61.0,25.0,20.0,7.0,6.0,SEDANG,DKI4  Lubang Buaya,PM25,DKI4,Lubang Buaya,2024,2,23,8,4
67.0,202402,24,2024-02-24,0I834,2.0,54.0,67.0,25.0,18.0,6.0,2.0,SEDANG,DKI4  Lubang Buaya,PM25,DKI4,Lubang Buaya,2024,2,24,8,5
52.0,202402,25,2024-02-25,0I834,2.0,37.0,52.0,25.0,15.0,8.0,3.0,SEDANG,DKI4  Lubang Buaya,PM25,DKI4,Lubang Buaya,2024,2,25,8,6
52.0,202402,26,2024-02-26,0I834,2.0,36.0,52.0,25.0,18.0,7.0,4.0,SEDANG,DKI4  Lubang Buaya,PM25,DKI4,Lubang Buaya,2024,2,26,9,0
96.0,202402,27,2024-02-27,0I834,2.0,70.0,96.0,26.0,28.0,5.0,7.0,SEDANG,DKI4  Lubang Buaya,PM25,DKI4,Lubang Buaya,2024,2,27,9,1
59.0,202402,29,2024-02-29,0I834,2.0,57.0,59.0,25.0,22.0,6.0,6.0,SEDANG,DKI4  Lubang Buaya,PM25,DKI4,Lubang Buaya,2024,2,29,9,3
82.0,202402,1,2024-02-01,0I834,2.0,51.0,82.0,34.0,17.0,33.0,22.0,SEDANG,DKI5  Kebon Jeruk  Jakarta Barat,PM25,DKI5,Kebon Jeruk,2024,2,1,5,3
68.0,202402,2,2024-02-02,0I834,2.0,47.0,68.0,26.0,18.0,28.0,9.0,SEDANG,DKI5  Kebon Jeruk  Jakarta Barat,PM25,DKI5,Kebon Jeruk,2024,2,2,5,4
48.0,202402,3,2024-02-03,0I834,2.0,24.0,48.0,25.0,12.0,29.0,10.0,BAIK,DKI5  Kebon Jeruk  Jakarta Barat,PM25,DKI5,Kebon Jeruk,2024,2,3,5,5
27.0,202402,4,2024-02-04,0I834,2.0,17.0,24.0,23.0,7.0,27.0,4.0,BAIK,DKI5  Kebon Jeruk  Jakarta Barat,O3,DKI5,Kebon Jeruk,2024,2,4,5,6
68.0,202402,5,2024-02-05,0I834,2.0,35.0,68.0,24.0,15.0,32.0,12.0,SEDANG,DKI5  Kebon Jeruk  Jakarta Barat,PM25,DKI5,Kebon Jeruk,2024,2,5,6,0
74.0,202402,6,2024-02-06,0I834,2.0,59.0,74.0,25.0,16.0,38.0,14.0,SEDANG,DKI5  Kebon Jeruk  Jakarta Barat,PM25,DKI5,Kebon Jeruk,2024,2,6,6,1
52.0,202402,7,2024-02-07,0I834,2.0,31.0,52.0,27.0,11.0,25.0,8.0,SEDANG,DKI5  Kebon Jeruk  Jakarta Barat,PM25,DKI5,Kebon Jeruk,2024,2,7,6,2
66.0,202402,8,2024-02-08,0I834,2.0,40.0,66.0,25.0,11.0,28.0,8.0,SEDANG,DKI5  Kebon Jeruk  Jakarta Barat,PM25,DKI5,Kebon Jeruk,2024,2,8,6,3
77.0,202402,9,2024-02-09,0I834,2.0,45.0,77.0,37.0,12.0,41.0,18.0,SEDANG,DKI5  Kebon Jeruk  Jakarta Barat,PM25,DKI5,Kebon Jeruk,2024,2,9,6,4
60.0,202402,10,2024-02-10,0I834,2.0,33.0,60.0,28.0,6.0,46.0,11.0,SEDANG,DKI5  Kebon Jeruk  Jakarta Barat,PM25,DKI5,Kebon Jeruk,2024,2,10,6,5
69.0,202402,11,2024-02-11,0I834,2.0,46.0,69.0,26.0,14.0,31.0,13.0,SEDANG,DKI5  Kebon Jeruk  Jakarta Barat,PM25,DKI5,Kebon Jeruk,2024,2,11,6,6
54.0,202402,12,2024-02-12,0I834,2.0,30.0,54.0,24.0,11.0,37.0,12.0,SEDANG,DKI5  Kebon Jeruk  Jakarta Barat,PM25,DKI5,Kebon Jeruk,2024,2,12,7,0
54.0,202402,13,2024-02-13,0I834,2.0,31.0,54.0,22.0,9.0,39.0,12.0,SEDANG,DKI5  Kebon Jeruk  Jakarta Barat,PM25,DKI5,Kebon Jeruk,2024,2,13,7,1
45.0,202402,14,2024-02-14,0I834,2.0,,37.0,21.0,9.0,45.0,11.0,BAIK,DKI5  Kebon Jeruk  Jakarta Barat,O3,DKI5,Kebon Jeruk,2024,2,14,7,2
58.0,202402,15,2024-02-15,0I834,2.0,32.0,58.0,24.0,11.0,38.0,15.0,SEDANG,DKI5  Kebon Jeruk  Jakarta Barat,PM25,DKI5,Kebon Jeruk,2024,2,15,7,3
78.0,202402,16,2024-02-16,0I834,2.0,53.0,78.0,23.0,18.0,39.0,26.0,SEDANG,DKI5  Kebon Jeruk  Jakarta Barat,PM25,DKI5,Kebon Jeruk,2024,2,16,7,4
67.0,202402,17,2024-02-17,0I834,2.0,43.0,67.0,22.0,12.0,32.0,18.0,SEDANG,DKI5  Kebon Jeruk  Jakarta Barat,PM25,DKI5,Kebon Jeruk,2024,2,17,7,5
57.0,202402,18,2024-02-18,0I834,2.0,31.0,57.0,23.0,11.0,35.0,16.0,SEDANG,DKI5  Kebon Jeruk  Jakarta Barat,PM25,DKI5,Kebon Jeruk,2024,2,18,7,6
81.0,202402,19,2024-02-19,0I834,2.0,49.0,81.0,22.0,19.0,31.0,23.0,SEDANG,DKI5  Kebon Jeruk  Jakarta Barat,PM25,DKI5,Kebon Jeruk,2024,2,19,8,0
69.0,202402,20,2024-02-20,0I834,2.0,40.0,69.0,22.0,10.0,36.0,13.0,SEDANG,DKI5  Kebon Jeruk  Jakarta Barat,PM25,DKI5,Kebon Jeruk,2024,2,20,8,1
115.0,202402,21,2024-02-21,0I834,2.0,55.0,94.0,20.0,12.0,,18.0,TIDAK SEHAT,DKI5  Kebon Jeruk  Jakarta Barat,O3,DKI5,Kebon Jeruk,2024,2,21,8,2
76.0,202402,22,2024-02-22,0I834,2.0,53.0,76.0,21.0,8.0,,14.0,SEDANG,DKI5  Kebon Jeruk  Jakarta Barat,PM25,DKI5,Kebon Jeruk,2024,2,22,8,3
59.0,202402,23,2024-02-23,0I834,2.0,29.0,58.0,19.0,7.0,59.0,10.0,SEDANG,DKI5  Kebon Jeruk  Jakarta Barat,O3,DKI5,Kebon Jeruk,2024,2,23,8,4
59.0,202402,24,2024-02-24,0I834,2.0,28.0,53.0,24.0,9.0,59.0,8.0,SEDANG,DKI5  Kebon Jeruk  Jakarta Barat,O3,DKI5,Kebon Jeruk,2024,2,24,8,5
50.0,202402,25,2024-02-25,0I834,2.0,25.0,50.0,30.0,14.0,35.0,9.0,BAIK,DKI5  Kebon Jeruk  Jakarta Barat,PM25,DKI5,Kebon Jeruk,2024,2,25,8,6
45.0,202402,26,2024-02-26,0I834,2.0,24.0,41.0,23.0,17.0,45.0,14.0,BAIK,DKI5  Kebon Jeruk  Jakarta Barat,O3,DKI5,Kebon Jeruk,2024,2,26,9,0
78.0,202402,27,2024-02-27,0I834,2.0,54.0,78.0,21.0,27.0,46.0,13.0,SEDANG,DKI5  Kebon Jeruk  Jakarta Barat,PM25,DKI5,Kebon Jeruk,2024,2,27,9,1
60.0,202402,28,2024-02-28,0I834,2.0,33.0,60.0,22.0,20.0,48.0,18.0,SEDANG,DKI5  Kebon Jeruk  Jakarta Barat,PM25,DKI5,Kebon Jeruk,2024,2,28,9,2
57.0,202402,29,2024-02-29,0I834,2.0,36.0,57.0,21.0,21.0,54.0,16.0,SEDANG,DKI5  Kebon Jeruk  Jakarta Barat,PM25,DKI5,Kebon Jeruk,2024,2,29,9,3
72.0,202409,1,2024-09-01,0I834,9.0,54.0,72.0,12.0,22.0,27.0,32.0,SEDANG,DKI1 Bundaran Hotel Indonesia (HI),PM25,DKI1,Bundaran HI,2024,9,1,35,6
70.0,202409,2,2024-09-02,0I834,9.0,52.0,70.0,10.0,22.0,35.0,36.0,SEDANG,DKI1 Bundaran Hotel Indonesia (HI),PM25,DKI1,Bundaran HI,2024,9,2,36,0
79.0,202409,3,2024-09-03,0I834,9.0,55.0,79.0,10.0,28.0,23.0,44.0,SEDANG,DKI1 Bundaran Hotel Indonesia (HI),PM25,DKI1,Bundaran HI,2024,9,3,36,1
83.0,202409,4,2024-09-04,0I834,9.0,58.0,83.0,11.0,24.0,35.0,35.0,SEDANG,DKI1 Bundaran Hotel Indonesia (HI),PM25,DKI1,Bundaran HI,2024,9,4,36,2
71.0,202409,5,2024-09-05,0I834,9.0,52.0,71.0,12.0,24.0,18.0,33.0,SEDANG,DKI1 Bundaran Hotel Indonesia (HI),PM25,DKI1,Bundaran HI,2024,9,5,36,3
86.0,202409,6,2024-09-06,0I834,9.0,56.0,86.0,14.0,26.0,20.0,40.0,SEDANG,DKI1 Bundaran Hotel Indonesia (HI),PM25,DKI1,Bundaran HI,2024,9,6,36,4
79.0,202409,7,2024-09-07,0I834,9.0,54.0,79.0,12.0,22.0,25.0,26.0,SEDANG,DKI1 Bundaran Hotel Indonesia (HI),PM25,DKI1,Bundaran HI,2024,9,7,36,5
84.0,202409,8,2024-09-08,0I834,9.0,54.0,84.0,13.0,22.0,21.0,26.0,SEDANG,DKI1 Bundaran Hotel Indonesia (HI),PM25,DKI1,Bundaran HI,2024,9,8,36,6
65.0,202409,9,2024-09-09,0I834,9.0,48.0,65.0,12.0,22.0,21.0,26.0,SEDANG,DKI1 Bundaran Hotel Indonesia (HI),PM25,DKI1,Bundaran HI,2024,9,9,37,0
70.0,202409,10,2024-09-10,0I834,9.0,51.0,70.0,10.0,,19.0,43.0,SEDANG,DKI1 Bundaran Hotel Indonesia (HI),PM25,DKI1,Bundaran HI,2024,9,10,37,1
58.0,202409,11,2024-09-11,0I834,9.0,39.0,58.0,12.0,23.0,26.0,33.0,SEDANG,DKI1 Bundaran Hotel Indonesia (HI),PM25,DKI1,Bundaran HI,2024,9,11,37,2
89.0,202409,12,2024-09-12,0I834,9.0,64.0,89.0,15.0,27.0,41.0,39.0,SEDANG,DKI1 Bundaran Hotel Indonesia (HI),PM25,DKI1,Bundaran HI,2024,9,12,37,3
74.0,202409,13,2024-09-13,0I834,9.0,53.0,74.0,10.0,29.0,36.0,44.0,SEDANG,DKI1 Bundaran Hotel Indonesia (HI),PM25,DKI1,Bundaran HI,2024,9,13,37,4
85.0,202409,14,2024-09-14,0I834,9.0,57.0,85.0,11.0,25.0,42.0,41.0,SEDANG,DKI1 Bundaran Hotel Indonesia (HI),PM25,DKI1,Bundaran HI,2024,9,14,37,5
86.0,202409,15,2024-09-15,0I834,9.0,60.0,86.0,12.0,27.0,38.0,35.0,SEDANG,DKI1 Bundaran Hotel Indonesia (HI),PM25,DKI1,Bundaran HI,2024,9,15,37,6
86.0,202409,16,2024-09-16,0I834,9.0,60.0,86.0,12.0,24.0,38.0,33.0,SEDANG,DKI1 Bundaran Hotel Indonesia (HI),PM25,DKI1,Bundaran HI,2024,9,16,38,0
79.0,202409,17,2024-09-17,0I834,9.0,55.0,79.0,14.0,24.0,40.0,37.0,SEDANG,DKI1 Bundaran Hotel Indonesia (HI),PM25,DKI1,Bundaran HI,2024,9,17,38,1
76.0,202409,18,2024-09-18,0I834,9.0,52.0,76.0,16.0,24.0,36.0,34.0,SEDANG,DKI1 Bundaran Hotel Indonesia (HI),PM25,DKI1,Bundaran HI,2024,9,18,38,2
83.0,202409,19,2024-09-19,0I834,9.0,61.0,83.0,15.0,27.0,37.0,46.0,SEDANG,DKI1 Bundaran Hotel Indonesia (HI),PM25,DKI1,Bundaran HI,2024,9,19,38,3
88.0,202409,20,2024-09-20,0I834,9.0,59.0,88.0,15.0,24.0,34.0,45.0,SEDANG,DKI1 Bundaran Hotel Indonesia (HI),PM25,DKI1,Bundaran HI,2024,9,20,38,4
94.0,202409,21,2024-09-21,0I834,9.0,61.0,94.0,14.0,25.0,36.0,39.0,SEDANG,DKI1 Bundaran Hotel Indonesia (HI),PM25,DKI1,Bundaran HI,2024,9,21,38,5
101.0,202409,22,2024-09-22,0I834,9.0,66.0,101.0,15.0,23.0,35.0,33.0,TIDAK SEHAT,DKI1 Bundaran Hotel Indonesia (HI),PM25,DKI1,Bundaran HI,2024,9,22,38,6
87.0,202409,23,2024-09-23,0I834,9.0,59.0,87.0,15.0,24.0,25.0,37.0,SEDANG,DKI1 Bundaran Hotel Indonesia (HI),PM25,DKI1,Bundaran HI,2024,9,23,39,0
74.0,202409,24,2024-09-24,0I834,9.0,56.0,74.0,15.0,24.0,33.0,31.0,SEDANG,DKI1 Bundaran Hotel Indonesia (HI),PM25,DKI1,Bundaran HI,2024,9,24,39,1
89.0,202409,25,2024-09-25,0I834,9.0,62.0,89.0,10.0,,25.0,51.0,SEDANG,DKI1 Bundaran Hotel Indonesia (HI),PM25,DKI1,Bundaran HI,2024,9,25,39,2
71.0,202409,26,2024-09-26,0I834,9.0,57.0,71.0,10.0,29.0,22.0,48.0,SEDANG,DKI1 Bundaran Hotel Indonesia (HI),PM25,DKI1,Bundaran HI,2024,9,26,39,3
70.0,202409,27,2024-09-27,0I834,9.0,51.0,70.0,10.0,27.0,25.0,41.0,SEDANG,DKI1 Bundaran Hotel Indonesia (HI),PM25,DKI1,Bundaran HI,2024,9,27,39,4
85.0,202409,28,2024-09-28,0I834,9.0,56.0,85.0,13.0,28.0,24.0,37.0,SEDANG,DKI1 Bundaran Hotel Indonesia (HI),PM25,DKI1,Bundaran HI,2024,9,28,39,5
89.0,202409,29,2024-09-29,0I834,9.0,60.0,89.0,12.0,,20.0,39.0,SEDANG,DKI1 Bundaran Hotel Indonesia (HI),PM25,DKI1,Bundaran HI,2024,9,29,39,6
70.0,202409,30,2024-09-30,0I834,9.0,51.0,70.0,13.0,25.0,15.0,40.0,SEDANG,DKI1 Bundaran Hotel Indonesia (HI),PM25,DKI1,Bundaran HI,2024,9,30,40,0
74.0,202409,1,2024-09-01,0I834,9.0,57.0,74.0,58.0,7.0,32.0,11.0,SEDANG,DKI2 Kelapa Gading,PM25,DKI2,Kelapa Gading,2024,9,1,35,6
73.0,202409,2,2024-09-02,0I834,9.0,,73.0,58.0,7.0,35.0,6.0,SEDANG,DKI2 Kelapa Gading,PM25,DKI2,Kelapa Gading,2024,9,2,36,0
100.0,202409,3,2024-09-03,0I834,9.0,55.0,100.0,58.0,12.0,31.0,36.0,SEDANG,DKI2 Kelapa Gading,PM25,DKI2,Kelapa Gading,2024,9,3,36,1
89.0,202409,4,2024-09-04,0I834,9.0,56.0,89.0,58.0,9.0,34.0,17.0,SEDANG,DKI2 Kelapa Gading,PM25,DKI2,Kelapa Gading,2024,9,4,36,2
74.0,202409,5,2024-09-05,0I834,9.0,52.0,74.0,58.0,8.0,28.0,14.0,SEDANG,DKI2 Kelapa Gading,PM25,DKI2,Kelapa Gading,2024,9,5,36,3
82.0,202409,6,2024-09-06,0I834,9.0,61.0,82.0,59.0,10.0,25.0,26.0,SEDANG,DKI2 Kelapa Gading,PM25,DKI2,Kelapa Gading,2024,9,6,36,4
81.0,202409,7,2024-09-07,0I834,9.0,60.0,81.0,58.0,8.0,28.0,11.0,SEDANG,DKI2 Kelapa Gading,PM25,DKI2,Kelapa Gading,2024,9,7,36,5
76.0,202409,8,2024-09-08,0I834,9.0,57.0,76.0,58.0,9.0,26.0,13.0,SEDANG,DKI2 Kelapa Gading,PM25,DKI2,Kelapa Gading,2024,9,8,36,6
72.0,202409,9,2024-09-09,0I834,9.0,55.0,72.0,59.0,8.0,24.0,14.0,SEDANG,DKI2 Kelapa Gading,PM25,DKI2,Kelapa Gading,2024,9,9,37,0
79.0,202409,10,2024-09-10,0I834,9.0,61.0,79.0,60.0,15.0,15.0,44.0,SEDANG,DKI2 Kelapa Gading,PM25,DKI2,Kelapa Gading,2024,9,10,37,1
63.0,202409,11,2024-09-11,0I834,9.0,47.0,63.0,59.0,9.0,18.0,25.0,SEDANG,DKI2 Kelapa Gading,PM25,DKI2,Kelapa Gading,2024,9,11,37,2
83.0,202409,12,2024-09-12,0I834,9.0,58.0,83.0,59.0,10.0,33.0,21.0,SEDANG,DKI2 Kelapa Gading,PM25,DKI2,Kelapa Gading,2024,9,12,37,3
75.0,202409,13,2024-09-13,0I834,9.0,56.0,75.0,58.0,12.0,30.0,30.0,SEDANG,DKI2 Kelapa Gading,PM25,DKI2,Kelapa Gading,2024,9,13,37,4
85.0,202409,14,2024-09-14,0I834,9.0,63.0,85.0,59.0,13.0,30.0,36.0,SEDANG,DKI2 Kelapa Gading,PM25,DKI2,Kelapa Gading,2024,9,14,37,5
82.0,202409,15,2024-09-15,0I834,9.0,63.0,82.0,58.0,11.0,28.0,21.0,SEDANG,DKI2 Kelapa Gading,PM25,DKI2,Kelapa Gading,2024,9,15,37,6
83.0,202409,16,2024-09-16,0I834,9.0,62.0,83.0,58.0,11.0,31.0,20.0,SEDANG,DKI2 Kelapa Gading,PM25,DKI2,Kelapa Gading,2024,9,16,38,0
77.0,202409,17,2024-09-17,0I834,9.0,53.0,77.0,62.0,8.0,35.0,40.0,SEDANG,DKI3 Jagakarsa,PM25,DKI3,Jagakarsa,2024,9,17,38,1
66.0,202409,18,2024-09-18,0I834,9.0,42.0,66.0,61.0,7.0,34.0,36.0,SEDANG,DKI3 Jagakarsa,PM25,DKI3,Jagakarsa,2024,9,18,38,2
75.0,202409,19,2024-09-19,0I834,9.0,52.0,75.0,61.0,7.0,38.0,38.0,SEDANG,DKI3 Jagakarsa,PM25,DKI3,Jagakarsa,2024,9,19,38,3
84.0,202409,20,2024-09-20,0I834,9.0,56.0,84.0,62.0,9.0,36.0,53.0,SEDANG,DKI3 Jagakarsa,PM25,DKI3,Jagakarsa,2024,9,20,38,4
86.0,202409,21,2024-09-21,0I834,9.0,59.0,86.0,61.0,10.0,40.0,52.0,SEDANG,DKI3 Jagakarsa,PM25,DKI3,Jagakarsa,2024,9,21,38,5
98.0,202409,22,2024-09-22,0I834,9.0,62.0,98.0,61.0,10.0,32.0,51.0,SEDANG,DKI3 Jagakarsa,PM25,DKI3,Jagakarsa,2024,9,22,38,6
84.0,202409,23,2024-09-23,0I834,9.0,54.0,84.0,61.0,11.0,25.0,51.0,SEDANG,DKI3 Jagakarsa,PM25,DKI3,Jagakarsa,2024,9,23,39,0
74.0,202409,24,2024-09-24,0I834,9.0,53.0,74.0,61.0,11.0,20.0,50.0,SEDANG,DKI3 Jagakarsa,PM25,DKI3,Jagakarsa,2024,9,24,39,1
81.0,202409,25,2024-09-25,0I834,9.0,56.0,81.0,61.0,13.0,26.0,,SEDANG,DKI3 Jagakarsa,PM25,DKI3,Jagakarsa,2024,9,25,39,2
68.0,202409,26,2024-09-26,0I834,9.0,40.0,61.0,61.0,15.0,21.0,,SEDANG,DKI3 Jagakarsa,,DKI3,Jagakarsa,2024,9,26,39,3
66.0,202409,27,2024-09-27,0I834,9.0,48.0,66.0,61.0,13.0,21.0,,SEDANG,DKI3 Jagakarsa,PM25,DKI3,Jagakarsa,2024,9,27,39,4
81.0,202409,28,2024-09-28,0I834,9.0,52.0,81.0,62.0,12.0,21.0,54.0,SEDANG,DKI3 Jagakarsa,PM25,DKI3,Jagakarsa,2024,9,28,39,5
61.0,202409,29,2024-09-29,0I834,9.0,51.0,,61.0,10.0,22.0,50.0,SEDANG,DKI3 Jagakarsa,SO2,DKI3,Jagakarsa,2024,9,29,39,6
61.0,202409,30,2024-09-30,0I834,9.0,44.0,,61.0,9.0,22.0,43.0,SEDANG,DKI3 Jagakarsa,SO2,DKI3,Jagakarsa,2024,9,30,40,0
81.0,202409,1,2024-09-01,0I834,9.0,65.0,81.0,53.0,21.0,44.0,18.0,SEDANG,DKI4 Lubang Buaya,PM25,DKI4,Lubang Buaya,2024,9,1,35,6
74.0,202409,3,2024-09-03,0I834,9.0,66.0,74.0,53.0,21.0,39.0,23.0,SEDANG,DKI4 Lubang Buaya,PM25,DKI4,Lubang Buaya,2024,9,3,36,1
79.0,202409,4,2024-09-04,0I834,9.0,65.0,79.0,53.0,19.0,43.0,16.0,SEDANG,DKI4 Lubang Buaya,PM25,DKI4,Lubang Buaya,2024,9,4,36,2
118.0,202409,5,2024-09-05,0I834,9.0,,69.0,53.0,16.0,31.0,13.0,TIDAK SEHAT,DKI4 Lubang Buaya,PM10,DKI4,Lubang Buaya,2024,9,5,36,3
82.0,202409,6,2024-09-06,0I834,9.0,82.0,76.0,53.0,21.0,34.0,19.0,SEDANG,DKI4 Lubang Buaya,PM10,DKI4,Lubang Buaya,2024,9,6,36,4
162.0,202409,7,2024-09-07,0I834,9.0,,97.0,53.0,17.0,39.0,15.0,TIDAK SEHAT,DKI4 Lubang Buaya,PM10,DKI4,Lubang Buaya,2024,9,7,36,5
83.0,202409,8,2024-09-08,0I834,9.0,70.0,83.0,53.0,17.0,31.0,12.0,SEDANG,DKI4 Lubang Buaya,PM25,DKI4,Lubang Buaya,2024,9,8,36,6
63.0,202409,9,2024-09-09,0I834,9.0,57.0,63.0,53.0,17.0,34.0,12.0,SEDANG,DKI4 Lubang Buaya,PM25,DKI4,Lubang Buaya,2024,9,9,37,0
58.0,202409,10,2024-09-10,0I834,9.0,57.0,58.0,53.0,,23.0,23.0,SEDANG,DKI4 Lubang Buaya,PM25,DKI4,Lubang Buaya,2024,9,10,37,1
53.0,202409,11,2024-09-11,0I834,9.0,50.0,46.0,53.0,19.0,24.0,17.0,SEDANG,DKI4 Lubang Buaya,SO2,DKI4,Lubang Buaya,2024,9,11,37,2
65.0,202409,12,2024-09-12,0I834,9.0,57.0,65.0,53.0,23.0,38.0,17.0,SEDANG,DKI4 Lubang Buaya,PM25,DKI4,Lubang Buaya,2024,9,12,37,3
54.0,202409,13,2024-09-13,0I834,9.0,54.0,54.0,53.0,22.0,34.0,21.0,SEDANG,DKI4 Lubang Buaya,PM10,DKI4,Lubang Buaya,2024,9,13,37,4
60.0,202409,14,2024-09-14,0I834,9.0,59.0,60.0,53.0,21.0,34.0,23.0,SEDANG,DKI4 Lubang Buaya,PM25,DKI4,Lubang Buaya,2024,9,14,37,5
69.0,202409,15,2024-09-15,0I834,9.0,65.0,69.0,53.0,21.0,42.0,16.0,SEDANG,DKI4 Lubang Buaya,PM25,DKI4,Lubang Buaya,2024,9,15,37,6
69.0,202409,16,2024-09-16,0I834,9.0,62.0,69.0,53.0,22.0,37.0,18.0,SEDANG,DKI4 Lubang Buaya,PM25,DKI4,Lubang Buaya,2024,9,16,38,0
67.0,202409,17,2024-09-17,0I834,9.0,63.0,67.0,53.0,21.0,47.0,,SEDANG,DKI4 Lubang Buaya,PM25,DKI4,Lubang Buaya,2024,9,17,38,1
60.0,202409,18,2024-09-18,0I834,9.0,57.0,60.0,54.0,18.0,42.0,25.0,SEDANG,DKI4 Lubang Buaya,PM25,DKI4,Lubang Buaya,2024,9,18,38,2
64.0,202409,19,2024-09-19,0I834,9.0,60.0,64.0,54.0,20.0,52.0,29.0,SEDANG,DKI4 Lubang Buaya,PM25,DKI4,Lubang Buaya,2024,9,19,38,3
69.0,202409,20,2024-09-20,0I834,9.0,64.0,69.0,54.0,20.0,49.0,25.0,SEDANG,DKI4 Lubang Buaya,PM25,DKI4,Lubang Buaya,2024,9,20,38,4
69.0,202409,21,2024-09-21,0I834,9.0,61.0,69.0,54.0,20.0,54.0,26.0,SEDANG,DKI4 Lubang Buaya,PM25,DKI4,Lubang Buaya,2024,9,21,38,5
76.0,202409,22,2024-09-22,0I834,9.0,76.0,75.0,55.0,22.0,45.0,23.0,SEDANG,DKI4 Lubang Buaya,PM10,DKI4,Lubang Buaya,2024,9,22,38,6
68.0,202409,23,2024-09-23,0I834,9.0,68.0,63.0,54.0,20.0,35.0,20.0,SEDANG,DKI4 Lubang Buaya,PM10,DKI4,Lubang Buaya,2024,9,23,39,0
60.0,202409,24,2024-09-24,0I834,9.0,60.0,54.0,54.0,19.0,31.0,18.0,SEDANG,DKI4 Lubang Buaya,PM10,DKI4,Lubang Buaya,2024,9,24,39,1
68.0,202409,25,2024-09-25,0I834,9.0,68.0,63.0,54.0,31.0,34.0,28.0,SEDANG,DKI4 Lubang Buaya,PM10,DKI4,Lubang Buaya,2024,9,25,39,2
54.0,202409,26,2024-09-26,0I834,9.0,52.0,53.0,54.0,27.0,30.0,27.0,SEDANG,DKI4 Lubang Buaya,SO2,DKI4,Lubang Buaya,2024,9,26,39,3
56.0,202409,27,2024-09-27,0I834,9.0,56.0,51.0,53.0,23.0,33.0,24.0,SEDANG,DKI4 Lubang Buaya,PM10,DKI4,Lubang Buaya,2024,9,27,39,4
62.0,202409,28,2024-09-28,0I834,9.0,62.0,62.0,54.0,22.0,34.0,20.0,SEDANG,DKI4 Lubang Buaya,PM10,DKI4,Lubang Buaya,2024,9,28,39,5
104.0,202409,29,2024-09-29,0I834,9.0,90.0,104.0,54.0,27.0,31.0,24.0,TIDAK SEHAT,DKI4 Lubang Buaya,PM25,DKI4,Lubang Buaya,2024,9,29,39,6
58.0,202409,30,2024-09-30,0I834,9.0,51.0,58.0,54.0,20.0,30.0,21.0,SEDANG,DKI4 Lubang Buaya,PM25,DKI4,Lubang Buaya,2024,9,30,40,0
93.0,202409,1,2024-09-01,0I834,9.0,49.0,93.0,34.0,20.0,46.0,12.0,SEDANG,DKI5 Kebon Jeruk,PM25,DKI5,Kebon Jeruk,2024,9,1,35,6
85.0,202409,2,2024-09-02,0I834,9.0,37.0,85.0,34.0,17.0,,12.0,SEDANG,DKI5 Kebon Jeruk,PM25,DKI5,Kebon Jeruk,2024,9,2,36,0
89.0,202409,3,2024-09-03,0I834,9.0,45.0,89.0,32.0,20.0,43.0,17.0,SEDANG,DKI5 Kebon Jeruk,PM25,DKI5,Kebon Jeruk,2024,9,3,36,1
84.0,202409,4,2024-09-04,0I834,9.0,40.0,84.0,34.0,18.0,41.0,13.0,SEDANG,DKI5 Kebon Jeruk,PM25,DKI5,Kebon Jeruk,2024,9,4,36,2
81.0,202409,5,2024-09-05,0I834,9.0,37.0,81.0,35.0,18.0,43.0,12.0,SEDANG,DKI5 Kebon Jeruk,PM25,DKI5,Kebon Jeruk,2024,9,5,36,3
86.0,202409,6,2024-09-06,0I834,9.0,26.0,86.0,36.0,20.0,40.0,17.0,SEDANG,DKI5 Kebon Jeruk,PM25,DKI5,Kebon Jeruk,2024,9,6,36,4
89.0,202405,8,2024-05-08,0I834,5.0,65.0,89.0,55.0,8.0,24.0,18.0,SEDANG,DKI2 Kelapa Gading,PM25,DKI2,Kelapa Gading,2024,5,8,19,2
103.0,202405,9,2024-05-09,0I834,5.0,72.0,103.0,55.0,11.0,24.0,19.0,TIDAK SEHAT,DKI2 Kelapa Gading,PM25,DKI2,Kelapa Gading,2024,5,9,19,3
103.0,202405,10,2024-05-10,0I834,5.0,68.0,103.0,55.0,8.0,23.0,13.0,TIDAK SEHAT,DKI2 Kelapa Gading,PM25,DKI2,Kelapa Gading,2024,5,10,19,4
92.0,202405,11,2024-05-11,0I834,5.0,64.0,92.0,54.0,7.0,24.0,16.0,SEDANG,DKI2 Kelapa Gading,PM25,DKI2,Kelapa Gading,2024,5,11,19,5
89.0,202405,12,2024-05-12,0I834,5.0,65.0,89.0,54.0,8.0,21.0,16.0,SEDANG,DKI2 Kelapa Gading,PM25,DKI2,Kelapa Gading,2024,5,12,19,6
81.0,202405,13,2024-05-13,0I834,5.0,60.0,81.0,54.0,8.0,21.0,20.0,SEDANG,DKI2 Kelapa Gading,PM25,DKI2,Kelapa Gading,2024,5,13,20,0
99.0,202405,14,2024-05-14,0I834,5.0,68.0,99.0,55.0,9.0,27.0,15.0,SEDANG,DKI2 Kelapa Gading,PM25,DKI2,Kelapa Gading,2024,5,14,20,1
78.0,202405,15,2024-05-15,0I834,5.0,64.0,78.0,55.0,9.0,19.0,17.0,SEDANG,DKI2 Kelapa Gading,PM25,DKI2,Kelapa Gading,2024,5,15,20,2
115.0,202405,16,2024-05-16,0I834,5.0,77.0,115.0,56.0,8.0,20.0,12.0,TIDAK SEHAT,DKI2 Kelapa Gading,PM25,DKI2,Kelapa Gading,2024,5,16,20,3
102.0,202405,17,2024-05-17,0I834,5.0,72.0,102.0,56.0,12.0,20.0,20.0,TIDAK SEHAT,DKI2 Kelapa Gading,PM25,DKI2,Kelapa Gading,2024,5,17,20,4
110.0,202405,18,2024-05-18,0I834,5.0,75.0,110.0,56.0,17.0,21.0,29.0,TIDAK SEHAT,DKI2 Kelapa Gading,PM25,DKI2,Kelapa Gading,2024,5,18,20,5
95.0,202405,19,2024-05-19,0I834,5.0,67.0,95.0,56.0,14.0,22.0,19.0,SEDANG,DKI2 Kelapa Gading,PM25,DKI2,Kelapa Gading,2024,5,19,20,6
99.0,202405,20,2024-05-20,0I834,5.0,71.0,99.0,56.0,12.0,24.0,12.0,SEDANG,DKI2 Kelapa Gading,PM25,DKI2,Kelapa Gading,2024,5,20,21,0
106.0,202405,21,2024-05-21,0I834,5.0,77.0,106.0,57.0,12.0,25.0,16.0,TIDAK SEHAT,DKI2 Kelapa Gading,PM25,DKI2,Kelapa Gading,2024,5,21,21,1
106.0,202405,22,2024-05-22,0I834,5.0,80.0,106.0,56.0,11.0,24.0,12.0,TIDAK SEHAT,DKI2 Kelapa Gading,PM25,DKI2,Kelapa Gading,2024,5,22,21,2
91.0,202405,23,2024-05-23,0I834,5.0,71.0,91.0,56.0,10.0,19.0,19.0,SEDANG,DKI2 Kelapa Gading,PM25,DKI2,Kelapa Gading,2024,5,23,21,3
81.0,202405,24,2024-05-24,0I834,5.0,60.0,81.0,56.0,11.0,16.0,20.0,SEDANG,DKI2 Kelapa Gading,PM25,DKI2,Kelapa Gading,2024,5,24,21,4
55.0,202405,25,2024-05-25,0I834,5.0,35.0,55.0,55.0,10.0,14.0,15.0,SEDANG,DKI2 Kelapa Gading,PM25,DKI2,Kelapa Gading,2024,5,25,21,5
78.0,202405,26,2024-05-26,0I834,5.0,59.0,78.0,56.0,17.0,16.0,34.0,SEDANG,DKI2 Kelapa Gading,PM25,DKI2,Kelapa Gading,2024,5,26,21,6
97.0,202405,27,2024-05-27,0I834,5.0,70.0,97.0,56.0,12.0,24.0,15.0,SEDANG,DKI2 Kelapa Gading,PM25,DKI2,Kelapa Gading,2024,5,27,22,0
106.0,202405,28,2024-05-28,0I834,5.0,79.0,106.0,56.0,12.0,22.0,18.0,TIDAK SEHAT,DKI2 Kelapa Gading,PM25,DKI2,Kelapa Gading,2024,5,28,22,1
91.0,202405,29,2024-05-29,0I834,5.0,67.0,91.0,56.0,9.0,21.0,16.0,SEDANG,DKI2 Kelapa Gading,PM25,DKI2,Kelapa Gading,2024,5,29,22,2
98.0,202405,30,2024-05-30,0I834,5.0,66.0,98.0,57.0,10.0,20.0,15.0,SEDANG,DKI2 Kelapa Gading,PM25,DKI2,Kelapa Gading,2024,5,30,22,3
107.0,202405,31,2024-05-31,0I834,5.0,74.0,107.0,56.0,11.0,24.0,13.0,TIDAK SEHAT,DKI2 Kelapa Gading,PM25,DKI2,Kelapa Gading,2024,5,31,22,4
62.0,202405,1,2024-05-01,0I834,5.0,45.0,62.0,54.0,8.0,13.0,20.0,SEDANG,DKI3 Jagakarsa,PM25,DKI3,Jagakarsa,2024,5,1,18,2
77.0,202405,2,2024-05-02,0I834,5.0,58.0,77.0,54.0,11.0,15.0,24.0,SEDANG,DKI3 Jagakarsa,PM25,DKI3,Jagakarsa,2024,5,2,18,3
76.0,202405,3,2024-05-03,0I834,5.0,61.0,76.0,54.0,11.0,17.0,25.0,SEDANG,DKI3 Jagakarsa,PM25,DKI3,Jagakarsa,2024,5,3,18,4
73.0,202405,4,2024-05-04,0I834,5.0,52.0,73.0,55.0,12.0,19.0,29.0,SEDANG,DKI3 Jagakarsa,PM25,DKI3,Jagakarsa,2024,5,4,18,5
73.0,202405,5,2024-05-05,0I834,5.0,,73.0,55.0,19.0,17.0,,SEDANG,DKI3 Jagakarsa,PM25,DKI3,Jagakarsa,2024,5,5,18,6
72.0,202405,6,2024-05-06,0I834,5.0,,72.0,55.0,13.0,16.0,50.0,SEDANG,DKI3 Jagakarsa,PM25,DKI3,Jagakarsa,2024,5,6,19,0
84.0,202405,7,2024-05-07,0I834,5.0,64.0,84.0,55.0,12.0,17.0,34.0,SEDANG,DKI3 Jagakarsa,PM25,DKI3,Jagakarsa,2024,5,7,19,1
94.0,202405,8,2024-05-08,0I834,5.0,71.0,94.0,55.0,13.0,19.0,32.0,SEDANG,DKI3 Jagakarsa,PM25,DKI3,Jagakarsa,2024,5,8,19,2
90.0,202405,9,2024-05-09,0I834,5.0,67.0,90.0,56.0,13.0,15.0,39.0,SEDANG,DKI3 Jagakarsa,PM25,DKI3,Jagakarsa,2024,5,9,19,3
80.0,202405,10,2024-05-10,0I834,5.0,63.0,80.0,55.0,9.0,15.0,31.0,SEDANG,DKI3 Jagakarsa,PM25,DKI3,Jagakarsa,2024,5,10,19,4
75.0,202405,11,2024-05-11,0I834,5.0,63.0,75.0,55.0,8.0,13.0,27.0,SEDANG,DKI3 Jagakarsa,PM25,DKI3,Jagakarsa,2024,5,11,19,5
74.0,202405,12,2024-05-12,0I834,5.0,64.0,74.0,55.0,14.0,11.0,38.0,SEDANG,DKI3 Jagakarsa,PM25,DKI3,Jagakarsa,2024,5,12,19,6
67.0,202405,13,2024-05-13,0I834,5.0,52.0,67.0,55.0,8.0,14.0,22.0,SEDANG,DKI3 Jagakarsa,PM25,DKI3,Jagakarsa,2024,5,13,20,0
73.0,202405,14,2024-05-14,0I834,5.0,63.0,73.0,55.0,13.0,11.0,28.0,SEDANG,DKI3 Jagakarsa,PM25,DKI3,Jagakarsa,2024,5,14,20,1
74.0,202405,15,2024-05-15,0I834,5.0,67.0,74.0,55.0,17.0,10.0,45.0,SEDANG,DKI3 Jagakarsa,PM25,DKI3,Jagakarsa,2024,5,15,20,2
85.0,202405,16,2024-05-16,0I834,5.0,69.0,85.0,55.0,10.0,15.0,20.0,SEDANG,DKI3 Jagakarsa,PM25,DKI3,Jagakarsa,2024,5,16,20,3
71.0,202405,17,2024-05-17,0I834,5.0,56.0,71.0,55.0,10.0,18.0,29.0,SEDANG,DKI3 Jagakarsa,PM25,DKI3,Jagakarsa,2024,5,17,20,4
72.0,202405,18,2024-05-18,0I834,5.0,60.0,72.0,55.0,11.0,16.0,38.0,SEDANG,DKI3 Jagakarsa,PM25,DKI3,Jagakarsa,2024,5,18,20,5
72.0,202405,19,2024-05-19,0I834,5.0,57.0,72.0,56.0,11.0,18.0,36.0,SEDANG,DKI3 Jagakarsa,PM25,DKI3,Jagakarsa,2024,5,19,20,6
84.0,202405,20,2024-05-20,0I834,5.0,69.0,84.0,56.0,15.0,15.0,41.0,SEDANG,DKI3 Jagakarsa,PM25,DKI3,Jagakarsa,2024,5,20,21,0
80.0,202405,21,2024-05-21,0I834,5.0,67.0,80.0,56.0,14.0,16.0,42.0,SEDANG,DKI3 Jagakarsa,PM25,DKI3,Jagakarsa,2024,5,21,21,1
81.0,202405,22,2024-05-22,0I834,5.0,68.0,81.0,56.0,10.0,16.0,37.0,SEDANG,DKI3 Jagakarsa,PM25,DKI3,Jagakarsa,2024,5,22,21,2
72.0,202405,23,2024-05-23,0I834,5.0,64.0,72.0,56.0,10.0,13.0,39.0,SEDANG,DKI3 Jagakarsa,PM25,DKI3,Jagakarsa,2024,5,23,21,3
70.0,202405,24,2024-05-24,0I834,5.0,65.0,70.0,56.0,13.0,12.0,44.0,SEDANG,DKI3 Jagakarsa,PM25,DKI3,Jagakarsa,2024,5,24,21,4
55.0,202405,25,2024-05-25,0I834,5.0,27.0,34.0,55.0,7.0,12.0,38.0,SEDANG,DKI3 Jagakarsa,SO2,DKI3,Jagakarsa,2024,5,25,21,5
70.0,202405,26,2024-05-26,0I834,5.0,61.0,70.0,56.0,15.0,12.0,,SEDANG,DKI3 Jagakarsa,PM25,DKI3,Jagakarsa,2024,5,26,21,6
73.0,202405,27,2024-05-27,0I834,5.0,59.0,73.0,56.0,13.0,16.0,39.0,SEDANG,DKI3 Jagakarsa,PM25,DKI3,Jagakarsa,2024,5,27,22,0
82.0,202405,28,2024-05-28,0I834,5.0,70.0,82.0,55.0,20.0,14.0,36.0,SEDANG,DKI3 Jagakarsa,PM25,DKI3,Jagakarsa,2024,5,28,22,1
61.0,202405,29,2024-05-29,0I834,5.0,61.0,19.0,55.0,11.0,12.0,37.0,SEDANG,DKI3 Jagakarsa,PM10,DKI3,Jagakarsa,2024,5,29,22,2
61.0,202405,30,2024-05-30,0I834,5.0,61.0,19.0,55.0,12.0,14.0,38.0,SEDANG,DKI3 Jagakarsa,PM10,DKI3,Jagakarsa,2024,5,30,22,3
69.0,202405,31,2024-05-31,0I834,5.0,69.0,17.0,13.0,13.0,16.0,22.0,SEDANG,DKI3 Jagakarsa,PM10,DKI3,Jagakarsa,2024,5,31,22,4
56.0,202405,1,2024-05-01,0I834,5.0,56.0,,29.0,14.0,16.0,6.0,SEDANG,DKI4 Lubang Buaya,PM10,DKI4,Lubang Buaya,2024,5,1,18,2
88.0,202405,3,2024-05-03,0I834,5.0,64.0,88.0,29.0,15.0,19.0,9.0,SEDANG,DKI4 Lubang Buaya,PM25,DKI4,Lubang Buaya,2024,5,3,18,4
90.0,202405,4,2024-05-04,0I834,5.0,68.0,90.0,30.0,23.0,15.0,8.0,SEDANG,DKI4 Lubang Buaya,PM25,DKI4,Lubang Buaya,2024,5,4,18,5
107.0,202405,5,2024-05-05,0I834,5.0,79.0,107.0,30.0,,15.0,13.0,TIDAK SEHAT,DKI4 Lubang Buaya,PM25,DKI4,Lubang Buaya,2024,5,5,18,6
97.0,202405,6,2024-05-06,0I834,5.0,71.0,97.0,30.0,19.0,17.0,10.0,SEDANG,DKI4 Lubang Buaya,PM25,DKI4,Lubang Buaya,2024,5,6,19,0
107.0,202405,7,2024-05-07,0I834,5.0,78.0,107.0,30.0,22.0,16.0,12.0,TIDAK SEHAT,DKI4 Lubang Buaya,PM25,DKI4,Lubang Buaya,2024,5,7,19,1
101.0,202405,8,2024-05-08,0I834,5.0,76.0,101.0,30.0,17.0,18.0,10.0,TIDAK SEHAT,DKI4 Lubang Buaya,PM25,DKI4,Lubang Buaya,2024,5,8,19,2
111.0,202405,9,2024-05-09,0I834,5.0,85.0,111.0,30.0,18.0,13.0,13.0,TIDAK SEHAT,DKI4 Lubang Buaya,PM25,DKI4,Lubang Buaya,2024,5,9,19,3
96.0,202405,10,2024-05-10,0I834,5.0,74.0,96.0,30.0,13.0,15.0,7.0,SEDANG,DKI4 Lubang Buaya,PM25,DKI4,Lubang Buaya,2024,5,10,19,4
92.0,202405,11,2024-05-11,0I834,5.0,75.0,92.0,30.0,12.0,13.0,7.0,SEDANG,DKI4 Lubang Buaya,PM25,DKI4,Lubang Buaya,2024,5,11,19,5
85.0,202405,12,2024-05-12,0I834,5.0,67.0,85.0,30.0,13.0,11.0,6.0,SEDANG,DKI4 Lubang Buaya,PM25,DKI4,Lubang Buaya,2024,5,12,19,6
82.0,202405,13,2024-05-13,0I834,5.0,62.0,82.0,30.0,15.0,14.0,6.0,SEDANG,DKI4 Lubang Buaya,PM25,DKI4,Lubang Buaya,2024,5,13,20,0
94.0,202405,14,2024-05-14,0I834,5.0,69.0,94.0,30.0,15.0,14.0,10.0,SEDANG,DKI4 Lubang Buaya,PM25,DKI4,Lubang Buaya,2024,5,14,20,1
98.0,202405,15,2024-05-15,0I834,5.0,75.0,98.0,30.0,12.0,12.0,8.0,SEDANG,DKI4 Lubang Buaya,PM25,DKI4,Lubang Buaya,2024,5,15,20,2
111.0,202405,16,2024-05-16,0I834,5.0,82.0,111.0,30.0,13.0,20.0,8.0,TIDAK SEHAT,DKI4 Lubang Buaya,PM25,DKI4,Lubang Buaya,2024,5,16,20,3
98.0,202405,17,2024-05-17,0I834,5.0,74.0,98.0,30.0,12.0,18.0,9.0,SEDANG,DKI4 Lubang Buaya,PM25,DKI4,Lubang Buaya,2024,5,17,20,4
105.0,202405,18,2024-05-18,0I834,5.0,77.0,105.0,31.0,14.0,18.0,11.0,TIDAK SEHAT,DKI4 Lubang Buaya,PM25,DKI4,Lubang Buaya,2024,5,18,20,5
92.0,202405,19,2024-05-19,0I834,5.0,69.0,92.0,31.0,17.0,18.0,11.0,SEDANG,DKI4 Lubang Buaya,PM25,DKI4,Lubang Buaya,2024,5,19,20,6
110.0,202405,20,2024-05-20,0I834,5.0,83.0,110.0,31.0,18.0,20.0,10.0,TIDAK SEHAT,DKI4 Lubang Buaya,PM25,DKI4,Lubang Buaya,2024,5,20,21,0
107.0,202405,21,2024-05-21,0I834,5.0,83.0,107.0,31.0,17.0,20.0,15.0,TIDAK SEHAT,DKI4 Lubang Buaya,PM25,DKI4,Lubang Buaya,2024,5,21,21,1
106.0,202405,22,2024-05-22,0I834,5.0,84.0,106.0,31.0,16.0,22.0,9.0,TIDAK SEHAT,DKI4 Lubang Buaya,PM25,DKI4,Lubang Buaya,2024,5,22,21,2
95.0,202405,23,2024-05-23,0I834,5.0,78.0,95.0,31.0,15.0,16.0,8.0,SEDANG,DKI4 Lubang Buaya,PM25,DKI4,Lubang Buaya,2024,5,23,21,3
95.0,202405,24,2024-05-24,0I834,5.0,82.0,95.0,30.0,18.0,10.0,6.0,SEDANG,DKI4 Lubang Buaya,PM25,DKI4,Lubang Buaya,2024,5,24,21,4
55.0,202405,25,2024-05-25,0I834,5.0,41.0,55.0,30.0,12.0,9.0,8.0,SEDANG,DKI4 Lubang Buaya,PM25,DKI4,Lubang Buaya,2024,5,25,21,5
88.0,202405,26,2024-05-26,0I834,5.0,71.0,88.0,30.0,15.0,11.0,8.0,SEDANG,DKI4 Lubang Buaya,PM25,DKI4,Lubang Buaya,2024,5,26,21,6
104.0,202405,27,2024-05-27,0I834,5.0,81.0,104.0,31.0,13.0,22.0,9.0,TIDAK SEHAT,DKI4 Lubang Buaya,PM25,DKI4,Lubang Buaya,2024,5,27,22,0
104.0,202405,28,2024-05-28,0I834,5.0,81.0,104.0,31.0,14.0,20.0,8.0,TIDAK SEHAT,DKI4 Lubang Buaya,PM25,DKI4,Lubang Buaya,2024,5,28,22,1
94.0,202405,29,2024-05-29,0I834,5.0,77.0,94.0,31.0,11.0,18.0,7.0,SEDANG,DKI4 Lubang Buaya,PM25,DKI4,Lubang Buaya,2024,5,29,22,2
100.0,202405,30,2024-05-30,0I834,5.0,77.0,100.0,31.0,11.0,19.0,10.0,SEDANG,DKI4 Lubang Buaya,PM25,DKI4,Lubang Buaya,2024,5,30,22,3
110.0,202405,31,2024-05-31,0I834,5.0,91.0,110.0,31.0,13.0,22.0,9.0,TIDAK SEHAT,DKI4 Lubang Buaya,PM25,DKI4,Lubang Buaya,2024,5,31,22,4
64.0,202405,1,2024-05-01,0I834,5.0,41.0,64.0,23.0,17.0,,13.0,SEDANG,DKI5 Kebon Jeruk,PM25,DKI5,Kebon Jeruk,2024,5,1,18,2
81.0,202405,2,2024-05-02,0I834,5.0,53.0,81.0,23.0,17.0,,13.0,SEDANG,DKI5 Kebon Jeruk,PM25,DKI5,Kebon Jeruk,2024,5,2,18,3
95.0,202405,3,2024-05-03,0I834,5.0,58.0,95.0,24.0,18.0,,17.0,SEDANG,DKI5 Kebon Jeruk,PM25,DKI5,Kebon Jeruk,2024,5,3,18,4
97.0,202405,4,2024-05-04,0I834,5.0,62.0,97.0,26.0,22.0,57.0,27.0,SEDANG,DKI5 Kebon Jeruk,PM25,DKI5,Kebon Jeruk,2024,5,4,18,5
97.0,202405,5,2024-05-05,0I834,5.0,60.0,97.0,26.0,23.0,58.0,21.0,SEDANG,DKI5 Kebon Jeruk,PM25,DKI5,Kebon Jeruk,2024,5,5,18,6
86.0,202405,6,2024-05-06,0I834,5.0,56.0,86.0,26.0,18.0,60.0,17.0,SEDANG,DKI5 Kebon Jeruk,PM25,DKI5,Kebon Jeruk,2024,5,6,19,0
111.0,202405,7,2024-05-07,0I834,5.0,68.0,111.0,28.0,21.0,54.0,26.0,TIDAK SEHAT,DKI5 Kebon Jeruk,PM25,DKI5,Kebon Jeruk,2024,5,7,19,1
107.0,202405,8,2024-05-08,0I834,5.0,65.0,107.0,28.0,20.0,58.0,23.0,TIDAK SEHAT,DKI5 Kebon Jeruk,PM25,DKI5,Kebon Jeruk,2024,5,8,19,2
109.0,202405,9,2024-05-09,0I834,5.0,66.0,109.0,28.0,22.0,60.0,20.0,TIDAK SEHAT,DKI5 Kebon Jeruk,PM25,DKI5,Kebon Jeruk,2024,5,9,19,3
80.0,202405,10,2024-05-10,0I834,5.0,54.0,80.0,26.0,16.0,,12.0,SEDANG,DKI5 Kebon Jeruk,PM25,DKI5,Kebon Jeruk,2024,5,10,19,4
82.0,202405,11,2024-05-11,0I834,5.0,52.0,82.0,25.0,17.0,,14.0,SEDANG,DKI5 Kebon Jeruk,PM25,DKI5,Kebon Jeruk,2024,5,11,19,5
87.0,202405,12,2024-05-12,0I834,5.0,56.0,87.0,25.0,23.0,53.0,16.0,SEDANG,DKI5 Kebon Jeruk,PM25,DKI5,Kebon Jeruk,2024,5,12,19,6
72.0,202405,13,2024-05-13,0I834,5.0,45.0,72.0,24.0,16.0,59.0,11.0,SEDANG,DKI5 Kebon Jeruk,PM25,DKI5,Kebon Jeruk,2024,5,13,20,0
101.0,202405,14,2024-05-14,0I834,5.0,60.0,101.0,25.0,23.0,,22.0,TIDAK SEHAT,DKI5 Kebon Jeruk,PM25,DKI5,Kebon Jeruk,2024,5,14,20,1
91.0,202405,15,2024-05-15,0I834,5.0,59.0,91.0,26.0,23.0,57.0,21.0,SEDANG,DKI5 Kebon Jeruk,PM25,DKI5,Kebon Jeruk,2024,5,15,20,2
95.0,202405,19,2024-05-19,0I834,5.0,58.0,95.0,26.0,20.0,58.0,15.0,SEDANG,DKI5 Kebon Jeruk,PM25,DKI5,Kebon Jeruk,2024,5,19,20,6
96.0,202405,20,2024-05-20,0I834,5.0,57.0,96.0,27.0,20.0,,17.0,SEDANG,DKI5 Kebon Jeruk,PM25,DKI5,Kebon Jeruk,2024,5,20,21,0
101.0,202405,21,2024-05-21,0I834,5.0,62.0,101.0,29.0,21.0,,21.0,TIDAK SEHAT,DKI5 Kebon Jeruk,PM25,DKI5,Kebon Jeruk,2024,5,21,21,1
108.0,202405,22,2024-05-22,0I834,5.0,68.0,108.0,28.0,21.0,,21.0,TIDAK SEHAT,DKI5 Kebon Jeruk,PM25,DKI5,Kebon Jeruk,2024,5,22,21,2
80.0,202405,23,2024-05-23,0I834,5.0,66.0,80.0,24.0,20.0,60.0,17.0,SEDANG,DKI5 Kebon Jeruk,PM25,DKI5,Kebon Jeruk,2024,5,23,21,3
83.0,202405,24,2024-05-24,0I834,5.0,57.0,83.0,24.0,22.0,57.0,20.0,SEDANG,DKI5 Kebon Jeruk,PM25,DKI5,Kebon Jeruk,2024,5,24,21,4
57.0,202405,25,2024-05-25,0I834,5.0,29.0,53.0,25.0,18.0,57.0,17.0,SEDANG,DKI5 Kebon Jeruk,O3,DKI5,Kebon Jeruk,2024,5,25,21,5
94.0,202405,26,2024-05-26,0I834,5.0,62.0,94.0,31.0,26.0,57.0,22.0,SEDANG,DKI5 Kebon Jeruk,PM25,DKI5,Kebon Jeruk,2024,5,26,21,6
95.0,202405,27,2024-05-27,0I834,5.0,60.0,95.0,30.0,22.0,,20.0,SEDANG,DKI5 Kebon Jeruk,PM25,DKI5,Kebon Jeruk,2024,5,27,22,0
110.0,202405,28,2024-05-28,0I834,5.0,66.0,110.0,27.0,26.0,,26.0,TIDAK SEHAT,DKI5 Kebon Jeruk,PM25,DKI5,Kebon Jeruk,2024,5,28,22,1
87.0,202405,29,2024-05-29,0I834,5.0,56.0,87.0,26.0,17.0,,14.0,SEDANG,DKI5 Kebon Jeruk,PM25,DKI5,Kebon Jeruk,2024,5,29,22,2
95.0,202405,30,2024-05-30,0I834,5.0,54.0,95.0,28.0,18.0,,19.0,SEDANG,DKI5 Kebon Jeruk,PM25,DKI5,Kebon Jeruk,2024,5,30,22,3
111.0,202405,31,2024-05-31,0I834,5.0,62.0,111.0,28.0,21.0,,22.0,TIDAK SEHAT,DKI5 Kebon Jeruk,PM25,DKI5,Kebon Jeruk,2024,5,31,22,4
86.0,202409,17,2024-09-17,0I834,9.0,33.0,86.0,39.0,19.0,47.0,14.0,SEDANG,DKI5 Kebon Jeruk,PM25,DKI5,Kebon Jeruk,2024,9,17,38,1
79.0,202409,18,2024-09-18,0I834,9.0,39.0,79.0,38.0,18.0,42.0,13.0,SEDANG,DKI5 Kebon Jeruk,PM25,DKI5,Kebon Jeruk,2024,9,18,38,2
88.0,202409,19,2024-09-19,0I834,9.0,30.0,88.0,40.0,19.0,40.0,14.0,SEDANG,DKI5 Kebon Jeruk,PM25,DKI5,Kebon Jeruk,2024,9,19,38,3
88.0,202409,20,2024-09-20,0I834,9.0,22.0,88.0,38.0,20.0,47.0,16.0,SEDANG,DKI5 Kebon Jeruk,PM25,DKI5,Kebon Jeruk,2024,9,20,38,4
98.0,202409,21,2024-09-21,0I834,9.0,37.0,98.0,38.0,19.0,57.0,14.0,SEDANG,DKI5 Kebon Jeruk,PM25,DKI5,Kebon Jeruk,2024,9,21,38,5
109.0,202409,22,2024-09-22,0I834,9.0,30.0,109.0,39.0,20.0,,14.0,TIDAK SEHAT,DKI5 Kebon Jeruk,PM25,DKI5,Kebon Jeruk,2024,9,22,38,6
92.0,202409,23,2024-09-23,0I834,9.0,21.0,92.0,37.0,19.0,55.0,14.0,SEDANG,DKI5 Kebon Jeruk,PM25,DKI5,Kebon Jeruk,2024,9,23,39,0
85.0,202409,24,2024-09-24,0I834,9.0,37.0,85.0,37.0,21.0,42.0,18.0,SEDANG,DKI5 Kebon Jeruk,PM25,DKI5,Kebon Jeruk,2024,9,24,39,1
109.0,202409,25,2024-09-25,0I834,9.0,47.0,109.0,35.0,28.0,44.0,24.0,TIDAK SEHAT,DKI5 Kebon Jeruk,PM25,DKI5,Kebon Jeruk,2024,9,25,39,2
79.0,202409,26,2024-09-26,0I834,9.0,35.0,79.0,35.0,26.0,42.0,21.0,SEDANG,DKI5 Kebon Jeruk,PM25,DKI5,Kebon Jeruk,2024,9,26,39,3
80.0,202409,27,2024-09-27,0I834,9.0,27.0,80.0,35.0,23.0,42.0,21.0,SEDANG,DKI5 Kebon Jeruk,PM25,DKI5,Kebon Jeruk,2024,9,27,39,4
99.0,202409,28,2024-09-28,0I834,9.0,30.0,99.0,36.0,22.0,47.0,20.0,SEDANG,DKI5 Kebon Jeruk,PM25,DKI5,Kebon Jeruk,2024,9,28,39,5
95.0,202409,29,2024-09-29,0I834,9.0,29.0,95.0,36.0,22.0,40.0,,SEDANG,DKI5 Kebon Jeruk,PM25,DKI5,Kebon Jeruk,2024,9,29,39,6
79.0,202409,30,2024-09-30,0I834,9.0,18.0,79.0,38.0,20.0,35.0,14.0,SEDANG,DKI5 Kebon Jeruk,PM25,DKI5,Kebon Jeruk,2024,9,30,40,0
91.0,202410,1,2024-10-01,0I834,10.0,63.0,91.0,13.0,29.0,24.0,46.0,SEDANG,DKI1 Bundaran Hotel Indonesia (HI),PM25,DKI1,Bundaran HI,2024,10,1,40,1
85.0,202410,2,2024-10-02,0I834,10.0,61.0,85.0,13.0,27.0,23.0,52.0,SEDANG,DKI1 Bundaran Hotel Indonesia (HI),PM25,DKI1,Bundaran HI,2024,10,2,40,2
90.0,202410,3,2024-10-03,0I834,10.0,61.0,90.0,13.0,29.0,20.0,44.0,SEDANG,DKI1 Bundaran Hotel Indonesia (HI),PM25,DKI1,Bundaran HI,2024,10,3,40,3
82.0,202410,4,2024-10-04,0I834,10.0,59.0,82.0,16.0,26.0,21.0,40.0,SEDANG,DKI1 Bundaran Hotel Indonesia (HI),PM25,DKI1,Bundaran HI,2024,10,4,40,4
80.0,202410,5,2024-10-05,0I834,10.0,56.0,80.0,12.0,30.0,19.0,46.0,SEDANG,DKI1 Bundaran Hotel Indonesia (HI),PM25,DKI1,Bundaran HI,2024,10,5,40,5
73.0,202410,6,2024-10-06,0I834,10.0,52.0,73.0,10.0,27.0,27.0,40.0,SEDANG,DKI1 Bundaran Hotel Indonesia (HI),PM25,DKI1,Bundaran HI,2024,10,6,40,6
108.0,202410,7,2024-10-07,0I834,10.0,72.0,108.0,16.0,31.0,24.0,48.0,TIDAK SEHAT,DKI1 Bundaran Hotel Indonesia (HI),PM25,DKI1,Bundaran HI,2024,10,7,41,0
76.0,202410,8,2024-10-08,0I834,10.0,55.0,76.0,16.0,25.0,21.0,40.0,SEDANG,DKI1 Bundaran Hotel Indonesia (HI),PM25,DKI1,Bundaran HI,2024,10,8,41,1
76.0,202410,9,2024-10-09,0I834,10.0,55.0,76.0,13.0,26.0,24.0,41.0,SEDANG,DKI1 Bundaran Hotel Indonesia (HI),PM25,DKI1,Bundaran HI,2024,10,9,41,2
80.0,202409,7,2024-09-07,0I834,9.0,30.0,80.0,35.0,17.0,47.0,10.0,SEDANG,DKI5 Kebon Jeruk,PM25,DKI5,Kebon Jeruk,2024,9,7,36,5
79.0,202409,8,2024-09-08,0I834,9.0,28.0,79.0,35.0,18.0,40.0,11.0,SEDANG,DKI5 Kebon Jeruk,PM25,DKI5,Kebon Jeruk,2024,9,8,36,6
65.0,202409,9,2024-09-09,0I834,9.0,17.0,65.0,34.0,17.0,48.0,9.0,SEDANG,DKI5 Kebon Jeruk,PM25,DKI5,Kebon Jeruk,2024,9,9,37,0
76.0,202409,10,2024-09-10,0I834,9.0,38.0,76.0,33.0,24.0,36.0,17.0,SEDANG,DKI5 Kebon Jeruk,PM25,DKI5,Kebon Jeruk,2024,9,10,37,1
68.0,202409,11,2024-09-11,0I834,9.0,26.0,68.0,34.0,19.0,28.0,18.0,SEDANG,DKI5 Kebon Jeruk,PM25,DKI5,Kebon Jeruk,2024,9,11,37,2
103.0,202409,12,2024-09-12,0I834,9.0,23.0,103.0,39.0,20.0,54.0,15.0,TIDAK SEHAT,DKI5 Kebon Jeruk,PM25,DKI5,Kebon Jeruk,2024,9,12,37,3
81.0,202409,13,2024-09-13,0I834,9.0,38.0,81.0,34.0,21.0,49.0,18.0,SEDANG,DKI5 Kebon Jeruk,PM25,DKI5,Kebon Jeruk,2024,9,13,37,4
88.0,202409,14,2024-09-14,0I834,9.0,34.0,88.0,34.0,19.0,49.0,16.0,SEDANG,DKI5 Kebon Jeruk,PM25,DKI5,Kebon Jeruk,2024,9,14,37,5
87.0,202409,15,2024-09-15,0I834,9.0,28.0,87.0,35.0,20.0,45.0,13.0,SEDANG,DKI5 Kebon Jeruk,PM25,DKI5,Kebon Jeruk,2024,9,15,37,6
93.0,202409,16,2024-09-16,0I834,9.0,26.0,93.0,36.0,20.0,44.0,14.0,SEDANG,DKI5 Kebon Jeruk,PM25,DKI5,Kebon Jeruk,2024,9,16,38,0
101.0,202405,16,2024-05-16,0I834,5.0,61.0,101.0,28.0,19.0,,20.0,TIDAK SEHAT,DKI5 Kebon Jeruk,PM25,DKI5,Kebon Jeruk,2024,5,16,20,3
90.0,202405,17,2024-05-17,0I834,5.0,57.0,90.0,28.0,17.0,58.0,17.0,SEDANG,DKI5 Kebon Jeruk,PM25,DKI5,Kebon Jeruk,2024,5,17,20,4
101.0,202405,18,2024-05-18,0I834,5.0,60.0,101.0,27.0,21.0,59.0,22.0,TIDAK SEHAT,DKI5 Kebon Jeruk,PM25,DKI5,Kebon Jeruk,2024,5,18,20,5
103.0,202408,1,2024-08-01,0I834,8.0,68.0,103.0,13.0,28.0,26.0,44.0,TIDAK SEHAT,DKI1 Bundaran Hotel Indonesia (HI),PM25,DKI1,Bundaran HI,2024,8,1,31,3
85.0,202408,2,2024-08-02,0I834,8.0,60.0,85.0,11.0,27.0,37.0,44.0,SEDANG,DKI1 Bundaran Hotel Indonesia (HI),PM25,DKI1,Bundaran HI,2024,8,2,31,4
64.0,202408,3,2024-08-03,0I834,8.0,47.0,64.0,10.0,28.0,26.0,45.0,SEDANG,DKI1 Bundaran Hotel Indonesia (HI),PM25,DKI1,Bundaran HI,2024,8,3,31,5
74.0,202408,4,2024-08-04,0I834,8.0,50.0,74.0,10.0,29.0,29.0,39.0,SEDANG,DKI1 Bundaran Hotel Indonesia (HI),PM25,DKI1,Bundaran HI,2024,8,4,31,6
78.0,202408,5,2024-08-05,0I834,8.0,53.0,78.0,10.0,26.0,23.0,37.0,SEDANG,DKI1 Bundaran Hotel Indonesia (HI),PM25,DKI1,Bundaran HI,2024,8,5,32,0
75.0,202408,6,2024-08-06,0I834,8.0,53.0,75.0,16.0,24.0,21.0,42.0,SEDANG,DKI1 Bundaran Hotel Indonesia (HI),PM25,DKI1,Bundaran HI,2024,8,6,32,1
91.0,202408,7,2024-08-07,0I834,8.0,62.0,91.0,13.0,26.0,27.0,42.0,SEDANG,DKI1 Bundaran Hotel Indonesia (HI),PM25,DKI1,Bundaran HI,2024,8,7,32,2
96.0,202408,8,2024-08-08,0I834,8.0,64.0,96.0,16.0,28.0,23.0,42.0,SEDANG,DKI1 Bundaran Hotel Indonesia (HI),PM25,DKI1,Bundaran HI,2024,8,8,32,3
91.0,202408,9,2024-08-09,0I834,8.0,61.0,91.0,15.0,25.0,19.0,33.0,SEDANG,DKI1 Bundaran Hotel Indonesia (HI),PM25,DKI1,Bundaran HI,2024,8,9,32,4
81.0,202408,10,2024-08-10,0I834,8.0,55.0,81.0,15.0,23.0,21.0,35.0,SEDANG,DKI1 Bundaran Hotel Indonesia (HI),PM25,DKI1,Bundaran HI,2024,8,10,32,5
77.0,202408,11,2024-08-11,0I834,8.0,56.0,77.0,12.0,22.0,28.0,28.0,SEDANG,DKI1 Bundaran Hotel Indonesia (HI),PM25,DKI1,Bundaran HI,2024,8,11,32,6
78.0,202408,12,2024-08-12,0I834,8.0,54.0,78.0,12.0,23.0,24.0,30.0,SEDANG,DKI1 Bundaran Hotel Indonesia (HI),PM25,DKI1,Bundaran HI,2024,8,12,33,0
93.0,202408,13,2024-08-13,0I834,8.0,62.0,93.0,19.0,26.0,25.0,44.0,SEDANG,DKI1 Bundaran Hotel Indonesia (HI),PM25,DKI1,Bundaran HI,2024,8,13,33,1
93.0,202408,14,2024-08-14,0I834,8.0,62.0,93.0,17.0,26.0,27.0,43.0,SEDANG,DKI1 Bundaran Hotel Indonesia (HI),PM25,DKI1,Bundaran HI,2024,8,14,33,2
90.0,202408,15,2024-08-15,0I834,8.0,63.0,90.0,14.0,26.0,38.0,38.0,SEDANG,DKI1 Bundaran Hotel Indonesia (HI),PM25,DKI1,Bundaran HI,2024,8,15,33,3
91.0,202408,16,2024-08-16,0I834,8.0,64.0,91.0,15.0,28.0,33.0,48.0,SEDANG,DKI1 Bundaran Hotel Indonesia (HI),PM25,DKI1,Bundaran HI,2024,8,16,33,4
92.0,202408,17,2024-08-17,0I834,8.0,65.0,92.0,15.0,25.0,31.0,44.0,SEDANG,DKI1 Bundaran Hotel Indonesia (HI),PM25,DKI1,Bundaran HI,2024,8,17,33,5
93.0,202408,18,2024-08-18,0I834,8.0,62.0,93.0,13.0,23.0,30.0,32.0,SEDANG,DKI1 Bundaran Hotel Indonesia (HI),PM25,DKI1,Bundaran HI,2024,8,18,33,6
86.0,202408,19,2024-08-19,0I834,8.0,60.0,86.0,13.0,24.0,32.0,38.0,SEDANG,DKI1 Bundaran Hotel Indonesia (HI),PM25,DKI1,Bundaran HI,2024,8,19,34,0
93.0,202408,20,2024-08-20,0I834,8.0,64.0,93.0,14.0,26.0,27.0,46.0,SEDANG,DKI1 Bundaran Hotel Indonesia (HI),PM25,DKI1,Bundaran HI,2024,8,20,34,1
96.0,202408,21,2024-08-21,0I834,8.0,67.0,96.0,17.0,27.0,27.0,47.0,SEDANG,DKI1 Bundaran Hotel Indonesia (HI),PM25,DKI1,Bundaran HI,2024,8,21,34,2
84.0,202408,22,2024-08-22,0I834,8.0,63.0,84.0,19.0,25.0,26.0,40.0,SEDANG,DKI1 Bundaran Hotel Indonesia (HI),PM25,DKI1,Bundaran HI,2024,8,22,34,3
77.0,202408,23,2024-08-23,0I834,8.0,56.0,77.0,12.0,23.0,28.0,32.0,SEDANG,DKI1 Bundaran Hotel Indonesia (HI),PM25,DKI1,Bundaran HI,2024,8,23,34,4
98.0,202408,24,2024-08-24,0I834,8.0,62.0,98.0,13.0,27.0,24.0,43.0,SEDANG,DKI1 Bundaran Hotel Indonesia (HI),PM25,DKI1,Bundaran HI,2024,8,24,34,5
90.0,202408,25,2024-08-25,0I834,8.0,66.0,90.0,13.0,25.0,28.0,37.0,SEDANG,DKI1 Bundaran Hotel Indonesia (HI),PM25,DKI1,Bundaran HI,2024,8,25,34,6
78.0,202408,26,2024-08-26,0I834,8.0,55.0,78.0,13.0,24.0,28.0,39.0,SEDANG,DKI1 Bundaran Hotel Indonesia (HI),PM25,DKI1,Bundaran HI,2024,8,26,35,0
106.0,202408,27,2024-08-27,0I834,8.0,69.0,106.0,14.0,30.0,36.0,50.0,TIDAK SEHAT,DKI1 Bundaran Hotel Indonesia (HI),PM25,DKI1,Bundaran HI,2024,8,27,35,1
86.0,202408,28,2024-08-28,0I834,8.0,62.0,86.0,14.0,24.0,33.0,41.0,SEDANG,DKI1 Bundaran Hotel Indonesia (HI),PM25,DKI1,Bundaran HI,2024,8,28,35,2
98.0,202408,29,2024-08-29,0I834,8.0,65.0,98.0,14.0,26.0,41.0,42.0,SEDANG,DKI1 Bundaran Hotel Indonesia (HI),PM25,DKI1,Bundaran HI,2024,8,29,35,3
98.0,202408,30,2024-08-30,0I834,8.0,68.0,98.0,15.0,28.0,30.0,46.0,SEDANG,DKI1 Bundaran Hotel Indonesia (HI),PM25,DKI1,Bundaran HI,2024,8,30,35,4
75.0,202408,31,2024-08-31,0I834,8.0,56.0,75.0,14.0,25.0,24.0,40.0,SEDANG,DKI1 Bundaran Hotel Indonesia (HI),PM25,DKI1,Bundaran HI,2024,8,31,35,5
99.0,202408,1,2024-08-01,0I834,8.0,65.0,99.0,57.0,10.0,34.0,23.0,SEDANG,DKI2 Kelapa Gading,PM25,DKI2,Kelapa Gading,2024,8,1,31,3
86.0,202408,2,2024-08-02,0I834,8.0,64.0,86.0,57.0,11.0,28.0,27.0,SEDANG,DKI2 Kelapa Gading,PM25,DKI2,Kelapa Gading,2024,8,2,31,4
70.0,202408,3,2024-08-03,0I834,8.0,56.0,70.0,58.0,9.0,21.0,31.0,SEDANG,DKI2 Kelapa Gading,PM25,DKI2,Kelapa Gading,2024,8,3,31,5
83.0,202408,4,2024-08-04,0I834,8.0,54.0,83.0,58.0,13.0,23.0,37.0,SEDANG,DKI2 Kelapa Gading,PM25,DKI2,Kelapa Gading,2024,8,4,31,6
80.0,202408,5,2024-08-05,0I834,8.0,56.0,80.0,57.0,12.0,28.0,24.0,SEDANG,DKI2 Kelapa Gading,PM25,DKI2,Kelapa Gading,2024,8,5,32,0
83.0,202408,6,2024-08-06,0I834,8.0,61.0,83.0,58.0,10.0,25.0,23.0,SEDANG,DKI2 Kelapa Gading,PM25,DKI2,Kelapa Gading,2024,8,6,32,1
92.0,202408,7,2024-08-07,0I834,8.0,62.0,92.0,57.0,10.0,33.0,20.0,SEDANG,DKI2 Kelapa Gading,PM25,DKI2,Kelapa Gading,2024,8,7,32,2
107.0,202408,8,2024-08-08,0I834,8.0,74.0,107.0,59.0,12.0,25.0,32.0,TIDAK SEHAT,DKI2 Kelapa Gading,PM25,DKI2,Kelapa Gading,2024,8,8,32,3
91.0,202408,9,2024-08-09,0I834,8.0,67.0,91.0,57.0,10.0,23.0,20.0,SEDANG,DKI2 Kelapa Gading,PM25,DKI2,Kelapa Gading,2024,8,9,32,4
85.0,202408,10,2024-08-10,0I834,8.0,60.0,85.0,57.0,9.0,23.0,17.0,SEDANG,DKI2 Kelapa Gading,PM25,DKI2,Kelapa Gading,2024,8,10,32,5
79.0,202408,11,2024-08-11,0I834,8.0,59.0,79.0,57.0,8.0,30.0,12.0,SEDANG,DKI2 Kelapa Gading,PM25,DKI2,Kelapa Gading,2024,8,11,32,6
83.0,202408,12,2024-08-12,0I834,8.0,55.0,83.0,57.0,9.0,28.0,14.0,SEDANG,DKI2 Kelapa Gading,PM25,DKI2,Kelapa Gading,2024,8,12,33,0
102.0,202408,13,2024-08-13,0I834,8.0,66.0,102.0,59.0,13.0,29.0,34.0,TIDAK SEHAT,DKI2 Kelapa Gading,PM25,DKI2,Kelapa Gading,2024,8,13,33,1
100.0,202408,14,2024-08-14,0I834,8.0,71.0,100.0,58.0,11.0,30.0,29.0,SEDANG,DKI2 Kelapa Gading,PM25,DKI2,Kelapa Gading,2024,8,14,33,2
93.0,202408,15,2024-08-15,0I834,8.0,67.0,93.0,57.0,10.0,40.0,22.0,SEDANG,DKI2 Kelapa Gading,PM25,DKI2,Kelapa Gading,2024,8,15,33,3
90.0,202407,1,2024-07-01,0I834,7.0,62.0,90.0,11.0,28.0,31.0,41.0,SEDANG,DKI1 Bundaran Hotel Indonesia (HI),PM25,DKI1,Bundaran HI,2024,7,1,27,0
74.0,202407,2,2024-07-02,0I834,7.0,55.0,74.0,9.0,26.0,25.0,38.0,SEDANG,DKI1 Bundaran Hotel Indonesia (HI),PM25,DKI1,Bundaran HI,2024,7,2,27,1
103.0,202407,3,2024-07-03,0I834,7.0,69.0,103.0,12.0,,29.0,51.0,TIDAK SEHAT,DKI1 Bundaran Hotel Indonesia (HI),PM25,DKI1,Bundaran HI,2024,7,3,27,2
78.0,202407,4,2024-07-04,0I834,7.0,58.0,78.0,9.0,,26.0,52.0,SEDANG,DKI1 Bundaran Hotel Indonesia (HI),PM25,DKI1,Bundaran HI,2024,7,4,27,3
66.0,202407,5,2024-07-05,0I834,7.0,53.0,66.0,10.0,28.0,21.0,41.0,SEDANG,DKI1 Bundaran Hotel Indonesia (HI),PM25,DKI1,Bundaran HI,2024,7,5,27,4
38.0,202407,6,2024-07-06,0I834,7.0,30.0,38.0,8.0,24.0,15.0,24.0,BAIK,DKI1 Bundaran Hotel Indonesia (HI),PM25,DKI1,Bundaran HI,2024,7,6,27,5
41.0,202407,7,2024-07-07,0I834,7.0,24.0,41.0,8.0,24.0,24.0,26.0,BAIK,DKI1 Bundaran Hotel Indonesia (HI),PM25,DKI1,Bundaran HI,2024,7,7,27,6
53.0,202407,8,2024-07-08,0I834,7.0,31.0,53.0,11.0,23.0,24.0,30.0,SEDANG,DKI1 Bundaran Hotel Indonesia (HI),PM25,DKI1,Bundaran HI,2024,7,8,28,0
66.0,202407,9,2024-07-09,0I834,7.0,43.0,66.0,8.0,31.0,28.0,49.0,SEDANG,DKI1 Bundaran Hotel Indonesia (HI),PM25,DKI1,Bundaran HI,2024,7,9,28,1
77.0,202407,10,2024-07-10,0I834,7.0,55.0,77.0,11.0,24.0,32.0,37.0,SEDANG,DKI1 Bundaran Hotel Indonesia (HI),PM25,DKI1,Bundaran HI,2024,7,10,28,2
94.0,202407,11,2024-07-11,0I834,7.0,64.0,94.0,13.0,,25.0,50.0,SEDANG,DKI1 Bundaran Hotel Indonesia (HI),PM25,DKI1,Bundaran HI,2024,7,11,28,3
86.0,202407,12,2024-07-12,0I834,7.0,60.0,86.0,11.0,26.0,35.0,43.0,SEDANG,DKI1 Bundaran Hotel Indonesia (HI),PM25,DKI1,Bundaran HI,2024,7,12,28,4
93.0,202407,13,2024-07-13,0I834,7.0,66.0,93.0,15.0,30.0,23.0,50.0,SEDANG,DKI1 Bundaran Hotel Indonesia (HI),PM25,DKI1,Bundaran HI,2024,7,13,28,5
83.0,202407,14,2024-07-14,0I834,7.0,59.0,83.0,12.0,27.0,26.0,41.0,SEDANG,DKI1 Bundaran Hotel Indonesia (HI),PM25,DKI1,Bundaran HI,2024,7,14,28,6
85.0,202407,15,2024-07-15,0I834,7.0,58.0,85.0,15.0,25.0,28.0,40.0,SEDANG,DKI1 Bundaran Hotel Indonesia (HI),PM25,DKI1,Bundaran HI,2024,7,15,29,0
92.0,202407,16,2024-07-16,0I834,7.0,58.0,92.0,13.0,27.0,28.0,49.0,SEDANG,DKI1 Bundaran Hotel Indonesia (HI),PM25,DKI1,Bundaran HI,2024,7,16,29,1
88.0,202407,17,2024-07-17,0I834,7.0,59.0,88.0,17.0,26.0,20.0,45.0,SEDANG,DKI1 Bundaran Hotel Indonesia (HI),PM25,DKI1,Bundaran HI,2024,7,17,29,2
91.0,202407,18,2024-07-18,0I834,7.0,63.0,91.0,17.0,25.0,27.0,40.0,SEDANG,DKI1 Bundaran Hotel Indonesia (HI),PM25,DKI1,Bundaran HI,2024,7,18,29,3
102.0,202406,1,2024-06-01,0I834,6.0,73.0,102.0,16.0,8.0,22.0,48.0,TIDAK SEHAT,DKI1  Bundaran Hotel Indonesia (HI),PM25,DKI1,Bundaran HI,2024,6,1,22,5
95.0,202406,2,2024-06-02,0I834,6.0,67.0,95.0,14.0,5.0,24.0,45.0,SEDANG,DKI1  Bundaran Hotel Indonesia (HI),PM25,DKI1,Bundaran HI,2024,6,2,22,6
61.0,202406,3,2024-06-03,0I834,6.0,50.0,61.0,11.0,5.0,24.0,40.0,SEDANG,DKI1  Bundaran Hotel Indonesia (HI),PM25,DKI1,Bundaran HI,2024,6,3,23,0
76.0,202406,4,2024-06-04,0I834,6.0,58.0,76.0,14.0,5.0,26.0,44.0,SEDANG,DKI1  Bundaran Hotel Indonesia (HI),PM25,DKI1,Bundaran HI,2024,6,4,23,1
88.0,202406,5,2024-06-05,0I834,6.0,63.0,88.0,17.0,6.0,27.0,51.0,SEDANG,DKI1  Bundaran Hotel Indonesia (HI),PM25,DKI1,Bundaran HI,2024,6,5,23,2
77.0,202406,6,2024-06-06,0I834,6.0,55.0,77.0,16.0,5.0,16.0,42.0,SEDANG,DKI1  Bundaran Hotel Indonesia (HI),PM25,DKI1,Bundaran HI,2024,6,6,23,3
82.0,202406,7,2024-06-07,0I834,6.0,58.0,82.0,16.0,,24.0,41.0,SEDANG,DKI1  Bundaran Hotel Indonesia (HI),PM25,DKI1,Bundaran HI,2024,6,7,23,4
88.0,202406,8,2024-06-08,0I834,6.0,62.0,88.0,16.0,25.0,22.0,40.0,SEDANG,DKI1  Bundaran Hotel Indonesia (HI),PM25,DKI1,Bundaran HI,2024,6,8,23,5
87.0,202406,9,2024-06-09,0I834,6.0,63.0,87.0,18.0,23.0,27.0,32.0,SEDANG,DKI1  Bundaran Hotel Indonesia (HI),PM25,DKI1,Bundaran HI,2024,6,9,23,6
99.0,202406,10,2024-06-10,0I834,6.0,69.0,99.0,14.0,,19.0,50.0,SEDANG,DKI1  Bundaran Hotel Indonesia (HI),PM25,DKI1,Bundaran HI,2024,6,10,24,0
79.0,202406,11,2024-06-11,0I834,6.0,60.0,79.0,18.0,26.0,31.0,37.0,SEDANG,DKI1  Bundaran Hotel Indonesia (HI),PM25,DKI1,Bundaran HI,2024,6,11,24,1
76.0,202406,12,2024-06-12,0I834,6.0,58.0,76.0,12.0,,26.0,51.0,SEDANG,DKI1  Bundaran Hotel Indonesia (HI),PM25,DKI1,Bundaran HI,2024,6,12,24,2
61.0,202406,13,2024-06-13,0I834,6.0,49.0,61.0,16.0,30.0,21.0,36.0,SEDANG,DKI1  Bundaran Hotel Indonesia (HI),PM25,DKI1,Bundaran HI,2024,6,13,24,3
66.0,202406,14,2024-06-14,0I834,6.0,52.0,66.0,18.0,25.0,23.0,33.0,SEDANG,DKI1  Bundaran Hotel Indonesia (HI),PM25,DKI1,Bundaran HI,2024,6,14,24,4
69.0,202406,15,2024-06-15,0I834,6.0,50.0,69.0,14.0,28.0,33.0,38.0,SEDANG,DKI1  Bundaran Hotel Indonesia (HI),PM25,DKI1,Bundaran HI,2024,6,15,24,5
73.0,202406,16,2024-06-16,0I834,6.0,54.0,73.0,9.0,26.0,41.0,42.0,SEDANG,DKI1  Bundaran Hotel Indonesia (HI),PM25,DKI1,Bundaran HI,2024,6,16,24,6
72.0,202406,17,2024-06-17,0I834,6.0,53.0,72.0,11.0,27.0,32.0,32.0,SEDANG,DKI1  Bundaran Hotel Indonesia (HI),PM25,DKI1,Bundaran HI,2024,6,17,25,0
98.0,202406,18,2024-06-18,0I834,6.0,63.0,98.0,13.0,24.0,33.0,30.0,SEDANG,DKI1  Bundaran Hotel Indonesia (HI),PM25,DKI1,Bundaran HI,2024,6,18,25,1
93.0,202406,19,2024-06-19,0I834,6.0,67.0,93.0,15.0,30.0,27.0,46.0,SEDANG,DKI1  Bundaran Hotel Indonesia (HI),PM25,DKI1,Bundaran HI,2024,6,19,25,2
87.0,202406,20,2024-06-20,0I834,6.0,62.0,87.0,16.0,25.0,24.0,37.0,SEDANG,DKI1  Bundaran Hotel Indonesia (HI),PM25,DKI1,Bundaran HI,2024,6,20,25,3
89.0,202406,21,2024-06-21,0I834,6.0,62.0,89.0,16.0,26.0,26.0,43.0,SEDANG,DKI1  Bundaran Hotel Indonesia (HI),PM25,DKI1,Bundaran HI,2024,6,21,25,4
90.0,202406,22,2024-06-22,0I834,6.0,63.0,90.0,15.0,25.0,30.0,41.0,SEDANG,DKI1  Bundaran Hotel Indonesia (HI),PM25,DKI1,Bundaran HI,2024,6,22,25,5
89.0,202406,23,2024-06-23,0I834,6.0,63.0,89.0,17.0,25.0,27.0,35.0,SEDANG,DKI1  Bundaran Hotel Indonesia (HI),PM25,DKI1,Bundaran HI,2024,6,23,25,6
85.0,202406,24,2024-06-24,0I834,6.0,57.0,85.0,15.0,26.0,20.0,40.0,SEDANG,DKI1  Bundaran Hotel Indonesia (HI),PM25,DKI1,Bundaran HI,2024,6,24,26,0
76.0,202406,25,2024-06-25,0I834,6.0,58.0,76.0,20.0,26.0,20.0,34.0,SEDANG,DKI1  Bundaran Hotel Indonesia (HI),PM25,DKI1,Bundaran HI,2024,6,25,26,1
65.0,202406,26,2024-06-26,0I834,6.0,51.0,65.0,13.0,30.0,23.0,29.0,SEDANG,DKI1  Bundaran Hotel Indonesia (HI),PM25,DKI1,Bundaran HI,2024,6,26,26,2
74.0,202406,27,2024-06-27,0I834,6.0,56.0,74.0,14.0,25.0,23.0,32.0,SEDANG,DKI1  Bundaran Hotel Indonesia (HI),PM25,DKI1,Bundaran HI,2024,6,27,26,3
67.0,202406,28,2024-06-28,0I834,6.0,53.0,67.0,12.0,27.0,24.0,33.0,SEDANG,DKI1  Bundaran Hotel Indonesia (HI),PM25,DKI1,Bundaran HI,2024,6,28,26,4
74.0,202406,29,2024-06-29,0I834,6.0,52.0,74.0,11.0,,22.0,34.0,SEDANG,DKI1  Bundaran Hotel Indonesia (HI),PM25,DKI1,Bundaran HI,2024,6,29,26,5
58.0,202406,30,2024-06-30,0I834,6.0,41.0,58.0,10.0,24.0,23.0,33.0,SEDANG,DKI1  Bundaran Hotel Indonesia (HI),PM25,DKI1,Bundaran HI,2024,6,30,26,6
106.0,202406,1,2024-06-01,0I834,6.0,74.0,106.0,56.0,13.0,23.0,18.0,TIDAK SEHAT,DKI2 Kelapa Gading,PM25,DKI2,Kelapa Gading,2024,6,1,22,5
98.0,202406,2,2024-06-02,0I834,6.0,70.0,98.0,57.0,18.0,20.0,26.0,SEDANG,DKI2 Kelapa Gading,PM25,DKI2,Kelapa Gading,2024,6,2,22,6
61.0,202406,3,2024-06-03,0I834,6.0,48.0,61.0,55.0,10.0,18.0,17.0,SEDANG,DKI2 Kelapa Gading,PM25,DKI2,Kelapa Gading,2024,6,3,23,0
80.0,202406,4,2024-06-04,0I834,6.0,57.0,80.0,56.0,14.0,17.0,26.0,SEDANG,DKI2 Kelapa Gading,PM25,DKI2,Kelapa Gading,2024,6,4,23,1
97.0,202406,5,2024-06-05,0I834,6.0,70.0,97.0,56.0,15.0,21.0,28.0,SEDANG,DKI2 Kelapa Gading,PM25,DKI2,Kelapa Gading,2024,6,5,23,2
87.0,202406,6,2024-06-06,0I834,6.0,62.0,87.0,56.0,12.0,21.0,18.0,SEDANG,DKI2 Kelapa Gading,PM25,DKI2,Kelapa Gading,2024,6,6,23,3
88.0,202406,7,2024-06-07,0I834,6.0,65.0,88.0,57.0,10.0,24.0,14.0,SEDANG,DKI2 Kelapa Gading,PM25,DKI2,Kelapa Gading,2024,6,7,23,4
94.0,202406,8,2024-06-08,0I834,6.0,68.0,94.0,56.0,12.0,22.0,21.0,SEDANG,DKI2 Kelapa Gading,PM25,DKI2,Kelapa Gading,2024,6,8,23,5
82.0,202406,9,2024-06-09,0I834,6.0,61.0,82.0,56.0,9.0,26.0,7.0,SEDANG,DKI2 Kelapa Gading,PM25,DKI2,Kelapa Gading,2024,6,9,23,6
96.0,202406,10,2024-06-10,0I834,6.0,66.0,96.0,57.0,17.0,18.0,30.0,SEDANG,DKI2 Kelapa Gading,PM25,DKI2,Kelapa Gading,2024,6,10,24,0
99.0,202406,11,2024-06-11,0I834,6.0,58.0,99.0,60.0,11.0,19.0,21.0,SEDANG,DKI2 Kelapa Gading,PM25,DKI2,Kelapa Gading,2024,6,11,24,1
86.0,202406,12,2024-06-12,0I834,6.0,58.0,86.0,57.0,21.0,14.0,46.0,SEDANG,DKI2 Kelapa Gading,PM25,DKI2,Kelapa Gading,2024,6,12,24,2
69.0,202406,13,2024-06-13,0I834,6.0,57.0,69.0,56.0,14.0,16.0,38.0,SEDANG,DKI2 Kelapa Gading,PM25,DKI2,Kelapa Gading,2024,6,13,24,3
77.0,202406,14,2024-06-14,0I834,6.0,60.0,77.0,57.0,9.0,18.0,26.0,SEDANG,DKI2 Kelapa Gading,PM25,DKI2,Kelapa Gading,2024,6,14,24,4
77.0,202406,15,2024-06-15,0I834,6.0,55.0,77.0,56.0,10.0,23.0,25.0,SEDANG,DKI2 Kelapa Gading,PM25,DKI2,Kelapa Gading,2024,6,15,24,5
68.0,202406,16,2024-06-16,0I834,6.0,54.0,68.0,55.0,12.0,28.0,26.0,SEDANG,DKI2 Kelapa Gading,PM25,DKI2,Kelapa Gading,2024,6,16,24,6
77.0,202406,17,2024-06-17,0I834,6.0,56.0,77.0,55.0,11.0,22.0,23.0,SEDANG,DKI2 Kelapa Gading,PM25,DKI2,Kelapa Gading,2024,6,17,25,0
110.0,202406,18,2024-06-18,0I834,6.0,57.0,110.0,58.0,12.0,22.0,18.0,TIDAK SEHAT,DKI2 Kelapa Gading,PM25,DKI2,Kelapa Gading,2024,6,18,25,1
107.0,202406,19,2024-06-19,0I834,6.0,74.0,107.0,57.0,19.0,16.0,36.0,TIDAK SEHAT,DKI2 Kelapa Gading,PM25,DKI2,Kelapa Gading,2024,6,19,25,2
94.0,202406,20,2024-06-20,0I834,6.0,67.0,94.0,57.0,11.0,22.0,17.0,SEDANG,DKI2 Kelapa Gading,PM25,DKI2,Kelapa Gading,2024,6,20,25,3
106.0,202406,21,2024-06-21,0I834,6.0,75.0,106.0,58.0,14.0,25.0,29.0,TIDAK SEHAT,DKI2 Kelapa Gading,PM25,DKI2,Kelapa Gading,2024,6,21,25,4
103.0,202406,22,2024-06-22,0I834,6.0,76.0,103.0,57.0,12.0,26.0,20.0,TIDAK SEHAT,DKI2 Kelapa Gading,PM25,DKI2,Kelapa Gading,2024,6,22,25,5
104.0,202406,23,2024-06-23,0I834,6.0,83.0,104.0,59.0,13.0,20.0,23.0,TIDAK SEHAT,DKI2 Kelapa Gading,PM25,DKI2,Kelapa Gading,2024,6,23,25,6
99.0,202406,24,2024-06-24,0I834,6.0,67.0,99.0,57.0,15.0,20.0,24.0,SEDANG,DKI2 Kelapa Gading,PM25,DKI2,Kelapa Gading,2024,6,24,26,0
84.0,202406,25,2024-06-25,0I834,6.0,67.0,84.0,57.0,11.0,16.0,20.0,SEDANG,DKI2 Kelapa Gading,PM25,DKI2,Kelapa Gading,2024,6,25,26,1
76.0,202406,26,2024-06-26,0I834,6.0,63.0,76.0,57.0,17.0,12.0,52.0,SEDANG,DKI2 Kelapa Gading,PM25,DKI2,Kelapa Gading,2024,6,26,26,2
96.0,202406,27,2024-06-27,0I834,6.0,74.0,96.0,57.0,10.0,16.0,23.0,SEDANG,DKI2 Kelapa Gading,PM25,DKI2,Kelapa Gading,2024,6,27,26,3
75.0,202406,28,2024-06-28,0I834,6.0,59.0,75.0,57.0,10.0,14.0,21.0,SEDANG,DKI2 Kelapa Gading,PM25,DKI2,Kelapa Gading,2024,6,28,26,4
82.0,202406,29,2024-06-29,0I834,6.0,60.0,82.0,59.0,16.0,12.0,42.0,SEDANG,DKI2 Kelapa Gading,PM25,DKI2,Kelapa Gading,2024,6,29,26,5
68.0,202406,30,2024-06-30,0I834,6.0,55.0,68.0,58.0,17.0,14.0,42.0,SEDANG,DKI2 Kelapa Gading,PM25,DKI2,Kelapa Gading,2024,6,30,26,6
84.0,202406,1,2024-06-01,0I834,6.0,73.0,84.0,55.0,17.0,15.0,36.0,SEDANG,DKI3 Jagakarsa,PM25,DKI3,Jagakarsa,2024,6,1,22,5
61.0,202406,2,2024-06-02,0I834,6.0,59.0,61.0,55.0,16.0,15.0,39.0,SEDANG,DKI3 Jagakarsa,PM25,DKI3,Jagakarsa,2024,6,2,22,6
57.0,202406,3,2024-06-03,0I834,6.0,54.0,57.0,55.0,12.0,12.0,32.0,SEDANG,DKI3 Jagakarsa,PM25,DKI3,Jagakarsa,2024,6,3,23,0
64.0,202406,4,2024-06-04,0I834,6.0,56.0,64.0,55.0,15.0,12.0,39.0,SEDANG,DKI3 Jagakarsa,PM25,DKI3,Jagakarsa,2024,6,4,23,1
78.0,202406,5,2024-06-05,0I834,6.0,68.0,78.0,55.0,17.0,14.0,41.0,SEDANG,DKI3 Jagakarsa,PM25,DKI3,Jagakarsa,2024,6,5,23,2
58.0,202406,6,2024-06-06,0I834,6.0,51.0,58.0,56.0,10.0,17.0,34.0,SEDANG,DKI3 Jagakarsa,PM25,DKI3,Jagakarsa,2024,6,6,23,3
75.0,202406,7,2024-06-07,0I834,6.0,66.0,75.0,56.0,12.0,19.0,34.0,SEDANG,DKI3 Jagakarsa,PM25,DKI3,Jagakarsa,2024,6,7,23,4
78.0,202406,8,2024-06-08,0I834,6.0,67.0,78.0,56.0,16.0,16.0,38.0,SEDANG,DKI3 Jagakarsa,PM25,DKI3,Jagakarsa,2024,6,8,23,5
76.0,202406,9,2024-06-09,0I834,6.0,71.0,76.0,56.0,13.0,15.0,28.0,SEDANG,DKI3 Jagakarsa,PM25,DKI3,Jagakarsa,2024,6,9,23,6
71.0,202406,10,2024-06-10,0I834,6.0,65.0,71.0,55.0,17.0,13.0,45.0,SEDANG,DKI3 Jagakarsa,PM25,DKI3,Jagakarsa,2024,6,10,24,0
59.0,202406,11,2024-06-11,0I834,6.0,59.0,59.0,55.0,15.0,14.0,36.0,SEDANG,DKI3 Jagakarsa,SO2,DKI3,Jagakarsa,2024,6,11,24,1
57.0,202406,12,2024-06-12,0I834,6.0,53.0,57.0,56.0,16.0,12.0,52.0,SEDANG,DKI3 Jagakarsa,PM25,DKI3,Jagakarsa,2024,6,12,24,2
70.0,202406,13,2024-06-13,0I834,6.0,38.0,70.0,56.0,12.0,7.0,53.0,SEDANG,DKI3 Jagakarsa,PM25,DKI3,Jagakarsa,2024,6,13,24,3
91.0,202406,14,2024-06-14,0I834,6.0,53.0,80.0,57.0,15.0,10.0,,SEDANG,DKI3 Jagakarsa,PM25,DKI3,Jagakarsa,2024,6,14,24,4
68.0,202406,15,2024-06-15,0I834,6.0,44.0,68.0,57.0,11.0,10.0,36.0,SEDANG,DKI3 Jagakarsa,SO2,DKI3,Jagakarsa,2024,6,15,24,5
67.0,202406,16,2024-06-16,0I834,6.0,38.0,67.0,56.0,12.0,14.0,35.0,SEDANG,DKI3 Jagakarsa,PM25,DKI3,Jagakarsa,2024,6,16,24,6
81.0,202406,17,2024-06-17,0I834,6.0,53.0,81.0,57.0,10.0,15.0,34.0,SEDANG,DKI3 Jagakarsa,PM25,DKI3,Jagakarsa,2024,6,17,25,0
141.0,202406,18,2024-06-18,0I834,6.0,92.0,,56.0,26.0,11.0,,TIDAK SEHAT,DKI3 Jagakarsa,PM25,DKI3,Jagakarsa,2024,6,18,25,1
106.0,202406,19,2024-06-19,0I834,6.0,68.0,106.0,56.0,15.0,11.0,51.0,TIDAK SEHAT,DKI3 Jagakarsa,PM25,DKI3,Jagakarsa,2024,6,19,25,2
88.0,202406,20,2024-06-20,0I834,6.0,54.0,88.0,57.0,8.0,17.0,31.0,SEDANG,DKI3 Jagakarsa,PM25,DKI3,Jagakarsa,2024,6,20,25,3
105.0,202406,21,2024-06-21,0I834,6.0,64.0,105.0,58.0,12.0,18.0,37.0,TIDAK SEHAT,DKI3 Jagakarsa,PM25,DKI3,Jagakarsa,2024,6,21,25,4
101.0,202406,22,2024-06-22,0I834,6.0,62.0,101.0,57.0,12.0,16.0,38.0,TIDAK SEHAT,DKI3 Jagakarsa,PM25,DKI3,Jagakarsa,2024,6,22,25,5
92.0,202406,23,2024-06-23,0I834,6.0,58.0,92.0,58.0,10.0,14.0,35.0,SEDANG,DKI3 Jagakarsa,PM25,DKI3,Jagakarsa,2024,6,23,25,6
101.0,202406,24,2024-06-24,0I834,6.0,,101.0,58.0,12.0,14.0,37.0,TIDAK SEHAT,DKI3 Jagakarsa,PM25,DKI3,Jagakarsa,2024,6,24,26,0
98.0,202406,25,2024-06-25,0I834,6.0,62.0,98.0,57.0,12.0,13.0,43.0,SEDANG,DKI3 Jagakarsa,PM25,DKI3,Jagakarsa,2024,6,25,26,1
76.0,202406,26,2024-06-26,0I834,6.0,50.0,71.0,57.0,13.0,8.0,,SEDANG,DKI3 Jagakarsa,PM25,DKI3,Jagakarsa,2024,6,26,26,2
75.0,202406,27,2024-06-27,0I834,6.0,52.0,75.0,57.0,9.0,11.0,40.0,SEDANG,DKI3 Jagakarsa,PM25,DKI3,Jagakarsa,2024,6,27,26,3
69.0,202406,28,2024-06-28,0I834,6.0,50.0,69.0,57.0,18.0,7.0,,SEDANG,DKI3 Jagakarsa,PM25,DKI3,Jagakarsa,2024,6,28,26,4
83.0,202406,29,2024-06-29,0I834,6.0,60.0,,59.0,18.0,7.0,,SEDANG,DKI3 Jagakarsa,PM10,DKI3,Jagakarsa,2024,6,29,26,5
57.0,202406,30,2024-06-30,0I834,6.0,27.0,,57.0,9.0,10.0,47.0,SEDANG,DKI3 Jagakarsa,PM10,DKI3,Jagakarsa,2024,6,30,26,6
120.0,202406,1,2024-06-01,0I834,6.0,,120.0,31.0,13.0,19.0,8.0,TIDAK SEHAT,DKI4 Lubang Buaya,PM25,DKI4,Lubang Buaya,2024,6,1,22,5
91.0,202406,2,2024-06-02,0I834,6.0,73.0,91.0,31.0,12.0,14.0,12.0,SEDANG,DKI4 Lubang Buaya,PM25,DKI4,Lubang Buaya,2024,6,2,22,6
71.0,202406,3,2024-06-03,0I834,6.0,60.0,71.0,31.0,12.0,12.0,9.0,SEDANG,DKI4 Lubang Buaya,PM25,DKI4,Lubang Buaya,2024,6,3,23,0
106.0,202406,4,2024-06-04,0I834,6.0,87.0,106.0,31.0,13.0,12.0,8.0,TIDAK SEHAT,DKI4 Lubang Buaya,PM25,DKI4,Lubang Buaya,2024,6,4,23,1
93.0,202406,5,2024-06-05,0I834,6.0,74.0,93.0,31.0,14.0,17.0,10.0,SEDANG,DKI4 Lubang Buaya,PM25,DKI4,Lubang Buaya,2024,6,5,23,2
85.0,202406,6,2024-06-06,0I834,6.0,70.0,85.0,32.0,12.0,16.0,12.0,SEDANG,DKI4 Lubang Buaya,PM25,DKI4,Lubang Buaya,2024,6,6,23,3
97.0,202406,7,2024-06-07,0I834,6.0,79.0,97.0,31.0,13.0,18.0,8.0,SEDANG,DKI4 Lubang Buaya,PM25,DKI4,Lubang Buaya,2024,6,7,23,4
96.0,202406,8,2024-06-08,0I834,6.0,78.0,96.0,32.0,12.0,16.0,14.0,SEDANG,DKI4 Lubang Buaya,PM25,DKI4,Lubang Buaya,2024,6,8,23,5
92.0,202406,9,2024-06-09,0I834,6.0,78.0,92.0,32.0,11.0,16.0,7.0,SEDANG,DKI4 Lubang Buaya,PM25,DKI4,Lubang Buaya,2024,6,9,23,6
100.0,202406,10,2024-06-10,0I834,6.0,84.0,100.0,32.0,12.0,12.0,10.0,SEDANG,DKI4 Lubang Buaya,PM25,DKI4,Lubang Buaya,2024,6,10,24,0
88.0,202406,11,2024-06-11,0I834,6.0,74.0,88.0,31.0,11.0,14.0,7.0,SEDANG,DKI4 Lubang Buaya,PM25,DKI4,Lubang Buaya,2024,6,11,24,1
70.0,202406,12,2024-06-12,0I834,6.0,63.0,70.0,31.0,12.0,7.0,9.0,SEDANG,DKI4 Lubang Buaya,PM25,DKI4,Lubang Buaya,2024,6,12,24,2
72.0,202406,13,2024-06-13,0I834,6.0,61.0,72.0,31.0,12.0,4.0,6.0,SEDANG,DKI4 Lubang Buaya,PM25,DKI4,Lubang Buaya,2024,6,13,24,3
74.0,202406,14,2024-06-14,0I834,6.0,,74.0,32.0,11.0,8.0,6.0,SEDANG,DKI4 Lubang Buaya,PM25,DKI4,Lubang Buaya,2024,6,14,24,4
73.0,202406,15,2024-06-15,0I834,6.0,,73.0,33.0,,15.0,8.0,SEDANG,DKI4 Lubang Buaya,PM25,DKI4,Lubang Buaya,2024,6,15,24,5
63.0,202406,16,2024-06-16,0I834,6.0,56.0,63.0,40.0,25.0,11.0,16.0,SEDANG,DKI4 Lubang Buaya,PM25,DKI4,Lubang Buaya,2024,6,16,24,6
76.0,202406,17,2024-06-17,0I834,6.0,57.0,76.0,39.0,23.0,15.0,10.0,SEDANG,DKI4 Lubang Buaya,PM25,DKI4,Lubang Buaya,2024,6,17,25,0
113.0,202406,18,2024-06-18,0I834,6.0,87.0,113.0,40.0,31.0,15.0,12.0,TIDAK SEHAT,DKI4 Lubang Buaya,PM25,DKI4,Lubang Buaya,2024,6,18,25,1
97.0,202406,19,2024-06-19,0I834,6.0,77.0,97.0,40.0,28.0,13.0,16.0,SEDANG,DKI4 Lubang Buaya,PM25,DKI4,Lubang Buaya,2024,6,19,25,2
92.0,202406,20,2024-06-20,0I834,6.0,76.0,92.0,41.0,21.0,15.0,16.0,SEDANG,DKI4 Lubang Buaya,PM25,DKI4,Lubang Buaya,2024,6,20,25,3
100.0,202406,21,2024-06-21,0I834,6.0,78.0,100.0,41.0,24.0,19.0,22.0,SEDANG,DKI4 Lubang Buaya,PM25,DKI4,Lubang Buaya,2024,6,21,25,4
103.0,202406,22,2024-06-22,0I834,6.0,74.0,103.0,40.0,23.0,17.0,18.0,TIDAK SEHAT,DKI4 Lubang Buaya,PM25,DKI4,Lubang Buaya,2024,6,22,25,5
91.0,202406,23,2024-06-23,0I834,6.0,75.0,91.0,41.0,22.0,14.0,20.0,SEDANG,DKI4 Lubang Buaya,PM25,DKI4,Lubang Buaya,2024,6,23,25,6
90.0,202406,24,2024-06-24,0I834,6.0,69.0,90.0,41.0,25.0,16.0,22.0,SEDANG,DKI4 Lubang Buaya,PM25,DKI4,Lubang Buaya,2024,6,24,26,0
85.0,202406,25,2024-06-25,0I834,6.0,68.0,85.0,40.0,21.0,10.0,17.0,SEDANG,DKI4 Lubang Buaya,PM25,DKI4,Lubang Buaya,2024,6,25,26,1
80.0,202406,26,2024-06-26,0I834,6.0,71.0,80.0,41.0,27.0,8.0,16.0,SEDANG,DKI4 Lubang Buaya,PM25,DKI4,Lubang Buaya,2024,6,26,26,2
86.0,202406,27,2024-06-27,0I834,6.0,73.0,86.0,41.0,20.0,19.0,13.0,SEDANG,DKI4 Lubang Buaya,PM25,DKI4,Lubang Buaya,2024,6,27,26,3
74.0,202406,28,2024-06-28,0I834,6.0,63.0,74.0,40.0,26.0,17.0,9.0,SEDANG,DKI4 Lubang Buaya,PM25,DKI4,Lubang Buaya,2024,6,28,26,4
76.0,202406,29,2024-06-29,0I834,6.0,63.0,76.0,40.0,,15.0,9.0,SEDANG,DKI4 Lubang Buaya,PM25,DKI4,Lubang Buaya,2024,6,29,26,5
56.0,202406,30,2024-06-30,0I834,6.0,51.0,56.0,40.0,24.0,11.0,14.0,SEDANG,DKI4 Lubang Buaya,PM25,DKI4,Lubang Buaya,2024,6,30,26,6
124.0,202406,1,2024-06-01,0I834,6.0,70.0,124.0,28.0,25.0,,26.0,TIDAK SEHAT,DKI5 Kebon Jeruk,PM25,DKI5,Kebon Jeruk,2024,6,1,22,5
112.0,202406,2,2024-06-02,0I834,6.0,66.0,112.0,27.0,24.0,,21.0,TIDAK SEHAT,DKI5 Kebon Jeruk,PM25,DKI5,Kebon Jeruk,2024,6,2,22,6
76.0,202406,3,2024-06-03,0I834,6.0,43.0,66.0,24.0,18.0,,16.0,SEDANG,DKI5 Kebon Jeruk,O3,DKI5,Kebon Jeruk,2024,6,3,23,0
100.0,202406,4,2024-06-04,0I834,6.0,58.0,100.0,24.0,28.0,,25.0,SEDANG,DKI5 Kebon Jeruk,PM25,DKI5,Kebon Jeruk,2024,6,4,23,1
128.0,202406,5,2024-06-05,0I834,6.0,74.0,128.0,25.0,31.0,,31.0,TIDAK SEHAT,DKI5 Kebon Jeruk,PM25,DKI5,Kebon Jeruk,2024,6,5,23,2
84.0,202406,6,2024-06-06,0I834,6.0,52.0,84.0,29.0,18.0,50.0,18.0,SEDANG,DKI5 Kebon Jeruk,PM25,DKI5,Kebon Jeruk,2024,6,6,23,3
103.0,202406,7,2024-06-07,0I834,6.0,60.0,103.0,27.0,21.0,,22.0,TIDAK SEHAT,DKI5 Kebon Jeruk,PM25,DKI5,Kebon Jeruk,2024,6,7,23,4
109.0,202406,8,2024-06-08,0I834,6.0,63.0,109.0,30.0,24.0,58.0,22.0,TIDAK SEHAT,DKI5 Kebon Jeruk,PM25,DKI5,Kebon Jeruk,2024,6,8,23,5
99.0,202406,9,2024-06-09,0I834,6.0,60.0,99.0,28.0,20.0,,19.0,SEDANG,DKI5 Kebon Jeruk,PM25,DKI5,Kebon Jeruk,2024,6,9,23,6
104.0,202406,10,2024-06-10,0I834,6.0,60.0,104.0,28.0,27.0,,25.0,TIDAK SEHAT,DKI5 Kebon Jeruk,PM25,DKI5,Kebon Jeruk,2024,6,10,24,0
88.0,202406,11,2024-06-11,0I834,6.0,53.0,88.0,27.0,20.0,,18.0,SEDANG,DKI5 Kebon Jeruk,PM25,DKI5,Kebon Jeruk,2024,6,11,24,1
92.0,202406,12,2024-06-12,0I834,6.0,56.0,92.0,26.0,27.0,,27.0,SEDANG,DKI5 Kebon Jeruk,PM25,DKI5,Kebon Jeruk,2024,6,12,24,2
70.0,202406,13,2024-06-13,0I834,6.0,44.0,70.0,29.0,21.0,45.0,19.0,SEDANG,DKI5 Kebon Jeruk,PM25,DKI5,Kebon Jeruk,2024,6,13,24,3
69.0,202406,14,2024-06-14,0I834,6.0,39.0,69.0,33.0,19.0,53.0,18.0,SEDANG,DKI5 Kebon Jeruk,PM25,DKI5,Kebon Jeruk,2024,6,14,24,4
77.0,202406,15,2024-06-15,0I834,6.0,46.0,77.0,29.0,23.0,46.0,22.0,SEDANG,DKI5 Kebon Jeruk,PM25,DKI5,Kebon Jeruk,2024,6,15,24,5
74.0,202406,16,2024-06-16,0I834,6.0,44.0,74.0,28.0,23.0,,23.0,SEDANG,DKI5 Kebon Jeruk,PM25,DKI5,Kebon Jeruk,2024,6,16,24,6
77.0,202406,17,2024-06-17,0I834,6.0,47.0,77.0,28.0,20.0,53.0,14.0,SEDANG,DKI5 Kebon Jeruk,PM25,DKI5,Kebon Jeruk,2024,6,17,25,0
124.0,202406,18,2024-06-18,0I834,6.0,67.0,124.0,29.0,25.0,52.0,14.0,TIDAK SEHAT,DKI5 Kebon Jeruk,PM25,DKI5,Kebon Jeruk,2024,6,18,25,1
112.0,202406,19,2024-06-19,0I834,6.0,67.0,112.0,30.0,29.0,48.0,22.0,TIDAK SEHAT,DKI5 Kebon Jeruk,PM25,DKI5,Kebon Jeruk,2024,6,19,25,2
88.0,202406,20,2024-06-20,0I834,6.0,54.0,88.0,32.0,19.0,48.0,18.0,SEDANG,DKI5 Kebon Jeruk,PM25,DKI5,Kebon Jeruk,2024,6,20,25,3
110.0,202406,21,2024-06-21,0I834,6.0,64.0,110.0,34.0,23.0,38.0,24.0,TIDAK SEHAT,DKI5 Kebon Jeruk,PM25,DKI5,Kebon Jeruk,2024,6,21,25,4
105.0,202406,22,2024-06-22,0I834,6.0,63.0,105.0,32.0,22.0,51.0,19.0,TIDAK SEHAT,DKI5 Kebon Jeruk,PM25,DKI5,Kebon Jeruk,2024,6,22,25,5
97.0,202406,23,2024-06-23,0I834,6.0,61.0,97.0,34.0,21.0,35.0,16.0,SEDANG,DKI5 Kebon Jeruk,PM25,DKI5,Kebon Jeruk,2024,6,23,25,6
103.0,202406,24,2024-06-24,0I834,6.0,60.0,103.0,33.0,22.0,39.0,20.0,TIDAK SEHAT,DKI5 Kebon Jeruk,PM25,DKI5,Kebon Jeruk,2024,6,24,26,0
91.0,202406,25,2024-06-25,0I834,6.0,58.0,91.0,35.0,21.0,39.0,18.0,SEDANG,DKI5 Kebon Jeruk,PM25,DKI5,Kebon Jeruk,2024,6,25,26,1
84.0,202406,26,2024-06-26,0I834,6.0,55.0,84.0,31.0,29.0,29.0,13.0,SEDANG,DKI5 Kebon Jeruk,PM25,DKI5,Kebon Jeruk,2024,6,26,26,2
74.0,202406,27,2024-06-27,0I834,6.0,47.0,74.0,34.0,18.0,41.0,16.0,SEDANG,DKI5 Kebon Jeruk,PM25,DKI5,Kebon Jeruk,2024,6,27,26,3
70.0,202406,28,2024-06-28,0I834,6.0,46.0,70.0,35.0,24.0,45.0,19.0,SEDANG,DKI5 Kebon Jeruk,PM25,DKI5,Kebon Jeruk,2024,6,28,26,4
87.0,202406,29,2024-06-29,0I834,6.0,55.0,87.0,30.0,30.0,46.0,14.0,SEDANG,DKI5 Kebon Jeruk,PM25,DKI5,Kebon Jeruk,2024,6,29,26,5
66.0,202406,30,2024-06-30,0I834,6.0,38.0,66.0,31.0,22.0,35.0,16.0,SEDANG,DKI5 Kebon Jeruk,PM25,DKI5,Kebon Jeruk,2024,6,30,26,6
98.0,202407,12,2024-07-12,0I834,7.0,70.0,98.0,57.0,12.0,29.0,31.0,SEDANG,DKI2 Kelapa Gading,PM25,DKI2,Kelapa Gading,2024,7,12,28,4
84.0,202407,19,2024-07-19,0I834,7.0,58.0,84.0,15.0,25.0,23.0,38.0,SEDANG,DKI1 Bundaran Hotel Indonesia (HI),PM25,DKI1,Bundaran HI,2024,7,19,29,4
84.0,202407,20,2024-07-20,0I834,7.0,60.0,84.0,17.0,24.0,24.0,38.0,SEDANG,DKI1 Bundaran Hotel Indonesia (HI),PM25,DKI1,Bundaran HI,2024,7,20,29,5
87.0,202407,21,2024-07-21,0I834,7.0,59.0,87.0,13.0,24.0,26.0,35.0,SEDANG,DKI1 Bundaran Hotel Indonesia (HI),PM25,DKI1,Bundaran HI,2024,7,21,29,6
79.0,202407,22,2024-07-22,0I834,7.0,59.0,79.0,12.0,24.0,29.0,38.0,SEDANG,DKI1 Bundaran Hotel Indonesia (HI),PM25,DKI1,Bundaran HI,2024,7,22,30,0
92.0,202407,23,2024-07-23,0I834,7.0,63.0,92.0,16.0,25.0,33.0,41.0,SEDANG,DKI1 Bundaran Hotel Indonesia (HI),PM25,DKI1,Bundaran HI,2024,7,23,30,1
99.0,202407,24,2024-07-24,0I834,7.0,75.0,99.0,23.0,27.0,27.0,44.0,SEDANG,DKI1 Bundaran Hotel Indonesia (HI),PM25,DKI1,Bundaran HI,2024,7,24,30,2
83.0,202407,25,2024-07-25,0I834,7.0,61.0,83.0,16.0,26.0,28.0,43.0,SEDANG,DKI1 Bundaran Hotel Indonesia (HI),PM25,DKI1,Bundaran HI,2024,7,25,30,3
84.0,202407,26,2024-07-26,0I834,7.0,59.0,84.0,15.0,27.0,15.0,42.0,SEDANG,DKI1 Bundaran Hotel Indonesia (HI),PM25,DKI1,Bundaran HI,2024,7,26,30,4
94.0,202407,27,2024-07-27,0I834,7.0,64.0,94.0,17.0,24.0,18.0,37.0,SEDANG,DKI1 Bundaran Hotel Indonesia (HI),PM25,DKI1,Bundaran HI,2024,7,27,30,5
102.0,202407,28,2024-07-28,0I834,7.0,64.0,102.0,16.0,24.0,29.0,33.0,TIDAK SEHAT,DKI1 Bundaran Hotel Indonesia (HI),PM25,DKI1,Bundaran HI,2024,7,28,30,6
90.0,202407,29,2024-07-29,0I834,7.0,63.0,90.0,15.0,23.0,25.0,33.0,SEDANG,DKI1 Bundaran Hotel Indonesia (HI),PM25,DKI1,Bundaran HI,2024,7,29,31,0
96.0,202407,30,2024-07-30,0I834,7.0,63.0,96.0,16.0,26.0,20.0,44.0,SEDANG,DKI1 Bundaran Hotel Indonesia (HI),PM25,DKI1,Bundaran HI,2024,7,30,31,1
105.0,202407,31,2024-07-31,0I834,7.0,69.0,105.0,16.0,27.0,21.0,49.0,TIDAK SEHAT,DKI1 Bundaran Hotel Indonesia (HI),PM25,DKI1,Bundaran HI,2024,7,31,31,2
92.0,202407,1,2024-07-01,0I834,7.0,61.0,92.0,57.0,15.0,22.0,26.0,SEDANG,DKI2 Kelapa Gading,PM25,DKI2,Kelapa Gading,2024,7,1,27,0
74.0,202407,2,2024-07-02,0I834,7.0,59.0,74.0,58.0,12.0,17.0,26.0,SEDANG,DKI2 Kelapa Gading,PM25,DKI2,Kelapa Gading,2024,7,2,27,1
103.0,202407,3,2024-07-03,0I834,7.0,71.0,103.0,57.0,18.0,21.0,48.0,TIDAK SEHAT,DKI2 Kelapa Gading,PM25,DKI2,Kelapa Gading,2024,7,3,27,2
76.0,202407,4,2024-07-04,0I834,7.0,59.0,76.0,56.0,21.0,19.0,54.0,SEDANG,DKI2 Kelapa Gading,PM25,DKI2,Kelapa Gading,2024,7,4,27,3
70.0,202407,5,2024-07-05,0I834,7.0,53.0,70.0,57.0,15.0,13.0,48.0,SEDANG,DKI2 Kelapa Gading,PM25,DKI2,Kelapa Gading,2024,7,5,27,4
57.0,202407,6,2024-07-06,0I834,7.0,33.0,47.0,57.0,10.0,10.0,25.0,SEDANG,DKI2 Kelapa Gading,SO2,DKI2,Kelapa Gading,2024,7,6,27,5
58.0,202407,7,2024-07-07,0I834,7.0,35.0,53.0,58.0,15.0,13.0,44.0,SEDANG,DKI2 Kelapa Gading,SO2,DKI2,Kelapa Gading,2024,7,7,27,6
58.0,202407,8,2024-07-08,0I834,7.0,42.0,56.0,58.0,11.0,15.0,23.0,SEDANG,DKI2 Kelapa Gading,SO2,DKI2,Kelapa Gading,2024,7,8,28,0
65.0,202407,9,2024-07-09,0I834,7.0,39.0,65.0,57.0,12.0,19.0,32.0,SEDANG,DKI2 Kelapa Gading,PM25,DKI2,Kelapa Gading,2024,7,9,28,1
79.0,202407,10,2024-07-10,0I834,7.0,62.0,79.0,57.0,10.0,22.0,25.0,SEDANG,DKI2 Kelapa Gading,PM25,DKI2,Kelapa Gading,2024,7,10,28,2
101.0,202407,11,2024-07-11,0I834,7.0,67.0,101.0,57.0,16.0,24.0,40.0,TIDAK SEHAT,DKI2 Kelapa Gading,PM25,DKI2,Kelapa Gading,2024,7,11,28,3
109.0,202407,13,2024-07-13,0I834,7.0,79.0,109.0,60.0,17.0,24.0,46.0,TIDAK SEHAT,DKI2 Kelapa Gading,PM25,DKI2,Kelapa Gading,2024,7,13,28,5
90.0,202407,14,2024-07-14,0I834,7.0,65.0,90.0,57.0,14.0,28.0,27.0,SEDANG,DKI2 Kelapa Gading,PM25,DKI2,Kelapa Gading,2024,7,14,28,6
96.0,202407,15,2024-07-15,0I834,7.0,66.0,96.0,57.0,15.0,33.0,32.0,SEDANG,DKI2 Kelapa Gading,PM25,DKI2,Kelapa Gading,2024,7,15,29,0
96.0,202407,16,2024-07-16,0I834,7.0,66.0,96.0,57.0,14.0,31.0,31.0,SEDANG,DKI2 Kelapa Gading,PM25,DKI2,Kelapa Gading,2024,7,16,29,1
97.0,202407,17,2024-07-17,0I834,7.0,71.0,97.0,58.0,13.0,26.0,30.0,SEDANG,DKI2 Kelapa Gading,PM25,DKI2,Kelapa Gading,2024,7,17,29,2
95.0,202407,18,2024-07-18,0I834,7.0,71.0,95.0,58.0,11.0,30.0,17.0,SEDANG,DKI2 Kelapa Gading,PM25,DKI2,Kelapa Gading,2024,7,18,29,3
89.0,202407,19,2024-07-19,0I834,7.0,66.0,89.0,58.0,11.0,26.0,20.0,SEDANG,DKI2 Kelapa Gading,PM25,DKI2,Kelapa Gading,2024,7,19,29,4
87.0,202407,20,2024-07-20,0I834,7.0,67.0,87.0,58.0,11.0,27.0,23.0,SEDANG,DKI2 Kelapa Gading,PM25,DKI2,Kelapa Gading,2024,7,20,29,5
89.0,202407,21,2024-07-21,0I834,7.0,63.0,89.0,57.0,11.0,30.0,16.0,SEDANG,DKI2 Kelapa Gading,PM25,DKI2,Kelapa Gading,2024,7,21,29,6
78.0,202407,22,2024-07-22,0I834,7.0,58.0,78.0,57.0,11.0,39.0,15.0,SEDANG,DKI2 Kelapa Gading,PM25,DKI2,Kelapa Gading,2024,7,22,30,0
88.0,202407,23,2024-07-23,0I834,7.0,64.0,88.0,57.0,11.0,38.0,23.0,SEDANG,DKI2 Kelapa Gading,PM25,DKI2,Kelapa Gading,2024,7,23,30,1
115.0,202407,24,2024-07-24,0I834,7.0,80.0,115.0,59.0,12.0,30.0,37.0,TIDAK SEHAT,DKI2 Kelapa Gading,PM25,DKI2,Kelapa Gading,2024,7,24,30,2
92.0,202407,25,2024-07-25,0I834,7.0,70.0,92.0,57.0,11.0,36.0,28.0,SEDANG,DKI2 Kelapa Gading,PM25,DKI2,Kelapa Gading,2024,7,25,30,3
93.0,202407,26,2024-07-26,0I834,7.0,64.0,93.0,58.0,11.0,28.0,25.0,SEDANG,DKI2 Kelapa Gading,PM25,DKI2,Kelapa Gading,2024,7,26,30,4
100.0,202407,27,2024-07-27,0I834,7.0,70.0,100.0,58.0,10.0,28.0,22.0,SEDANG,DKI2 Kelapa Gading,PM25,DKI2,Kelapa Gading,2024,7,27,30,5
104.0,202407,28,2024-07-28,0I834,7.0,72.0,104.0,58.0,10.0,33.0,17.0,TIDAK SEHAT,DKI2 Kelapa Gading,PM25,DKI2,Kelapa Gading,2024,7,28,30,6
93.0,202407,29,2024-07-29,0I834,7.0,67.0,93.0,57.0,9.0,31.0,12.0,SEDANG,DKI2 Kelapa Gading,PM25,DKI2,Kelapa Gading,2024,7,29,31,0
106.0,202407,30,2024-07-30,0I834,7.0,75.0,106.0,58.0,11.0,27.0,27.0,TIDAK SEHAT,DKI2 Kelapa Gading,PM25,DKI2,Kelapa Gading,2024,7,30,31,1
110.0,202407,31,2024-07-31,0I834,7.0,78.0,110.0,58.0,11.0,30.0,26.0,TIDAK SEHAT,DKI2 Kelapa Gading,PM25,DKI2,Kelapa Gading,2024,7,31,31,2
89.0,202407,1,2024-07-01,0I834,7.0,56.0,89.0,57.0,13.0,13.0,41.0,SEDANG,DKI3 Jagakarsa,PM25,DKI3,Jagakarsa,2024,7,1,27,0
67.0,202407,2,2024-07-02,0I834,7.0,35.0,67.0,57.0,10.0,11.0,37.0,SEDANG,DKI3 Jagakarsa,PM25,DKI3,Jagakarsa,2024,7,2,27,1
106.0,202407,3,2024-07-03,0I834,7.0,71.0,106.0,58.0,21.0,12.0,,TIDAK SEHAT,DKI3 Jagakarsa,PM25,DKI3,Jagakarsa,2024,7,3,27,2
71.0,202407,4,2024-07-04,0I834,7.0,46.0,71.0,57.0,15.0,12.0,,SEDANG,DKI3 Jagakarsa,PM25,DKI3,Jagakarsa,2024,7,4,27,3
69.0,202407,5,2024-07-05,0I834,7.0,52.0,69.0,58.0,12.0,9.0,,SEDANG,DKI3 Jagakarsa,PM25,DKI3,Jagakarsa,2024,7,5,27,4
61.0,202407,6,2024-07-06,0I834,7.0,28.0,50.0,57.0,8.0,6.0,,SEDANG,DKI3 Jagakarsa,,DKI3,Jagakarsa,2024,7,6,27,5
85.0,202407,7,2024-07-07,0I834,7.0,22.0,32.0,57.0,11.0,8.0,,SEDANG,DKI3 Jagakarsa,,DKI3,Jagakarsa,2024,7,7,27,6
66.0,202407,8,2024-07-08,0I834,7.0,36.0,60.0,58.0,11.0,11.0,,SEDANG,DKI3 Jagakarsa,,DKI3,Jagakarsa,2024,7,8,28,0
58.0,202407,9,2024-07-09,0I834,7.0,31.0,58.0,57.0,11.0,10.0,45.0,SEDANG,DKI3 Jagakarsa,PM25,DKI3,Jagakarsa,2024,7,9,28,1
77.0,202407,10,2024-07-10,0I834,7.0,51.0,77.0,58.0,7.0,12.0,24.0,SEDANG,DKI3 Jagakarsa,PM25,DKI3,Jagakarsa,2024,7,10,28,2
101.0,202407,11,2024-07-11,0I834,7.0,64.0,101.0,58.0,13.0,11.0,31.0,TIDAK SEHAT,DKI3 Jagakarsa,PM25,DKI3,Jagakarsa,2024,7,11,28,3
98.0,202407,12,2024-07-12,0I834,7.0,61.0,98.0,58.0,12.0,17.0,32.0,SEDANG,DKI3 Jagakarsa,PM25,DKI3,Jagakarsa,2024,7,12,28,4
111.0,202407,13,2024-07-13,0I834,7.0,68.0,111.0,59.0,19.0,17.0,,TIDAK SEHAT,DKI3 Jagakarsa,PM25,DKI3,Jagakarsa,2024,7,13,28,5
92.0,202407,14,2024-07-14,0I834,7.0,61.0,92.0,58.0,12.0,17.0,33.0,SEDANG,DKI3 Jagakarsa,PM25,DKI3,Jagakarsa,2024,7,14,28,6
90.0,202407,15,2024-07-15,0I834,7.0,57.0,90.0,58.0,11.0,17.0,29.0,SEDANG,DKI3 Jagakarsa,PM25,DKI3,Jagakarsa,2024,7,15,29,0
86.0,202407,16,2024-07-16,0I834,7.0,54.0,86.0,58.0,9.0,22.0,27.0,SEDANG,DKI3 Jagakarsa,PM25,DKI3,Jagakarsa,2024,7,16,29,1
93.0,202407,17,2024-07-17,0I834,7.0,59.0,93.0,58.0,11.0,17.0,29.0,SEDANG,DKI3 Jagakarsa,PM25,DKI3,Jagakarsa,2024,7,17,29,2
88.0,202407,18,2024-07-18,0I834,7.0,59.0,88.0,58.0,9.0,18.0,26.0,SEDANG,DKI3 Jagakarsa,PM25,DKI3,Jagakarsa,2024,7,18,29,3
82.0,202407,19,2024-07-19,0I834,7.0,53.0,82.0,58.0,8.0,19.0,24.0,SEDANG,DKI3 Jagakarsa,PM25,DKI3,Jagakarsa,2024,7,19,29,4
89.0,202407,20,2024-07-20,0I834,7.0,58.0,89.0,58.0,9.0,19.0,28.0,SEDANG,DKI3 Jagakarsa,PM25,DKI3,Jagakarsa,2024,7,20,29,5
81.0,202407,21,2024-07-21,0I834,7.0,52.0,81.0,58.0,8.0,20.0,25.0,SEDANG,DKI3 Jagakarsa,PM25,DKI3,Jagakarsa,2024,7,21,29,6
78.0,202407,22,2024-07-22,0I834,7.0,51.0,78.0,58.0,8.0,20.0,25.0,SEDANG,DKI3 Jagakarsa,PM25,DKI3,Jagakarsa,2024,7,22,30,0
83.0,202407,23,2024-07-23,0I834,7.0,55.0,83.0,59.0,8.0,23.0,25.0,SEDANG,DKI3 Jagakarsa,PM25,DKI3,Jagakarsa,2024,7,23,30,1
82.0,202407,24,2024-07-24,0I834,7.0,54.0,82.0,60.0,7.0,22.0,30.0,SEDANG,DKI3 Jagakarsa,PM25,DKI3,Jagakarsa,2024,7,24,30,2
73.0,202407,25,2024-07-25,0I834,7.0,45.0,73.0,58.0,7.0,20.0,34.0,SEDANG,DKI3 Jagakarsa,PM25,DKI3,Jagakarsa,2024,7,25,30,3
76.0,202407,26,2024-07-26,0I834,7.0,52.0,76.0,58.0,8.0,15.0,38.0,SEDANG,DKI3 Jagakarsa,PM25,DKI3,Jagakarsa,2024,7,26,30,4
91.0,202407,27,2024-07-27,0I834,7.0,60.0,91.0,59.0,9.0,19.0,32.0,SEDANG,DKI3 Jagakarsa,PM25,DKI3,Jagakarsa,2024,7,27,30,5
99.0,202407,28,2024-07-28,0I834,7.0,62.0,99.0,59.0,9.0,21.0,32.0,SEDANG,DKI3 Jagakarsa,PM25,DKI3,Jagakarsa,2024,7,28,30,6
59.0,202407,29,2024-07-29,0I834,7.0,54.0,15.0,59.0,8.0,22.0,33.0,SEDANG,DKI3 Jagakarsa,SO2,DKI3,Jagakarsa,2024,7,29,31,0
59.0,202407,30,2024-07-30,0I834,7.0,55.0,16.0,59.0,8.0,21.0,32.0,SEDANG,DKI3 Jagakarsa,SO2,DKI3,Jagakarsa,2024,7,30,31,1
62.0,202407,31,2024-07-31,0I834,7.0,62.0,16.0,28.0,26.0,21.0,28.0,SEDANG,DKI3 Jagakarsa,PM10,DKI3,Jagakarsa,2024,7,31,31,2
98.0,202407,1,2024-07-01,0I834,7.0,73.0,98.0,40.0,30.0,18.0,14.0,SEDANG,DKI4 Lubang Buaya,PM25,DKI4,Lubang Buaya,2024,7,1,27,0
71.0,202407,2,2024-07-02,0I834,7.0,61.0,71.0,40.0,25.0,15.0,15.0,SEDANG,DKI4 Lubang Buaya,PM25,DKI4,Lubang Buaya,2024,7,2,27,1
105.0,202407,3,2024-07-03,0I834,7.0,77.0,105.0,43.0,,17.0,15.0,TIDAK SEHAT,DKI4 Lubang Buaya,PM25,DKI4,Lubang Buaya,2024,7,3,27,2
68.0,202407,4,2024-07-04,0I834,7.0,61.0,68.0,51.0,31.0,17.0,16.0,SEDANG,DKI4 Lubang Buaya,PM25,DKI4,Lubang Buaya,2024,7,4,27,3
65.0,202407,5,2024-07-05,0I834,7.0,64.0,65.0,51.0,24.0,12.0,16.0,SEDANG,DKI4 Lubang Buaya,PM25,DKI4,Lubang Buaya,2024,7,5,27,4
51.0,202407,6,2024-07-06,0I834,7.0,51.0,51.0,51.0,20.0,11.0,12.0,SEDANG,DKI4 Lubang Buaya,PM10,DKI4,Lubang Buaya,2024,7,6,27,5
51.0,202407,7,2024-07-07,0I834,7.0,33.0,46.0,51.0,24.0,11.0,14.0,SEDANG,DKI4 Lubang Buaya,SO2,DKI4,Lubang Buaya,2024,7,7,27,6
63.0,202407,8,2024-07-08,0I834,7.0,52.0,63.0,51.0,22.0,21.0,10.0,SEDANG,DKI4 Lubang Buaya,PM25,DKI4,Lubang Buaya,2024,7,8,28,0
55.0,202407,9,2024-07-09,0I834,7.0,46.0,55.0,51.0,22.0,18.0,13.0,SEDANG,DKI4 Lubang Buaya,PM25,DKI4,Lubang Buaya,2024,7,9,28,1
74.0,202407,10,2024-07-10,0I834,7.0,65.0,74.0,51.0,19.0,20.0,12.0,SEDANG,DKI4 Lubang Buaya,PM25,DKI4,Lubang Buaya,2024,7,10,28,2
107.0,202407,11,2024-07-11,0I834,7.0,75.0,107.0,51.0,28.0,26.0,17.0,TIDAK SEHAT,DKI4 Lubang Buaya,PM25,DKI4,Lubang Buaya,2024,7,11,28,3
94.0,202407,12,2024-07-12,0I834,7.0,79.0,94.0,51.0,26.0,29.0,20.0,SEDANG,DKI4 Lubang Buaya,PM25,DKI4,Lubang Buaya,2024,7,12,28,4
102.0,202407,13,2024-07-13,0I834,7.0,,102.0,51.0,29.0,21.0,23.0,TIDAK SEHAT,DKI4 Lubang Buaya,PM25,DKI4,Lubang Buaya,2024,7,13,28,5
100.0,202407,14,2024-07-14,0I834,7.0,,100.0,51.0,27.0,19.0,22.0,SEDANG,DKI4 Lubang Buaya,PM25,DKI4,Lubang Buaya,2024,7,14,28,6
88.0,202407,15,2024-07-15,0I834,7.0,,88.0,51.0,23.0,22.0,22.0,SEDANG,DKI4 Lubang Buaya,PM25,DKI4,Lubang Buaya,2024,7,15,29,0
81.0,202407,16,2024-07-16,0I834,7.0,74.0,81.0,51.0,23.0,29.0,20.0,SEDANG,DKI4 Lubang Buaya,PM25,DKI4,Lubang Buaya,2024,7,16,29,1
97.0,202407,17,2024-07-17,0I834,7.0,77.0,97.0,51.0,26.0,19.0,22.0,SEDANG,DKI4 Lubang Buaya,PM25,DKI4,Lubang Buaya,2024,7,17,29,2
90.0,202407,18,2024-07-18,0I834,7.0,76.0,90.0,51.0,21.0,24.0,18.0,SEDANG,DKI4 Lubang Buaya,PM25,DKI4,Lubang Buaya,2024,7,18,29,3
81.0,202407,19,2024-07-19,0I834,7.0,73.0,81.0,51.0,19.0,24.0,17.0,SEDANG,DKI4 Lubang Buaya,PM25,DKI4,Lubang Buaya,2024,7,19,29,4
84.0,202407,20,2024-07-20,0I834,7.0,76.0,84.0,51.0,21.0,25.0,16.0,SEDANG,DKI4 Lubang Buaya,PM25,DKI4,Lubang Buaya,2024,7,20,29,5
81.0,202407,21,2024-07-21,0I834,7.0,70.0,81.0,51.0,20.0,27.0,16.0,SEDANG,DKI4 Lubang Buaya,PM25,DKI4,Lubang Buaya,2024,7,21,29,6
80.0,202407,22,2024-07-22,0I834,7.0,69.0,80.0,51.0,21.0,32.0,17.0,SEDANG,DKI4 Lubang Buaya,PM25,DKI4,Lubang Buaya,2024,7,22,30,0
81.0,202407,23,2024-07-23,0I834,7.0,72.0,81.0,52.0,21.0,34.0,19.0,SEDANG,DKI4 Lubang Buaya,PM25,DKI4,Lubang Buaya,2024,7,23,30,1
87.0,202407,24,2024-07-24,0I834,7.0,77.0,87.0,52.0,21.0,26.0,23.0,SEDANG,DKI4 Lubang Buaya,PM25,DKI4,Lubang Buaya,2024,7,24,30,2
74.0,202407,25,2024-07-25,0I834,7.0,66.0,74.0,51.0,20.0,30.0,19.0,SEDANG,DKI4 Lubang Buaya,PM25,DKI4,Lubang Buaya,2024,7,25,30,3
79.0,202407,26,2024-07-26,0I834,7.0,64.0,79.0,52.0,22.0,25.0,17.0,SEDANG,DKI4 Lubang Buaya,PM25,DKI4,Lubang Buaya,2024,7,26,30,4
92.0,202407,27,2024-07-27,0I834,7.0,75.0,92.0,51.0,20.0,27.0,16.0,SEDANG,DKI4 Lubang Buaya,PM25,DKI4,Lubang Buaya,2024,7,27,30,5
90.0,202407,28,2024-07-28,0I834,7.0,75.0,90.0,51.0,21.0,31.0,15.0,SEDANG,DKI4 Lubang Buaya,PM25,DKI4,Lubang Buaya,2024,7,28,30,6
97.0,202407,29,2024-07-29,0I834,7.0,83.0,97.0,52.0,20.0,31.0,17.0,SEDANG,DKI4 Lubang Buaya,PM25,DKI4,Lubang Buaya,2024,7,29,31,0
94.0,202407,30,2024-07-30,0I834,7.0,80.0,94.0,52.0,23.0,28.0,19.0,SEDANG,DKI4 Lubang Buaya,PM25,DKI4,Lubang Buaya,2024,7,30,31,1
113.0,202407,31,2024-07-31,0I834,7.0,,113.0,52.0,28.0,28.0,20.0,TIDAK SEHAT,DKI4 Lubang Buaya,PM25,DKI4,Lubang Buaya,2024,7,31,31,2
94.0,202407,1,2024-07-01,0I834,7.0,,94.0,34.0,21.0,44.0,17.0,SEDANG,DKI5 Kebon Jeruk,PM25,DKI5,Kebon Jeruk,2024,7,1,27,0
74.0,202407,2,2024-07-02,0I834,7.0,48.0,74.0,28.0,19.0,45.0,16.0,SEDANG,DKI5 Kebon Jeruk,PM25,DKI5,Kebon Jeruk,2024,7,2,27,1
121.0,202407,3,2024-07-03,0I834,7.0,,121.0,31.0,,43.0,25.0,TIDAK SEHAT,DKI5 Kebon Jeruk,PM25,DKI5,Kebon Jeruk,2024,7,3,27,2
84.0,202407,4,2024-07-04,0I834,7.0,,84.0,30.0,29.0,,25.0,SEDANG,DKI5 Kebon Jeruk,PM25,DKI5,Kebon Jeruk,2024,7,4,27,3
78.0,202407,5,2024-07-05,0I834,7.0,,78.0,38.0,24.0,23.0,27.0,SEDANG,DKI5 Kebon Jeruk,PM25,DKI5,Kebon Jeruk,2024,7,5,27,4
43.0,202407,6,2024-07-06,0I834,7.0,,43.0,33.0,20.0,17.0,16.0,BAIK,DKI5 Kebon Jeruk,PM25,DKI5,Kebon Jeruk,2024,7,6,27,5
45.0,202407,7,2024-07-07,0I834,7.0,,45.0,32.0,24.0,19.0,13.0,BAIK,DKI5 Kebon Jeruk,PM25,DKI5,Kebon Jeruk,2024,7,7,27,6
60.0,202407,8,2024-07-08,0I834,7.0,,60.0,34.0,22.0,31.0,14.0,SEDANG,DKI5 Kebon Jeruk,PM25,DKI5,Kebon Jeruk,2024,7,8,28,0
66.0,202407,9,2024-07-09,0I834,7.0,,66.0,30.0,22.0,36.0,23.0,SEDANG,DKI5 Kebon Jeruk,PM25,DKI5,Kebon Jeruk,2024,7,9,28,1
77.0,202407,10,2024-07-10,0I834,7.0,,77.0,35.0,18.0,44.0,15.0,SEDANG,DKI5 Kebon Jeruk,PM25,DKI5,Kebon Jeruk,2024,7,10,28,2
117.0,202407,11,2024-07-11,0I834,7.0,66.0,117.0,33.0,27.0,25.0,23.0,TIDAK SEHAT,DKI5 Kebon Jeruk,PM25,DKI5,Kebon Jeruk,2024,7,11,28,3
96.0,202407,12,2024-07-12,0I834,7.0,53.0,96.0,34.0,22.0,36.0,20.0,SEDANG,DKI5 Kebon Jeruk,PM25,DKI5,Kebon Jeruk,2024,7,12,28,4
112.0,202407,13,2024-07-13,0I834,7.0,65.0,112.0,34.0,29.0,25.0,32.0,TIDAK SEHAT,DKI5 Kebon Jeruk,PM25,DKI5,Kebon Jeruk,2024,7,13,28,5
104.0,202407,14,2024-07-14,0I834,7.0,59.0,104.0,33.0,25.0,27.0,23.0,TIDAK SEHAT,DKI5 Kebon Jeruk,PM25,DKI5,Kebon Jeruk,2024,7,14,28,6
89.0,202407,15,2024-07-15,0I834,7.0,52.0,89.0,35.0,22.0,31.0,20.0,SEDANG,DKI5 Kebon Jeruk,PM25,DKI5,Kebon Jeruk,2024,7,15,29,0
99.0,202407,16,2024-07-16,0I834,7.0,53.0,99.0,34.0,24.0,37.0,24.0,SEDANG,DKI5 Kebon Jeruk,PM25,DKI5,Kebon Jeruk,2024,7,16,29,1
99.0,202407,17,2024-07-17,0I834,7.0,57.0,99.0,35.0,25.0,27.0,25.0,SEDANG,DKI5 Kebon Jeruk,PM25,DKI5,Kebon Jeruk,2024,7,17,29,2
89.0,202407,18,2024-07-18,0I834,7.0,52.0,89.0,37.0,20.0,36.0,17.0,SEDANG,DKI5 Kebon Jeruk,PM25,DKI5,Kebon Jeruk,2024,7,18,29,3
93.0,202407,19,2024-07-19,0I834,7.0,47.0,93.0,34.0,20.0,53.0,15.0,SEDANG,DKI5 Kebon Jeruk,PM25,DKI5,Kebon Jeruk,2024,7,19,29,4
91.0,202407,20,2024-07-20,0I834,7.0,51.0,91.0,35.0,19.0,54.0,17.0,SEDANG,DKI5 Kebon Jeruk,PM25,DKI5,Kebon Jeruk,2024,7,20,29,5
88.0,202407,21,2024-07-21,0I834,7.0,45.0,88.0,33.0,18.0,58.0,13.0,SEDANG,DKI5 Kebon Jeruk,PM25,DKI5,Kebon Jeruk,2024,7,21,29,6
82.0,202407,22,2024-07-22,0I834,7.0,39.0,82.0,32.0,18.0,,13.0,SEDANG,DKI5 Kebon Jeruk,PM25,DKI5,Kebon Jeruk,2024,7,22,30,0
85.0,202407,23,2024-07-23,0I834,7.0,47.0,85.0,35.0,18.0,52.0,14.0,SEDANG,DKI5 Kebon Jeruk,PM25,DKI5,Kebon Jeruk,2024,7,23,30,1
95.0,202407,24,2024-07-24,0I834,7.0,53.0,95.0,38.0,19.0,41.0,16.0,SEDANG,DKI5 Kebon Jeruk,PM25,DKI5,Kebon Jeruk,2024,7,24,30,2
84.0,202407,25,2024-07-25,0I834,7.0,44.0,84.0,34.0,19.0,47.0,15.0,SEDANG,DKI5 Kebon Jeruk,PM25,DKI5,Kebon Jeruk,2024,7,25,30,3
90.0,202407,26,2024-07-26,0I834,7.0,53.0,90.0,34.0,20.0,37.0,16.0,SEDANG,DKI5 Kebon Jeruk,PM25,DKI5,Kebon Jeruk,2024,7,26,30,4
91.0,202407,27,2024-07-27,0I834,7.0,52.0,91.0,36.0,19.0,44.0,16.0,SEDANG,DKI5 Kebon Jeruk,PM25,DKI5,Kebon Jeruk,2024,7,27,30,5
104.0,202407,28,2024-07-28,0I834,7.0,55.0,104.0,34.0,20.0,54.0,14.0,TIDAK SEHAT,DKI5 Kebon Jeruk,PM25,DKI5,Kebon Jeruk,2024,7,28,30,6
94.0,202407,29,2024-07-29,0I834,7.0,44.0,94.0,34.0,20.0,46.0,15.0,SEDANG,DKI5 Kebon Jeruk,PM25,DKI5,Kebon Jeruk,2024,7,29,31,0
102.0,202407,30,2024-07-30,0I834,7.0,53.0,102.0,33.0,21.0,39.0,19.0,TIDAK SEHAT,DKI5 Kebon Jeruk,PM25,DKI5,Kebon Jeruk,2024,7,30,31,1
112.0,202407,31,2024-07-31,0I834,7.0,59.0,112.0,34.0,22.0,42.0,22.0,TIDAK SEHAT,DKI5 Kebon Jeruk,PM25,DKI5,Kebon Jeruk,2024,7,31,31,2
91.0,202408,16,2024-08-16,0I834,8.0,65.0,91.0,58.0,11.0,36.0,27.0,SEDANG,DKI2 Kelapa Gading,PM25,DKI2,Kelapa Gading,2024,8,16,33,4
95.0,202408,17,2024-08-17,0I834,8.0,70.0,95.0,58.0,8.0,34.0,17.0,SEDANG,DKI2 Kelapa Gading,PM25,DKI2,Kelapa Gading,2024,8,17,33,5
89.0,202408,18,2024-08-18,0I834,8.0,64.0,89.0,58.0,7.0,32.0,10.0,SEDANG,DKI2 Kelapa Gading,PM25,DKI2,Kelapa Gading,2024,8,18,33,6
87.0,202408,19,2024-08-19,0I834,8.0,61.0,87.0,58.0,8.0,35.0,14.0,SEDANG,DKI2 Kelapa Gading,PM25,DKI2,Kelapa Gading,2024,8,19,34,0
97.0,202408,20,2024-08-20,0I834,8.0,68.0,97.0,58.0,9.0,31.0,20.0,SEDANG,DKI2 Kelapa Gading,PM25,DKI2,Kelapa Gading,2024,8,20,34,1
102.0,202408,21,2024-08-21,0I834,8.0,73.0,102.0,58.0,9.0,33.0,23.0,TIDAK SEHAT,DKI2 Kelapa Gading,PM25,DKI2,Kelapa Gading,2024,8,21,34,2
91.0,202408,22,2024-08-22,0I834,8.0,65.0,91.0,59.0,9.0,28.0,22.0,SEDANG,DKI2 Kelapa Gading,PM25,DKI2,Kelapa Gading,2024,8,22,34,3
79.0,202408,23,2024-08-23,0I834,8.0,57.0,79.0,57.0,7.0,29.0,9.0,SEDANG,DKI2 Kelapa Gading,PM25,DKI2,Kelapa Gading,2024,8,23,34,4
101.0,202408,24,2024-08-24,0I834,8.0,66.0,101.0,58.0,10.0,28.0,27.0,TIDAK SEHAT,DKI2 Kelapa Gading,PM25,DKI2,Kelapa Gading,2024,8,24,34,5
93.0,202408,25,2024-08-25,0I834,8.0,65.0,93.0,58.0,9.0,30.0,17.0,SEDANG,DKI2 Kelapa Gading,PM25,DKI2,Kelapa Gading,2024,8,25,34,6
82.0,202408,26,2024-08-26,0I834,8.0,54.0,82.0,58.0,9.0,35.0,18.0,SEDANG,DKI2 Kelapa Gading,PM25,DKI2,Kelapa Gading,2024,8,26,35,0
106.0,202408,27,2024-08-27,0I834,8.0,70.0,106.0,58.0,12.0,36.0,31.0,TIDAK SEHAT,DKI2 Kelapa Gading,PM25,DKI2,Kelapa Gading,2024,8,27,35,1
94.0,202408,28,2024-08-28,0I834,8.0,71.0,94.0,58.0,9.0,32.0,29.0,SEDANG,DKI2 Kelapa Gading,PM25,DKI2,Kelapa Gading,2024,8,28,35,2
101.0,202408,29,2024-08-29,0I834,8.0,70.0,101.0,58.0,9.0,43.0,25.0,TIDAK SEHAT,DKI2 Kelapa Gading,PM25,DKI2,Kelapa Gading,2024,8,29,35,3
93.0,202408,30,2024-08-30,0I834,8.0,68.0,93.0,58.0,11.0,28.0,34.0,SEDANG,DKI2 Kelapa Gading,PM25,DKI2,Kelapa Gading,2024,8,30,35,4
80.0,202408,31,2024-08-31,0I834,8.0,59.0,80.0,58.0,8.0,31.0,22.0,SEDANG,DKI2 Kelapa Gading,PM25,DKI2,Kelapa Gading,2024,8,31,35,5
99.0,202408,1,2024-08-01,0I834,8.0,60.0,99.0,59.0,10.0,18.0,40.0,SEDANG,DKI3 Jagakarsa,PM25,DKI3,Jagakarsa,2024,8,1,31,3
73.0,202408,2,2024-08-02,0I834,8.0,45.0,73.0,58.0,10.0,11.0,44.0,SEDANG,DKI3 Jagakarsa,PM25,DKI3,Jagakarsa,2024,8,2,31,4
60.0,202408,3,2024-08-03,0I834,8.0,33.0,60.0,58.0,12.0,5.0,53.0,SEDANG,DKI3 Jagakarsa,PM25,DKI3,Jagakarsa,2024,8,3,31,5
65.0,202408,4,2024-08-04,0I834,8.0,45.0,65.0,58.0,14.0,4.0,,SEDANG,DKI3 Jagakarsa,PM25,DKI3,Jagakarsa,2024,8,4,31,6
72.0,202408,5,2024-08-05,0I834,8.0,46.0,72.0,58.0,10.0,5.0,41.0,SEDANG,DKI3 Jagakarsa,PM25,DKI3,Jagakarsa,2024,8,5,32,0
80.0,202408,6,2024-08-06,0I834,8.0,53.0,80.0,58.0,10.0,6.0,38.0,SEDANG,DKI3 Jagakarsa,PM25,DKI3,Jagakarsa,2024,8,6,32,1
92.0,202408,7,2024-08-07,0I834,8.0,57.0,92.0,58.0,9.0,7.0,33.0,SEDANG,DKI3 Jagakarsa,PM25,DKI3,Jagakarsa,2024,8,7,32,2
112.0,202408,8,2024-08-08,0I834,8.0,69.0,112.0,59.0,14.0,9.0,48.0,TIDAK SEHAT,DKI3 Jagakarsa,PM25,DKI3,Jagakarsa,2024,8,8,32,3
94.0,202408,9,2024-08-09,0I834,8.0,62.0,94.0,59.0,11.0,16.0,46.0,SEDANG,DKI3 Jagakarsa,PM25,DKI3,Jagakarsa,2024,8,9,32,4
84.0,202408,10,2024-08-10,0I834,8.0,54.0,84.0,59.0,9.0,19.0,31.0,SEDANG,DKI3 Jagakarsa,PM25,DKI3,Jagakarsa,2024,8,10,32,5
76.0,202408,11,2024-08-11,0I834,8.0,51.0,76.0,58.0,7.0,19.0,19.0,SEDANG,DKI3 Jagakarsa,PM25,DKI3,Jagakarsa,2024,8,11,32,6
74.0,202408,12,2024-08-12,0I834,8.0,43.0,74.0,59.0,7.0,22.0,29.0,SEDANG,DKI3 Jagakarsa,PM25,DKI3,Jagakarsa,2024,8,12,33,0
95.0,202408,13,2024-08-13,0I834,8.0,64.0,95.0,61.0,12.0,27.0,47.0,SEDANG,DKI3 Jagakarsa,PM25,DKI3,Jagakarsa,2024,8,13,33,1
96.0,202408,14,2024-08-14,0I834,8.0,62.0,96.0,61.0,11.0,32.0,40.0,SEDANG,DKI3 Jagakarsa,PM25,DKI3,Jagakarsa,2024,8,14,33,2
93.0,202408,15,2024-08-15,0I834,8.0,63.0,93.0,60.0,11.0,29.0,45.0,SEDANG,DKI3 Jagakarsa,PM25,DKI3,Jagakarsa,2024,8,15,33,3
94.0,202408,16,2024-08-16,0I834,8.0,58.0,94.0,60.0,10.0,32.0,44.0,SEDANG,DKI3 Jagakarsa,PM25,DKI3,Jagakarsa,2024,8,16,33,4
104.0,202408,17,2024-08-17,0I834,8.0,69.0,104.0,62.0,13.0,38.0,50.0,TIDAK SEHAT,DKI3 Jagakarsa,PM25,DKI3,Jagakarsa,2024,8,17,33,5
104.0,202408,18,2024-08-18,0I834,8.0,66.0,104.0,61.0,11.0,36.0,38.0,TIDAK SEHAT,DKI3 Jagakarsa,PM25,DKI3,Jagakarsa,2024,8,18,33,6
85.0,202408,19,2024-08-19,0I834,8.0,56.0,85.0,60.0,8.0,35.0,36.0,SEDANG,DKI3 Jagakarsa,PM25,DKI3,Jagakarsa,2024,8,19,34,0
103.0,202408,20,2024-08-20,0I834,8.0,64.0,103.0,62.0,11.0,32.0,50.0,TIDAK SEHAT,DKI3 Jagakarsa,PM25,DKI3,Jagakarsa,2024,8,20,34,1
103.0,202408,21,2024-08-21,0I834,8.0,63.0,103.0,63.0,12.0,29.0,,TIDAK SEHAT,DKI3 Jagakarsa,PM25,DKI3,Jagakarsa,2024,8,21,34,2
89.0,202408,22,2024-08-22,0I834,8.0,62.0,89.0,63.0,9.0,31.0,48.0,SEDANG,DKI3 Jagakarsa,PM25,DKI3,Jagakarsa,2024,8,22,34,3
88.0,202408,23,2024-08-23,0I834,8.0,60.0,88.0,60.0,9.0,29.0,48.0,SEDANG,DKI3 Jagakarsa,PM25,DKI3,Jagakarsa,2024,8,23,34,4
92.0,202408,24,2024-08-24,0I834,8.0,59.0,92.0,60.0,9.0,32.0,32.0,SEDANG,DKI3 Jagakarsa,PM25,DKI3,Jagakarsa,2024,8,24,34,5
82.0,202408,25,2024-08-25,0I834,8.0,55.0,82.0,60.0,8.0,33.0,30.0,SEDANG,DKI3 Jagakarsa,PM25,DKI3,Jagakarsa,2024,8,25,34,6
90.0,202408,26,2024-08-26,0I834,8.0,60.0,90.0,60.0,12.0,26.0,50.0,SEDANG,DKI3 Jagakarsa,PM25,DKI3,Jagakarsa,2024,8,26,35,0
98.0,202408,27,2024-08-27,0I834,8.0,65.0,98.0,61.0,12.0,30.0,50.0,SEDANG,DKI3 Jagakarsa,PM25,DKI3,Jagakarsa,2024,8,27,35,1
80.0,202408,28,2024-08-28,0I834,8.0,54.0,80.0,61.0,8.0,37.0,39.0,SEDANG,DKI3 Jagakarsa,PM25,DKI3,Jagakarsa,2024,8,28,35,2
61.0,202408,29,2024-08-29,0I834,8.0,61.0,14.0,61.0,10.0,33.0,46.0,SEDANG,DKI3 Jagakarsa,PM10,DKI3,Jagakarsa,2024,8,29,35,3
61.0,202408,30,2024-08-30,0I834,8.0,59.0,15.0,61.0,11.0,32.0,50.0,SEDANG,DKI3 Jagakarsa,SO2,DKI3,Jagakarsa,2024,8,30,35,4
47.0,202408,31,2024-08-31,0I834,8.0,47.0,14.0,19.0,22.0,32.0,38.0,BAIK,DKI3 Jagakarsa,PM10,DKI3,Jagakarsa,2024,8,31,35,5
83.0,202408,1,2024-08-01,0I834,8.0,72.0,83.0,51.0,21.0,32.0,17.0,SEDANG,DKI4 Lubang Buaya,PM25,DKI4,Lubang Buaya,2024,8,1,31,3
75.0,202408,2,2024-08-02,0I834,8.0,63.0,75.0,51.0,23.0,28.0,20.0,SEDANG,DKI4 Lubang Buaya,PM25,DKI4,Lubang Buaya,2024,8,2,31,4
58.0,202408,3,2024-08-03,0I834,8.0,54.0,58.0,51.0,22.0,22.0,14.0,SEDANG,DKI4 Lubang Buaya,PM25,DKI4,Lubang Buaya,2024,8,3,31,5
64.0,202408,4,2024-08-04,0I834,8.0,58.0,64.0,51.0,29.0,18.0,13.0,SEDANG,DKI4 Lubang Buaya,PM25,DKI4,Lubang Buaya,2024,8,4,31,6
67.0,202408,5,2024-08-05,0I834,8.0,53.0,67.0,51.0,21.0,21.0,15.0,SEDANG,DKI4 Lubang Buaya,PM25,DKI4,Lubang Buaya,2024,8,5,32,0
75.0,202408,6,2024-08-06,0I834,8.0,67.0,75.0,52.0,21.0,24.0,17.0,SEDANG,DKI4 Lubang Buaya,PM25,DKI4,Lubang Buaya,2024,8,6,32,1
87.0,202408,7,2024-08-07,0I834,8.0,76.0,87.0,52.0,21.0,30.0,17.0,SEDANG,DKI4 Lubang Buaya,PM25,DKI4,Lubang Buaya,2024,8,7,32,2
98.0,202408,8,2024-08-08,0I834,8.0,91.0,98.0,52.0,25.0,32.0,22.0,SEDANG,DKI4 Lubang Buaya,PM25,DKI4,Lubang Buaya,2024,8,8,32,3
85.0,202408,9,2024-08-09,0I834,8.0,78.0,85.0,53.0,23.0,32.0,19.0,SEDANG,DKI4 Lubang Buaya,PM25,DKI4,Lubang Buaya,2024,8,9,32,4
75.0,202408,10,2024-08-10,0I834,8.0,64.0,75.0,53.0,19.0,39.0,18.0,SEDANG,DKI4 Lubang Buaya,PM25,DKI4,Lubang Buaya,2024,8,10,32,5
68.0,202408,11,2024-08-11,0I834,8.0,62.0,68.0,52.0,17.0,47.0,15.0,SEDANG,DKI4 Lubang Buaya,PM25,DKI4,Lubang Buaya,2024,8,11,32,6
66.0,202408,12,2024-08-12,0I834,8.0,56.0,66.0,52.0,17.0,43.0,14.0,SEDANG,DKI4 Lubang Buaya,PM25,DKI4,Lubang Buaya,2024,8,12,33,0
88.0,202408,13,2024-08-13,0I834,8.0,75.0,88.0,53.0,23.0,38.0,24.0,SEDANG,DKI4 Lubang Buaya,PM25,DKI4,Lubang Buaya,2024,8,13,33,1
85.0,202408,14,2024-08-14,0I834,8.0,78.0,85.0,53.0,24.0,37.0,25.0,SEDANG,DKI4 Lubang Buaya,PM25,DKI4,Lubang Buaya,2024,8,14,33,2
84.0,202408,15,2024-08-15,0I834,8.0,78.0,84.0,53.0,22.0,42.0,22.0,SEDANG,DKI4 Lubang Buaya,PM25,DKI4,Lubang Buaya,2024,8,15,33,3
83.0,202408,16,2024-08-16,0I834,8.0,73.0,83.0,53.0,23.0,44.0,24.0,SEDANG,DKI4 Lubang Buaya,PM25,DKI4,Lubang Buaya,2024,8,16,33,4
93.0,202408,17,2024-08-17,0I834,8.0,75.0,93.0,54.0,24.0,56.0,23.0,SEDANG,DKI4 Lubang Buaya,PM25,DKI4,Lubang Buaya,2024,8,17,33,5
90.0,202408,18,2024-08-18,0I834,8.0,76.0,90.0,53.0,21.0,46.0,16.0,SEDANG,DKI4 Lubang Buaya,PM25,DKI4,Lubang Buaya,2024,8,18,33,6
81.0,202408,19,2024-08-19,0I834,8.0,70.0,81.0,53.0,20.0,48.0,15.0,SEDANG,DKI4 Lubang Buaya,PM25,DKI4,Lubang Buaya,2024,8,19,34,0
95.0,202408,20,2024-08-20,0I834,8.0,81.0,95.0,53.0,22.0,48.0,20.0,SEDANG,DKI4 Lubang Buaya,PM25,DKI4,Lubang Buaya,2024,8,20,34,1
95.0,202408,21,2024-08-21,0I834,8.0,85.0,95.0,53.0,23.0,43.0,23.0,SEDANG,DKI4 Lubang Buaya,PM25,DKI4,Lubang Buaya,2024,8,21,34,2
102.0,202408,22,2024-08-22,0I834,8.0,86.0,102.0,54.0,19.0,47.0,17.0,TIDAK SEHAT,DKI4 Lubang Buaya,PM25,DKI4,Lubang Buaya,2024,8,22,34,3
103.0,202408,23,2024-08-23,0I834,8.0,87.0,103.0,52.0,20.0,31.0,13.0,TIDAK SEHAT,DKI4 Lubang Buaya,PM25,DKI4,Lubang Buaya,2024,8,23,34,4
85.0,202408,24,2024-08-24,0I834,8.0,69.0,85.0,53.0,22.0,40.0,24.0,SEDANG,DKI4 Lubang Buaya,PM25,DKI4,Lubang Buaya,2024,8,24,34,5
80.0,202408,25,2024-08-25,0I834,8.0,75.0,80.0,53.0,21.0,40.0,19.0,SEDANG,DKI4 Lubang Buaya,PM25,DKI4,Lubang Buaya,2024,8,25,34,6
76.0,202408,26,2024-08-26,0I834,8.0,72.0,76.0,53.0,22.0,40.0,21.0,SEDANG,DKI4 Lubang Buaya,PM25,DKI4,Lubang Buaya,2024,8,26,35,0
84.0,202408,27,2024-08-27,0I834,8.0,71.0,84.0,54.0,26.0,43.0,29.0,SEDANG,DKI4 Lubang Buaya,PM25,DKI4,Lubang Buaya,2024,8,27,35,1
79.0,202408,28,2024-08-28,0I834,8.0,70.0,79.0,53.0,20.0,52.0,22.0,SEDANG,DKI4 Lubang Buaya,PM25,DKI4,Lubang Buaya,2024,8,28,35,2
187.0,202408,29,2024-08-29,0I834,8.0,,123.0,54.0,23.0,48.0,33.0,TIDAK SEHAT,DKI4 Lubang Buaya,PM10,DKI4,Lubang Buaya,2024,8,29,35,3
82.0,202408,30,2024-08-30,0I834,8.0,71.0,82.0,53.0,23.0,43.0,26.0,SEDANG,DKI4 Lubang Buaya,PM25,DKI4,Lubang Buaya,2024,8,30,35,4
135.0,202408,31,2024-08-31,0I834,8.0,,135.0,53.0,19.0,38.0,21.0,TIDAK SEHAT,DKI4 Lubang Buaya,PM25,DKI4,Lubang Buaya,2024,8,31,35,5
107.0,202408,1,2024-08-01,0I834,8.0,57.0,107.0,32.0,20.0,55.0,15.0,TIDAK SEHAT,DKI5 Kebon Jeruk,PM25,DKI5,Kebon Jeruk,2024,8,1,31,3
90.0,202408,2,2024-08-02,0I834,8.0,54.0,90.0,32.0,21.0,53.0,16.0,SEDANG,DKI5 Kebon Jeruk,PM25,DKI5,Kebon Jeruk,2024,8,2,31,4
70.0,202408,3,2024-08-03,0I834,8.0,36.0,70.0,32.0,21.0,48.0,18.0,SEDANG,DKI5 Kebon Jeruk,PM25,DKI5,Kebon Jeruk,2024,8,3,31,5
82.0,202408,4,2024-08-04,0I834,8.0,51.0,82.0,31.0,26.0,48.0,20.0,SEDANG,DKI5 Kebon Jeruk,PM25,DKI5,Kebon Jeruk,2024,8,4,31,6
84.0,202408,5,2024-08-05,0I834,8.0,51.0,84.0,33.0,19.0,47.0,15.0,SEDANG,DKI5 Kebon Jeruk,PM25,DKI5,Kebon Jeruk,2024,8,5,32,0
81.0,202408,6,2024-08-06,0I834,8.0,45.0,81.0,36.0,19.0,43.0,17.0,SEDANG,DKI5 Kebon Jeruk,PM25,DKI5,Kebon Jeruk,2024,8,6,32,1
101.0,202408,7,2024-08-07,0I834,8.0,53.0,101.0,33.0,20.0,44.0,18.0,TIDAK SEHAT,DKI5 Kebon Jeruk,PM25,DKI5,Kebon Jeruk,2024,8,7,32,2
118.0,202408,8,2024-08-08,0I834,8.0,64.0,118.0,35.0,24.0,32.0,24.0,TIDAK SEHAT,DKI5 Kebon Jeruk,PM25,DKI5,Kebon Jeruk,2024,8,8,32,3
97.0,202408,9,2024-08-09,0I834,8.0,52.0,97.0,35.0,20.0,39.0,15.0,SEDANG,DKI5 Kebon Jeruk,PM25,DKI5,Kebon Jeruk,2024,8,9,32,4
89.0,202408,10,2024-08-10,0I834,8.0,43.0,89.0,35.0,18.0,43.0,15.0,SEDANG,DKI5 Kebon Jeruk,PM25,DKI5,Kebon Jeruk,2024,8,10,32,5
85.0,202408,11,2024-08-11,0I834,8.0,43.0,85.0,32.0,17.0,51.0,10.0,SEDANG,DKI5 Kebon Jeruk,PM25,DKI5,Kebon Jeruk,2024,8,11,32,6
86.0,202408,12,2024-08-12,0I834,8.0,36.0,86.0,33.0,18.0,42.0,11.0,SEDANG,DKI5 Kebon Jeruk,PM25,DKI5,Kebon Jeruk,2024,8,12,33,0
110.0,202408,13,2024-08-13,0I834,8.0,59.0,110.0,36.0,23.0,32.0,23.0,TIDAK SEHAT,DKI5 Kebon Jeruk,PM25,DKI5,Kebon Jeruk,2024,8,13,33,1
109.0,202408,14,2024-08-14,0I834,8.0,58.0,109.0,36.0,22.0,40.0,21.0,TIDAK SEHAT,DKI5 Kebon Jeruk,PM25,DKI5,Kebon Jeruk,2024,8,14,33,2
100.0,202408,15,2024-08-15,0I834,8.0,48.0,100.0,35.0,21.0,50.0,18.0,SEDANG,DKI5 Kebon Jeruk,PM25,DKI5,Kebon Jeruk,2024,8,15,33,3
103.0,202408,16,2024-08-16,0I834,8.0,55.0,103.0,35.0,22.0,45.0,19.0,TIDAK SEHAT,DKI5 Kebon Jeruk,PM25,DKI5,Kebon Jeruk,2024,8,16,33,4
107.0,202408,17,2024-08-17,0I834,8.0,51.0,107.0,37.0,22.0,51.0,21.0,TIDAK SEHAT,DKI5 Kebon Jeruk,PM25,DKI5,Kebon Jeruk,2024,8,17,33,5
107.0,202408,18,2024-08-18,0I834,8.0,55.0,107.0,34.0,21.0,50.0,16.0,TIDAK SEHAT,DKI5 Kebon Jeruk,PM25,DKI5,Kebon Jeruk,2024,8,18,33,6
94.0,202408,19,2024-08-19,0I834,8.0,46.0,94.0,33.0,19.0,57.0,15.0,SEDANG,DKI5 Kebon Jeruk,PM25,DKI5,Kebon Jeruk,2024,8,19,34,0
115.0,202408,20,2024-08-20,0I834,8.0,62.0,115.0,33.0,22.0,52.0,18.0,TIDAK SEHAT,DKI5 Kebon Jeruk,PM25,DKI5,Kebon Jeruk,2024,8,20,34,1
118.0,202408,21,2024-08-21,0I834,8.0,64.0,118.0,35.0,21.0,54.0,18.0,TIDAK SEHAT,DKI5 Kebon Jeruk,PM25,DKI5,Kebon Jeruk,2024,8,21,34,2
87.0,202408,22,2024-08-22,0I834,8.0,47.0,87.0,39.0,18.0,48.0,15.0,SEDANG,DKI5 Kebon Jeruk,PM25,DKI5,Kebon Jeruk,2024,8,22,34,3
79.0,202408,23,2024-08-23,0I834,8.0,46.0,79.0,33.0,17.0,,12.0,SEDANG,DKI5 Kebon Jeruk,PM25,DKI5,Kebon Jeruk,2024,8,23,34,4
101.0,202408,24,2024-08-24,0I834,8.0,54.0,101.0,35.0,19.0,47.0,16.0,TIDAK SEHAT,DKI5 Kebon Jeruk,PM25,DKI5,Kebon Jeruk,2024,8,24,34,5
93.0,202408,25,2024-08-25,0I834,8.0,52.0,93.0,34.0,18.0,50.0,11.0,SEDANG,DKI5 Kebon Jeruk,PM25,DKI5,Kebon Jeruk,2024,8,25,34,6
102.0,202408,26,2024-08-26,0I834,8.0,54.0,102.0,35.0,21.0,40.0,17.0,TIDAK SEHAT,DKI5 Kebon Jeruk,PM25,DKI5,Kebon Jeruk,2024,8,26,35,0
116.0,202408,27,2024-08-27,0I834,8.0,65.0,116.0,36.0,22.0,58.0,18.0,TIDAK SEHAT,DKI5 Kebon Jeruk,PM25,DKI5,Kebon Jeruk,2024,8,27,35,1
87.0,202408,28,2024-08-28,0I834,8.0,50.0,87.0,36.0,20.0,46.0,17.0,SEDANG,DKI5 Kebon Jeruk,PM25,DKI5,Kebon Jeruk,2024,8,28,35,2
107.0,202408,29,2024-08-29,0I834,8.0,59.0,107.0,37.0,20.0,,16.0,TIDAK SEHAT,DKI5 Kebon Jeruk,PM25,DKI5,Kebon Jeruk,2024,8,29,35,3
127.0,202408,30,2024-08-30,0I834,8.0,65.0,127.0,36.0,23.0,47.0,21.0,TIDAK SEHAT,DKI5 Kebon Jeruk,PM25,DKI5,Kebon Jeruk,2024,8,30,35,4
80.0,202408,31,2024-08-31,0I834,8.0,42.0,80.0,35.0,18.0,41.0,13.0,SEDANG,DKI5 Kebon Jeruk,PM25,DKI5,Kebon Jeruk,2024,8,31,35,5
84.0,202409,18,2024-09-18,0I834,9.0,59.0,84.0,59.0,11.0,32.0,25.0,SEDANG,DKI2 Kelapa Gading,PM25,DKI2,Kelapa Gading,2024,9,18,38,2
89.0,202409,19,2024-09-19,0I834,9.0,72.0,89.0,59.0,11.0,33.0,35.0,SEDANG,DKI2 Kelapa Gading,PM25,DKI2,Kelapa Gading,2024,9,19,38,3
87.0,202409,20,2024-09-20,0I834,9.0,67.0,87.0,59.0,8.0,34.0,25.0,SEDANG,DKI2 Kelapa Gading,PM25,DKI2,Kelapa Gading,2024,9,20,38,4
89.0,202409,21,2024-09-21,0I834,9.0,68.0,89.0,59.0,6.0,33.0,21.0,SEDANG,DKI2 Kelapa Gading,PM25,DKI2,Kelapa Gading,2024,9,21,38,5
97.0,202409,22,2024-09-22,0I834,9.0,74.0,97.0,59.0,5.0,34.0,14.0,SEDANG,DKI2 Kelapa Gading,PM25,DKI2,Kelapa Gading,2024,9,22,38,6
85.0,202409,23,2024-09-23,0I834,9.0,67.0,85.0,60.0,9.0,24.0,17.0,SEDANG,DKI2 Kelapa Gading,PM25,DKI2,Kelapa Gading,2024,9,23,39,0
74.0,202409,24,2024-09-24,0I834,9.0,60.0,74.0,59.0,9.0,21.0,16.0,SEDANG,DKI2 Kelapa Gading,PM25,DKI2,Kelapa Gading,2024,9,24,39,1
91.0,202409,25,2024-09-25,0I834,9.0,66.0,91.0,59.0,22.0,23.0,,SEDANG,DKI2 Kelapa Gading,PM25,DKI2,Kelapa Gading,2024,9,25,39,2
75.0,202409,26,2024-09-26,0I834,9.0,57.0,75.0,59.0,15.0,21.0,42.0,SEDANG,DKI2 Kelapa Gading,PM25,DKI2,Kelapa Gading,2024,9,26,39,3
79.0,202409,27,2024-09-27,0I834,9.0,63.0,79.0,60.0,15.0,20.0,43.0,SEDANG,DKI2 Kelapa Gading,PM25,DKI2,Kelapa Gading,2024,9,27,39,4
74.0,202409,28,2024-09-28,0I834,9.0,58.0,74.0,59.0,9.0,22.0,15.0,SEDANG,DKI2 Kelapa Gading,PM25,DKI2,Kelapa Gading,2024,9,28,39,5
80.0,202409,29,2024-09-29,0I834,9.0,61.0,80.0,58.0,12.0,24.0,21.0,SEDANG,DKI2 Kelapa Gading,PM25,DKI2,Kelapa Gading,2024,9,29,39,6
67.0,202409,30,2024-09-30,0I834,9.0,52.0,67.0,59.0,11.0,22.0,21.0,SEDANG,DKI2 Kelapa Gading,PM25,DKI2,Kelapa Gading,2024,9,30,40,0
79.0,202409,1,2024-09-01,0I834,9.0,54.0,79.0,61.0,9.0,33.0,45.0,SEDANG,DKI3 Jagakarsa,PM25,DKI3,Jagakarsa,2024,9,1,35,6
84.0,202409,2,2024-09-02,0I834,9.0,57.0,84.0,61.0,8.0,32.0,46.0,SEDANG,DKI3 Jagakarsa,PM25,DKI3,Jagakarsa,2024,9,2,36,0
72.0,202409,3,2024-09-03,0I834,9.0,51.0,72.0,60.0,8.0,29.0,42.0,SEDANG,DKI3 Jagakarsa,PM25,DKI3,Jagakarsa,2024,9,3,36,1
71.0,202409,4,2024-09-04,0I834,9.0,46.0,71.0,61.0,7.0,31.0,38.0,SEDANG,DKI3 Jagakarsa,PM25,DKI3,Jagakarsa,2024,9,4,36,2
66.0,202409,5,2024-09-05,0I834,9.0,51.0,66.0,61.0,7.0,23.0,41.0,SEDANG,DKI3 Jagakarsa,PM25,DKI3,Jagakarsa,2024,9,5,36,3
70.0,202409,6,2024-09-06,0I834,9.0,48.0,70.0,61.0,8.0,27.0,39.0,SEDANG,DKI3 Jagakarsa,PM25,DKI3,Jagakarsa,2024,9,6,36,4
74.0,202409,7,2024-09-07,0I834,9.0,56.0,74.0,61.0,7.0,26.0,38.0,SEDANG,DKI3 Jagakarsa,PM25,DKI3,Jagakarsa,2024,9,7,36,5
70.0,202409,8,2024-09-08,0I834,9.0,48.0,70.0,61.0,6.0,23.0,34.0,SEDANG,DKI3 Jagakarsa,PM25,DKI3,Jagakarsa,2024,9,8,36,6
61.0,202409,9,2024-09-09,0I834,9.0,44.0,61.0,61.0,6.0,24.0,34.0,SEDANG,DKI3 Jagakarsa,PM25,DKI3,Jagakarsa,2024,9,9,37,0
71.0,202409,10,2024-09-10,0I834,9.0,53.0,65.0,60.0,14.0,17.0,,SEDANG,DKI3 Jagakarsa,,DKI3,Jagakarsa,2024,9,10,37,1
60.0,202409,11,2024-09-11,0I834,9.0,34.0,,60.0,8.0,20.0,44.0,SEDANG,DKI3 Jagakarsa,SO2,DKI3,Jagakarsa,2024,9,11,37,2
80.0,202409,12,2024-09-12,0I834,9.0,55.0,80.0,61.0,11.0,28.0,52.0,SEDANG,DKI3 Jagakarsa,PM25,DKI3,Jagakarsa,2024,9,12,37,3
68.0,202409,13,2024-09-13,0I834,9.0,51.0,68.0,60.0,10.0,26.0,51.0,SEDANG,DKI3 Jagakarsa,PM25,DKI3,Jagakarsa,2024,9,13,37,4
87.0,202409,17,2024-09-17,0I834,9.0,65.0,87.0,59.0,11.0,35.0,22.0,SEDANG,DKI2 Kelapa Gading,PM25,DKI2,Kelapa Gading,2024,9,17,38,1
70.0,202409,14,2024-09-14,0I834,9.0,53.0,70.0,60.0,8.0,32.0,47.0,SEDANG,DKI3 Jagakarsa,PM25,DKI3,Jagakarsa,2024,9,14,37,5
74.0,202409,15,2024-09-15,0I834,9.0,51.0,74.0,61.0,8.0,33.0,44.0,SEDANG,DKI3 Jagakarsa,PM25,DKI3,Jagakarsa,2024,9,15,37,6
84.0,202409,16,2024-09-16,0I834,9.0,59.0,84.0,61.0,9.0,28.0,44.0,SEDANG,DKI3 Jagakarsa,PM25,DKI3,Jagakarsa,2024,9,16,38,0
61.0,202410,15,2024-10-15,0I834,10.0,60.0,61.0,52.0,22.0,44.0,24.0,SEDANG,DKI4 Lubang Buaya,PM25,DKI4,Lubang Buaya,2024,10,15,42,1
65.0,202410,16,2024-10-16,0I834,10.0,65.0,63.0,53.0,25.0,47.0,26.0,SEDANG,DKI4 Lubang Buaya,PM10,DKI4,Lubang Buaya,2024,10,16,42,2
57.0,202410,17,2024-10-17,0I834,10.0,54.0,57.0,53.0,20.0,51.0,27.0,SEDANG,DKI4 Lubang Buaya,PM25,DKI4,Lubang Buaya,2024,10,17,42,3
56.0,202410,18,2024-10-18,0I834,10.0,50.0,55.0,53.0,20.0,56.0,31.0,SEDANG,DKI4 Lubang Buaya,O3,DKI4,Lubang Buaya,2024,10,18,42,4
70.0,202410,19,2024-10-19,0I834,10.0,68.0,70.0,53.0,24.0,49.0,28.0,SEDANG,DKI4 Lubang Buaya,PM25,DKI4,Lubang Buaya,2024,10,19,42,5
80.0,202410,20,2024-10-20,0I834,10.0,64.0,80.0,54.0,28.0,42.0,34.0,SEDANG,DKI4 Lubang Buaya,PM25,DKI4,Lubang Buaya,2024,10,20,42,6
62.0,202410,21,2024-10-21,0I834,10.0,51.0,62.0,54.0,21.0,34.0,19.0,SEDANG,DKI4 Lubang Buaya,PM25,DKI4,Lubang Buaya,2024,10,21,43,0
73.0,202410,22,2024-10-22,0I834,10.0,72.0,73.0,53.0,28.0,37.0,36.0,SEDANG,DKI4 Lubang Buaya,PM25,DKI4,Lubang Buaya,2024,10,22,43,1
59.0,202410,23,2024-10-23,0I834,10.0,57.0,59.0,54.0,19.0,51.0,24.0,SEDANG,DKI4 Lubang Buaya,PM25,DKI4,Lubang Buaya,2024,10,23,43,2
56.0,202410,24,2024-10-24,0I834,10.0,51.0,56.0,54.0,19.0,40.0,25.0,SEDANG,DKI4 Lubang Buaya,PM25,DKI4,Lubang Buaya,2024,10,24,43,3
55.0,202410,25,2024-10-25,0I834,10.0,53.0,55.0,53.0,19.0,45.0,22.0,SEDANG,DKI4 Lubang Buaya,PM25,DKI4,Lubang Buaya,2024,10,25,43,4
53.0,202410,26,2024-10-26,0I834,10.0,52.0,53.0,53.0,19.0,42.0,22.0,SEDANG,DKI4 Lubang Buaya,PM25,DKI4,Lubang Buaya,2024,10,26,43,5
57.0,202410,27,2024-10-27,0I834,10.0,52.0,57.0,55.0,18.0,52.0,22.0,SEDANG,DKI4 Lubang Buaya,PM25,DKI4,Lubang Buaya,2024,10,27,43,6
66.0,202410,28,2024-10-28,0I834,10.0,60.0,66.0,54.0,23.0,44.0,26.0,SEDANG,DKI4 Lubang Buaya,PM25,DKI4,Lubang Buaya,2024,10,28,44,0
66.0,202410,29,2024-10-29,0I834,10.0,66.0,64.0,54.0,21.0,44.0,24.0,SEDANG,DKI4 Lubang Buaya,PM10,DKI4,Lubang Buaya,2024,10,29,44,1
64.0,202410,30,2024-10-30,0I834,10.0,64.0,63.0,54.0,21.0,45.0,30.0,SEDANG,DKI4 Lubang Buaya,PM10,DKI4,Lubang Buaya,2024,10,30,44,2
62.0,202410,31,2024-10-31,0I834,10.0,62.0,59.0,53.0,24.0,41.0,27.0,SEDANG,DKI4 Lubang Buaya,PM10,DKI4,Lubang Buaya,2024,10,31,44,3
103.0,202410,1,2024-10-01,0I834,10.0,33.0,103.0,37.0,22.0,51.0,17.0,TIDAK SEHAT,DKI5 Kebon Jeruk,PM25,DKI5,Kebon Jeruk,2024,10,1,40,1
90.0,202410,2,2024-10-02,0I834,10.0,25.0,90.0,37.0,20.0,54.0,16.0,SEDANG,DKI5 Kebon Jeruk,PM25,DKI5,Kebon Jeruk,2024,10,2,40,2
95.0,202410,3,2024-10-03,0I834,10.0,25.0,95.0,38.0,22.0,49.0,17.0,SEDANG,DKI5 Kebon Jeruk,PM25,DKI5,Kebon Jeruk,2024,10,3,40,3
94.0,202410,4,2024-10-04,0I834,10.0,30.0,94.0,38.0,22.0,46.0,16.0,SEDANG,DKI5 Kebon Jeruk,PM25,DKI5,Kebon Jeruk,2024,10,4,40,4
80.0,202410,5,2024-10-05,0I834,10.0,22.0,80.0,37.0,21.0,44.0,18.0,SEDANG,DKI5 Kebon Jeruk,PM25,DKI5,Kebon Jeruk,2024,10,5,40,5
76.0,202410,6,2024-10-06,0I834,10.0,19.0,76.0,36.0,21.0,49.0,15.0,SEDANG,DKI5 Kebon Jeruk,PM25,DKI5,Kebon Jeruk,2024,10,6,40,6
121.0,202410,7,2024-10-07,0I834,10.0,35.0,121.0,38.0,27.0,46.0,19.0,TIDAK SEHAT,DKI5 Kebon Jeruk,PM25,DKI5,Kebon Jeruk,2024,10,7,41,0
84.0,202410,8,2024-10-08,0I834,10.0,25.0,84.0,39.0,21.0,39.0,17.0,SEDANG,DKI5 Kebon Jeruk,PM25,DKI5,Kebon Jeruk,2024,10,8,41,1
82.0,202410,9,2024-10-09,0I834,10.0,24.0,82.0,37.0,20.0,52.0,13.0,SEDANG,DKI5 Kebon Jeruk,PM25,DKI5,Kebon Jeruk,2024,10,9,41,2
92.0,202410,10,2024-10-10,0I834,10.0,32.0,92.0,38.0,20.0,52.0,14.0,SEDANG,DKI5 Kebon Jeruk,PM25,DKI5,Kebon Jeruk,2024,10,10,41,3
102.0,202410,11,2024-10-11,0I834,10.0,20.0,102.0,39.0,23.0,44.0,20.0,TIDAK SEHAT,DKI5 Kebon Jeruk,PM25,DKI5,Kebon Jeruk,2024,10,11,41,4
92.0,202410,12,2024-10-12,0I834,10.0,21.0,92.0,39.0,20.0,48.0,16.0,SEDANG,DKI5 Kebon Jeruk,PM25,DKI5,Kebon Jeruk,2024,10,12,41,5
111.0,202410,13,2024-10-13,0I834,10.0,,111.0,41.0,21.0,51.0,14.0,TIDAK SEHAT,DKI5 Kebon Jeruk,PM25,DKI5,Kebon Jeruk,2024,10,13,41,6
113.0,202410,14,2024-10-14,0I834,10.0,68.0,113.0,38.0,22.0,48.0,17.0,TIDAK SEHAT,DKI5 Kebon Jeruk,PM25,DKI5,Kebon Jeruk,2024,10,14,42,0
84.0,202410,15,2024-10-15,0I834,10.0,34.0,84.0,39.0,19.0,,12.0,SEDANG,DKI5 Kebon Jeruk,PM25,DKI5,Kebon Jeruk,2024,10,15,42,1
111.0,202410,16,2024-10-16,0I834,10.0,32.0,111.0,40.0,22.0,59.0,18.0,TIDAK SEHAT,DKI5 Kebon Jeruk,PM25,DKI5,Kebon Jeruk,2024,10,16,42,2
75.0,202410,17,2024-10-17,0I834,10.0,53.0,75.0,39.0,20.0,43.0,16.0,SEDANG,DKI5 Kebon Jeruk,PM25,DKI5,Kebon Jeruk,2024,10,17,42,3
73.0,202410,18,2024-10-18,0I834,10.0,47.0,73.0,38.0,19.0,49.0,12.0,SEDANG,DKI5 Kebon Jeruk,PM25,DKI5,Kebon Jeruk,2024,10,18,42,4
93.0,202410,19,2024-10-19,0I834,10.0,61.0,93.0,42.0,21.0,51.0,15.0,SEDANG,DKI5 Kebon Jeruk,PM25,DKI5,Kebon Jeruk,2024,10,19,42,5
84.0,202410,20,2024-10-20,0I834,10.0,55.0,84.0,40.0,18.0,33.0,11.0,SEDANG,DKI5 Kebon Jeruk,PM25,DKI5,Kebon Jeruk,2024,10,20,42,6
81.0,202410,21,2024-10-21,0I834,10.0,38.0,81.0,39.0,19.0,36.0,11.0,SEDANG,DKI5 Kebon Jeruk,PM25,DKI5,Kebon Jeruk,2024,10,21,43,0
92.0,202410,22,2024-10-22,0I834,10.0,54.0,92.0,40.0,21.0,43.0,17.0,SEDANG,DKI5 Kebon Jeruk,PM25,DKI5,Kebon Jeruk,2024,10,22,43,1
87.0,202410,23,2024-10-23,0I834,10.0,52.0,87.0,42.0,19.0,59.0,13.0,SEDANG,DKI5 Kebon Jeruk,PM25,DKI5,Kebon Jeruk,2024,10,23,43,2
79.0,202410,24,2024-10-24,0I834,10.0,43.0,79.0,40.0,17.0,55.0,11.0,SEDANG,DKI5 Kebon Jeruk,PM25,DKI5,Kebon Jeruk,2024,10,24,43,3
82.0,202410,25,2024-10-25,0I834,10.0,50.0,82.0,39.0,20.0,59.0,17.0,SEDANG,DKI5 Kebon Jeruk,PM25,DKI5,Kebon Jeruk,2024,10,25,43,4
78.0,202410,26,2024-10-26,0I834,10.0,50.0,78.0,39.0,21.0,44.0,16.0,SEDANG,DKI5 Kebon Jeruk,PM25,DKI5,Kebon Jeruk,2024,10,26,43,5
75.0,202410,27,2024-10-27,0I834,10.0,48.0,75.0,45.0,17.0,42.0,10.0,SEDANG,DKI5 Kebon Jeruk,PM25,DKI5,Kebon Jeruk,2024,10,27,43,6
79.0,202410,28,2024-10-28,0I834,10.0,42.0,79.0,40.0,18.0,52.0,10.0,SEDANG,DKI5 Kebon Jeruk,PM25,DKI5,Kebon Jeruk,2024,10,28,44,0
83.0,202410,29,2024-10-29,0I834,10.0,51.0,83.0,40.0,19.0,48.0,16.0,SEDANG,DKI5 Kebon Jeruk,PM25,DKI5,Kebon Jeruk,2024,10,29,44,1
99.0,202410,30,2024-10-30,0I834,10.0,56.0,99.0,40.0,20.0,58.0,14.0,SEDANG,DKI5 Kebon Jeruk,PM25,DKI5,Kebon Jeruk,2024,10,30,44,2
89.0,202410,31,2024-10-31,0I834,10.0,55.0,89.0,41.0,20.0,52.0,15.0,SEDANG,DKI5 Kebon Jeruk,PM25,DKI5,Kebon Jeruk,2024,10,31,44,3
62.0,202411,8,2024-11-08,0I834,11.0,62.0,61.0,54.0,26.0,44.0,30.0,SEDANG,DKI4 Lubang Buaya,PM10,DKI4,Lubang Buaya,2024,11,8,45,4
74.0,202411,9,2024-11-09,0I834,11.0,74.0,67.0,54.0,24.0,36.0,36.0,SEDANG,DKI4 Lubang Buaya,PM10,DKI4,Lubang Buaya,2024,11,9,45,5
58.0,202411,10,2024-11-10,0I834,11.0,58.0,55.0,53.0,,30.0,26.0,SEDANG,DKI4 Lubang Buaya,PM10,DKI4,Lubang Buaya,2024,11,10,45,6
55.0,202411,11,2024-11-11,0I834,11.0,55.0,52.0,53.0,30.0,34.0,30.0,SEDANG,DKI4 Lubang Buaya,PM10,DKI4,Lubang Buaya,2024,11,11,46,0
53.0,202411,12,2024-11-12,0I834,11.0,,37.0,53.0,28.0,24.0,25.0,SEDANG,DKI4 Lubang Buaya,SO2,DKI4,Lubang Buaya,2024,11,12,46,1
61.0,202411,13,2024-11-13,0I834,11.0,42.0,61.0,54.0,27.0,24.0,19.0,SEDANG,DKI4 Lubang Buaya,PM25,DKI4,Lubang Buaya,2024,11,13,46,2
64.0,202411,14,2024-11-14,0I834,11.0,18.0,64.0,55.0,22.0,23.0,20.0,SEDANG,DKI4 Lubang Buaya,PM25,DKI4,Lubang Buaya,2024,11,14,46,3
65.0,202411,15,2024-11-15,0I834,11.0,18.0,65.0,55.0,30.0,35.0,28.0,SEDANG,DKI4 Lubang Buaya,PM25,DKI4,Lubang Buaya,2024,11,15,46,4
56.0,202411,16,2024-11-16,0I834,11.0,37.0,56.0,53.0,28.0,41.0,30.0,SEDANG,DKI4 Lubang Buaya,PM25,DKI4,Lubang Buaya,2024,11,16,46,5
60.0,202411,17,2024-11-17,0I834,11.0,38.0,60.0,53.0,,33.0,27.0,SEDANG,DKI4 Lubang Buaya,PM25,DKI4,Lubang Buaya,2024,11,17,46,6
54.0,202411,18,2024-11-18,0I834,11.0,18.0,41.0,54.0,22.0,25.0,21.0,SEDANG,DKI4 Lubang Buaya,SO2,DKI4,Lubang Buaya,2024,11,18,47,0
54.0,202411,19,2024-11-19,0I834,11.0,19.0,51.0,54.0,27.0,23.0,25.0,SEDANG,DKI4 Lubang Buaya,SO2,DKI4,Lubang Buaya,2024,11,19,47,1
54.0,202411,20,2024-11-20,0I834,11.0,,44.0,54.0,24.0,33.0,26.0,SEDANG,DKI4 Lubang Buaya,SO2,DKI4,Lubang Buaya,2024,11,20,47,2
54.0,202411,21,2024-11-21,0I834,11.0,,52.0,54.0,22.0,33.0,24.0,SEDANG,DKI4 Lubang Buaya,SO2,DKI4,Lubang Buaya,2024,11,21,47,3
54.0,202411,22,2024-11-22,0I834,11.0,,48.0,54.0,23.0,29.0,26.0,SEDANG,DKI4 Lubang Buaya,SO2,DKI4,Lubang Buaya,2024,11,22,47,4
55.0,202411,23,2024-11-23,0I834,11.0,,54.0,55.0,25.0,28.0,25.0,SEDANG,DKI4 Lubang Buaya,SO2,DKI4,Lubang Buaya,2024,11,23,47,5
53.0,202411,24,2024-11-24,0I834,11.0,,38.0,53.0,27.0,18.0,19.0,SEDANG,DKI4 Lubang Buaya,SO2,DKI4,Lubang Buaya,2024,11,24,47,6
54.0,202411,25,2024-11-25,0I834,11.0,,38.0,54.0,26.0,23.0,16.0,SEDANG,DKI4 Lubang Buaya,SO2,DKI4,Lubang Buaya,2024,11,25,48,0
54.0,202411,26,2024-11-26,0I834,11.0,,51.0,54.0,27.0,28.0,22.0,SEDANG,DKI4 Lubang Buaya,SO2,DKI4,Lubang Buaya,2024,11,26,48,1
54.0,202411,27,2024-11-27,0I834,11.0,,42.0,54.0,26.0,18.0,22.0,SEDANG,DKI4 Lubang Buaya,SO2,DKI4,Lubang Buaya,2024,11,27,48,2
53.0,202411,28,2024-11-28,0I834,11.0,,28.0,53.0,24.0,19.0,20.0,SEDANG,DKI4 Lubang Buaya,SO2,DKI4,Lubang Buaya,2024,11,28,48,3
53.0,202411,29,2024-11-29,0I834,11.0,,27.0,53.0,19.0,19.0,16.0,SEDANG,DKI4 Lubang Buaya,SO2,DKI4,Lubang Buaya,2024,11,29,48,4
53.0,202411,30,2024-11-30,0I834,11.0,,34.0,53.0,20.0,13.0,16.0,SEDANG,DKI4 Lubang Buaya,SO2,DKI4,Lubang Buaya,2024,11,30,48,5
105.0,202411,1,2024-11-01,0I834,11.0,66.0,105.0,40.0,22.0,49.0,19.0,TIDAK SEHAT,DKI5 Kebon Jeruk,PM25,DKI5,Kebon Jeruk,2024,11,1,44,4
97.0,202411,2,2024-11-02,0I834,11.0,60.0,97.0,41.0,22.0,44.0,18.0,SEDANG,DKI5 Kebon Jeruk,PM25,DKI5,Kebon Jeruk,2024,11,2,44,5
81.0,202411,3,2024-11-03,0I834,11.0,53.0,81.0,39.0,26.0,36.0,18.0,SEDANG,DKI5 Kebon Jeruk,PM25,DKI5,Kebon Jeruk,2024,11,3,44,6
67.0,202411,4,2024-11-04,0I834,11.0,52.0,67.0,38.0,24.0,38.0,19.0,SEDANG,DKI5 Kebon Jeruk,PM25,DKI5,Kebon Jeruk,2024,11,4,45,0
85.0,202411,5,2024-11-05,0I834,11.0,,85.0,39.0,21.0,51.0,19.0,SEDANG,DKI5 Kebon Jeruk,PM25,DKI5,Kebon Jeruk,2024,11,5,45,1
78.0,202411,6,2024-11-06,0I834,11.0,,78.0,38.0,22.0,44.0,19.0,SEDANG,DKI5 Kebon Jeruk,PM25,DKI5,Kebon Jeruk,2024,11,6,45,2
108.0,202411,7,2024-11-07,0I834,11.0,,108.0,41.0,23.0,58.0,15.0,TIDAK SEHAT,DKI5 Kebon Jeruk,PM25,DKI5,Kebon Jeruk,2024,11,7,45,3
109.0,202411,8,2024-11-08,0I834,11.0,,109.0,39.0,22.0,53.0,16.0,TIDAK SEHAT,DKI5 Kebon Jeruk,PM25,DKI5,Kebon Jeruk,2024,11,8,45,4
62.0,202411,9,2024-11-09,0I834,11.0,,,44.0,21.0,,15.0,SEDANG,DKI5 Kebon Jeruk,O3,DKI5,Kebon Jeruk,2024,11,9,45,5
49.0,202411,10,2024-11-10,0I834,11.0,,,38.0,23.0,49.0,17.0,BAIK,DKI5 Kebon Jeruk,O3,DKI5,Kebon Jeruk,2024,11,10,45,6
56.0,202411,11,2024-11-11,0I834,11.0,,,38.0,25.0,56.0,17.0,SEDANG,DKI5 Kebon Jeruk,O3,DKI5,Kebon Jeruk,2024,11,11,46,0
68.0,202411,12,2024-11-12,0I834,11.0,,68.0,39.0,24.0,33.0,17.0,SEDANG,DKI5 Kebon Jeruk,PM25,DKI5,Kebon Jeruk,2024,11,12,46,1
113.0,202411,13,2024-11-13,0I834,11.0,,113.0,41.0,,39.0,14.0,TIDAK SEHAT,DKI5 Kebon Jeruk,PM25,DKI5,Kebon Jeruk,2024,11,13,46,2
124.0,202411,14,2024-11-14,0I834,11.0,,124.0,45.0,24.0,57.0,13.0,TIDAK SEHAT,DKI5 Kebon Jeruk,PM25,DKI5,Kebon Jeruk,2024,11,14,46,3
133.0,202411,15,2024-11-15,0I834,11.0,,133.0,50.0,21.0,44.0,17.0,TIDAK SEHAT,DKI5 Kebon Jeruk,PM25,DKI5,Kebon Jeruk,2024,11,15,46,4
141.0,202411,16,2024-11-16,0I834,11.0,,,45.0,19.0,,14.0,TIDAK SEHAT,DKI5 Kebon Jeruk,PM25,DKI5,Kebon Jeruk,2024,11,16,46,5
157.0,202411,17,2024-11-17,0I834,11.0,,,41.0,,55.0,19.0,TIDAK SEHAT,DKI5 Kebon Jeruk,PM25,DKI5,Kebon Jeruk,2024,11,17,46,6
87.0,202411,18,2024-11-18,0I834,11.0,,87.0,40.0,17.0,51.0,13.0,SEDANG,DKI5 Kebon Jeruk,PM25,DKI5,Kebon Jeruk,2024,11,18,47,0
86.0,202411,19,2024-11-19,0I834,11.0,,86.0,41.0,21.0,38.0,13.0,SEDANG,DKI5 Kebon Jeruk,PM25,DKI5,Kebon Jeruk,2024,11,19,47,1
73.0,202411,20,2024-11-20,0I834,11.0,,73.0,41.0,22.0,49.0,17.0,SEDANG,DKI5 Kebon Jeruk,PM25,DKI5,Kebon Jeruk,2024,11,20,47,2
45.0,202411,21,2024-11-21,0I834,11.0,,,45.0,20.0,38.0,16.0,BAIK,DKI5 Kebon Jeruk,SO2,DKI5,Kebon Jeruk,2024,11,21,47,3
71.0,202411,22,2024-11-22,0I834,11.0,,71.0,44.0,17.0,33.0,10.0,SEDANG,DKI5 Kebon Jeruk,PM25,DKI5,Kebon Jeruk,2024,11,22,47,4
41.0,202411,23,2024-11-23,0I834,11.0,,,41.0,18.0,36.0,11.0,BAIK,DKI5 Kebon Jeruk,SO2,DKI5,Kebon Jeruk,2024,11,23,47,5
40.0,202411,24,2024-11-24,0I834,11.0,,,40.0,16.0,30.0,7.0,BAIK,DKI5 Kebon Jeruk,SO2,DKI5,Kebon Jeruk,2024,11,24,47,6
42.0,202411,25,2024-11-25,0I834,11.0,,,42.0,19.0,31.0,7.0,BAIK,DKI5 Kebon Jeruk,SO2,DKI5,Kebon Jeruk,2024,11,25,48,0
53.0,202411,26,2024-11-26,0I834,11.0,,53.0,42.0,20.0,35.0,8.0,SEDANG,DKI5 Kebon Jeruk,PM25,DKI5,Kebon Jeruk,2024,11,26,48,1
56.0,202411,27,2024-11-27,0I834,11.0,,56.0,44.0,19.0,28.0,12.0,SEDANG,DKI5 Kebon Jeruk,PM25,DKI5,Kebon Jeruk,2024,11,27,48,2
39.0,202411,28,2024-11-28,0I834,11.0,,38.0,39.0,18.0,27.0,9.0,BAIK,DKI5 Kebon Jeruk,SO2,DKI5,Kebon Jeruk,2024,11,28,48,3
41.0,202411,29,2024-11-29,0I834,11.0,,41.0,40.0,17.0,16.0,9.0,BAIK,DKI5 Kebon Jeruk,PM25,DKI5,Kebon Jeruk,2024,11,29,48,4
40.0,202411,30,2024-11-30,0I834,11.0,,24.0,40.0,15.0,15.0,5.0,BAIK,DKI5 Kebon Jeruk,SO2,DKI5,Kebon Jeruk,2024,11,30,48,5
67.0,202412,1,2024-12-01,0I834,12.0,32.0,65.0,67.0,7.0,9.0,40.0,BAIK,DKI1 Bundaran Hotel Indonesia (HI),PM25,DKI1,Bundaran HI,2024,12,1,48,6
67.0,202412,2,2024-12-02,0I834,12.0,19.0,52.0,67.0,6.0,9.0,33.0,BAIK,DKI1 Bundaran Hotel Indonesia (HI),PM25,DKI1,Bundaran HI,2024,12,2,49,0
67.0,202412,3,2024-12-03,0I834,12.0,19.0,31.0,67.0,4.0,12.0,15.0,BAIK,DKI1 Bundaran Hotel Indonesia (HI),CO,DKI1,Bundaran HI,2024,12,3,49,1
67.0,202412,4,2024-12-04,0I834,12.0,30.0,45.0,67.0,7.0,10.0,22.0,BAIK,DKI1 Bundaran Hotel Indonesia (HI),PM10,DKI1,Bundaran HI,2024,12,4,49,2
67.0,202412,5,2024-12-05,0I834,12.0,17.0,26.0,67.0,3.0,12.0,13.0,BAIK,DKI1 Bundaran Hotel Indonesia (HI),PM25,DKI1,Bundaran HI,2024,12,5,49,3
68.0,202412,6,2024-12-06,0I834,12.0,26.0,47.0,68.0,4.0,11.0,17.0,BAIK,DKI1 Bundaran Hotel Indonesia (HI),PM25,DKI1,Bundaran HI,2024,12,6,49,4
103.0,202412,7,2024-12-07,0I834,12.0,66.0,103.0,69.0,27.0,12.0,,SEDANG,DKI1 Bundaran Hotel Indonesia (HI),PM25,DKI1,Bundaran HI,2024,12,7,49,5
68.0,202412,8,2024-12-08,0I834,12.0,38.0,67.0,68.0,15.0,18.0,,SEDANG,DKI1 Bundaran Hotel Indonesia (HI),PM25,DKI1,Bundaran HI,2024,12,8,49,6
69.0,202412,9,2024-12-09,0I834,12.0,42.0,69.0,69.0,11.0,11.0,29.0,SEDANG,DKI1 Bundaran Hotel Indonesia (HI),PM25,DKI1,Bundaran HI,2024,12,9,50,0
68.0,202412,10,2024-12-10,0I834,12.0,38.0,56.0,68.0,12.0,7.0,,BAIK,DKI1 Bundaran Hotel Indonesia (HI),PM25,DKI1,Bundaran HI,2024,12,10,50,1
68.0,202412,11,2024-12-11,0I834,12.0,14.0,26.0,68.0,3.0,11.0,15.0,BAIK,DKI1 Bundaran Hotel Indonesia (HI),PM25,DKI1,Bundaran HI,2024,12,11,50,2
68.0,202412,12,2024-12-12,0I834,12.0,19.0,40.0,68.0,3.0,13.0,10.0,BAIK,DKI1 Bundaran Hotel Indonesia (HI),PM25,DKI1,Bundaran HI,2024,12,12,50,3
69.0,202412,13,2024-12-13,0I834,12.0,21.0,52.0,69.0,4.0,13.0,14.0,BAIK,DKI1 Bundaran Hotel Indonesia (HI),PM25,DKI1,Bundaran HI,2024,12,13,50,4
68.0,202412,14,2024-12-14,0I834,12.0,22.0,40.0,68.0,4.0,11.0,15.0,BAIK,DKI1 Bundaran Hotel Indonesia (HI),PM25,DKI1,Bundaran HI,2024,12,14,50,5
68.0,202412,15,2024-12-15,0I834,12.0,18.0,40.0,68.0,6.0,10.0,21.0,BAIK,DKI1 Bundaran Hotel Indonesia (HI),PM25,DKI1,Bundaran HI,2024,12,15,50,6
68.0,202412,16,2024-12-16,0I834,12.0,27.0,48.0,68.0,5.0,10.0,21.0,BAIK,DKI1 Bundaran Hotel Indonesia (HI),PM25,DKI1,Bundaran HI,2024,12,16,51,0
68.0,202412,17,2024-12-17,0I834,12.0,27.0,37.0,68.0,6.0,10.0,30.0,BAIK,DKI1 Bundaran Hotel Indonesia (HI),PM25,DKI1,Bundaran HI,2024,12,17,51,1
69.0,202412,18,2024-12-18,0I834,12.0,50.0,67.0,69.0,8.0,8.0,,BAIK,DKI1 Bundaran Hotel Indonesia (HI),PM25,DKI1,Bundaran HI,2024,12,18,51,2
68.0,202412,19,2024-12-19,0I834,12.0,18.0,35.0,68.0,5.0,8.0,27.0,BAIK,DKI1 Bundaran Hotel Indonesia (HI),PM10,DKI1,Bundaran HI,2024,12,19,51,3
69.0,202412,20,2024-12-20,0I834,12.0,25.0,46.0,69.0,5.0,10.0,32.0,BAIK,DKI1 Bundaran Hotel Indonesia (HI),PM25,DKI1,Bundaran HI,2024,12,20,51,4
53.0,202412,21,2024-12-21,0I834,12.0,23.0,53.0,26.0,5.0,11.0,30.0,BAIK,DKI1 Bundaran Hotel Indonesia (HI),PM25,DKI1,Bundaran HI,2024,12,21,51,5
80.0,202412,22,2024-12-22,0I834,12.0,53.0,80.0,16.0,11.0,13.0,31.0,SEDANG,DKI1 Bundaran Hotel Indonesia (HI),PM25,DKI1,Bundaran HI,2024,12,22,51,6
78.0,202412,23,2024-12-23,0I834,12.0,52.0,78.0,12.0,15.0,11.0,45.0,BAIK,DKI1 Bundaran Hotel Indonesia (HI),PM25,DKI1,Bundaran HI,2024,12,23,52,0
55.0,202412,24,2024-12-24,0I834,12.0,38.0,55.0,12.0,9.0,10.0,33.0,SEDANG,DKI1 Bundaran Hotel Indonesia (HI),PM25,DKI1,Bundaran HI,2024,12,24,52,1
79.0,202412,25,2024-12-25,0I834,12.0,52.0,79.0,12.0,11.0,11.0,52.0,SEDANG,DKI1 Bundaran Hotel Indonesia (HI),PM25,DKI1,Bundaran HI,2024,12,25,52,2
62.0,202412,26,2024-12-26,0I834,12.0,39.0,62.0,12.0,11.0,9.0,35.0,SEDANG,DKI1 Bundaran Hotel Indonesia (HI),PM25,DKI1,Bundaran HI,2024,12,26,52,3
83.0,202412,27,2024-12-27,0I834,12.0,53.0,83.0,12.0,10.0,11.0,36.0,SEDANG,DKI1 Bundaran Hotel Indonesia (HI),PM25,DKI1,Bundaran HI,2024,12,27,52,4
101.0,202412,28,2024-12-28,0I834,12.0,64.0,101.0,14.0,9.0,11.0,35.0,SEDANG,DKI1 Bundaran Hotel Indonesia (HI),PM25,DKI1,Bundaran HI,2024,12,28,52,5
51.0,202412,29,2024-12-29,0I834,12.0,51.0,21.0,13.0,10.0,13.0,35.0,SEDANG,DKI1 Bundaran Hotel Indonesia (HI),PM25,DKI1,Bundaran HI,2024,12,29,52,6
35.0,202412,30,2024-12-30,0I834,12.0,35.0,,13.0,5.0,12.0,13.0,BAIK,DKI1 Bundaran Hotel Indonesia (HI),PM25,DKI1,Bundaran HI,2024,12,30,1,0
29.0,202412,31,2024-12-31,0I834,12.0,29.0,,6.0,13.0,10.0,18.0,BAIK,DKI1 Bundaran Hotel Indonesia (HI),PM25,DKI1,Bundaran HI,2024,12,31,1,1
59.0,202412,1,2024-12-01,0I834,12.0,29.0,39.0,59.0,10.0,10.0,21.0,SEDANG,DKI2 Kelapa Gading,SO2,DKI2,Kelapa Gading,2024,12,1,48,6
59.0,202412,2,2024-12-02,0I834,12.0,25.0,32.0,59.0,9.0,10.0,17.0,SEDANG,DKI2 Kelapa Gading,SO2,DKI2,Kelapa Gading,2024,12,2,49,0
59.0,202412,3,2024-12-03,0I834,12.0,21.0,22.0,59.0,9.0,12.0,14.0,SEDANG,DKI2 Kelapa Gading,SO2,DKI2,Kelapa Gading,2024,12,3,49,1
59.0,202412,4,2024-12-04,0I834,12.0,25.0,21.0,59.0,10.0,11.0,13.0,SEDANG,DKI2 Kelapa Gading,SO2,DKI2,Kelapa Gading,2024,12,4,49,2
59.0,202412,5,2024-12-05,0I834,12.0,21.0,21.0,59.0,9.0,11.0,19.0,SEDANG,DKI2 Kelapa Gading,SO2,DKI2,Kelapa Gading,2024,12,5,49,3
60.0,202412,6,2024-12-06,0I834,12.0,32.0,33.0,60.0,12.0,11.0,25.0,SEDANG,DKI2 Kelapa Gading,SO2,DKI2,Kelapa Gading,2024,12,6,49,4
87.0,202412,7,2024-12-07,0I834,12.0,71.0,87.0,63.0,26.0,10.0,,SEDANG,DKI2 Kelapa Gading,PM25,DKI2,Kelapa Gading,2024,12,7,49,5
68.0,202412,8,2024-12-08,0I834,12.0,58.0,68.0,61.0,13.0,14.0,30.0,SEDANG,DKI2 Kelapa Gading,PM25,DKI2,Kelapa Gading,2024,12,8,49,6
60.0,202412,9,2024-12-09,0I834,12.0,49.0,58.0,60.0,10.0,10.0,35.0,SEDANG,DKI2 Kelapa Gading,SO2,DKI2,Kelapa Gading,2024,12,9,50,0
60.0,202412,10,2024-12-10,0I834,12.0,39.0,43.0,60.0,15.0,8.0,43.0,SEDANG,DKI2 Kelapa Gading,SO2,DKI2,Kelapa Gading,2024,12,10,50,1
60.0,202412,11,2024-12-11,0I834,12.0,28.0,36.0,60.0,9.0,12.0,20.0,SEDANG,DKI2 Kelapa Gading,SO2,DKI2,Kelapa Gading,2024,12,11,50,2
61.0,202412,12,2024-12-12,0I834,12.0,31.0,34.0,61.0,11.0,12.0,,SEDANG,DKI2 Kelapa Gading,SO2,DKI2,Kelapa Gading,2024,12,12,50,3
72.0,202412,13,2024-12-13,0I834,12.0,36.0,49.0,72.0,10.0,11.0,9.0,SEDANG,DKI2 Kelapa Gading,SO2,DKI2,Kelapa Gading,2024,12,13,50,4
48.0,202412,14,2024-12-14,0I834,12.0,33.0,48.0,23.0,11.0,12.0,13.0,BAIK,DKI2 Kelapa Gading,PM25,DKI2,Kelapa Gading,2024,12,14,50,5
34.0,202412,15,2024-12-15,0I834,12.0,25.0,34.0,23.0,10.0,12.0,11.0,BAIK,DKI2 Kelapa Gading,PM25,DKI2,Kelapa Gading,2024,12,15,50,6
87.0,202411,1,2024-11-01,0I834,11.0,62.0,87.0,11.0,28.0,33.0,47.0,SEDANG,DKI1 Bundaran Hotel Indonesia (HI),PM25,DKI1,Bundaran HI,2024,11,1,44,4
87.0,202411,2,2024-11-02,0I834,11.0,60.0,87.0,14.0,25.0,26.0,41.0,SEDANG,DKI1 Bundaran Hotel Indonesia (HI),PM25,DKI1,Bundaran HI,2024,11,2,44,5
70.0,202411,3,2024-11-03,0I834,11.0,51.0,70.0,10.0,,29.0,43.0,SEDANG,DKI1 Bundaran Hotel Indonesia (HI),PM25,DKI1,Bundaran HI,2024,11,3,44,6
60.0,202411,4,2024-11-04,0I834,11.0,44.0,60.0,8.0,25.0,,37.0,SEDANG,DKI1 Bundaran Hotel Indonesia (HI),PM25,DKI1,Bundaran HI,2024,11,4,45,0
75.0,202411,5,2024-11-05,0I834,11.0,40.0,65.0,12.0,28.0,,45.0,SEDANG,DKI1 Bundaran Hotel Indonesia (HI),O3,DKI1,Bundaran HI,2024,11,5,45,1
58.0,202411,6,2024-11-06,0I834,11.0,40.0,58.0,10.0,26.0,15.0,39.0,SEDANG,DKI1 Bundaran Hotel Indonesia (HI),PM25,DKI1,Bundaran HI,2024,11,6,45,2
83.0,202411,7,2024-11-07,0I834,11.0,55.0,83.0,13.0,27.0,18.0,40.0,SEDANG,DKI1 Bundaran Hotel Indonesia (HI),PM25,DKI1,Bundaran HI,2024,11,7,45,3
83.0,202411,8,2024-11-08,0I834,11.0,57.0,83.0,12.0,28.0,24.0,44.0,SEDANG,DKI1 Bundaran Hotel Indonesia (HI),PM25,DKI1,Bundaran HI,2024,11,8,45,4
99.0,202411,9,2024-11-09,0I834,11.0,67.0,99.0,16.0,,20.0,46.0,SEDANG,DKI1 Bundaran Hotel Indonesia (HI),PM25,DKI1,Bundaran HI,2024,11,9,45,5
71.0,202411,10,2024-11-10,0I834,11.0,54.0,71.0,10.0,,15.0,41.0,SEDANG,DKI1 Bundaran Hotel Indonesia (HI),PM25,DKI1,Bundaran HI,2024,11,10,45,6
71.0,202411,11,2024-11-11,0I834,11.0,51.0,71.0,10.0,30.0,18.0,42.0,SEDANG,DKI1 Bundaran Hotel Indonesia (HI),PM25,DKI1,Bundaran HI,2024,11,11,46,0
53.0,202411,12,2024-11-12,0I834,11.0,39.0,53.0,9.0,28.0,9.0,36.0,SEDANG,DKI1 Bundaran Hotel Indonesia (HI),PM25,DKI1,Bundaran HI,2024,11,12,46,1
74.0,202411,13,2024-11-13,0I834,11.0,53.0,74.0,8.0,31.0,7.0,33.0,SEDANG,DKI1 Bundaran Hotel Indonesia (HI),PM25,DKI1,Bundaran HI,2024,11,13,46,2
96.0,202411,14,2024-11-14,0I834,11.0,61.0,96.0,19.0,26.0,9.0,34.0,SEDANG,DKI1 Bundaran Hotel Indonesia (HI),PM25,DKI1,Bundaran HI,2024,11,14,46,3
106.0,202411,15,2024-11-15,0I834,11.0,69.0,106.0,22.0,31.0,13.0,49.0,TIDAK SEHAT,DKI1 Bundaran Hotel Indonesia (HI),PM25,DKI1,Bundaran HI,2024,11,15,46,4
109.0,202411,16,2024-11-16,0I834,11.0,76.0,109.0,12.0,28.0,13.0,40.0,TIDAK SEHAT,DKI1 Bundaran Hotel Indonesia (HI),PM25,DKI1,Bundaran HI,2024,11,16,46,5
115.0,202411,17,2024-11-17,0I834,11.0,76.0,115.0,11.0,,14.0,47.0,TIDAK SEHAT,DKI1 Bundaran Hotel Indonesia (HI),PM25,DKI1,Bundaran HI,2024,11,17,46,6
68.0,202411,18,2024-11-18,0I834,11.0,52.0,68.0,9.0,25.0,9.0,32.0,SEDANG,DKI1 Bundaran Hotel Indonesia (HI),PM25,DKI1,Bundaran HI,2024,11,18,47,0
61.0,202411,19,2024-11-19,0I834,11.0,38.0,61.0,10.0,28.0,16.0,36.0,SEDANG,DKI1 Bundaran Hotel Indonesia (HI),PM25,DKI1,Bundaran HI,2024,11,19,47,1
62.0,202411,20,2024-11-20,0I834,11.0,44.0,62.0,13.0,28.0,19.0,40.0,SEDANG,DKI1 Bundaran Hotel Indonesia (HI),PM25,DKI1,Bundaran HI,2024,11,20,47,2
64.0,202411,21,2024-11-21,0I834,11.0,46.0,64.0,16.0,26.0,16.0,36.0,SEDANG,DKI1 Bundaran Hotel Indonesia (HI),PM25,DKI1,Bundaran HI,2024,11,21,47,3
48.0,202411,22,2024-11-22,0I834,11.0,32.0,48.0,13.0,24.0,17.0,31.0,BAIK,DKI1 Bundaran Hotel Indonesia (HI),PM25,DKI1,Bundaran HI,2024,11,22,47,4
54.0,202411,23,2024-11-23,0I834,11.0,34.0,54.0,12.0,26.0,18.0,29.0,SEDANG,DKI1 Bundaran Hotel Indonesia (HI),PM25,DKI1,Bundaran HI,2024,11,23,47,5
51.0,202411,24,2024-11-24,0I834,11.0,40.0,51.0,10.0,25.0,11.0,22.0,SEDANG,DKI1 Bundaran Hotel Indonesia (HI),PM25,DKI1,Bundaran HI,2024,11,24,47,6
44.0,202411,25,2024-11-25,0I834,11.0,31.0,44.0,14.0,24.0,14.0,27.0,BAIK,DKI1 Bundaran Hotel Indonesia (HI),PM25,DKI1,Bundaran HI,2024,11,25,48,0
55.0,202411,26,2024-11-26,0I834,11.0,40.0,55.0,13.0,26.0,14.0,29.0,SEDANG,DKI1 Bundaran Hotel Indonesia (HI),PM25,DKI1,Bundaran HI,2024,11,26,48,1
50.0,202411,27,2024-11-27,0I834,11.0,50.0,,10.0,,10.0,27.0,BAIK,DKI1 Bundaran Hotel Indonesia (HI),PM10,DKI1,Bundaran HI,2024,11,27,48,2
42.0,202411,28,2024-11-28,0I834,11.0,30.0,42.0,9.0,25.0,9.0,24.0,BAIK,DKI1 Bundaran Hotel Indonesia (HI),PM25,DKI1,Bundaran HI,2024,11,28,48,3
32.0,202411,29,2024-11-29,0I834,11.0,29.0,32.0,10.0,23.0,8.0,21.0,BAIK,DKI1 Bundaran Hotel Indonesia (HI),PM25,DKI1,Bundaran HI,2024,11,29,48,4
40.0,202411,30,2024-11-30,0I834,11.0,27.0,40.0,10.0,22.0,7.0,16.0,BAIK,DKI1 Bundaran Hotel Indonesia (HI),PM25,DKI1,Bundaran HI,2024,11,30,48,5
88.0,202411,1,2024-11-01,0I834,11.0,62.0,88.0,59.0,15.0,29.0,31.0,SEDANG,DKI2 Kelapa Gading,PM25,DKI2,Kelapa Gading,2024,11,1,44,4
89.0,202411,2,2024-11-02,0I834,11.0,70.0,89.0,60.0,11.0,25.0,18.0,SEDANG,DKI2 Kelapa Gading,PM25,DKI2,Kelapa Gading,2024,11,2,44,5
66.0,202411,3,2024-11-03,0I834,11.0,51.0,66.0,59.0,18.0,25.0,39.0,SEDANG,DKI2 Kelapa Gading,PM25,DKI2,Kelapa Gading,2024,11,3,44,6
66.0,202411,4,2024-11-04,0I834,11.0,52.0,66.0,59.0,15.0,18.0,34.0,SEDANG,DKI2 Kelapa Gading,PM25,DKI2,Kelapa Gading,2024,11,4,45,0
70.0,202411,5,2024-11-05,0I834,11.0,51.0,70.0,59.0,13.0,22.0,25.0,SEDANG,DKI2 Kelapa Gading,PM25,DKI2,Kelapa Gading,2024,11,5,45,1
63.0,202411,6,2024-11-06,0I834,11.0,50.0,63.0,59.0,14.0,21.0,29.0,SEDANG,DKI2 Kelapa Gading,PM25,DKI2,Kelapa Gading,2024,11,6,45,2
86.0,202411,7,2024-11-07,0I834,11.0,60.0,86.0,60.0,12.0,25.0,26.0,SEDANG,DKI2 Kelapa Gading,PM25,DKI2,Kelapa Gading,2024,11,7,45,3
91.0,202411,8,2024-11-08,0I834,11.0,60.0,91.0,60.0,16.0,30.0,36.0,SEDANG,DKI2 Kelapa Gading,PM25,DKI2,Kelapa Gading,2024,11,8,45,4
100.0,202411,9,2024-11-09,0I834,11.0,71.0,100.0,60.0,11.0,31.0,25.0,SEDANG,DKI2 Kelapa Gading,PM25,DKI2,Kelapa Gading,2024,11,9,45,5
77.0,202411,10,2024-11-10,0I834,11.0,60.0,77.0,60.0,20.0,21.0,49.0,SEDANG,DKI2 Kelapa Gading,PM25,DKI2,Kelapa Gading,2024,11,10,45,6
70.0,202411,11,2024-11-11,0I834,11.0,55.0,70.0,59.0,16.0,23.0,36.0,SEDANG,DKI2 Kelapa Gading,PM25,DKI2,Kelapa Gading,2024,11,11,46,0
60.0,202411,12,2024-11-12,0I834,11.0,52.0,59.0,60.0,15.0,16.0,39.0,SEDANG,DKI2 Kelapa Gading,SO2,DKI2,Kelapa Gading,2024,11,12,46,1
81.0,202411,13,2024-11-13,0I834,11.0,61.0,81.0,61.0,13.0,14.0,38.0,SEDANG,DKI2 Kelapa Gading,PM25,DKI2,Kelapa Gading,2024,11,13,46,2
96.0,202411,14,2024-11-14,0I834,11.0,64.0,96.0,61.0,10.0,15.0,22.0,SEDANG,DKI2 Kelapa Gading,PM25,DKI2,Kelapa Gading,2024,11,14,46,3
118.0,202411,15,2024-11-15,0I834,11.0,76.0,118.0,62.0,14.0,21.0,27.0,TIDAK SEHAT,DKI2 Kelapa Gading,PM25,DKI2,Kelapa Gading,2024,11,15,46,4
113.0,202411,16,2024-11-16,0I834,11.0,78.0,113.0,61.0,13.0,20.0,25.0,TIDAK SEHAT,DKI2 Kelapa Gading,PM25,DKI2,Kelapa Gading,2024,11,16,46,5
132.0,202411,17,2024-11-17,0I834,11.0,,132.0,62.0,24.0,17.0,52.0,TIDAK SEHAT,DKI2 Kelapa Gading,PM25,DKI2,Kelapa Gading,2024,11,17,46,6
69.0,202411,18,2024-11-18,0I834,11.0,58.0,69.0,60.0,11.0,16.0,19.0,SEDANG,DKI2 Kelapa Gading,PM25,DKI2,Kelapa Gading,2024,11,18,47,0
68.0,202411,19,2024-11-19,0I834,11.0,50.0,68.0,60.0,16.0,19.0,33.0,SEDANG,DKI2 Kelapa Gading,PM25,DKI2,Kelapa Gading,2024,11,19,47,1
71.0,202411,20,2024-11-20,0I834,11.0,57.0,71.0,61.0,15.0,23.0,42.0,SEDANG,DKI2 Kelapa Gading,PM25,DKI2,Kelapa Gading,2024,11,20,47,2
70.0,202411,21,2024-11-21,0I834,11.0,57.0,70.0,,12.0,19.0,29.0,SEDANG,DKI2 Kelapa Gading,PM25,DKI2,Kelapa Gading,2024,11,21,47,3
60.0,202411,22,2024-11-22,0I834,11.0,43.0,54.0,60.0,11.0,19.0,25.0,SEDANG,DKI2 Kelapa Gading,SO2,DKI2,Kelapa Gading,2024,11,22,47,4
60.0,202411,23,2024-11-23,0I834,11.0,44.0,58.0,60.0,13.0,20.0,27.0,SEDANG,DKI2 Kelapa Gading,SO2,DKI2,Kelapa Gading,2024,11,23,47,5
60.0,202411,24,2024-11-24,0I834,11.0,41.0,49.0,60.0,11.0,15.0,20.0,SEDANG,DKI2 Kelapa Gading,SO2,DKI2,Kelapa Gading,2024,11,24,47,6
60.0,202411,25,2024-11-25,0I834,11.0,36.0,52.0,60.0,12.0,11.0,25.0,SEDANG,DKI2 Kelapa Gading,SO2,DKI2,Kelapa Gading,2024,11,25,48,0
63.0,202411,26,2024-11-26,0I834,11.0,54.0,63.0,62.0,13.0,16.0,35.0,SEDANG,DKI2 Kelapa Gading,PM25,DKI2,Kelapa Gading,2024,11,26,48,1
61.0,202411,27,2024-11-27,0I834,11.0,50.0,59.0,61.0,16.0,13.0,41.0,SEDANG,DKI2 Kelapa Gading,SO2,DKI2,Kelapa Gading,2024,11,27,48,2
59.0,202411,28,2024-11-28,0I834,11.0,30.0,44.0,59.0,13.0,11.0,25.0,SEDANG,DKI2 Kelapa Gading,SO2,DKI2,Kelapa Gading,2024,11,28,48,3
60.0,202411,29,2024-11-29,0I834,11.0,38.0,53.0,60.0,12.0,11.0,25.0,SEDANG,DKI2 Kelapa Gading,SO2,DKI2,Kelapa Gading,2024,11,29,48,4
59.0,202411,30,2024-11-30,0I834,11.0,26.0,39.0,59.0,10.0,11.0,21.0,SEDANG,DKI2 Kelapa Gading,SO2,DKI2,Kelapa Gading,2024,11,30,48,5
77.0,202411,1,2024-11-01,0I834,11.0,52.0,77.0,64.0,12.0,26.0,,SEDANG,DKI3 Jagakarsa,PM25,DKI3,Jagakarsa,2024,11,1,44,4
84.0,202411,2,2024-11-02,0I834,11.0,58.0,84.0,65.0,13.0,24.0,,SEDANG,DKI3 Jagakarsa,PM25,DKI3,Jagakarsa,2024,11,2,44,5
81.0,202411,3,2024-11-03,0I834,11.0,46.0,65.0,63.0,16.0,18.0,,SEDANG,DKI3 Jagakarsa,,DKI3,Jagakarsa,2024,11,3,44,6
77.0,202411,4,2024-11-04,0I834,11.0,40.0,60.0,63.0,15.0,26.0,,SEDANG,DKI3 Jagakarsa,,DKI3,Jagakarsa,2024,11,4,45,0
73.0,202411,5,2024-11-05,0I834,11.0,50.0,73.0,64.0,11.0,26.0,,SEDANG,DKI3 Jagakarsa,PM25,DKI3,Jagakarsa,2024,11,5,45,1
64.0,202411,6,2024-11-06,0I834,11.0,35.0,55.0,64.0,10.0,23.0,,SEDANG,DKI3 Jagakarsa,SO2,DKI3,Jagakarsa,2024,11,6,45,2
80.0,202411,7,2024-11-07,0I834,11.0,58.0,80.0,65.0,13.0,25.0,,SEDANG,DKI3 Jagakarsa,PM25,DKI3,Jagakarsa,2024,11,7,45,3
83.0,202411,8,2024-11-08,0I834,11.0,59.0,83.0,64.0,12.0,31.0,,SEDANG,DKI3 Jagakarsa,PM25,DKI3,Jagakarsa,2024,11,8,45,4
79.0,202411,9,2024-11-09,0I834,11.0,51.0,79.0,64.0,11.0,28.0,,SEDANG,DKI3 Jagakarsa,PM25,DKI3,Jagakarsa,2024,11,9,45,5
67.0,202411,10,2024-11-10,0I834,11.0,41.0,63.0,64.0,13.0,22.0,,SEDANG,DKI3 Jagakarsa,,DKI3,Jagakarsa,2024,11,10,45,6
66.0,202411,11,2024-11-11,0I834,11.0,46.0,62.0,64.0,15.0,19.0,,SEDANG,DKI3 Jagakarsa,,DKI3,Jagakarsa,2024,11,11,46,0
82.0,202411,12,2024-11-12,0I834,11.0,30.0,51.0,63.0,13.0,19.0,,SEDANG,DKI3 Jagakarsa,,DKI3,Jagakarsa,2024,11,12,46,1
85.0,202411,13,2024-11-13,0I834,11.0,54.0,73.0,65.0,16.0,16.0,,SEDANG,DKI3 Jagakarsa,,DKI3,Jagakarsa,2024,11,13,46,2
102.0,202411,14,2024-11-14,0I834,11.0,74.0,102.0,68.0,16.0,16.0,,TIDAK SEHAT,DKI3 Jagakarsa,PM25,DKI3,Jagakarsa,2024,11,14,46,3
102.0,202411,15,2024-11-15,0I834,11.0,70.0,102.0,67.0,13.0,24.0,,TIDAK SEHAT,DKI3 Jagakarsa,PM25,DKI3,Jagakarsa,2024,11,15,46,4
87.0,202411,16,2024-11-16,0I834,11.0,67.0,87.0,65.0,14.0,22.0,,SEDANG,DKI3 Jagakarsa,PM25,DKI3,Jagakarsa,2024,11,16,46,5
99.0,202411,17,2024-11-17,0I834,11.0,73.0,88.0,65.0,24.0,23.0,,SEDANG,DKI3 Jagakarsa,,DKI3,Jagakarsa,2024,11,17,46,6
64.0,202411,18,2024-11-18,0I834,11.0,50.0,57.0,64.0,11.0,19.0,,SEDANG,DKI3 Jagakarsa,SO2,DKI3,Jagakarsa,2024,11,18,47,0
69.0,202411,19,2024-11-19,0I834,11.0,40.0,56.0,65.0,12.0,17.0,,SEDANG,DKI3 Jagakarsa,,DKI3,Jagakarsa,2024,11,19,47,1
72.0,202411,20,2024-11-20,0I834,11.0,35.0,51.0,66.0,11.0,26.0,,SEDANG,DKI3 Jagakarsa,,DKI3,Jagakarsa,2024,11,20,47,2
66.0,202411,21,2024-11-21,0I834,11.0,44.0,60.0,65.0,11.0,22.0,,SEDANG,DKI3 Jagakarsa,,DKI3,Jagakarsa,2024,11,21,47,3
65.0,202411,22,2024-11-22,0I834,11.0,49.0,61.0,65.0,10.0,18.0,,SEDANG,DKI3 Jagakarsa,SO2,DKI3,Jagakarsa,2024,11,22,47,4
78.0,202411,23,2024-11-23,0I834,11.0,48.0,64.0,65.0,14.0,16.0,,SEDANG,DKI3 Jagakarsa,,DKI3,Jagakarsa,2024,11,23,47,5
68.0,202411,24,2024-11-24,0I834,11.0,48.0,55.0,65.0,11.0,13.0,,SEDANG,DKI3 Jagakarsa,,DKI3,Jagakarsa,2024,11,24,47,6
73.0,202411,25,2024-11-25,0I834,11.0,30.0,50.0,65.0,11.0,14.0,,SEDANG,DKI3 Jagakarsa,,DKI3,Jagakarsa,2024,11,25,48,0
71.0,202411,26,2024-11-26,0I834,11.0,40.0,60.0,65.0,10.0,17.0,,SEDANG,DKI3 Jagakarsa,,DKI3,Jagakarsa,2024,11,26,48,1
77.0,202411,27,2024-11-27,0I834,11.0,50.0,63.0,65.0,13.0,13.0,,SEDANG,DKI3 Jagakarsa,,DKI3,Jagakarsa,2024,11,27,48,2
67.0,202411,29,2024-11-29,0I834,11.0,21.0,,67.0,6.0,13.0,26.0,SEDANG,DKI3 Jagakarsa,SO2,DKI3,Jagakarsa,2024,11,29,48,4
67.0,202411,30,2024-11-30,0I834,11.0,35.0,,67.0,7.0,10.0,34.0,SEDANG,DKI3 Jagakarsa,SO2,DKI3,Jagakarsa,2024,11,30,48,5
59.0,202411,1,2024-11-01,0I834,11.0,58.0,59.0,54.0,23.0,36.0,28.0,SEDANG,DKI4 Lubang Buaya,PM25,DKI4,Lubang Buaya,2024,11,1,44,4
68.0,202411,2,2024-11-02,0I834,11.0,66.0,68.0,54.0,23.0,32.0,23.0,SEDANG,DKI4 Lubang Buaya,PM25,DKI4,Lubang Buaya,2024,11,2,44,5
53.0,202411,3,2024-11-03,0I834,11.0,45.0,52.0,53.0,,28.0,28.0,SEDANG,DKI4 Lubang Buaya,SO2,DKI4,Lubang Buaya,2024,11,3,44,6
53.0,202411,4,2024-11-04,0I834,11.0,48.0,51.0,53.0,27.0,35.0,28.0,SEDANG,DKI4 Lubang Buaya,SO2,DKI4,Lubang Buaya,2024,11,4,45,0
56.0,202411,5,2024-11-05,0I834,11.0,56.0,55.0,54.0,23.0,35.0,25.0,SEDANG,DKI4 Lubang Buaya,PM10,DKI4,Lubang Buaya,2024,11,5,45,1
53.0,202411,6,2024-11-06,0I834,11.0,43.0,49.0,53.0,22.0,29.0,24.0,SEDANG,DKI4 Lubang Buaya,SO2,DKI4,Lubang Buaya,2024,11,6,45,2
61.0,202411,7,2024-11-07,0I834,11.0,53.0,61.0,54.0,24.0,33.0,21.0,SEDANG,DKI4 Lubang Buaya,PM25,DKI4,Lubang Buaya,2024,11,7,45,3
86.0,202410,10,2024-10-10,0I834,10.0,60.0,86.0,14.0,27.0,26.0,43.0,SEDANG,DKI1 Bundaran Hotel Indonesia (HI),PM25,DKI1,Bundaran HI,2024,10,10,41,3
83.0,202410,11,2024-10-11,0I834,10.0,60.0,83.0,15.0,28.0,18.0,47.0,SEDANG,DKI1 Bundaran Hotel Indonesia (HI),PM25,DKI1,Bundaran HI,2024,10,11,41,4
77.0,202410,12,2024-10-12,0I834,10.0,58.0,77.0,16.0,24.0,22.0,34.0,SEDANG,DKI1 Bundaran Hotel Indonesia (HI),PM25,DKI1,Bundaran HI,2024,10,12,41,5
92.0,202410,13,2024-10-13,0I834,10.0,63.0,92.0,11.0,27.0,26.0,33.0,SEDANG,DKI1 Bundaran Hotel Indonesia (HI),PM25,DKI1,Bundaran HI,2024,10,13,41,6
86.0,202410,14,2024-10-14,0I834,10.0,61.0,86.0,12.0,26.0,31.0,37.0,SEDANG,DKI1 Bundaran Hotel Indonesia (HI),PM25,DKI1,Bundaran HI,2024,10,14,42,0
71.0,202410,15,2024-10-15,0I834,10.0,53.0,71.0,13.0,24.0,35.0,40.0,SEDANG,DKI1 Bundaran Hotel Indonesia (HI),PM25,DKI1,Bundaran HI,2024,10,15,42,1
94.0,202410,16,2024-10-16,0I834,10.0,69.0,94.0,15.0,30.0,33.0,48.0,SEDANG,DKI1 Bundaran Hotel Indonesia (HI),PM25,DKI1,Bundaran HI,2024,10,16,42,2
70.0,202410,17,2024-10-17,0I834,10.0,59.0,70.0,14.0,26.0,32.0,44.0,SEDANG,DKI1 Bundaran Hotel Indonesia (HI),PM25,DKI1,Bundaran HI,2024,10,17,42,3
73.0,202410,18,2024-10-18,0I834,10.0,55.0,73.0,13.0,25.0,36.0,40.0,SEDANG,DKI1 Bundaran Hotel Indonesia (HI),PM25,DKI1,Bundaran HI,2024,10,18,42,4
82.0,202410,19,2024-10-19,0I834,10.0,65.0,82.0,14.0,26.0,39.0,37.0,SEDANG,DKI1 Bundaran Hotel Indonesia (HI),PM25,DKI1,Bundaran HI,2024,10,19,42,5
82.0,202410,20,2024-10-20,0I834,10.0,61.0,82.0,14.0,,20.0,34.0,SEDANG,DKI1 Bundaran Hotel Indonesia (HI),PM25,DKI1,Bundaran HI,2024,10,20,42,6
82.0,202410,21,2024-10-21,0I834,10.0,51.0,82.0,12.0,23.0,28.0,32.0,SEDANG,DKI1 Bundaran Hotel Indonesia (HI),PM25,DKI1,Bundaran HI,2024,10,21,43,0
94.0,202410,22,2024-10-22,0I834,10.0,64.0,94.0,14.0,28.0,32.0,51.0,SEDANG,DKI1 Bundaran Hotel Indonesia (HI),PM25,DKI1,Bundaran HI,2024,10,22,43,1
84.0,202410,23,2024-10-23,0I834,10.0,57.0,84.0,12.0,24.0,40.0,38.0,SEDANG,DKI1 Bundaran Hotel Indonesia (HI),PM25,DKI1,Bundaran HI,2024,10,23,43,2
78.0,202410,24,2024-10-24,0I834,10.0,52.0,78.0,10.0,23.0,34.0,35.0,SEDANG,DKI1 Bundaran Hotel Indonesia (HI),PM25,DKI1,Bundaran HI,2024,10,24,43,3
73.0,202410,25,2024-10-25,0I834,10.0,52.0,73.0,9.0,26.0,40.0,45.0,SEDANG,DKI1 Bundaran Hotel Indonesia (HI),PM25,DKI1,Bundaran HI,2024,10,25,43,4
76.0,202410,26,2024-10-26,0I834,10.0,57.0,76.0,8.0,26.0,29.0,40.0,SEDANG,DKI1 Bundaran Hotel Indonesia (HI),PM25,DKI1,Bundaran HI,2024,10,26,43,5
78.0,202410,27,2024-10-27,0I834,10.0,54.0,78.0,19.0,23.0,34.0,31.0,SEDANG,DKI1 Bundaran Hotel Indonesia (HI),PM25,DKI1,Bundaran HI,2024,10,27,43,6
83.0,202410,28,2024-10-28,0I834,10.0,60.0,83.0,10.0,26.0,37.0,36.0,SEDANG,DKI1 Bundaran Hotel Indonesia (HI),PM25,DKI1,Bundaran HI,2024,10,28,44,0
75.0,202410,29,2024-10-29,0I834,10.0,59.0,75.0,11.0,28.0,29.0,41.0,SEDANG,DKI1 Bundaran Hotel Indonesia (HI),PM25,DKI1,Bundaran HI,2024,10,29,44,1
86.0,202410,30,2024-10-30,0I834,10.0,62.0,86.0,11.0,27.0,36.0,44.0,SEDANG,DKI1 Bundaran Hotel Indonesia (HI),PM25,DKI1,Bundaran HI,2024,10,30,44,2
78.0,202410,31,2024-10-31,0I834,10.0,59.0,78.0,11.0,28.0,29.0,45.0,SEDANG,DKI1 Bundaran Hotel Indonesia (HI),PM25,DKI1,Bundaran HI,2024,10,31,44,3
85.0,202410,1,2024-10-01,0I834,10.0,63.0,85.0,59.0,12.0,28.0,22.0,SEDANG,DKI2 Kelapa Gading,PM25,DKI2,Kelapa Gading,2024,10,1,40,1
89.0,202410,2,2024-10-02,0I834,10.0,67.0,89.0,59.0,12.0,30.0,26.0,SEDANG,DKI2 Kelapa Gading,PM25,DKI2,Kelapa Gading,2024,10,2,40,2
96.0,202410,3,2024-10-03,0I834,10.0,69.0,96.0,59.0,12.0,25.0,26.0,SEDANG,DKI2 Kelapa Gading,PM25,DKI2,Kelapa Gading,2024,10,3,40,3
82.0,202410,4,2024-10-04,0I834,10.0,63.0,82.0,59.0,10.0,29.0,18.0,SEDANG,DKI2 Kelapa Gading,PM25,DKI2,Kelapa Gading,2024,10,4,40,4
82.0,202410,5,2024-10-05,0I834,10.0,62.0,82.0,59.0,15.0,23.0,38.0,SEDANG,DKI2 Kelapa Gading,PM25,DKI2,Kelapa Gading,2024,10,5,40,5
75.0,202410,6,2024-10-06,0I834,10.0,56.0,75.0,59.0,13.0,28.0,23.0,SEDANG,DKI2 Kelapa Gading,PM25,DKI2,Kelapa Gading,2024,10,6,40,6
107.0,202410,7,2024-10-07,0I834,10.0,77.0,107.0,60.0,16.0,25.0,35.0,TIDAK SEHAT,DKI2 Kelapa Gading,PM25,DKI2,Kelapa Gading,2024,10,7,41,0
84.0,202410,8,2024-10-08,0I834,10.0,63.0,84.0,60.0,12.0,25.0,23.0,SEDANG,DKI2 Kelapa Gading,PM25,DKI2,Kelapa Gading,2024,10,8,41,1
77.0,202410,9,2024-10-09,0I834,10.0,62.0,77.0,59.0,10.0,30.0,15.0,SEDANG,DKI2 Kelapa Gading,PM25,DKI2,Kelapa Gading,2024,10,9,41,2
88.0,202410,10,2024-10-10,0I834,10.0,69.0,88.0,59.0,11.0,30.0,22.0,SEDANG,DKI2 Kelapa Gading,PM25,DKI2,Kelapa Gading,2024,10,10,41,3
77.0,202410,11,2024-10-11,0I834,10.0,62.0,77.0,59.0,9.0,28.0,16.0,SEDANG,DKI2 Kelapa Gading,PM25,DKI2,Kelapa Gading,2024,10,11,41,4
82.0,202410,12,2024-10-12,0I834,10.0,65.0,82.0,60.0,10.0,24.0,19.0,SEDANG,DKI2 Kelapa Gading,PM25,DKI2,Kelapa Gading,2024,10,12,41,5
82.0,202410,13,2024-10-13,0I834,10.0,62.0,82.0,58.0,12.0,24.0,18.0,SEDANG,DKI2 Kelapa Gading,PM25,DKI2,Kelapa Gading,2024,10,13,41,6
82.0,202410,14,2024-10-14,0I834,10.0,65.0,82.0,59.0,13.0,26.0,26.0,SEDANG,DKI2 Kelapa Gading,PM25,DKI2,Kelapa Gading,2024,10,14,42,0
81.0,202410,15,2024-10-15,0I834,10.0,60.0,81.0,59.0,13.0,36.0,25.0,SEDANG,DKI2 Kelapa Gading,PM25,DKI2,Kelapa Gading,2024,10,15,42,1
100.0,202410,16,2024-10-16,0I834,10.0,78.0,100.0,60.0,16.0,33.0,36.0,SEDANG,DKI2 Kelapa Gading,PM25,DKI2,Kelapa Gading,2024,10,16,42,2
77.0,202410,17,2024-10-17,0I834,10.0,60.0,77.0,59.0,14.0,32.0,33.0,SEDANG,DKI2 Kelapa Gading,PM25,DKI2,Kelapa Gading,2024,10,17,42,3
80.0,202410,18,2024-10-18,0I834,10.0,61.0,80.0,59.0,12.0,40.0,23.0,SEDANG,DKI2 Kelapa Gading,PM25,DKI2,Kelapa Gading,2024,10,18,42,4
102.0,202410,19,2024-10-19,0I834,10.0,78.0,102.0,59.0,13.0,34.0,26.0,TIDAK SEHAT,DKI2 Kelapa Gading,PM25,DKI2,Kelapa Gading,2024,10,19,42,5
71.0,202410,20,2024-10-20,0I834,10.0,59.0,71.0,59.0,12.0,23.0,21.0,SEDANG,DKI2 Kelapa Gading,PM25,DKI2,Kelapa Gading,2024,10,20,42,6
70.0,202410,21,2024-10-21,0I834,10.0,51.0,70.0,59.0,12.0,27.0,22.0,SEDANG,DKI2 Kelapa Gading,PM25,DKI2,Kelapa Gading,2024,10,21,43,0
106.0,202410,22,2024-10-22,0I834,10.0,85.0,106.0,60.0,14.0,34.0,32.0,TIDAK SEHAT,DKI2 Kelapa Gading,PM25,DKI2,Kelapa Gading,2024,10,22,43,1
90.0,202410,23,2024-10-23,0I834,10.0,68.0,90.0,59.0,11.0,38.0,17.0,SEDANG,DKI2 Kelapa Gading,PM25,DKI2,Kelapa Gading,2024,10,23,43,2
74.0,202410,24,2024-10-24,0I834,10.0,60.0,74.0,59.0,9.0,29.0,18.0,SEDANG,DKI2 Kelapa Gading,PM25,DKI2,Kelapa Gading,2024,10,24,43,3
69.0,202410,25,2024-10-25,0I834,10.0,52.0,69.0,59.0,9.0,31.0,18.0,SEDANG,DKI2 Kelapa Gading,PM25,DKI2,Kelapa Gading,2024,10,25,43,4
75.0,202410,26,2024-10-26,0I834,10.0,59.0,75.0,59.0,13.0,31.0,29.0,SEDANG,DKI2 Kelapa Gading,PM25,DKI2,Kelapa Gading,2024,10,26,43,5
77.0,202410,27,2024-10-27,0I834,10.0,58.0,77.0,61.0,11.0,32.0,19.0,SEDANG,DKI2 Kelapa Gading,PM25,DKI2,Kelapa Gading,2024,10,27,43,6
90.0,202410,28,2024-10-28,0I834,10.0,64.0,90.0,60.0,13.0,30.0,22.0,SEDANG,DKI2 Kelapa Gading,PM25,DKI2,Kelapa Gading,2024,10,28,44,0
86.0,202410,29,2024-10-29,0I834,10.0,65.0,86.0,60.0,14.0,31.0,29.0,SEDANG,DKI2 Kelapa Gading,PM25,DKI2,Kelapa Gading,2024,10,29,44,1
87.0,202410,30,2024-10-30,0I834,10.0,66.0,87.0,59.0,12.0,34.0,22.0,SEDANG,DKI2 Kelapa Gading,PM25,DKI2,Kelapa Gading,2024,10,30,44,2
80.0,202410,31,2024-10-31,0I834,10.0,65.0,80.0,59.0,13.0,28.0,26.0,SEDANG,DKI2 Kelapa Gading,PM25,DKI2,Kelapa Gading,2024,10,31,44,3
91.0,202410,1,2024-10-01,0I834,10.0,62.0,91.0,62.0,13.0,25.0,,SEDANG,DKI3 Jagakarsa,PM25,DKI3,Jagakarsa,2024,10,1,40,1
84.0,202410,2,2024-10-02,0I834,10.0,52.0,84.0,62.0,10.0,29.0,53.0,SEDANG,DKI3 Jagakarsa,PM25,DKI3,Jagakarsa,2024,10,2,40,2
81.0,202410,3,2024-10-03,0I834,10.0,49.0,81.0,63.0,11.0,23.0,,SEDANG,DKI3 Jagakarsa,PM25,DKI3,Jagakarsa,2024,10,3,40,3
75.0,202410,4,2024-10-04,0I834,10.0,50.0,75.0,63.0,10.0,25.0,52.0,SEDANG,DKI3 Jagakarsa,PM25,DKI3,Jagakarsa,2024,10,4,40,4
69.0,202410,5,2024-10-05,0I834,10.0,39.0,69.0,62.0,10.0,27.0,48.0,SEDANG,DKI3 Jagakarsa,PM25,DKI3,Jagakarsa,2024,10,5,40,5
67.0,202410,6,2024-10-06,0I834,10.0,39.0,67.0,62.0,9.0,28.0,41.0,SEDANG,DKI3 Jagakarsa,PM25,DKI3,Jagakarsa,2024,10,6,40,6
115.0,202410,7,2024-10-07,0I834,10.0,78.0,115.0,63.0,19.0,23.0,,TIDAK SEHAT,DKI3 Jagakarsa,PM25,DKI3,Jagakarsa,2024,10,7,41,0
72.0,202410,8,2024-10-08,0I834,10.0,46.0,72.0,63.0,8.0,28.0,47.0,SEDANG,DKI3 Jagakarsa,PM25,DKI3,Jagakarsa,2024,10,8,41,1
78.0,202410,9,2024-10-09,0I834,10.0,53.0,78.0,62.0,9.0,29.0,43.0,SEDANG,DKI3 Jagakarsa,PM25,DKI3,Jagakarsa,2024,10,9,41,2
73.0,202410,10,2024-10-10,0I834,10.0,45.0,73.0,62.0,8.0,30.0,46.0,SEDANG,DKI3 Jagakarsa,PM25,DKI3,Jagakarsa,2024,10,10,41,3
79.0,202410,11,2024-10-11,0I834,10.0,52.0,79.0,63.0,15.0,27.0,,SEDANG,DKI3 Jagakarsa,PM25,DKI3,Jagakarsa,2024,10,11,41,4
83.0,202410,12,2024-10-12,0I834,10.0,54.0,83.0,64.0,12.0,26.0,,SEDANG,DKI3 Jagakarsa,PM25,DKI3,Jagakarsa,2024,10,12,41,5
86.0,202410,13,2024-10-13,0I834,10.0,58.0,86.0,63.0,12.0,27.0,52.0,SEDANG,DKI3 Jagakarsa,PM25,DKI3,Jagakarsa,2024,10,13,41,6
108.0,202410,14,2024-10-14,0I834,10.0,77.0,108.0,63.0,17.0,29.0,,TIDAK SEHAT,DKI3 Jagakarsa,PM25,DKI3,Jagakarsa,2024,10,14,42,0
72.0,202410,15,2024-10-15,0I834,10.0,50.0,72.0,63.0,9.0,33.0,44.0,SEDANG,DKI3 Jagakarsa,PM25,DKI3,Jagakarsa,2024,10,15,42,1
84.0,202410,16,2024-10-16,0I834,10.0,61.0,84.0,63.0,14.0,31.0,,SEDANG,DKI3 Jagakarsa,PM25,DKI3,Jagakarsa,2024,10,16,42,2
64.0,202410,17,2024-10-17,0I834,10.0,37.0,64.0,64.0,8.0,36.0,45.0,SEDANG,DKI3 Jagakarsa,PM25,DKI3,Jagakarsa,2024,10,17,42,3
67.0,202410,18,2024-10-18,0I834,10.0,36.0,67.0,63.0,8.0,39.0,42.0,SEDANG,DKI3 Jagakarsa,PM25,DKI3,Jagakarsa,2024,10,18,42,4
94.0,202410,19,2024-10-19,0I834,10.0,60.0,94.0,64.0,12.0,36.0,,SEDANG,DKI3 Jagakarsa,PM25,DKI3,Jagakarsa,2024,10,19,42,5
75.0,202410,20,2024-10-20,0I834,10.0,53.0,75.0,65.0,9.0,22.0,,SEDANG,DKI3 Jagakarsa,PM25,DKI3,Jagakarsa,2024,10,20,42,6
69.0,202410,21,2024-10-21,0I834,10.0,33.0,69.0,63.0,7.0,28.0,35.0,SEDANG,DKI3 Jagakarsa,PM25,DKI3,Jagakarsa,2024,10,21,43,0
73.0,202410,22,2024-10-22,0I834,10.0,49.0,73.0,64.0,9.0,27.0,50.0,SEDANG,DKI3 Jagakarsa,PM25,DKI3,Jagakarsa,2024,10,22,43,1
72.0,202410,23,2024-10-23,0I834,10.0,43.0,72.0,64.0,7.0,36.0,46.0,SEDANG,DKI3 Jagakarsa,PM25,DKI3,Jagakarsa,2024,10,23,43,2
64.0,202410,24,2024-10-24,0I834,10.0,26.0,60.0,64.0,6.0,29.0,42.0,SEDANG,DKI3 Jagakarsa,SO2,DKI3,Jagakarsa,2024,10,24,43,3
69.0,202410,25,2024-10-25,0I834,10.0,53.0,69.0,64.0,9.0,25.0,,SEDANG,DKI3 Jagakarsa,PM25,DKI3,Jagakarsa,2024,10,25,43,4
63.0,202410,26,2024-10-26,0I834,10.0,46.0,61.0,63.0,9.0,23.0,54.0,SEDANG,DKI3 Jagakarsa,SO2,DKI3,Jagakarsa,2024,10,26,43,5
72.0,202410,27,2024-10-27,0I834,10.0,44.0,72.0,66.0,8.0,29.0,52.0,SEDANG,DKI3 Jagakarsa,PM25,DKI3,Jagakarsa,2024,10,27,43,6
87.0,202410,28,2024-10-28,0I834,10.0,58.0,87.0,64.0,10.0,28.0,52.0,SEDANG,DKI3 Jagakarsa,PM25,DKI3,Jagakarsa,2024,10,28,44,0
64.0,202410,29,2024-10-29,0I834,10.0,45.0,,64.0,10.0,28.0,54.0,SEDANG,DKI3 Jagakarsa,SO2,DKI3,Jagakarsa,2024,10,29,44,1
64.0,202410,30,2024-10-30,0I834,10.0,53.0,,64.0,9.0,34.0,53.0,SEDANG,DKI3 Jagakarsa,SO2,DKI3,Jagakarsa,2024,10,30,44,2
51.0,202410,31,2024-10-31,0I834,10.0,51.0,,24.0,26.0,31.0,41.0,SEDANG,DKI3 Jagakarsa,PM10,DKI3,Jagakarsa,2024,10,31,44,3
102.0,202410,1,2024-10-01,0I834,10.0,,102.0,54.0,25.0,37.0,25.0,TIDAK SEHAT,DKI4 Lubang Buaya,PM25,DKI4,Lubang Buaya,2024,10,1,40,1
67.0,202410,2,2024-10-02,0I834,10.0,67.0,,54.0,22.0,40.0,22.0,SEDANG,DKI4 Lubang Buaya,PM10,DKI4,Lubang Buaya,2024,10,2,40,2
74.0,202410,3,2024-10-03,0I834,10.0,65.0,74.0,54.0,25.0,33.0,27.0,SEDANG,DKI4 Lubang Buaya,PM25,DKI4,Lubang Buaya,2024,10,3,40,3
67.0,202410,4,2024-10-04,0I834,10.0,64.0,67.0,54.0,21.0,35.0,22.0,SEDANG,DKI4 Lubang Buaya,PM25,DKI4,Lubang Buaya,2024,10,4,40,4
62.0,202410,5,2024-10-05,0I834,10.0,58.0,62.0,54.0,24.0,33.0,27.0,SEDANG,DKI4 Lubang Buaya,PM25,DKI4,Lubang Buaya,2024,10,5,40,5
56.0,202410,6,2024-10-06,0I834,10.0,50.0,56.0,54.0,21.0,36.0,19.0,SEDANG,DKI4 Lubang Buaya,PM25,DKI4,Lubang Buaya,2024,10,6,40,6
76.0,202410,7,2024-10-07,0I834,10.0,75.0,76.0,54.0,30.0,28.0,29.0,SEDANG,DKI4 Lubang Buaya,PM25,DKI4,Lubang Buaya,2024,10,7,41,0
62.0,202410,8,2024-10-08,0I834,10.0,59.0,62.0,49.0,20.0,33.0,23.0,SEDANG,DKI4 Lubang Buaya,PM25,DKI4,Lubang Buaya,2024,10,8,41,1
61.0,202410,9,2024-10-09,0I834,10.0,61.0,60.0,53.0,19.0,37.0,18.0,SEDANG,DKI4 Lubang Buaya,PM10,DKI4,Lubang Buaya,2024,10,9,41,2
62.0,202410,10,2024-10-10,0I834,10.0,58.0,62.0,53.0,20.0,41.0,20.0,SEDANG,DKI4 Lubang Buaya,PM25,DKI4,Lubang Buaya,2024,10,10,41,3
66.0,202410,11,2024-10-11,0I834,10.0,64.0,66.0,53.0,23.0,34.0,26.0,SEDANG,DKI4 Lubang Buaya,PM25,DKI4,Lubang Buaya,2024,10,11,41,4
64.0,202410,12,2024-10-12,0I834,10.0,58.0,64.0,54.0,21.0,33.0,25.0,SEDANG,DKI4 Lubang Buaya,PM25,DKI4,Lubang Buaya,2024,10,12,41,5
60.0,202410,13,2024-10-13,0I834,10.0,59.0,60.0,53.0,21.0,36.0,20.0,SEDANG,DKI4 Lubang Buaya,PM25,DKI4,Lubang Buaya,2024,10,13,41,6
78.0,202410,14,2024-10-14,0I834,10.0,78.0,76.0,53.0,29.0,43.0,30.0,SEDANG,DKI4 Lubang Buaya,PM10,DKI4,Lubang Buaya,2024,10,14,42,0
50.0,202504,24,2025-04-24,0I834,4.0,16.0,50.0,18.0,3.0,16.0,4.0,BAIK,DKI5 Kebon Jeruk,PM25,DKI5,Kebon Jeruk,2025,4,24,17,3
81.0,202504,25,2025-04-25,0I834,4.0,23.0,81.0,19.0,9.0,24.0,3.0,SEDANG,DKI5 Kebon Jeruk,PM25,DKI5,Kebon Jeruk,2025,4,25,17,4
77.0,202504,26,2025-04-26,0I834,4.0,30.0,77.0,20.0,11.0,29.0,3.0,SEDANG,DKI5 Kebon Jeruk,PM25,DKI5,Kebon Jeruk,2025,4,26,17,5
85.0,202504,27,2025-04-27,0I834,4.0,31.0,85.0,21.0,12.0,47.0,4.0,SEDANG,DKI5 Kebon Jeruk,PM25,DKI5,Kebon Jeruk,2025,4,27,17,6
78.0,202504,28,2025-04-28,0I834,4.0,24.0,78.0,20.0,9.0,37.0,4.0,SEDANG,DKI5 Kebon Jeruk,PM25,DKI5,Kebon Jeruk,2025,4,28,18,0
81.0,202504,29,2025-04-29,0I834,4.0,21.0,81.0,21.0,9.0,33.0,5.0,SEDANG,DKI5 Kebon Jeruk,PM25,DKI5,Kebon Jeruk,2025,4,29,18,1
88.0,202504,30,2025-04-30,0I834,4.0,24.0,88.0,21.0,8.0,37.0,5.0,SEDANG,DKI5 Kebon Jeruk,PM25,DKI5,Kebon Jeruk,2025,4,30,18,2
91.0,202505,1,2025-05-01,0I834,5.0,58.0,91.0,34.0,17.0,19.0,41.0,SEDANG,DKI1 Bundaran Hotel Indonesia (HI),PM25,DKI1,Bundaran HI,2025,5,1,18,3
89.0,202505,2,2025-05-02,0I834,5.0,58.0,89.0,33.0,14.0,20.0,36.0,SEDANG,DKI1 Bundaran Hotel Indonesia (HI),PM25,DKI1,Bundaran HI,2025,5,2,18,4
83.0,202505,3,2025-05-03,0I834,5.0,56.0,83.0,33.0,15.0,16.0,46.0,SEDANG,DKI1 Bundaran Hotel Indonesia (HI),PM25,DKI1,Bundaran HI,2025,5,3,18,5
73.0,202505,4,2025-05-04,0I834,5.0,52.0,73.0,29.0,15.0,16.0,36.0,SEDANG,DKI1 Bundaran Hotel Indonesia (HI),PM25,DKI1,Bundaran HI,2025,5,4,18,6
96.0,202505,5,2025-05-05,0I834,5.0,60.0,96.0,35.0,20.0,11.0,42.0,SEDANG,DKI1 Bundaran Hotel Indonesia (HI),PM25,DKI1,Bundaran HI,2025,5,5,19,0
83.0,202505,6,2025-05-06,0I834,5.0,53.0,83.0,32.0,19.0,13.0,47.0,SEDANG,DKI1 Bundaran Hotel Indonesia (HI),PM25,DKI1,Bundaran HI,2025,5,6,19,1
85.0,202505,7,2025-05-07,0I834,5.0,58.0,85.0,31.0,23.0,12.0,50.0,SEDANG,DKI1 Bundaran Hotel Indonesia (HI),PM25,DKI1,Bundaran HI,2025,5,7,19,2
101.0,202505,8,2025-05-08,0I834,5.0,66.0,101.0,29.0,,11.0,,TIDAK SEHAT,DKI1 Bundaran Hotel Indonesia (HI),PM25,DKI1,Bundaran HI,2025,5,8,19,3
80.0,202505,9,2025-05-09,0I834,5.0,54.0,80.0,29.0,18.0,16.0,40.0,SEDANG,DKI1 Bundaran Hotel Indonesia (HI),PM25,DKI1,Bundaran HI,2025,5,9,19,4
88.0,202505,10,2025-05-10,0I834,5.0,56.0,88.0,33.0,18.0,23.0,39.0,SEDANG,DKI1 Bundaran Hotel Indonesia (HI),PM25,DKI1,Bundaran HI,2025,5,10,19,5
49.0,202501,15,2025-01-15,0I834,1.0,15.0,49.0,13.0,6.0,20.0,4.0,BAIK,DKI5 Kebon Jeruk Jakarta Barat,PM25,DKI5,Kebon Jeruk,2025,1,15,3,2
54.0,202501,16,2025-01-16,0I834,1.0,11.0,54.0,21.0,5.0,42.0,4.0,SEDANG,DKI5 Kebon Jeruk Jakarta Barat,PM25,DKI5,Kebon Jeruk,2025,1,16,3,3
54.0,202501,17,2025-01-17,0I834,1.0,11.0,54.0,26.0,4.0,50.0,5.0,SEDANG,DKI5 Kebon Jeruk Jakarta Barat,PM25,DKI5,Kebon Jeruk,2025,1,17,3,4
55.0,202501,18,2025-01-18,0I834,1.0,,25.0,11.0,3.0,55.0,,SEDANG,DKI5 Kebon Jeruk Jakarta Barat,O3,DKI5,Kebon Jeruk,2025,1,18,3,5
49.0,202501,19,2025-01-19,0I834,1.0,11.0,37.0,24.0,3.0,49.0,3.0,BAIK,DKI5 Kebon Jeruk Jakarta Barat,O3,DKI5,Kebon Jeruk,2025,1,19,3,6
52.0,202501,20,2025-01-20,0I834,1.0,10.0,43.0,18.0,3.0,52.0,5.0,SEDANG,DKI5 Kebon Jeruk Jakarta Barat,O3,DKI5,Kebon Jeruk,2025,1,20,4,0
54.0,202501,21,2025-01-21,0I834,1.0,15.0,54.0,3.0,12.0,38.0,13.0,SEDANG,DKI5 Kebon Jeruk Jakarta Barat,PM25,DKI5,Kebon Jeruk,2025,1,21,4,1
53.0,202501,22,2025-01-22,0I834,1.0,15.0,53.0,16.0,10.0,26.0,14.0,SEDANG,DKI5 Kebon Jeruk Jakarta Barat,PM25,DKI5,Kebon Jeruk,2025,1,22,4,2
66.0,202501,23,2025-01-23,0I834,1.0,16.0,66.0,28.0,7.0,28.0,15.0,SEDANG,DKI5 Kebon Jeruk Jakarta Barat,PM25,DKI5,Kebon Jeruk,2025,1,23,4,3
74.0,202501,24,2025-01-24,0I834,1.0,17.0,74.0,25.0,13.0,25.0,13.0,SEDANG,DKI5 Kebon Jeruk Jakarta Barat,PM25,DKI5,Kebon Jeruk,2025,1,24,4,4
64.0,202501,25,2025-01-25,0I834,1.0,16.0,64.0,22.0,10.0,24.0,9.0,SEDANG,DKI5 Kebon Jeruk Jakarta Barat,PM25,DKI5,Kebon Jeruk,2025,1,25,4,5
62.0,202501,26,2025-01-26,0I834,1.0,17.0,62.0,34.0,8.0,21.0,9.0,SEDANG,DKI5 Kebon Jeruk Jakarta Barat,PM25,DKI5,Kebon Jeruk,2025,1,26,4,6
54.0,202501,27,2025-01-27,0I834,1.0,10.0,54.0,24.0,3.0,13.0,8.0,SEDANG,DKI5 Kebon Jeruk Jakarta Barat,PM25,DKI5,Kebon Jeruk,2025,1,27,5,0
32.0,202501,28,2025-01-28,0I834,1.0,,32.0,22.0,3.0,20.0,7.0,BAIK,DKI5 Kebon Jeruk Jakarta Barat,PM25,DKI5,Kebon Jeruk,2025,1,28,5,1
32.0,202501,29,2025-01-29,0I834,1.0,11.0,32.0,15.0,6.0,25.0,14.0,BAIK,DKI5 Kebon Jeruk Jakarta Barat,PM25,DKI5,Kebon Jeruk,2025,1,29,5,2
28.0,202501,30,2025-01-30,0I834,1.0,,24.0,13.0,4.0,28.0,8.0,BAIK,DKI5 Kebon Jeruk Jakarta Barat,O3,DKI5,Kebon Jeruk,2025,1,30,5,3
51.0,202501,31,2025-01-31,0I834,1.0,10.0,51.0,14.0,7.0,26.0,13.0,SEDANG,DKI5 Kebon Jeruk Jakarta Barat,PM25,DKI5,Kebon Jeruk,2025,1,31,5,4
87.0,202505,11,2025-05-11,0I834,5.0,61.0,87.0,30.0,22.0,19.0,37.0,SEDANG,DKI1 Bundaran Hotel Indonesia (HI),PM25,DKI1,Bundaran HI,2025,5,11,19,6
59.0,202505,12,2025-05-12,0I834,5.0,38.0,59.0,29.0,14.0,11.0,24.0,SEDANG,DKI1 Bundaran Hotel Indonesia (HI),PM25,DKI1,Bundaran HI,2025,5,12,20,0
62.0,202505,13,2025-05-13,0I834,5.0,36.0,62.0,31.0,12.0,15.0,23.0,SEDANG,DKI1 Bundaran Hotel Indonesia (HI),PM25,DKI1,Bundaran HI,2025,5,13,20,1
71.0,202505,14,2025-05-14,0I834,5.0,47.0,71.0,31.0,16.0,21.0,41.0,SEDANG,DKI1 Bundaran Hotel Indonesia (HI),PM25,DKI1,Bundaran HI,2025,5,14,20,2
73.0,202505,15,2025-05-15,0I834,5.0,52.0,73.0,33.0,19.0,18.0,46.0,SEDANG,DKI1 Bundaran Hotel Indonesia (HI),PM25,DKI1,Bundaran HI,2025,5,15,20,3
77.0,202505,16,2025-05-16,0I834,5.0,51.0,77.0,27.0,19.0,,49.0,SEDANG,DKI1 Bundaran Hotel Indonesia (HI),PM25,DKI1,Bundaran HI,2025,5,16,20,4
82.0,202505,17,2025-05-17,0I834,5.0,58.0,82.0,29.0,18.0,14.0,45.0,SEDANG,DKI1 Bundaran Hotel Indonesia (HI),PM25,DKI1,Bundaran HI,2025,5,17,20,5
77.0,202505,18,2025-05-18,0I834,5.0,53.0,77.0,30.0,28.0,15.0,36.0,SEDANG,DKI1 Bundaran Hotel Indonesia (HI),PM25,DKI1,Bundaran HI,2025,5,18,20,6
73.0,202505,19,2025-05-19,0I834,5.0,50.0,73.0,32.0,14.0,19.0,38.0,SEDANG,DKI1 Bundaran Hotel Indonesia (HI),PM25,DKI1,Bundaran HI,2025,5,19,21,0
87.0,202505,20,2025-05-20,0I834,5.0,59.0,87.0,39.0,23.0,11.0,52.0,SEDANG,DKI1 Bundaran Hotel Indonesia (HI),PM25,DKI1,Bundaran HI,2025,5,20,21,1
80.0,202505,21,2025-05-21,0I834,5.0,52.0,80.0,35.0,17.0,6.0,44.0,SEDANG,DKI1 Bundaran Hotel Indonesia (HI),PM25,DKI1,Bundaran HI,2025,5,21,21,2
78.0,202505,22,2025-05-22,0I834,5.0,55.0,78.0,27.0,22.0,5.0,43.0,SEDANG,DKI1 Bundaran Hotel Indonesia (HI),PM25,DKI1,Bundaran HI,2025,5,22,21,3
84.0,202504,12,2025-04-12,0I834,4.0,64.0,84.0,33.0,24.0,16.0,14.0,SEDANG,DKI2 Kelapa Gading,PM25,DKI2,Kelapa Gading,2025,4,12,15,5
74.0,202504,13,2025-04-13,0I834,4.0,51.0,74.0,30.0,22.0,20.0,6.0,SEDANG,DKI2 Kelapa Gading,PM25,DKI2,Kelapa Gading,2025,4,13,15,6
32.0,202504,14,2025-04-14,0I834,4.0,30.0,32.0,29.0,14.0,12.0,12.0,BAIK,DKI2 Kelapa Gading,PM25,DKI2,Kelapa Gading,2025,4,14,16,0
62.0,202504,15,2025-04-15,0I834,4.0,48.0,62.0,34.0,16.0,12.0,10.0,SEDANG,DKI2 Kelapa Gading,PM25,DKI2,Kelapa Gading,2025,4,15,16,1
72.0,202504,16,2025-04-16,0I834,4.0,52.0,72.0,33.0,18.0,20.0,17.0,SEDANG,DKI2 Kelapa Gading,PM25,DKI2,Kelapa Gading,2025,4,16,16,2
72.0,202504,17,2025-04-17,0I834,4.0,53.0,72.0,31.0,21.0,17.0,8.0,SEDANG,DKI2 Kelapa Gading,PM25,DKI2,Kelapa Gading,2025,4,17,16,3
73.0,202504,18,2025-04-18,0I834,4.0,58.0,73.0,30.0,21.0,14.0,33.0,SEDANG,DKI2 Kelapa Gading,PM25,DKI2,Kelapa Gading,2025,4,18,16,4
73.0,202504,19,2025-04-19,0I834,4.0,56.0,73.0,32.0,19.0,17.0,42.0,SEDANG,DKI2 Kelapa Gading,PM25,DKI2,Kelapa Gading,2025,4,19,16,5
57.0,202504,20,2025-04-20,0I834,4.0,41.0,57.0,32.0,15.0,21.0,31.0,SEDANG,DKI2 Kelapa Gading,PM25,DKI2,Kelapa Gading,2025,4,20,16,6
61.0,202504,21,2025-04-21,0I834,4.0,44.0,61.0,32.0,15.0,14.0,33.0,SEDANG,DKI2 Kelapa Gading,PM25,DKI2,Kelapa Gading,2025,4,21,17,0
78.0,202504,22,2025-04-22,0I834,4.0,53.0,78.0,34.0,21.0,21.0,35.0,SEDANG,DKI2 Kelapa Gading,PM25,DKI2,Kelapa Gading,2025,4,22,17,1
81.0,202504,23,2025-04-23,0I834,4.0,62.0,81.0,34.0,25.0,13.0,47.0,SEDANG,DKI2 Kelapa Gading,PM25,DKI2,Kelapa Gading,2025,4,23,17,2
50.0,202504,24,2025-04-24,0I834,4.0,24.0,50.0,30.0,13.0,14.0,38.0,BAIK,DKI2 Kelapa Gading,PM25,DKI2,Kelapa Gading,2025,4,24,17,3
77.0,202504,25,2025-04-25,0I834,4.0,53.0,77.0,34.0,22.0,19.0,42.0,SEDANG,DKI2 Kelapa Gading,PM25,DKI2,Kelapa Gading,2025,4,25,17,4
77.0,202504,26,2025-04-26,0I834,4.0,53.0,77.0,35.0,18.0,20.0,33.0,SEDANG,DKI2 Kelapa Gading,PM25,DKI2,Kelapa Gading,2025,4,26,17,5
89.0,202504,27,2025-04-27,0I834,4.0,56.0,89.0,31.0,17.0,22.0,31.0,SEDANG,DKI2 Kelapa Gading,PM25,DKI2,Kelapa Gading,2025,4,27,17,6
34.0,202504,28,2025-04-28,0I834,4.0,,,31.0,16.0,19.0,34.0,BAIK,DKI2 Kelapa Gading,NO2,DKI2,Kelapa Gading,2025,4,28,18,0
83.0,202504,29,2025-04-29,0I834,4.0,57.0,83.0,34.0,17.0,20.0,7.0,SEDANG,DKI2 Kelapa Gading,PM25,DKI2,Kelapa Gading,2025,4,29,18,1
84.0,202504,30,2025-04-30,0I834,4.0,60.0,84.0,35.0,16.0,23.0,,SEDANG,DKI2 Kelapa Gading,PM25,DKI2,Kelapa Gading,2025,4,30,18,2
50.0,202504,1,2025-04-01,0I834,4.0,19.0,50.0,17.0,7.0,12.0,18.0,BAIK,DKI3 Jagakarsa,PM25,DKI3,Jagakarsa,2025,4,1,14,1
55.0,202504,2,2025-04-02,0I834,4.0,29.0,55.0,17.0,10.0,10.0,29.0,SEDANG,DKI3 Jagakarsa,PM25,DKI3,Jagakarsa,2025,4,2,14,2
54.0,202504,3,2025-04-03,0I834,4.0,21.0,54.0,17.0,10.0,19.0,46.0,SEDANG,DKI3 Jagakarsa,PM25,DKI3,Jagakarsa,2025,4,3,14,3
57.0,202504,4,2025-04-04,0I834,4.0,30.0,57.0,17.0,9.0,18.0,18.0,SEDANG,DKI3 Jagakarsa,PM25,DKI3,Jagakarsa,2025,4,4,14,4
68.0,202504,5,2025-04-05,0I834,4.0,42.0,68.0,23.0,9.0,19.0,17.0,SEDANG,DKI3 Jagakarsa,PM25,DKI3,Jagakarsa,2025,4,5,14,5
65.0,202504,6,2025-04-06,0I834,4.0,41.0,65.0,19.0,13.0,18.0,43.0,SEDANG,DKI3 Jagakarsa,PM25,DKI3,Jagakarsa,2025,4,6,14,6
53.0,202504,7,2025-04-07,0I834,4.0,26.0,53.0,19.0,13.0,21.0,32.0,SEDANG,DKI3 Jagakarsa,PM25,DKI3,Jagakarsa,2025,4,7,15,0
71.0,202504,8,2025-04-08,0I834,4.0,40.0,71.0,22.0,11.0,24.0,28.0,SEDANG,DKI3 Jagakarsa,PM25,DKI3,Jagakarsa,2025,4,8,15,1
78.0,202504,9,2025-04-09,0I834,4.0,49.0,78.0,22.0,12.0,21.0,25.0,SEDANG,DKI3 Jagakarsa,PM25,DKI3,Jagakarsa,2025,4,9,15,2
90.0,202504,10,2025-04-10,0I834,4.0,55.0,90.0,20.0,15.0,23.0,33.0,SEDANG,DKI3 Jagakarsa,PM25,DKI3,Jagakarsa,2025,4,10,15,3
70.0,202504,11,2025-04-11,0I834,4.0,41.0,70.0,19.0,17.0,23.0,40.0,SEDANG,DKI3 Jagakarsa,PM25,DKI3,Jagakarsa,2025,4,11,15,4
73.0,202504,12,2025-04-12,0I834,4.0,44.0,73.0,19.0,23.0,18.0,54.0,SEDANG,DKI3 Jagakarsa,PM25,DKI3,Jagakarsa,2025,4,12,15,5
61.0,202504,13,2025-04-13,0I834,4.0,35.0,61.0,19.0,13.0,20.0,25.0,SEDANG,DKI3 Jagakarsa,PM25,DKI3,Jagakarsa,2025,4,13,15,6
40.0,202504,14,2025-04-14,0I834,4.0,24.0,40.0,19.0,8.0,11.0,30.0,BAIK,DKI3 Jagakarsa,PM25,DKI3,Jagakarsa,2025,4,14,16,0
61.0,202504,15,2025-04-15,0I834,4.0,35.0,61.0,24.0,9.0,15.0,25.0,SEDANG,DKI3 Jagakarsa,PM25,DKI3,Jagakarsa,2025,4,15,16,1
72.0,202504,16,2025-04-16,0I834,4.0,51.0,72.0,22.0,19.0,23.0,,SEDANG,DKI3 Jagakarsa,PM25,DKI3,Jagakarsa,2025,4,16,16,2
96.0,202504,18,2025-04-18,0I834,4.0,63.0,96.0,21.0,19.0,18.0,38.0,SEDANG,DKI3 Jagakarsa,PM25,DKI3,Jagakarsa,2025,4,18,16,4
70.0,202504,19,2025-04-19,0I834,4.0,40.0,70.0,22.0,14.0,16.0,39.0,SEDANG,DKI3 Jagakarsa,PM25,DKI3,Jagakarsa,2025,4,19,16,5
61.0,202504,20,2025-04-20,0I834,4.0,32.0,61.0,22.0,9.0,21.0,15.0,SEDANG,DKI3 Jagakarsa,PM25,DKI3,Jagakarsa,2025,4,20,16,6
57.0,202504,21,2025-04-21,0I834,4.0,,57.0,27.0,8.0,13.0,33.0,SEDANG,DKI3 Jagakarsa,PM25,DKI3,Jagakarsa,2025,4,21,17,0
95.0,202504,22,2025-04-22,0I834,4.0,62.0,95.0,24.0,16.0,15.0,52.0,SEDANG,DKI3 Jagakarsa,PM25,DKI3,Jagakarsa,2025,4,22,17,1
84.0,202504,23,2025-04-23,0I834,4.0,59.0,84.0,23.0,18.0,11.0,,SEDANG,DKI3 Jagakarsa,PM25,DKI3,Jagakarsa,2025,4,23,17,2
53.0,202504,24,2025-04-24,0I834,4.0,38.0,53.0,22.0,6.0,14.0,27.0,SEDANG,DKI3 Jagakarsa,PM25,DKI3,Jagakarsa,2025,4,24,17,3
60.0,202504,25,2025-04-25,0I834,4.0,40.0,60.0,22.0,13.0,14.0,,SEDANG,DKI3 Jagakarsa,PM25,DKI3,Jagakarsa,2025,4,25,17,4
75.0,202504,26,2025-04-26,0I834,4.0,47.0,75.0,28.0,13.0,22.0,43.0,SEDANG,DKI3 Jagakarsa,PM25,DKI3,Jagakarsa,2025,4,26,17,5
70.0,202504,27,2025-04-27,0I834,4.0,44.0,70.0,24.0,14.0,25.0,38.0,SEDANG,DKI3 Jagakarsa,PM25,DKI3,Jagakarsa,2025,4,27,17,6
66.0,202504,28,2025-04-28,0I834,4.0,35.0,66.0,25.0,10.0,27.0,22.0,SEDANG,DKI3 Jagakarsa,PM25,DKI3,Jagakarsa,2025,4,28,18,0
70.0,202504,29,2025-04-29,0I834,4.0,43.0,70.0,26.0,11.0,27.0,22.0,SEDANG,DKI3 Jagakarsa,PM25,DKI3,Jagakarsa,2025,4,29,18,1
79.0,202504,30,2025-04-30,0I834,4.0,47.0,79.0,27.0,10.0,29.0,20.0,SEDANG,DKI3 Jagakarsa,PM25,DKI3,Jagakarsa,2025,4,30,18,2
25.0,202504,1,2025-04-01,0I834,4.0,18.0,25.0,17.0,9.0,13.0,8.0,BAIK,DKI4 Lubang Buaya,PM25,DKI4,Lubang Buaya,2025,4,1,14,1
31.0,202504,2,2025-04-02,0I834,4.0,30.0,31.0,16.0,12.0,11.0,10.0,BAIK,DKI4 Lubang Buaya,PM25,DKI4,Lubang Buaya,2025,4,2,14,2
34.0,202504,3,2025-04-03,0I834,4.0,34.0,29.0,17.0,13.0,16.0,8.0,BAIK,DKI4 Lubang Buaya,PM10,DKI4,Lubang Buaya,2025,4,3,14,3
31.0,202504,4,2025-04-04,0I834,4.0,31.0,,,,,,BAIK,DKI4 Lubang Buaya,PM10,DKI4,Lubang Buaya,2025,4,4,14,4
51.0,202504,5,2025-04-05,0I834,4.0,51.0,47.0,21.0,9.0,26.0,13.0,SEDANG,DKI4 Lubang Buaya,PM10,DKI4,Lubang Buaya,2025,4,5,14,5
55.0,202504,6,2025-04-06,0I834,4.0,55.0,41.0,17.0,15.0,23.0,12.0,SEDANG,DKI4 Lubang Buaya,PM10,DKI4,Lubang Buaya,2025,4,6,14,6
42.0,202504,7,2025-04-07,0I834,4.0,42.0,37.0,18.0,15.0,24.0,16.0,BAIK,DKI4 Lubang Buaya,PM10,DKI4,Lubang Buaya,2025,4,7,15,0
51.0,202504,8,2025-04-08,0I834,4.0,51.0,45.0,20.0,11.0,26.0,15.0,SEDANG,DKI4 Lubang Buaya,PM10,DKI4,Lubang Buaya,2025,4,8,15,1
60.0,202504,9,2025-04-09,0I834,4.0,60.0,51.0,20.0,13.0,25.0,15.0,SEDANG,DKI4 Lubang Buaya,PM10,DKI4,Lubang Buaya,2025,4,9,15,2
64.0,202504,10,2025-04-10,0I834,4.0,64.0,53.0,19.0,13.0,26.0,15.0,SEDANG,DKI4 Lubang Buaya,PM10,DKI4,Lubang Buaya,2025,4,10,15,3
59.0,202504,11,2025-04-11,0I834,4.0,59.0,45.0,18.0,18.0,26.0,19.0,SEDANG,DKI4 Lubang Buaya,PM10,DKI4,Lubang Buaya,2025,4,11,15,4
65.0,202504,12,2025-04-12,0I834,4.0,65.0,40.0,19.0,20.0,26.0,30.0,SEDANG,DKI4 Lubang Buaya,PM10,DKI4,Lubang Buaya,2025,4,12,15,5
58.0,202504,13,2025-04-13,0I834,4.0,58.0,47.0,18.0,15.0,27.0,24.0,SEDANG,DKI4 Lubang Buaya,PM10,DKI4,Lubang Buaya,2025,4,13,15,6
28.0,202504,14,2025-04-14,0I834,4.0,28.0,22.0,17.0,9.0,13.0,11.0,BAIK,DKI4 Lubang Buaya,PM10,DKI4,Lubang Buaya,2025,4,14,16,0
51.0,202504,15,2025-04-15,0I834,4.0,51.0,41.0,20.0,10.0,17.0,17.0,SEDANG,DKI4 Lubang Buaya,PM10,DKI4,Lubang Buaya,2025,4,15,16,1
58.0,202504,16,2025-04-16,0I834,4.0,58.0,48.0,22.0,14.0,26.0,19.0,SEDANG,DKI4 Lubang Buaya,PM10,DKI4,Lubang Buaya,2025,4,16,16,2
54.0,202504,17,2025-04-17,0I834,4.0,54.0,34.0,19.0,12.0,28.0,24.0,SEDANG,DKI4 Lubang Buaya,PM10,DKI4,Lubang Buaya,2025,4,17,16,3
59.0,202504,18,2025-04-18,0I834,4.0,59.0,45.0,19.0,17.0,20.0,30.0,SEDANG,DKI4 Lubang Buaya,PM10,DKI4,Lubang Buaya,2025,4,18,16,4
53.0,202504,19,2025-04-19,0I834,4.0,53.0,49.0,18.0,13.0,23.0,17.0,SEDANG,DKI4 Lubang Buaya,PM10,DKI4,Lubang Buaya,2025,4,19,16,5
47.0,202504,20,2025-04-20,0I834,4.0,44.0,47.0,21.0,10.0,33.0,18.0,BAIK,DKI4 Lubang Buaya,PM25,DKI4,Lubang Buaya,2025,4,20,16,6
50.0,202504,21,2025-04-21,0I834,4.0,50.0,42.0,22.0,8.0,19.0,17.0,BAIK,DKI4 Lubang Buaya,PM10,DKI4,Lubang Buaya,2025,4,21,17,0
60.0,202504,22,2025-04-22,0I834,4.0,60.0,,21.0,17.0,24.0,20.0,SEDANG,DKI4 Lubang Buaya,PM10,DKI4,Lubang Buaya,2025,4,22,17,1
69.0,202504,23,2025-04-23,0I834,4.0,69.0,,19.0,21.0,17.0,16.0,SEDANG,DKI4 Lubang Buaya,PM10,DKI4,Lubang Buaya,2025,4,23,17,2
61.0,202504,24,2025-04-24,0I834,4.0,27.0,61.0,19.0,8.0,21.0,9.0,SEDANG,DKI4 Lubang Buaya,PM25,DKI4,Lubang Buaya,2025,4,24,17,3
93.0,202504,25,2025-04-25,0I834,4.0,59.0,93.0,19.0,18.0,31.0,14.0,SEDANG,DKI4 Lubang Buaya,PM25,DKI4,Lubang Buaya,2025,4,25,17,4
87.0,202504,26,2025-04-26,0I834,4.0,56.0,87.0,19.0,13.0,35.0,18.0,SEDANG,DKI4 Lubang Buaya,PM25,DKI4,Lubang Buaya,2025,4,26,17,5
90.0,202504,27,2025-04-27,0I834,4.0,61.0,90.0,20.0,12.0,33.0,17.0,SEDANG,DKI4 Lubang Buaya,PM25,DKI4,Lubang Buaya,2025,4,27,17,6
87.0,202504,28,2025-04-28,0I834,4.0,54.0,87.0,21.0,10.0,30.0,17.0,SEDANG,DKI4 Lubang Buaya,PM25,DKI4,Lubang Buaya,2025,4,28,18,0
97.0,202504,29,2025-04-29,0I834,4.0,61.0,97.0,22.0,11.0,32.0,21.0,SEDANG,DKI4 Lubang Buaya,PM25,DKI4,Lubang Buaya,2025,4,29,18,1
97.0,202504,30,2025-04-30,0I834,4.0,60.0,97.0,22.0,11.0,33.0,19.0,SEDANG,DKI4 Lubang Buaya,PM25,DKI4,Lubang Buaya,2025,4,30,18,2
39.0,202504,1,2025-04-01,0I834,4.0,15.0,39.0,22.0,5.0,25.0,13.0,BAIK,DKI5 Kebon Jeruk,PM25,DKI5,Kebon Jeruk,2025,4,1,14,1
40.0,202504,2,2025-04-02,0I834,4.0,11.0,40.0,,6.0,20.0,13.0,BAIK,DKI5 Kebon Jeruk,PM25,DKI5,Kebon Jeruk,2025,4,2,14,2
45.0,202504,3,2025-04-03,0I834,4.0,22.0,45.0,,9.0,30.0,11.0,BAIK,DKI5 Kebon Jeruk,PM25,DKI5,Kebon Jeruk,2025,4,3,14,3
54.0,202504,4,2025-04-04,0I834,4.0,33.0,54.0,,8.0,41.0,11.0,SEDANG,DKI5 Kebon Jeruk,PM25,DKI5,Kebon Jeruk,2025,4,4,14,4
70.0,202504,5,2025-04-05,0I834,4.0,50.0,70.0,,12.0,30.0,11.0,SEDANG,DKI5 Kebon Jeruk,PM25,DKI5,Kebon Jeruk,2025,4,5,14,5
74.0,202504,6,2025-04-06,0I834,4.0,55.0,74.0,,20.0,32.0,10.0,SEDANG,DKI5 Kebon Jeruk,PM25,DKI5,Kebon Jeruk,2025,4,6,14,6
57.0,202504,7,2025-04-07,0I834,4.0,36.0,57.0,,13.0,34.0,12.0,SEDANG,DKI5 Kebon Jeruk,PM25,DKI5,Kebon Jeruk,2025,4,7,15,0
84.0,202504,8,2025-04-08,0I834,4.0,55.0,84.0,,13.0,32.0,12.0,SEDANG,DKI5 Kebon Jeruk,PM25,DKI5,Kebon Jeruk,2025,4,8,15,1
71.0,202504,9,2025-04-09,0I834,4.0,44.0,71.0,,8.0,37.0,12.0,SEDANG,DKI5 Kebon Jeruk,PM25,DKI5,Kebon Jeruk,2025,4,9,15,2
94.0,202504,10,2025-04-10,0I834,4.0,57.0,94.0,25.0,17.0,46.0,11.0,SEDANG,DKI5 Kebon Jeruk,PM25,DKI5,Kebon Jeruk,2025,4,10,15,3
94.0,202504,11,2025-04-11,0I834,4.0,54.0,94.0,25.0,15.0,50.0,13.0,SEDANG,DKI5 Kebon Jeruk,PM25,DKI5,Kebon Jeruk,2025,4,11,15,4
92.0,202504,12,2025-04-12,0I834,4.0,54.0,92.0,26.0,19.0,41.0,13.0,SEDANG,DKI5 Kebon Jeruk,PM25,DKI5,Kebon Jeruk,2025,4,12,15,5
85.0,202504,13,2025-04-13,0I834,4.0,52.0,85.0,26.0,13.0,48.0,12.0,SEDANG,DKI5 Kebon Jeruk,PM25,DKI5,Kebon Jeruk,2025,4,13,15,6
34.0,202504,14,2025-04-14,0I834,4.0,24.0,34.0,25.0,5.0,29.0,11.0,BAIK,DKI5 Kebon Jeruk,PM25,DKI5,Kebon Jeruk,2025,4,14,16,0
67.0,202504,15,2025-04-15,0I834,4.0,40.0,67.0,33.0,8.0,35.0,10.0,SEDANG,DKI5 Kebon Jeruk,PM25,DKI5,Kebon Jeruk,2025,4,15,16,1
91.0,202504,16,2025-04-16,0I834,4.0,57.0,91.0,32.0,15.0,45.0,11.0,SEDANG,DKI5 Kebon Jeruk,PM25,DKI5,Kebon Jeruk,2025,4,16,16,2
84.0,202504,17,2025-04-17,0I834,4.0,51.0,84.0,27.0,11.0,52.0,12.0,SEDANG,DKI5 Kebon Jeruk,PM25,DKI5,Kebon Jeruk,2025,4,17,16,3
99.0,202504,18,2025-04-18,0I834,4.0,56.0,99.0,31.0,10.0,43.0,12.0,SEDANG,DKI5 Kebon Jeruk,PM25,DKI5,Kebon Jeruk,2025,4,18,16,4
77.0,202504,19,2025-04-19,0I834,4.0,53.0,77.0,28.0,11.0,51.0,10.0,SEDANG,DKI5 Kebon Jeruk,PM25,DKI5,Kebon Jeruk,2025,4,19,16,5
63.0,202504,20,2025-04-20,0I834,4.0,41.0,63.0,32.0,6.0,35.0,11.0,SEDANG,DKI5 Kebon Jeruk,PM25,DKI5,Kebon Jeruk,2025,4,20,16,6
61.0,202504,21,2025-04-21,0I834,4.0,40.0,61.0,32.0,6.0,25.0,11.0,SEDANG,DKI5 Kebon Jeruk,PM25,DKI5,Kebon Jeruk,2025,4,21,17,0
81.0,202504,22,2025-04-22,0I834,4.0,55.0,81.0,32.0,9.0,28.0,11.0,SEDANG,DKI5 Kebon Jeruk,PM25,DKI5,Kebon Jeruk,2025,4,22,17,1
75.0,202504,23,2025-04-23,0I834,4.0,55.0,75.0,16.0,12.0,23.0,7.0,SEDANG,DKI5 Kebon Jeruk,PM25,DKI5,Kebon Jeruk,2025,4,23,17,2
33.0,202412,16,2024-12-16,0I834,12.0,27.0,33.0,22.0,14.0,16.0,12.0,BAIK,DKI2 Kelapa Gading,PM25,DKI2,Kelapa Gading,2024,12,16,51,0
38.0,202412,17,2024-12-17,0I834,12.0,26.0,38.0,23.0,15.0,14.0,,BAIK,DKI2 Kelapa Gading,PM25,DKI2,Kelapa Gading,2024,12,17,51,1
41.0,202412,18,2024-12-18,0I834,12.0,33.0,41.0,22.0,13.0,11.0,5.0,BAIK,DKI2 Kelapa Gading,PM25,DKI2,Kelapa Gading,2024,12,18,51,2
28.0,202412,19,2024-12-19,0I834,12.0,22.0,28.0,24.0,12.0,9.0,5.0,BAIK,DKI2 Kelapa Gading,PM25,DKI2,Kelapa Gading,2024,12,19,51,3
33.0,202412,20,2024-12-20,0I834,12.0,33.0,32.0,24.0,16.0,9.0,,BAIK,DKI2 Kelapa Gading,PM10,DKI2,Kelapa Gading,2024,12,20,51,4
40.0,202412,21,2024-12-21,0I834,12.0,31.0,40.0,22.0,14.0,10.0,,BAIK,DKI2 Kelapa Gading,PM25,DKI2,Kelapa Gading,2024,12,21,51,5
53.0,202412,22,2024-12-22,0I834,12.0,36.0,53.0,22.0,15.0,11.0,,SEDANG,DKI2 Kelapa Gading,PM25,DKI2,Kelapa Gading,2024,12,22,51,6
46.0,202412,23,2024-12-23,0I834,12.0,39.0,46.0,21.0,14.0,12.0,,BAIK,DKI2 Kelapa Gading,PM25,DKI2,Kelapa Gading,2024,12,23,52,0
63.0,202412,24,2024-12-24,0I834,12.0,49.0,63.0,23.0,20.0,14.0,17.0,SEDANG,DKI2 Kelapa Gading,PM25,DKI2,Kelapa Gading,2024,12,24,52,1
50.0,202412,25,2024-12-25,0I834,12.0,43.0,50.0,22.0,16.0,12.0,15.0,BAIK,DKI2 Kelapa Gading,PM25,DKI2,Kelapa Gading,2024,12,25,52,2
58.0,202412,26,2024-12-26,0I834,12.0,46.0,58.0,22.0,20.0,12.0,21.0,SEDANG,DKI2 Kelapa Gading,PM25,DKI2,Kelapa Gading,2024,12,26,52,3
55.0,202412,27,2024-12-27,0I834,12.0,41.0,55.0,24.0,15.0,12.0,11.0,SEDANG,DKI2 Kelapa Gading,PM25,DKI2,Kelapa Gading,2024,12,27,52,4
59.0,202412,28,2024-12-28,0I834,12.0,46.0,59.0,25.0,14.0,12.0,15.0,SEDANG,DKI2 Kelapa Gading,PM25,DKI2,Kelapa Gading,2024,12,28,52,5
61.0,202412,29,2024-12-29,0I834,12.0,49.0,61.0,26.0,13.0,14.0,12.0,SEDANG,DKI2 Kelapa Gading,PM25,DKI2,Kelapa Gading,2024,12,29,52,6
50.0,202412,30,2024-12-30,0I834,12.0,34.0,50.0,21.0,11.0,14.0,11.0,BAIK,DKI2 Kelapa Gading,PM25,DKI2,Kelapa Gading,2024,12,30,1,0
35.0,202412,31,2024-12-31,0I834,12.0,29.0,35.0,22.0,11.0,12.0,13.0,BAIK,DKI2 Kelapa Gading,PM25,DKI2,Kelapa Gading,2024,12,31,1,1
67.0,202412,1,2024-12-01,0I834,12.0,32.0,65.0,67.0,7.0,9.0,40.0,SEDANG,DKI3 Jagakarsa,SO2,DKI3,Jagakarsa,2024,12,1,48,6
67.0,202412,2,2024-12-02,0I834,12.0,19.0,52.0,67.0,6.0,9.0,33.0,SEDANG,DKI3 Jagakarsa,SO2,DKI3,Jagakarsa,2024,12,2,49,0
67.0,202412,3,2024-12-03,0I834,12.0,19.0,31.0,67.0,4.0,12.0,15.0,SEDANG,DKI3 Jagakarsa,SO2,DKI3,Jagakarsa,2024,12,3,49,1
67.0,202412,4,2024-12-04,0I834,12.0,30.0,45.0,67.0,7.0,10.0,22.0,SEDANG,DKI3 Jagakarsa,SO2,DKI3,Jagakarsa,2024,12,4,49,2
67.0,202412,5,2024-12-05,0I834,12.0,17.0,26.0,67.0,3.0,12.0,13.0,SEDANG,DKI3 Jagakarsa,SO2,DKI3,Jagakarsa,2024,12,5,49,3
68.0,202412,6,2024-12-06,0I834,12.0,26.0,47.0,68.0,4.0,11.0,17.0,SEDANG,DKI3 Jagakarsa,SO2,DKI3,Jagakarsa,2024,12,6,49,4
103.0,202412,7,2024-12-07,0I834,12.0,66.0,103.0,69.0,27.0,12.0,,TIDAK SEHAT,DKI3 Jagakarsa,PM25,DKI3,Jagakarsa,2024,12,7,49,5
68.0,202412,8,2024-12-08,0I834,12.0,38.0,67.0,68.0,15.0,18.0,,SEDANG,DKI3 Jagakarsa,SO2,DKI3,Jagakarsa,2024,12,8,49,6
69.0,202412,9,2024-12-09,0I834,12.0,42.0,69.0,69.0,11.0,11.0,29.0,SEDANG,DKI3 Jagakarsa,PM25,DKI3,Jagakarsa,2024,12,9,50,0
68.0,202412,10,2024-12-10,0I834,12.0,38.0,56.0,68.0,12.0,7.0,,SEDANG,DKI3 Jagakarsa,SO2,DKI3,Jagakarsa,2024,12,10,50,1
68.0,202412,11,2024-12-11,0I834,12.0,14.0,26.0,68.0,3.0,11.0,15.0,SEDANG,DKI3 Jagakarsa,SO2,DKI3,Jagakarsa,2024,12,11,50,2
68.0,202412,12,2024-12-12,0I834,12.0,19.0,40.0,68.0,3.0,13.0,10.0,SEDANG,DKI3 Jagakarsa,SO2,DKI3,Jagakarsa,2024,12,12,50,3
69.0,202412,13,2024-12-13,0I834,12.0,21.0,52.0,69.0,4.0,13.0,14.0,SEDANG,DKI3 Jagakarsa,SO2,DKI3,Jagakarsa,2024,12,13,50,4
68.0,202412,14,2024-12-14,0I834,12.0,22.0,40.0,68.0,4.0,11.0,15.0,SEDANG,DKI3 Jagakarsa,SO2,DKI3,Jagakarsa,2024,12,14,50,5
68.0,202412,15,2024-12-15,0I834,12.0,18.0,40.0,68.0,6.0,10.0,21.0,SEDANG,DKI3 Jagakarsa,SO2,DKI3,Jagakarsa,2024,12,15,50,6
68.0,202412,16,2024-12-16,0I834,12.0,27.0,48.0,68.0,5.0,10.0,21.0,SEDANG,DKI3 Jagakarsa,SO2,DKI3,Jagakarsa,2024,12,16,51,0
68.0,202412,17,2024-12-17,0I834,12.0,27.0,37.0,68.0,6.0,10.0,30.0,SEDANG,DKI3 Jagakarsa,SO2,DKI3,Jagakarsa,2024,12,17,51,1
69.0,202412,18,2024-12-18,0I834,12.0,50.0,67.0,69.0,8.0,8.0,,SEDANG,DKI3 Jagakarsa,SO2,DKI3,Jagakarsa,2024,12,18,51,2
68.0,202412,19,2024-12-19,0I834,12.0,18.0,35.0,68.0,5.0,8.0,27.0,SEDANG,DKI3 Jagakarsa,SO2,DKI3,Jagakarsa,2024,12,19,51,3
69.0,202412,20,2024-12-20,0I834,12.0,25.0,46.0,69.0,5.0,10.0,32.0,SEDANG,DKI3 Jagakarsa,SO2,DKI3,Jagakarsa,2024,12,20,51,4
53.0,202412,21,2024-12-21,0I834,12.0,23.0,53.0,26.0,5.0,11.0,30.0,SEDANG,DKI3 Jagakarsa,PM25,DKI3,Jagakarsa,2024,12,21,51,5
80.0,202412,22,2024-12-22,0I834,12.0,53.0,80.0,16.0,11.0,13.0,31.0,SEDANG,DKI3 Jagakarsa,PM25,DKI3,Jagakarsa,2024,12,22,51,6
78.0,202412,23,2024-12-23,0I834,12.0,52.0,78.0,12.0,15.0,11.0,45.0,SEDANG,DKI3 Jagakarsa,PM25,DKI3,Jagakarsa,2024,12,23,52,0
55.0,202412,24,2024-12-24,0I834,12.0,38.0,55.0,12.0,9.0,10.0,33.0,SEDANG,DKI3 Jagakarsa,PM25,DKI3,Jagakarsa,2024,12,24,52,1
79.0,202412,25,2024-12-25,0I834,12.0,52.0,79.0,12.0,11.0,11.0,52.0,SEDANG,DKI3 Jagakarsa,PM25,DKI3,Jagakarsa,2024,12,25,52,2
62.0,202412,26,2024-12-26,0I834,12.0,39.0,62.0,12.0,11.0,9.0,35.0,SEDANG,DKI3 Jagakarsa,PM25,DKI3,Jagakarsa,2024,12,26,52,3
83.0,202412,27,2024-12-27,0I834,12.0,53.0,83.0,12.0,10.0,11.0,36.0,SEDANG,DKI3 Jagakarsa,PM25,DKI3,Jagakarsa,2024,12,27,52,4
101.0,202412,28,2024-12-28,0I834,12.0,64.0,101.0,14.0,9.0,11.0,35.0,TIDAK SEHAT,DKI3 Jagakarsa,PM25,DKI3,Jagakarsa,2024,12,28,52,5
51.0,202412,29,2024-12-29,0I834,12.0,51.0,21.0,13.0,10.0,13.0,35.0,SEDANG,DKI3 Jagakarsa,PM10,DKI3,Jagakarsa,2024,12,29,52,6
35.0,202412,30,2024-12-30,0I834,12.0,35.0,,13.0,5.0,12.0,13.0,BAIK,DKI3 Jagakarsa,PM10,DKI3,Jagakarsa,2024,12,30,1,0
29.0,202412,31,2024-12-31,0I834,12.0,29.0,,6.0,13.0,10.0,18.0,BAIK,DKI3 Jagakarsa,PM10,DKI3,Jagakarsa,2024,12,31,1,1
54.0,202412,1,2024-12-01,0I834,12.0,,28.0,54.0,18.0,13.0,10.0,SEDANG,DKI4 Lubang Buaya,SO2,DKI4,Lubang Buaya,2024,12,1,48,6
53.0,202412,2,2024-12-02,0I834,12.0,,19.0,53.0,17.0,13.0,10.0,SEDANG,DKI4 Lubang Buaya,SO2,DKI4,Lubang Buaya,2024,12,2,49,0
53.0,202412,3,2024-12-03,0I834,12.0,,15.0,53.0,15.0,17.0,11.0,SEDANG,DKI4 Lubang Buaya,SO2,DKI4,Lubang Buaya,2024,12,3,49,1
53.0,202412,4,2024-12-04,0I834,12.0,,20.0,53.0,17.0,14.0,15.0,SEDANG,DKI4 Lubang Buaya,SO2,DKI4,Lubang Buaya,2024,12,4,49,2
53.0,202412,5,2024-12-05,0I834,12.0,,17.0,53.0,15.0,18.0,12.0,SEDANG,DKI4 Lubang Buaya,SO2,DKI4,Lubang Buaya,2024,12,5,49,3
53.0,202412,6,2024-12-06,0I834,12.0,,22.0,53.0,16.0,16.0,13.0,SEDANG,DKI4 Lubang Buaya,SO2,DKI4,Lubang Buaya,2024,12,6,49,4
77.0,202412,7,2024-12-07,0I834,12.0,,77.0,54.0,,19.0,33.0,SEDANG,DKI4 Lubang Buaya,PM25,DKI4,Lubang Buaya,2024,12,7,49,5
54.0,202412,8,2024-12-08,0I834,12.0,,54.0,54.0,29.0,28.0,22.0,SEDANG,DKI4 Lubang Buaya,PM25,DKI4,Lubang Buaya,2024,12,8,49,6
54.0,202412,9,2024-12-09,0I834,12.0,,37.0,54.0,22.0,17.0,23.0,SEDANG,DKI4 Lubang Buaya,SO2,DKI4,Lubang Buaya,2024,12,9,50,0
54.0,202412,10,2024-12-10,0I834,12.0,,29.0,54.0,31.0,9.0,19.0,SEDANG,DKI4 Lubang Buaya,SO2,DKI4,Lubang Buaya,2024,12,10,50,1
54.0,202412,11,2024-12-11,0I834,12.0,,16.0,54.0,15.0,14.0,13.0,SEDANG,DKI4 Lubang Buaya,SO2,DKI4,Lubang Buaya,2024,12,11,50,2
54.0,202412,12,2024-12-12,0I834,12.0,,19.0,54.0,14.0,17.0,10.0,SEDANG,DKI4 Lubang Buaya,SO2,DKI4,Lubang Buaya,2024,12,12,50,3
54.0,202412,13,2024-12-13,0I834,12.0,,22.0,54.0,14.0,19.0,12.0,SEDANG,DKI4 Lubang Buaya,SO2,DKI4,Lubang Buaya,2024,12,13,50,4
54.0,202412,14,2024-12-14,0I834,12.0,15.0,18.0,54.0,15.0,14.0,11.0,SEDANG,DKI4 Lubang Buaya,SO2,DKI4,Lubang Buaya,2024,12,14,50,5
54.0,202412,15,2024-12-15,0I834,12.0,26.0,21.0,54.0,18.0,15.0,14.0,SEDANG,DKI4 Lubang Buaya,SO2,DKI4,Lubang Buaya,2024,12,15,50,6
54.0,202412,16,2024-12-16,0I834,12.0,22.0,19.0,54.0,18.0,14.0,15.0,SEDANG,DKI4 Lubang Buaya,SO2,DKI4,Lubang Buaya,2024,12,16,51,0
54.0,202412,17,2024-12-17,0I834,12.0,26.0,21.0,54.0,18.0,17.0,15.0,SEDANG,DKI4 Lubang Buaya,SO2,DKI4,Lubang Buaya,2024,12,17,51,1
54.0,202412,18,2024-12-18,0I834,12.0,35.0,29.0,54.0,18.0,12.0,11.0,SEDANG,DKI4 Lubang Buaya,SO2,DKI4,Lubang Buaya,2024,12,18,51,2
54.0,202412,19,2024-12-19,0I834,12.0,24.0,22.0,54.0,16.0,13.0,10.0,SEDANG,DKI4 Lubang Buaya,SO2,DKI4,Lubang Buaya,2024,12,19,51,3
54.0,202412,20,2024-12-20,0I834,12.0,26.0,20.0,54.0,18.0,17.0,14.0,SEDANG,DKI4 Lubang Buaya,SO2,DKI4,Lubang Buaya,2024,12,20,51,4
34.0,202412,21,2024-12-21,0I834,12.0,34.0,20.0,22.0,17.0,14.0,16.0,BAIK,DKI4 Lubang Buaya,PM10,DKI4,Lubang Buaya,2024,12,21,51,5
48.0,202412,22,2024-12-22,0I834,12.0,48.0,35.0,22.0,22.0,19.0,22.0,BAIK,DKI4 Lubang Buaya,PM10,DKI4,Lubang Buaya,2024,12,22,51,6
50.0,202412,23,2024-12-23,0I834,12.0,50.0,30.0,21.0,25.0,18.0,24.0,BAIK,DKI4 Lubang Buaya,PM10,DKI4,Lubang Buaya,2024,12,23,52,0
38.0,202412,24,2024-12-24,0I834,12.0,38.0,22.0,21.0,23.0,15.0,21.0,BAIK,DKI4 Lubang Buaya,PM10,DKI4,Lubang Buaya,2024,12,24,52,1
39.0,202412,25,2024-12-25,0I834,12.0,39.0,27.0,21.0,14.0,15.0,12.0,BAIK,DKI4 Lubang Buaya,PM10,DKI4,Lubang Buaya,2024,12,25,52,2
42.0,202412,26,2024-12-26,0I834,12.0,42.0,26.0,21.0,14.0,14.0,10.0,BAIK,DKI4 Lubang Buaya,PM10,DKI4,Lubang Buaya,2024,12,26,52,3
44.0,202412,27,2024-12-27,0I834,12.0,44.0,29.0,21.0,11.0,17.0,14.0,BAIK,DKI4 Lubang Buaya,PM10,DKI4,Lubang Buaya,2024,12,27,52,4
50.0,202412,28,2024-12-28,0I834,12.0,50.0,33.0,23.0,9.0,20.0,13.0,BAIK,DKI4 Lubang Buaya,PM10,DKI4,Lubang Buaya,2024,12,28,52,5
53.0,202412,29,2024-12-29,0I834,12.0,53.0,37.0,23.0,12.0,19.0,14.0,SEDANG,DKI4 Lubang Buaya,PM10,DKI4,Lubang Buaya,2024,12,29,52,6
39.0,202412,30,2024-12-30,0I834,12.0,39.0,19.0,22.0,7.0,22.0,11.0,BAIK,DKI4 Lubang Buaya,PM10,DKI4,Lubang Buaya,2024,12,30,1,0
27.0,202412,31,2024-12-31,0I834,12.0,27.0,15.0,21.0,6.0,18.0,8.0,BAIK,DKI4 Lubang Buaya,PM10,DKI4,Lubang Buaya,2024,12,31,1,1
39.0,202412,1,2024-12-01,0I834,12.0,,26.0,39.0,15.0,16.0,4.0,BAIK,DKI5 Kebon Jeruk Jakarta Barat,SO2,DKI5,Kebon Jeruk,2024,12,1,48,6
39.0,202412,2,2024-12-02,0I834,12.0,,22.0,39.0,15.0,19.0,3.0,BAIK,DKI5 Kebon Jeruk Jakarta Barat,SO2,DKI5,Kebon Jeruk,2024,12,2,49,0
39.0,202412,3,2024-12-03,0I834,12.0,,18.0,39.0,14.0,21.0,3.0,BAIK,DKI5 Kebon Jeruk Jakarta Barat,SO2,DKI5,Kebon Jeruk,2024,12,3,49,1
42.0,202412,4,2024-12-04,0I834,12.0,,23.0,42.0,15.0,22.0,6.0,BAIK,DKI5 Kebon Jeruk Jakarta Barat,SO2,DKI5,Kebon Jeruk,2024,12,4,49,2
41.0,202412,5,2024-12-05,0I834,12.0,,22.0,41.0,15.0,28.0,5.0,BAIK,DKI5 Kebon Jeruk Jakarta Barat,SO2,DKI5,Kebon Jeruk,2024,12,5,49,3
45.0,202412,6,2024-12-06,0I834,12.0,,31.0,45.0,16.0,27.0,8.0,BAIK,DKI5 Kebon Jeruk Jakarta Barat,SO2,DKI5,Kebon Jeruk,2024,12,6,49,4
67.0,202412,7,2024-12-07,0I834,12.0,,67.0,44.0,,33.0,15.0,SEDANG,DKI5 Kebon Jeruk Jakarta Barat,PM25,DKI5,Kebon Jeruk,2024,12,7,49,5
48.0,202412,8,2024-12-08,0I834,12.0,,48.0,40.0,24.0,41.0,12.0,BAIK,DKI5 Kebon Jeruk Jakarta Barat,PM25,DKI5,Kebon Jeruk,2024,12,8,49,6
50.0,202412,9,2024-12-09,0I834,12.0,,50.0,43.0,19.0,39.0,12.0,BAIK,DKI5 Kebon Jeruk Jakarta Barat,PM25,DKI5,Kebon Jeruk,2024,12,9,50,0
43.0,202412,10,2024-12-10,0I834,12.0,,43.0,40.0,21.0,24.0,8.0,BAIK,DKI5 Kebon Jeruk Jakarta Barat,PM25,DKI5,Kebon Jeruk,2024,12,10,50,1
42.0,202412,11,2024-12-11,0I834,12.0,,33.0,42.0,15.0,26.0,4.0,BAIK,DKI5 Kebon Jeruk Jakarta Barat,SO2,DKI5,Kebon Jeruk,2024,12,11,50,2
42.0,202412,12,2024-12-12,0I834,12.0,,25.0,42.0,15.0,21.0,4.0,BAIK,DKI5 Kebon Jeruk Jakarta Barat,SO2,DKI5,Kebon Jeruk,2024,12,12,50,3
45.0,202412,13,2024-12-13,0I834,12.0,,36.0,45.0,15.0,17.0,6.0,BAIK,DKI5 Kebon Jeruk Jakarta Barat,SO2,DKI5,Kebon Jeruk,2024,12,13,50,4
42.0,202412,14,2024-12-14,0I834,12.0,,31.0,42.0,15.0,20.0,4.0,BAIK,DKI5 Kebon Jeruk Jakarta Barat,SO2,DKI5,Kebon Jeruk,2024,12,14,50,5
44.0,202412,15,2024-12-15,0I834,12.0,,34.0,44.0,16.0,22.0,5.0,BAIK,DKI5 Kebon Jeruk Jakarta Barat,SO2,DKI5,Kebon Jeruk,2024,12,15,50,6
42.0,202412,16,2024-12-16,0I834,12.0,,35.0,42.0,16.0,30.0,6.0,BAIK,DKI5 Kebon Jeruk Jakarta Barat,SO2,DKI5,Kebon Jeruk,2024,12,16,51,0
42.0,202412,17,2024-12-17,0I834,12.0,,37.0,42.0,16.0,34.0,7.0,BAIK,DKI5 Kebon Jeruk Jakarta Barat,SO2,DKI5,Kebon Jeruk,2024,12,17,51,1
29.0,202412,18,2024-12-18,0I834,12.0,,29.0,18.0,15.0,29.0,5.0,BAIK,DKI5 Kebon Jeruk Jakarta Barat,PM25,DKI5,Kebon Jeruk,2024,12,18,51,2
51.0,202412,19,2024-12-19,0I834,12.0,,20.0,51.0,4.0,29.0,5.0,SEDANG,DKI5 Kebon Jeruk Jakarta Barat,SO2,DKI5,Kebon Jeruk,2024,12,19,51,3
36.0,202412,20,2024-12-20,0I834,12.0,,36.0,15.0,7.0,31.0,6.0,BAIK,DKI5 Kebon Jeruk Jakarta Barat,PM25,DKI5,Kebon Jeruk,2024,12,20,51,4
38.0,202412,21,2024-12-21,0I834,12.0,,38.0,17.0,6.0,35.0,8.0,BAIK,DKI5 Kebon Jeruk Jakarta Barat,PM25,DKI5,Kebon Jeruk,2024,12,21,51,5
41.0,202412,22,2024-12-22,0I834,12.0,,38.0,14.0,7.0,41.0,12.0,BAIK,DKI5 Kebon Jeruk Jakarta Barat,O3,DKI5,Kebon Jeruk,2024,12,22,51,6
43.0,202412,23,2024-12-23,0I834,12.0,,35.0,3.0,8.0,43.0,12.0,BAIK,DKI5 Kebon Jeruk Jakarta Barat,O3,DKI5,Kebon Jeruk,2024,12,23,52,0
51.0,202412,24,2024-12-24,0I834,12.0,,51.0,10.0,11.0,39.0,12.0,SEDANG,DKI5 Kebon Jeruk Jakarta Barat,PM25,DKI5,Kebon Jeruk,2024,12,24,52,1
43.0,202412,25,2024-12-25,0I834,12.0,,43.0,9.0,7.0,33.0,9.0,BAIK,DKI5 Kebon Jeruk Jakarta Barat,PM25,DKI5,Kebon Jeruk,2024,12,25,52,2
51.0,202412,26,2024-12-26,0I834,12.0,,51.0,7.0,10.0,24.0,11.0,SEDANG,DKI5 Kebon Jeruk Jakarta Barat,PM25,DKI5,Kebon Jeruk,2024,12,26,52,3
55.0,202412,27,2024-12-27,0I834,12.0,,55.0,27.0,9.0,30.0,12.0,SEDANG,DKI5 Kebon Jeruk Jakarta Barat,PM25,DKI5,Kebon Jeruk,2024,12,27,52,4
40.0,202412,28,2024-12-28,0I834,12.0,,40.0,26.0,6.0,30.0,12.0,BAIK,DKI5 Kebon Jeruk Jakarta Barat,PM25,DKI5,Kebon Jeruk,2024,12,28,52,5
51.0,202412,29,2024-12-29,0I834,12.0,,51.0,32.0,8.0,28.0,11.0,SEDANG,DKI5 Kebon Jeruk Jakarta Barat,PM25,DKI5,Kebon Jeruk,2024,12,29,52,6
38.0,202412,30,2024-12-30,0I834,12.0,,34.0,9.0,5.0,38.0,8.0,BAIK,DKI5 Kebon Jeruk Jakarta Barat,O3,DKI5,Kebon Jeruk,2024,12,30,1,0
26.0,202412,31,2024-12-31,0I834,12.0,,26.0,9.0,3.0,26.0,3.0,BAIK,DKI5 Kebon Jeruk Jakarta Barat,PM25,DKI5,Kebon Jeruk,2024,12,31,1,1
63.0,202501,1,2025-01-01,0I834,1.0,46.0,63.0,12.0,22.0,10.0,16.0,SEDANG,DKI1 Bundaran Hotel Indonesia (HI),PM25,DKI1,Bundaran HI,2025,1,1,1,2
38.0,202501,2,2025-01-02,0I834,1.0,30.0,38.0,12.0,21.0,11.0,18.0,BAIK,DKI1 Bundaran Hotel Indonesia (HI),PM25,DKI1,Bundaran HI,2025,1,2,1,3
57.0,202501,3,2025-01-03,0I834,1.0,43.0,57.0,14.0,23.0,11.0,24.0,SEDANG,DKI1 Bundaran Hotel Indonesia (HI),PM25,DKI1,Bundaran HI,2025,1,3,1,4
61.0,202501,4,2025-01-04,0I834,1.0,37.0,61.0,15.0,22.0,9.0,17.0,SEDANG,DKI1 Bundaran Hotel Indonesia (HI),PM25,DKI1,Bundaran HI,2025,1,4,1,5
56.0,202501,5,2025-01-05,0I834,1.0,26.0,56.0,10.0,20.0,8.0,11.0,SEDANG,DKI1 Bundaran Hotel Indonesia (HI),PM25,DKI1,Bundaran HI,2025,1,5,1,6
58.0,202501,6,2025-01-06,0I834,1.0,47.0,58.0,14.0,28.0,9.0,21.0,SEDANG,DKI1 Bundaran Hotel Indonesia (HI),PM25,DKI1,Bundaran HI,2025,1,6,2,0
46.0,202501,7,2025-01-07,0I834,1.0,33.0,46.0,13.0,24.0,7.0,19.0,BAIK,DKI1 Bundaran Hotel Indonesia (HI),PM25,DKI1,Bundaran HI,2025,1,7,2,1
46.0,202501,8,2025-01-08,0I834,1.0,30.0,46.0,12.0,24.0,7.0,19.0,BAIK,DKI1 Bundaran Hotel Indonesia (HI),PM25,DKI1,Bundaran HI,2025,1,8,2,2
26.0,202501,9,2025-01-09,0I834,1.0,20.0,26.0,9.0,23.0,7.0,19.0,BAIK,DKI1 Bundaran Hotel Indonesia (HI),PM25,DKI1,Bundaran HI,2025,1,9,2,3
58.0,202501,10,2025-01-10,0I834,1.0,39.0,58.0,,19.0,12.0,25.0,SEDANG,DKI1 Bundaran Hotel Indonesia (HI),PM25,DKI1,Bundaran HI,2025,1,10,2,4
56.0,202501,11,2025-01-11,0I834,1.0,41.0,56.0,,10.0,18.0,27.0,SEDANG,DKI1 Bundaran Hotel Indonesia (HI),PM25,DKI1,Bundaran HI,2025,1,11,2,5
58.0,202501,12,2025-01-12,0I834,1.0,45.0,58.0,19.0,13.0,13.0,25.0,SEDANG,DKI1 Bundaran Hotel Indonesia (HI),PM25,DKI1,Bundaran HI,2025,1,12,2,6
37.0,202501,13,2025-01-13,0I834,1.0,28.0,37.0,12.0,11.0,9.0,18.0,BAIK,DKI1 Bundaran Hotel Indonesia (HI),PM25,DKI1,Bundaran HI,2025,1,13,3,0
54.0,202501,14,2025-01-14,0I834,1.0,32.0,54.0,51.0,15.0,6.0,13.0,SEDANG,DKI1 Bundaran Hotel Indonesia (HI),PM25,DKI1,Bundaran HI,2025,1,14,3,1
62.0,202501,15,2025-01-15,0I834,1.0,34.0,51.0,62.0,15.0,8.0,23.0,SEDANG,DKI1 Bundaran Hotel Indonesia (HI),SO2,DKI1,Bundaran HI,2025,1,15,3,2
62.0,202501,16,2025-01-16,0I834,1.0,40.0,57.0,62.0,15.0,6.0,25.0,SEDANG,DKI1 Bundaran Hotel Indonesia (HI),SO2,DKI1,Bundaran HI,2025,1,16,3,3
55.0,202501,17,2025-01-17,0I834,1.0,33.0,55.0,,14.0,7.0,25.0,SEDANG,DKI1 Bundaran Hotel Indonesia (HI),PM25,DKI1,Bundaran HI,2025,1,17,3,4
34.0,202501,18,2025-01-18,0I834,1.0,24.0,34.0,29.0,11.0,10.0,21.0,BAIK,DKI1 Bundaran Hotel Indonesia (HI),PM25,DKI1,Bundaran HI,2025,1,18,3,5
50.0,202501,19,2025-01-19,0I834,1.0,29.0,50.0,34.0,12.0,10.0,20.0,BAIK,DKI1 Bundaran Hotel Indonesia (HI),PM25,DKI1,Bundaran HI,2025,1,19,3,6
39.0,202501,20,2025-01-20,0I834,1.0,25.0,39.0,30.0,10.0,11.0,22.0,BAIK,DKI1 Bundaran Hotel Indonesia (HI),PM25,DKI1,Bundaran HI,2025,1,20,4,0
52.0,202501,21,2025-01-21,0I834,1.0,32.0,52.0,23.0,19.0,7.0,31.0,SEDANG,DKI1 Bundaran Hotel Indonesia (HI),PM25,DKI1,Bundaran HI,2025,1,21,4,1
51.0,202501,22,2025-01-22,0I834,1.0,31.0,51.0,28.0,17.0,7.0,29.0,SEDANG,DKI1 Bundaran Hotel Indonesia (HI),PM25,DKI1,Bundaran HI,2025,1,22,4,2
59.0,202501,23,2025-01-23,0I834,1.0,38.0,59.0,26.0,16.0,11.0,33.0,SEDANG,DKI1 Bundaran Hotel Indonesia (HI),PM25,DKI1,Bundaran HI,2025,1,23,4,3
73.0,202501,24,2025-01-24,0I834,1.0,52.0,73.0,25.0,22.0,10.0,38.0,SEDANG,DKI1 Bundaran Hotel Indonesia (HI),PM25,DKI1,Bundaran HI,2025,1,24,4,4
55.0,202501,25,2025-01-25,0I834,1.0,39.0,55.0,24.0,19.0,8.0,24.0,SEDANG,DKI1 Bundaran Hotel Indonesia (HI),PM25,DKI1,Bundaran HI,2025,1,25,4,5
59.0,202501,26,2025-01-26,0I834,1.0,42.0,59.0,32.0,16.0,7.0,28.0,SEDANG,DKI1 Bundaran Hotel Indonesia (HI),PM25,DKI1,Bundaran HI,2025,1,26,4,6
50.0,202501,27,2025-01-27,0I834,1.0,35.0,50.0,26.0,10.0,7.0,19.0,BAIK,DKI1 Bundaran Hotel Indonesia (HI),PM25,DKI1,Bundaran HI,2025,1,27,5,0
36.0,202501,28,2025-01-28,0I834,1.0,31.0,36.0,23.0,9.0,6.0,17.0,BAIK,DKI1 Bundaran Hotel Indonesia (HI),PM25,DKI1,Bundaran HI,2025,1,28,5,1
32.0,202501,29,2025-01-29,0I834,1.0,25.0,32.0,19.0,10.0,8.0,25.0,BAIK,DKI1 Bundaran Hotel Indonesia (HI),PM25,DKI1,Bundaran HI,2025,1,29,5,2
30.0,202501,30,2025-01-30,0I834,1.0,25.0,30.0,18.0,9.0,17.0,21.0,BAIK,DKI1 Bundaran Hotel Indonesia (HI),PM25,DKI1,Bundaran HI,2025,1,30,5,3
51.0,202501,31,2025-01-31,0I834,1.0,37.0,51.0,21.0,12.0,16.0,31.0,SEDANG,DKI1 Bundaran Hotel Indonesia (HI),PM25,DKI1,Bundaran HI,2025,1,31,5,4
60.0,202501,1,2025-01-01,0I834,1.0,48.0,60.0,25.0,13.0,12.0,13.0,SEDANG,DKI2 Kelapa Gading,PM25,DKI2,Kelapa Gading,2025,1,1,1,2
38.0,202501,2,2025-01-02,0I834,1.0,29.0,38.0,23.0,11.0,12.0,12.0,BAIK,DKI2 Kelapa Gading,PM25,DKI2,Kelapa Gading,2025,1,2,1,3
60.0,202501,3,2025-01-03,0I834,1.0,51.0,60.0,26.0,13.0,12.0,16.0,SEDANG,DKI2 Kelapa Gading,PM25,DKI2,Kelapa Gading,2025,1,3,1,4
48.0,202501,4,2025-01-04,0I834,1.0,37.0,48.0,24.0,10.0,11.0,14.0,BAIK,DKI2 Kelapa Gading,PM25,DKI2,Kelapa Gading,2025,1,4,1,5
51.0,202501,5,2025-01-05,0I834,1.0,29.0,51.0,22.0,11.0,10.0,16.0,SEDANG,DKI2 Kelapa Gading,PM25,DKI2,Kelapa Gading,2025,1,5,1,6
71.0,202501,6,2025-01-06,0I834,1.0,56.0,71.0,25.0,18.0,11.0,36.0,SEDANG,DKI2 Kelapa Gading,PM25,DKI2,Kelapa Gading,2025,1,6,2,0
37.0,202501,7,2025-01-07,0I834,1.0,32.0,37.0,24.0,12.0,11.0,17.0,BAIK,DKI2 Kelapa Gading,PM25,DKI2,Kelapa Gading,2025,1,7,2,1
36.0,202501,8,2025-01-08,0I834,1.0,29.0,36.0,24.0,11.0,10.0,19.0,BAIK,DKI2 Kelapa Gading,PM25,DKI2,Kelapa Gading,2025,1,8,2,2
23.0,202501,9,2025-01-09,0I834,1.0,22.0,23.0,21.0,11.0,12.0,17.0,BAIK,DKI2 Kelapa Gading,PM25,DKI2,Kelapa Gading,2025,1,9,2,3
56.0,202501,10,2025-01-10,0I834,1.0,47.0,56.0,23.0,16.0,14.0,15.0,SEDANG,DKI2 Kelapa Gading,PM25,DKI2,Kelapa Gading,2025,1,10,2,4
55.0,202501,11,2025-01-11,0I834,1.0,39.0,55.0,22.0,11.0,19.0,8.0,SEDANG,DKI2 Kelapa Gading,PM25,DKI2,Kelapa Gading,2025,1,11,2,5
55.0,202501,12,2025-01-12,0I834,1.0,44.0,55.0,24.0,11.0,14.0,10.0,SEDANG,DKI2 Kelapa Gading,PM25,DKI2,Kelapa Gading,2025,1,12,2,6
33.0,202501,13,2025-01-13,0I834,1.0,26.0,33.0,22.0,11.0,12.0,12.0,BAIK,DKI2 Kelapa Gading,PM25,DKI2,Kelapa Gading,2025,1,13,3,0
32.0,202501,14,2025-01-14,0I834,1.0,28.0,32.0,23.0,11.0,10.0,15.0,BAIK,DKI2 Kelapa Gading,PM25,DKI2,Kelapa Gading,2025,1,14,3,1
43.0,202501,15,2025-01-15,0I834,1.0,30.0,43.0,24.0,13.0,11.0,26.0,BAIK,DKI2 Kelapa Gading,PM25,DKI2,Kelapa Gading,2025,1,15,3,2
48.0,202501,16,2025-01-16,0I834,1.0,36.0,48.0,25.0,10.0,10.0,17.0,BAIK,DKI2 Kelapa Gading,PM25,DKI2,Kelapa Gading,2025,1,16,3,3
47.0,202501,17,2025-01-17,0I834,1.0,32.0,47.0,25.0,9.0,11.0,12.0,BAIK,DKI2 Kelapa Gading,PM25,DKI2,Kelapa Gading,2025,1,17,3,4
35.0,202501,18,2025-01-18,0I834,1.0,24.0,35.0,21.0,10.0,12.0,13.0,BAIK,DKI2 Kelapa Gading,PM25,DKI2,Kelapa Gading,2025,1,18,3,5
39.0,202501,19,2025-01-19,0I834,1.0,33.0,39.0,24.0,10.0,11.0,17.0,BAIK,DKI2 Kelapa Gading,PM25,DKI2,Kelapa Gading,2025,1,19,3,6
37.0,202501,20,2025-01-20,0I834,1.0,26.0,37.0,26.0,10.0,12.0,12.0,BAIK,DKI2 Kelapa Gading,PM25,DKI2,Kelapa Gading,2025,1,20,4,0
53.0,202501,21,2025-01-21,0I834,1.0,39.0,53.0,21.0,17.0,9.0,23.0,SEDANG,DKI2 Kelapa Gading,PM25,DKI2,Kelapa Gading,2025,1,21,4,1
52.0,202501,22,2025-01-22,0I834,1.0,36.0,52.0,24.0,14.0,9.0,22.0,SEDANG,DKI2 Kelapa Gading,PM25,DKI2,Kelapa Gading,2025,1,22,4,2
46.0,202501,23,2025-01-23,0I834,1.0,35.0,46.0,21.0,8.0,13.0,11.0,BAIK,DKI2 Kelapa Gading,PM25,DKI2,Kelapa Gading,2025,1,23,4,3
68.0,202501,24,2025-01-24,0I834,1.0,52.0,68.0,26.0,14.0,11.0,20.0,SEDANG,DKI2 Kelapa Gading,PM25,DKI2,Kelapa Gading,2025,1,24,4,4
57.0,202501,25,2025-01-25,0I834,1.0,47.0,57.0,24.0,15.0,11.0,35.0,SEDANG,DKI2 Kelapa Gading,PM25,DKI2,Kelapa Gading,2025,1,25,4,5
57.0,202501,26,2025-01-26,0I834,1.0,47.0,57.0,24.0,12.0,10.0,19.0,SEDANG,DKI2 Kelapa Gading,PM25,DKI2,Kelapa Gading,2025,1,26,4,6
49.0,202501,27,2025-01-27,0I834,1.0,29.0,49.0,22.0,7.0,9.0,14.0,BAIK,DKI2 Kelapa Gading,PM25,DKI2,Kelapa Gading,2025,1,27,5,0
36.0,202501,28,2025-01-28,0I834,1.0,33.0,36.0,22.0,7.0,9.0,13.0,BAIK,DKI2 Kelapa Gading,PM25,DKI2,Kelapa Gading,2025,1,28,5,1
30.0,202501,29,2025-01-29,0I834,1.0,27.0,30.0,21.0,8.0,12.0,12.0,BAIK,DKI2 Kelapa Gading,PM25,DKI2,Kelapa Gading,2025,1,29,5,2
26.0,202501,30,2025-01-30,0I834,1.0,,26.0,20.0,6.0,20.0,11.0,BAIK,DKI2 Kelapa Gading,PM25,DKI2,Kelapa Gading,2025,1,30,5,3
51.0,202501,31,2025-01-31,0I834,1.0,51.0,41.0,20.0,8.0,16.0,10.0,SEDANG,DKI2 Kelapa Gading,PM10,DKI2,Kelapa Gading,2025,1,31,5,4
73.0,202501,1,2025-01-01,0I834,1.0,49.0,73.0,,8.0,10.0,27.0,SEDANG,DKI3 Jagakarsa,PM25,DKI3,Jagakarsa,2025,1,1,1,2
60.0,202501,2,2025-01-02,0I834,1.0,28.0,60.0,,6.0,11.0,22.0,SEDANG,DKI3 Jagakarsa,PM25,DKI3,Jagakarsa,2025,1,2,1,3
69.0,202501,3,2025-01-03,0I834,1.0,38.0,69.0,,8.0,13.0,35.0,SEDANG,DKI3 Jagakarsa,PM25,DKI3,Jagakarsa,2025,1,3,1,4
62.0,202501,4,2025-01-04,0I834,1.0,34.0,62.0,13.0,5.0,10.0,23.0,SEDANG,DKI3 Jagakarsa,PM25,DKI3,Jagakarsa,2025,1,4,1,5
68.0,202501,5,2025-01-05,0I834,1.0,41.0,68.0,13.0,7.0,9.0,35.0,SEDANG,DKI3 Jagakarsa,PM25,DKI3,Jagakarsa,2025,1,5,1,6
79.0,202501,6,2025-01-06,0I834,1.0,51.0,79.0,16.0,13.0,13.0,46.0,SEDANG,DKI3 Jagakarsa,PM25,DKI3,Jagakarsa,2025,1,6,2,0
71.0,202501,7,2025-01-07,0I834,1.0,51.0,71.0,13.0,8.0,10.0,38.0,SEDANG,DKI3 Jagakarsa,PM25,DKI3,Jagakarsa,2025,1,7,2,1
54.0,202501,8,2025-01-08,0I834,1.0,31.0,54.0,13.0,5.0,12.0,19.0,SEDANG,DKI3 Jagakarsa,PM25,DKI3,Jagakarsa,2025,1,8,2,2
51.0,202501,9,2025-01-09,0I834,1.0,20.0,51.0,14.0,8.0,13.0,26.0,SEDANG,DKI3 Jagakarsa,PM25,DKI3,Jagakarsa,2025,1,9,2,3
77.0,202501,10,2025-01-10,0I834,1.0,53.0,77.0,19.0,15.0,16.0,43.0,SEDANG,DKI3 Jagakarsa,PM25,DKI3,Jagakarsa,2025,1,10,2,4
63.0,202501,11,2025-01-11,0I834,1.0,29.0,63.0,11.0,8.0,23.0,9.0,SEDANG,DKI3 Jagakarsa,PM25,DKI3,Jagakarsa,2025,1,11,2,5
64.0,202501,12,2025-01-12,0I834,1.0,37.0,64.0,9.0,8.0,13.0,11.0,SEDANG,DKI3 Jagakarsa,PM25,DKI3,Jagakarsa,2025,1,12,2,6
59.0,202501,13,2025-01-13,0I834,1.0,36.0,59.0,8.0,8.0,10.0,18.0,SEDANG,DKI3 Jagakarsa,PM25,DKI3,Jagakarsa,2025,1,13,3,0
52.0,202501,14,2025-01-14,0I834,1.0,28.0,52.0,14.0,6.0,10.0,10.0,SEDANG,DKI3 Jagakarsa,PM25,DKI3,Jagakarsa,2025,1,14,3,1
56.0,202501,15,2025-01-15,0I834,1.0,35.0,56.0,11.0,9.0,10.0,33.0,SEDANG,DKI3 Jagakarsa,PM25,DKI3,Jagakarsa,2025,1,15,3,2
60.0,202501,16,2025-01-16,0I834,1.0,34.0,60.0,11.0,6.0,10.0,19.0,SEDANG,DKI3 Jagakarsa,PM25,DKI3,Jagakarsa,2025,1,16,3,3
59.0,202501,17,2025-01-17,0I834,1.0,33.0,59.0,14.0,7.0,11.0,16.0,SEDANG,DKI3 Jagakarsa,PM25,DKI3,Jagakarsa,2025,1,17,3,4
40.0,202501,18,2025-01-18,0I834,1.0,21.0,40.0,12.0,7.0,11.0,9.0,BAIK,DKI3 Jagakarsa,PM25,DKI3,Jagakarsa,2025,1,18,3,5
40.0,202501,19,2025-01-19,0I834,1.0,19.0,40.0,12.0,6.0,11.0,17.0,BAIK,DKI3 Jagakarsa,PM25,DKI3,Jagakarsa,2025,1,19,3,6
41.0,202501,20,2025-01-20,0I834,1.0,23.0,41.0,13.0,7.0,12.0,12.0,BAIK,DKI3 Jagakarsa,PM25,DKI3,Jagakarsa,2025,1,20,4,0
58.0,202501,21,2025-01-21,0I834,1.0,40.0,58.0,13.0,14.0,11.0,,SEDANG,DKI3 Jagakarsa,PM25,DKI3,Jagakarsa,2025,1,21,4,1
51.0,202501,22,2025-01-22,0I834,1.0,33.0,51.0,14.0,13.0,8.0,48.0,SEDANG,DKI3 Jagakarsa,PM25,DKI3,Jagakarsa,2025,1,22,4,2
90.0,202501,23,2025-01-23,0I834,1.0,57.0,90.0,23.0,20.0,13.0,,SEDANG,DKI3 Jagakarsa,PM25,DKI3,Jagakarsa,2025,1,23,4,3
75.0,202501,24,2025-01-24,0I834,1.0,51.0,75.0,22.0,14.0,11.0,,SEDANG,DKI3 Jagakarsa,PM25,DKI3,Jagakarsa,2025,1,24,4,4
57.0,202501,25,2025-01-25,0I834,1.0,31.0,57.0,20.0,11.0,9.0,51.0,SEDANG,DKI3 Jagakarsa,PM25,DKI3,Jagakarsa,2025,1,25,4,5
63.0,202501,26,2025-01-26,0I834,1.0,42.0,63.0,23.0,14.0,8.0,,SEDANG,DKI3 Jagakarsa,PM25,DKI3,Jagakarsa,2025,1,26,4,6
54.0,202501,27,2025-01-27,0I834,1.0,26.0,54.0,20.0,6.0,9.0,18.0,SEDANG,DKI3 Jagakarsa,PM25,DKI3,Jagakarsa,2025,1,27,5,0
46.0,202501,28,2025-01-28,0I834,1.0,23.0,46.0,23.0,5.0,9.0,,BAIK,DKI3 Jagakarsa,PM25,DKI3,Jagakarsa,2025,1,28,5,1
40.0,202501,29,2025-01-29,0I834,1.0,25.0,40.0,24.0,10.0,9.0,27.0,BAIK,DKI3 Jagakarsa,PM25,DKI3,Jagakarsa,2025,1,29,5,2
38.0,202501,30,2025-01-30,0I834,1.0,23.0,38.0,22.0,8.0,17.0,,BAIK,DKI3 Jagakarsa,PM25,DKI3,Jagakarsa,2025,1,30,5,3
55.0,202501,31,2025-01-31,0I834,1.0,32.0,55.0,23.0,10.0,18.0,16.0,SEDANG,DKI3 Jagakarsa,PM25,DKI3,Jagakarsa,2025,1,31,5,4
46.0,202501,1,2025-01-01,0I834,1.0,46.0,30.0,23.0,9.0,19.0,9.0,BAIK,DKI4 Lubang Buaya,PM10,DKI4,Lubang Buaya,2025,1,1,1,2
31.0,202501,2,2025-01-02,0I834,1.0,31.0,23.0,23.0,8.0,20.0,11.0,BAIK,DKI4 Lubang Buaya,PM10,DKI4,Lubang Buaya,2025,1,2,1,3
55.0,202501,3,2025-01-03,0I834,1.0,55.0,51.0,23.0,12.0,19.0,13.0,SEDANG,DKI4 Lubang Buaya,PM10,DKI4,Lubang Buaya,2025,1,3,1,4
45.0,202501,4,2025-01-04,0I834,1.0,45.0,27.0,24.0,7.0,17.0,11.0,BAIK,DKI4 Lubang Buaya,PM10,DKI4,Lubang Buaya,2025,1,4,1,5
35.0,202501,5,2025-01-05,0I834,1.0,35.0,28.0,23.0,9.0,12.0,8.0,BAIK,DKI4 Lubang Buaya,PM10,DKI4,Lubang Buaya,2025,1,5,1,6
55.0,202501,6,2025-01-06,0I834,1.0,55.0,43.0,22.0,18.0,21.0,11.0,SEDANG,DKI4 Lubang Buaya,PM10,DKI4,Lubang Buaya,2025,1,6,2,0
37.0,202501,7,2025-01-07,0I834,1.0,37.0,25.0,10.0,12.0,14.0,8.0,BAIK,DKI4 Lubang Buaya,PM10,DKI4,Lubang Buaya,2025,1,7,2,1
27.0,202501,8,2025-01-08,0I834,1.0,27.0,21.0,10.0,8.0,15.0,9.0,BAIK,DKI4 Lubang Buaya,PM10,DKI4,Lubang Buaya,2025,1,8,2,2
26.0,202501,9,2025-01-09,0I834,1.0,26.0,16.0,10.0,10.0,14.0,13.0,BAIK,DKI4 Lubang Buaya,PM10,DKI4,Lubang Buaya,2025,1,9,2,3
50.0,202501,10,2025-01-10,0I834,1.0,50.0,33.0,12.0,19.0,22.0,17.0,BAIK,DKI4 Lubang Buaya,PM10,DKI4,Lubang Buaya,2025,1,10,2,4
45.0,202501,11,2025-01-11,0I834,1.0,45.0,23.0,12.0,10.0,30.0,17.0,BAIK,DKI4 Lubang Buaya,PM10,DKI4,Lubang Buaya,2025,1,11,2,5
48.0,202501,12,2025-01-12,0I834,1.0,48.0,21.0,11.0,11.0,19.0,11.0,BAIK,DKI4 Lubang Buaya,PM10,DKI4,Lubang Buaya,2025,1,12,2,6
30.0,202501,13,2025-01-13,0I834,1.0,30.0,22.0,11.0,10.0,12.0,12.0,BAIK,DKI4 Lubang Buaya,PM10,DKI4,Lubang Buaya,2025,1,13,3,0
26.0,202501,14,2025-01-14,0I834,1.0,26.0,14.0,13.0,8.0,14.0,11.0,BAIK,DKI4 Lubang Buaya,PM10,DKI4,Lubang Buaya,2025,1,14,3,1
32.0,202501,15,2025-01-15,0I834,1.0,32.0,23.0,12.0,10.0,14.0,9.0,BAIK,DKI4 Lubang Buaya,PM10,DKI4,Lubang Buaya,2025,1,15,3,2
34.0,202501,16,2025-01-16,0I834,1.0,34.0,23.0,13.0,8.0,16.0,10.0,BAIK,DKI4 Lubang Buaya,PM10,DKI4,Lubang Buaya,2025,1,16,3,3
33.0,202501,17,2025-01-17,0I834,1.0,33.0,20.0,14.0,8.0,15.0,11.0,BAIK,DKI4 Lubang Buaya,PM10,DKI4,Lubang Buaya,2025,1,17,3,4
22.0,202501,18,2025-01-18,0I834,1.0,22.0,14.0,11.0,8.0,15.0,9.0,BAIK,DKI4 Lubang Buaya,PM10,DKI4,Lubang Buaya,2025,1,18,3,5
27.0,202501,19,2025-01-19,0I834,1.0,27.0,16.0,12.0,8.0,17.0,9.0,BAIK,DKI4 Lubang Buaya,PM10,DKI4,Lubang Buaya,2025,1,19,3,6
27.0,202501,20,2025-01-20,0I834,1.0,27.0,16.0,12.0,10.0,18.0,9.0,BAIK,DKI4 Lubang Buaya,PM10,DKI4,Lubang Buaya,2025,1,20,4,0
39.0,202501,21,2025-01-21,0I834,1.0,39.0,22.0,12.0,14.0,15.0,11.0,BAIK,DKI4 Lubang Buaya,PM10,DKI4,Lubang Buaya,2025,1,21,4,1
31.0,202501,22,2025-01-22,0I834,1.0,31.0,14.0,12.0,16.0,11.0,10.0,BAIK,DKI4 Lubang Buaya,PM10,DKI4,Lubang Buaya,2025,1,22,4,2
52.0,202501,23,2025-01-23,0I834,1.0,52.0,35.0,15.0,18.0,18.0,14.0,SEDANG,DKI4 Lubang Buaya,PM10,DKI4,Lubang Buaya,2025,1,23,4,3
54.0,202501,24,2025-01-24,0I834,1.0,54.0,30.0,12.0,13.0,17.0,12.0,SEDANG,DKI4 Lubang Buaya,PM10,DKI4,Lubang Buaya,2025,1,24,4,4
46.0,202501,25,2025-01-25,0I834,1.0,46.0,33.0,14.0,15.0,15.0,11.0,BAIK,DKI4 Lubang Buaya,PM10,DKI4,Lubang Buaya,2025,1,25,4,5
49.0,202501,26,2025-01-26,0I834,1.0,49.0,27.0,13.0,17.0,12.0,9.0,BAIK,DKI4 Lubang Buaya,PM10,DKI4,Lubang Buaya,2025,1,26,4,6
26.0,202501,27,2025-01-27,0I834,1.0,26.0,20.0,12.0,7.0,14.0,8.0,BAIK,DKI4 Lubang Buaya,PM10,DKI4,Lubang Buaya,2025,1,27,5,0
27.0,202501,28,2025-01-28,0I834,1.0,27.0,18.0,13.0,6.0,12.0,7.0,BAIK,DKI4 Lubang Buaya,PM10,DKI4,Lubang Buaya,2025,1,28,5,1
27.0,202501,29,2025-01-29,0I834,1.0,27.0,,11.0,10.0,13.0,10.0,BAIK,DKI4 Lubang Buaya,PM10,DKI4,Lubang Buaya,2025,1,29,5,2
52.0,202501,30,2025-01-30,0I834,1.0,50.0,52.0,12.0,9.0,22.0,10.0,SEDANG,DKI4 Lubang Buaya,PM25,DKI4,Lubang Buaya,2025,1,30,5,3
33.0,202501,31,2025-01-31,0I834,1.0,33.0,14.0,12.0,9.0,26.0,13.0,BAIK,DKI4 Lubang Buaya,PM10,DKI4,Lubang Buaya,2025,1,31,5,4
48.0,202501,1,2025-01-01,0I834,1.0,,48.0,12.0,6.0,26.0,7.0,BAIK,DKI5 Kebon Jeruk Jakarta Barat,PM25,DKI5,Kebon Jeruk,2025,1,1,1,2
28.0,202501,2,2025-01-02,0I834,1.0,,26.0,13.0,4.0,28.0,4.0,BAIK,DKI5 Kebon Jeruk Jakarta Barat,O3,DKI5,Kebon Jeruk,2025,1,2,1,3
46.0,202501,3,2025-01-03,0I834,1.0,,46.0,22.0,8.0,26.0,8.0,BAIK,DKI5 Kebon Jeruk Jakarta Barat,PM25,DKI5,Kebon Jeruk,2025,1,3,1,4
33.0,202501,4,2025-01-04,0I834,1.0,,33.0,25.0,4.0,28.0,8.0,BAIK,DKI5 Kebon Jeruk Jakarta Barat,PM25,DKI5,Kebon Jeruk,2025,1,4,1,5
26.0,202501,5,2025-01-05,0I834,1.0,,26.0,4.0,4.0,16.0,,BAIK,DKI5 Kebon Jeruk Jakarta Barat,PM25,DKI5,Kebon Jeruk,2025,1,5,1,6
46.0,202501,6,2025-01-06,0I834,1.0,,46.0,15.0,8.0,17.0,,BAIK,DKI5 Kebon Jeruk Jakarta Barat,PM25,DKI5,Kebon Jeruk,2025,1,6,2,0
43.0,202501,7,2025-01-07,0I834,1.0,,43.0,21.0,4.0,20.0,4.0,BAIK,DKI5 Kebon Jeruk Jakarta Barat,PM25,DKI5,Kebon Jeruk,2025,1,7,2,1
35.0,202501,8,2025-01-08,0I834,1.0,10.0,35.0,12.0,4.0,22.0,5.0,BAIK,DKI5 Kebon Jeruk Jakarta Barat,PM25,DKI5,Kebon Jeruk,2025,1,8,2,2
31.0,202501,9,2025-01-09,0I834,1.0,14.0,29.0,3.0,6.0,31.0,7.0,BAIK,DKI5 Kebon Jeruk Jakarta Barat,O3,DKI5,Kebon Jeruk,2025,1,9,2,3
74.0,202501,10,2025-01-10,0I834,1.0,20.0,74.0,12.0,13.0,29.0,15.0,SEDANG,DKI5 Kebon Jeruk Jakarta Barat,PM25,DKI5,Kebon Jeruk,2025,1,10,2,4
60.0,202501,11,2025-01-11,0I834,1.0,19.0,60.0,10.0,6.0,36.0,10.0,SEDANG,DKI5 Kebon Jeruk Jakarta Barat,PM25,DKI5,Kebon Jeruk,2025,1,11,2,5
56.0,202501,12,2025-01-12,0I834,1.0,14.0,56.0,14.0,5.0,25.0,9.0,SEDANG,DKI5 Kebon Jeruk Jakarta Barat,PM25,DKI5,Kebon Jeruk,2025,1,12,2,6
35.0,202501,13,2025-01-13,0I834,1.0,10.0,35.0,8.0,5.0,21.0,5.0,BAIK,DKI5 Kebon Jeruk Jakarta Barat,PM25,DKI5,Kebon Jeruk,2025,1,13,3,0
33.0,202501,14,2025-01-14,0I834,1.0,12.0,33.0,17.0,5.0,24.0,6.0,BAIK,DKI5 Kebon Jeruk Jakarta Barat,PM25,DKI5,Kebon Jeruk,2025,1,14,3,1
51.0,202502,1,2025-02-01,0I834,2.0,41.0,51.0,19.0,10.0,14.0,27.0,SEDANG,DKI1 Bundaran Hotel Indonesia (HI),PM25,DKI1,Bundaran HI,2025,2,1,5,5
47.0,202502,2,2025-02-02,0I834,2.0,41.0,47.0,18.0,9.0,15.0,20.0,BAIK,DKI1 Bundaran Hotel Indonesia (HI),PM25,DKI1,Bundaran HI,2025,2,2,5,6
45.0,202502,3,2025-02-03,0I834,2.0,38.0,45.0,19.0,9.0,16.0,24.0,BAIK,DKI1 Bundaran Hotel Indonesia (HI),PM25,DKI1,Bundaran HI,2025,2,3,6,0
73.0,202502,4,2025-02-04,0I834,2.0,54.0,73.0,26.0,17.0,11.0,40.0,SEDANG,DKI1 Bundaran Hotel Indonesia (HI),PM25,DKI1,Bundaran HI,2025,2,4,6,1
47.0,202502,5,2025-02-05,0I834,2.0,40.0,47.0,27.0,13.0,10.0,26.0,BAIK,DKI1 Bundaran Hotel Indonesia (HI),PM25,DKI1,Bundaran HI,2025,2,5,6,2
53.0,202502,6,2025-02-06,0I834,2.0,41.0,53.0,37.0,14.0,11.0,31.0,SEDANG,DKI1 Bundaran Hotel Indonesia (HI),PM25,DKI1,Bundaran HI,2025,2,6,6,3
50.0,202502,7,2025-02-07,0I834,2.0,35.0,50.0,30.0,13.0,11.0,29.0,BAIK,DKI1 Bundaran Hotel Indonesia (HI),PM25,DKI1,Bundaran HI,2025,2,7,6,4
48.0,202502,8,2025-02-08,0I834,2.0,33.0,48.0,31.0,12.0,10.0,34.0,BAIK,DKI1 Bundaran Hotel Indonesia (HI),PM25,DKI1,Bundaran HI,2025,2,8,6,5
52.0,202502,9,2025-02-09,0I834,2.0,38.0,52.0,33.0,12.0,11.0,25.0,SEDANG,DKI1 Bundaran Hotel Indonesia (HI),PM25,DKI1,Bundaran HI,2025,2,9,6,6
38.0,202502,10,2025-02-10,0I834,2.0,31.0,38.0,29.0,11.0,13.0,26.0,BAIK,DKI1 Bundaran Hotel Indonesia (HI),PM25,DKI1,Bundaran HI,2025,2,10,7,0
51.0,202502,11,2025-02-11,0I834,2.0,36.0,51.0,29.0,13.0,12.0,35.0,SEDANG,DKI1 Bundaran Hotel Indonesia (HI),PM25,DKI1,Bundaran HI,2025,2,11,7,1
74.0,202502,12,2025-02-12,0I834,2.0,54.0,74.0,37.0,16.0,16.0,43.0,SEDANG,DKI1 Bundaran Hotel Indonesia (HI),PM25,DKI1,Bundaran HI,2025,2,12,7,2
74.0,202502,13,2025-02-13,0I834,2.0,56.0,74.0,35.0,18.0,9.0,39.0,SEDANG,DKI1 Bundaran Hotel Indonesia (HI),PM25,DKI1,Bundaran HI,2025,2,13,7,3
68.0,202502,14,2025-02-14,0I834,2.0,44.0,68.0,35.0,13.0,9.0,30.0,SEDANG,DKI1 Bundaran Hotel Indonesia (HI),PM25,DKI1,Bundaran HI,2025,2,14,7,4
54.0,202502,15,2025-02-15,0I834,2.0,34.0,54.0,33.0,12.0,7.0,19.0,SEDANG,DKI1 Bundaran Hotel Indonesia (HI),PM25,DKI1,Bundaran HI,2025,2,15,7,5
67.0,202502,16,2025-02-16,0I834,2.0,42.0,67.0,36.0,18.0,10.0,26.0,SEDANG,DKI1 Bundaran Hotel Indonesia (HI),PM25,DKI1,Bundaran HI,2025,2,16,7,6
44.0,202502,17,2025-02-17,0I834,2.0,44.0,,33.0,16.0,6.0,,BAIK,DKI1 Bundaran Hotel Indonesia (HI),PM10,DKI1,Bundaran HI,2025,2,17,8,0
48.0,202502,18,2025-02-18,0I834,2.0,48.0,,,,,,BAIK,DKI1 Bundaran Hotel Indonesia (HI),PM10,DKI1,Bundaran HI,2025,2,18,8,1
73.0,202502,19,2025-02-19,0I834,2.0,53.0,73.0,32.0,28.0,6.0,26.0,SEDANG,DKI1 Bundaran Hotel Indonesia (HI),PM25,DKI1,Bundaran HI,2025,2,19,8,2
50.0,202502,20,2025-02-20,0I834,2.0,42.0,50.0,31.0,11.0,10.0,22.0,BAIK,DKI1 Bundaran Hotel Indonesia (HI),PM25,DKI1,Bundaran HI,2025,2,20,8,3
72.0,202502,21,2025-02-21,0I834,2.0,51.0,72.0,40.0,20.0,9.0,30.0,SEDANG,DKI1 Bundaran Hotel Indonesia (HI),PM25,DKI1,Bundaran HI,2025,2,21,8,4
63.0,202502,22,2025-02-22,0I834,2.0,50.0,63.0,33.0,22.0,9.0,31.0,SEDANG,DKI1 Bundaran Hotel Indonesia (HI),PM25,DKI1,Bundaran HI,2025,2,22,8,5
70.0,202502,23,2025-02-23,0I834,2.0,56.0,70.0,48.0,21.0,8.0,30.0,SEDANG,DKI1 Bundaran Hotel Indonesia (HI),PM25,DKI1,Bundaran HI,2025,2,23,8,6
55.0,202502,24,2025-02-24,0I834,2.0,42.0,55.0,28.0,15.0,14.0,28.0,SEDANG,DKI1 Bundaran Hotel Indonesia (HI),PM25,DKI1,Bundaran HI,2025,2,24,9,0
66.0,202502,25,2025-02-25,0I834,2.0,47.0,66.0,38.0,19.0,5.0,31.0,SEDANG,DKI1 Bundaran Hotel Indonesia (HI),PM25,DKI1,Bundaran HI,2025,2,25,9,1
57.0,202502,26,2025-02-26,0I834,2.0,45.0,57.0,30.0,17.0,7.0,30.0,SEDANG,DKI1 Bundaran Hotel Indonesia (HI),PM25,DKI1,Bundaran HI,2025,2,26,9,2
85.0,202502,27,2025-02-27,0I834,2.0,54.0,85.0,36.0,26.0,12.0,50.0,SEDANG,DKI1 Bundaran Hotel Indonesia (HI),PM25,DKI1,Bundaran HI,2025,2,27,9,3
57.0,202502,28,2025-02-28,0I834,2.0,44.0,57.0,33.0,13.0,10.0,23.0,SEDANG,DKI1 Bundaran Hotel Indonesia (HI),PM25,DKI1,Bundaran HI,2025,2,28,9,4
51.0,202502,1,2025-02-01,0I834,2.0,51.0,33.0,20.0,6.0,17.0,7.0,SEDANG,DKI2 Kelapa Gading,PM10,DKI2,Kelapa Gading,2025,2,1,5,5
38.0,202502,2,2025-02-02,0I834,2.0,38.0,35.0,20.0,5.0,19.0,9.0,BAIK,DKI2 Kelapa Gading,PM10,DKI2,Kelapa Gading,2025,2,2,5,6
39.0,202502,3,2025-02-03,0I834,2.0,39.0,37.0,20.0,5.0,21.0,10.0,BAIK,DKI2 Kelapa Gading,PM10,DKI2,Kelapa Gading,2025,2,3,6,0
61.0,202502,4,2025-02-04,0I834,2.0,52.0,61.0,21.0,7.0,16.0,10.0,SEDANG,DKI2 Kelapa Gading,PM25,DKI2,Kelapa Gading,2025,2,4,6,1
42.0,202502,5,2025-02-05,0I834,2.0,42.0,42.0,23.0,7.0,11.0,14.0,BAIK,DKI2 Kelapa Gading,PM10,DKI2,Kelapa Gading,2025,2,5,6,2
51.0,202502,6,2025-02-06,0I834,2.0,40.0,51.0,21.0,4.0,14.0,11.0,SEDANG,DKI2 Kelapa Gading,PM25,DKI2,Kelapa Gading,2025,2,6,6,3
44.0,202502,7,2025-02-07,0I834,2.0,35.0,44.0,21.0,6.0,15.0,15.0,BAIK,DKI2 Kelapa Gading,PM25,DKI2,Kelapa Gading,2025,2,7,6,4
50.0,202502,8,2025-02-08,0I834,2.0,42.0,50.0,21.0,6.0,14.0,9.0,BAIK,DKI2 Kelapa Gading,PM25,DKI2,Kelapa Gading,2025,2,8,6,5
34.0,202502,9,2025-02-09,0I834,2.0,34.0,33.0,22.0,4.0,15.0,9.0,BAIK,DKI2 Kelapa Gading,PM10,DKI2,Kelapa Gading,2025,2,9,6,6
36.0,202502,10,2025-02-10,0I834,2.0,36.0,35.0,21.0,3.0,15.0,10.0,BAIK,DKI2 Kelapa Gading,PM10,DKI2,Kelapa Gading,2025,2,10,7,0
37.0,202502,11,2025-02-11,0I834,2.0,34.0,37.0,22.0,4.0,15.0,11.0,BAIK,DKI2 Kelapa Gading,PM25,DKI2,Kelapa Gading,2025,2,11,7,1
71.0,202502,12,2025-02-12,0I834,2.0,53.0,71.0,30.0,5.0,19.0,7.0,SEDANG,DKI2 Kelapa Gading,PM25,DKI2,Kelapa Gading,2025,2,12,7,2
79.0,202502,13,2025-02-13,0I834,2.0,65.0,79.0,31.0,4.0,20.0,13.0,SEDANG,DKI2 Kelapa Gading,PM25,DKI2,Kelapa Gading,2025,2,13,7,3
70.0,202502,14,2025-02-14,0I834,2.0,56.0,70.0,31.0,2.0,17.0,11.0,SEDANG,DKI2 Kelapa Gading,PM25,DKI2,Kelapa Gading,2025,2,14,7,4
51.0,202502,15,2025-02-15,0I834,2.0,37.0,51.0,29.0,,9.0,17.0,SEDANG,DKI2 Kelapa Gading,PM25,DKI2,Kelapa Gading,2025,2,15,7,5
56.0,202502,17,2025-02-17,0I834,2.0,39.0,56.0,29.0,,8.0,21.0,SEDANG,DKI2 Kelapa Gading,,DKI2,Kelapa Gading,2025,2,17,8,0
69.0,202502,18,2025-02-18,0I834,2.0,49.0,69.0,31.0,29.0,7.0,50.0,SEDANG,DKI2 Kelapa Gading,,DKI2,Kelapa Gading,2025,2,18,8,1
67.0,202502,19,2025-02-19,0I834,2.0,,67.0,31.0,29.0,8.0,29.0,SEDANG,DKI2 Kelapa Gading,PM25,DKI2,Kelapa Gading,2025,2,19,8,2
55.0,202503,5,2025-03-05,0I834,3.0,55.0,38.0,18.0,10.0,24.0,15.0,SEDANG,DKI4 Lubang Buaya,PM10,DKI4,Lubang Buaya,2025,3,5,10,2
49.0,202503,17,2025-03-17,0I834,3.0,36.0,49.0,29.0,14.0,10.0,15.0,BAIK,DKI2 Kelapa Gading,PM25,DKI2,Kelapa Gading,2025,3,17,12,0
29.0,202503,18,2025-03-18,0I834,3.0,25.0,29.0,28.0,15.0,12.0,12.0,BAIK,DKI2 Kelapa Gading,PM25,DKI2,Kelapa Gading,2025,3,18,12,1
52.0,202503,19,2025-03-19,0I834,3.0,32.0,52.0,29.0,15.0,13.0,9.0,SEDANG,DKI2 Kelapa Gading,PM25,DKI2,Kelapa Gading,2025,3,19,12,2
53.0,202503,20,2025-03-20,0I834,3.0,37.0,53.0,29.0,13.0,16.0,8.0,SEDANG,DKI2 Kelapa Gading,PM25,DKI2,Kelapa Gading,2025,3,20,12,3
50.0,202503,21,2025-03-21,0I834,3.0,37.0,50.0,28.0,13.0,17.0,8.0,BAIK,DKI2 Kelapa Gading,PM25,DKI2,Kelapa Gading,2025,3,21,12,4
53.0,202503,22,2025-03-22,0I834,3.0,39.0,53.0,28.0,14.0,18.0,9.0,SEDANG,DKI2 Kelapa Gading,PM25,DKI2,Kelapa Gading,2025,3,22,12,5
56.0,202503,23,2025-03-23,0I834,3.0,46.0,56.0,28.0,21.0,13.0,15.0,SEDANG,DKI2 Kelapa Gading,PM25,DKI2,Kelapa Gading,2025,3,23,12,6
47.0,202503,24,2025-03-24,0I834,3.0,39.0,47.0,28.0,15.0,15.0,9.0,BAIK,DKI2 Kelapa Gading,PM25,DKI2,Kelapa Gading,2025,3,24,13,0
39.0,202503,25,2025-03-25,0I834,3.0,35.0,39.0,28.0,16.0,11.0,13.0,BAIK,DKI2 Kelapa Gading,PM25,DKI2,Kelapa Gading,2025,3,25,13,1
61.0,202503,26,2025-03-26,0I834,3.0,51.0,61.0,28.0,20.0,13.0,16.0,SEDANG,DKI2 Kelapa Gading,PM25,DKI2,Kelapa Gading,2025,3,26,13,2
60.0,202503,27,2025-03-27,0I834,3.0,54.0,60.0,28.0,16.0,15.0,12.0,SEDANG,DKI2 Kelapa Gading,PM25,DKI2,Kelapa Gading,2025,3,27,13,3
49.0,202503,28,2025-03-28,0I834,3.0,37.0,49.0,28.0,16.0,12.0,13.0,BAIK,DKI2 Kelapa Gading,PM25,DKI2,Kelapa Gading,2025,3,28,13,4
28.0,202503,29,2025-03-29,0I834,3.0,20.0,21.0,28.0,12.0,12.0,12.0,BAIK,DKI2 Kelapa Gading,SO2,DKI2,Kelapa Gading,2025,3,29,13,5
30.0,202503,30,2025-03-30,0I834,3.0,26.0,30.0,28.0,13.0,12.0,13.0,BAIK,DKI2 Kelapa Gading,PM25,DKI2,Kelapa Gading,2025,3,30,13,6
28.0,202503,31,2025-03-31,0I834,3.0,22.0,25.0,28.0,12.0,12.0,12.0,BAIK,DKI2 Kelapa Gading,SO2,DKI2,Kelapa Gading,2025,3,31,14,0
58.0,202503,1,2025-03-01,0I834,3.0,26.0,58.0,58.0,11.0,20.0,24.0,SEDANG,DKI3 Jagakarsa,PM25,DKI3,Jagakarsa,2025,3,1,9,5
94.0,202503,2,2025-03-02,0I834,3.0,57.0,94.0,59.0,18.0,26.0,26.0,SEDANG,DKI3 Jagakarsa,PM25,DKI3,Jagakarsa,2025,3,2,9,6
59.0,202503,3,2025-03-03,0I834,3.0,24.0,53.0,59.0,10.0,24.0,14.0,SEDANG,DKI3 Jagakarsa,SO2,DKI3,Jagakarsa,2025,3,3,10,0
46.0,202503,4,2025-03-04,0I834,3.0,19.0,46.0,,,,,BAIK,DKI3 Jagakarsa,PM25,DKI3,Jagakarsa,2025,3,4,10,1
65.0,202503,5,2025-03-05,0I834,3.0,39.0,65.0,60.0,13.0,22.0,37.0,SEDANG,DKI3 Jagakarsa,PM25,DKI3,Jagakarsa,2025,3,5,10,2
99.0,202503,6,2025-03-06,0I834,3.0,59.0,99.0,60.0,19.0,23.0,,SEDANG,DKI3 Jagakarsa,PM25,DKI3,Jagakarsa,2025,3,6,10,3
58.0,202503,7,2025-03-07,0I834,3.0,29.0,52.0,58.0,7.0,16.0,10.0,SEDANG,DKI3 Jagakarsa,SO2,DKI3,Jagakarsa,2025,3,7,10,4
72.0,202503,8,2025-03-08,0I834,3.0,42.0,72.0,60.0,9.0,17.0,25.0,SEDANG,DKI3 Jagakarsa,PM25,DKI3,Jagakarsa,2025,3,8,10,5
58.0,202503,9,2025-03-09,0I834,3.0,35.0,58.0,,,,,SEDANG,DKI3 Jagakarsa,PM25,DKI3,Jagakarsa,2025,3,9,10,6
67.0,202503,10,2025-03-10,0I834,3.0,42.0,67.0,,,,,SEDANG,DKI3 Jagakarsa,PM25,DKI3,Jagakarsa,2025,3,10,11,0
87.0,202503,11,2025-03-11,0I834,3.0,59.0,87.0,,,,,SEDANG,DKI3 Jagakarsa,PM25,DKI3,Jagakarsa,2025,3,11,11,1
64.0,202503,12,2025-03-12,0I834,3.0,40.0,64.0,59.0,16.0,22.0,46.0,SEDANG,DKI3 Jagakarsa,PM25,DKI3,Jagakarsa,2025,3,12,11,2
86.0,202503,13,2025-03-13,0I834,3.0,50.0,86.0,63.0,12.0,22.0,35.0,SEDANG,DKI3 Jagakarsa,PM25,DKI3,Jagakarsa,2025,3,13,11,3
63.0,202503,14,2025-03-14,0I834,3.0,40.0,63.0,58.0,11.0,12.0,32.0,SEDANG,DKI3 Jagakarsa,PM25,DKI3,Jagakarsa,2025,3,14,11,4
65.0,202503,15,2025-03-15,0I834,3.0,42.0,65.0,59.0,6.0,8.0,20.0,SEDANG,DKI3 Jagakarsa,PM25,DKI3,Jagakarsa,2025,3,15,11,5
58.0,202503,16,2025-03-16,0I834,3.0,32.0,53.0,58.0,8.0,8.0,,SEDANG,DKI3 Jagakarsa,SO2,DKI3,Jagakarsa,2025,3,16,11,6
70.0,202503,17,2025-03-17,0I834,3.0,39.0,70.0,57.0,11.0,7.0,37.0,SEDANG,DKI3 Jagakarsa,PM25,DKI3,Jagakarsa,2025,3,17,12,0
55.0,202503,18,2025-03-18,0I834,3.0,20.0,40.0,55.0,7.0,13.0,21.0,SEDANG,DKI3 Jagakarsa,SO2,DKI3,Jagakarsa,2025,3,18,12,1
39.0,202503,19,2025-03-19,0I834,3.0,23.0,39.0,17.0,6.0,17.0,15.0,BAIK,DKI3 Jagakarsa,PM25,DKI3,Jagakarsa,2025,3,19,12,2
56.0,202503,20,2025-03-20,0I834,3.0,35.0,56.0,26.0,7.0,15.0,35.0,SEDANG,DKI3 Jagakarsa,PM25,DKI3,Jagakarsa,2025,3,20,12,3
66.0,202503,21,2025-03-21,0I834,3.0,42.0,66.0,21.0,11.0,15.0,38.0,SEDANG,DKI3 Jagakarsa,PM25,DKI3,Jagakarsa,2025,3,21,12,4
87.0,202503,22,2025-03-22,0I834,3.0,56.0,87.0,19.0,11.0,13.0,27.0,SEDANG,DKI3 Jagakarsa,PM25,DKI3,Jagakarsa,2025,3,22,12,5
73.0,202503,23,2025-03-23,0I834,3.0,52.0,73.0,20.0,12.0,11.0,36.0,SEDANG,DKI3 Jagakarsa,PM25,DKI3,Jagakarsa,2025,3,23,12,6
65.0,202503,24,2025-03-24,0I834,3.0,43.0,65.0,21.0,12.0,15.0,24.0,SEDANG,DKI3 Jagakarsa,PM25,DKI3,Jagakarsa,2025,3,24,13,0
62.0,202503,25,2025-03-25,0I834,3.0,39.0,62.0,19.0,18.0,10.0,,SEDANG,DKI3 Jagakarsa,PM25,DKI3,Jagakarsa,2025,3,25,13,1
84.0,202503,26,2025-03-26,0I834,3.0,56.0,84.0,21.0,16.0,15.0,34.0,SEDANG,DKI3 Jagakarsa,PM25,DKI3,Jagakarsa,2025,3,26,13,2
93.0,202503,27,2025-03-27,0I834,3.0,56.0,92.0,21.0,25.0,11.0,,SEDANG,DKI3 Jagakarsa,,DKI3,Jagakarsa,2025,3,27,13,3
53.0,202503,28,2025-03-28,0I834,3.0,33.0,53.0,19.0,13.0,8.0,29.0,SEDANG,DKI3 Jagakarsa,PM25,DKI3,Jagakarsa,2025,3,28,13,4
26.0,202503,29,2025-03-29,0I834,3.0,17.0,26.0,18.0,4.0,10.0,9.0,BAIK,DKI3 Jagakarsa,PM25,DKI3,Jagakarsa,2025,3,29,13,5
36.0,202503,30,2025-03-30,0I834,3.0,31.0,28.0,18.0,8.0,8.0,36.0,BAIK,DKI3 Jagakarsa,,DKI3,Jagakarsa,2025,3,30,13,6
30.0,202503,31,2025-03-31,0I834,3.0,24.0,30.0,7.0,12.0,11.0,14.0,BAIK,DKI3 Jagakarsa,PM25,DKI3,Jagakarsa,2025,3,31,14,0
48.0,202503,1,2025-03-01,0I834,3.0,48.0,25.0,16.0,11.0,32.0,18.0,BAIK,DKI4 Lubang Buaya,PM10,DKI4,Lubang Buaya,2025,3,1,9,5
54.0,202503,2,2025-03-02,0I834,3.0,54.0,,16.0,14.0,32.0,20.0,SEDANG,DKI4 Lubang Buaya,PM10,DKI4,Lubang Buaya,2025,3,2,9,6
37.0,202503,3,2025-03-03,0I834,3.0,37.0,32.0,15.0,10.0,30.0,16.0,BAIK,DKI4 Lubang Buaya,PM10,DKI4,Lubang Buaya,2025,3,3,10,0
26.0,202503,4,2025-03-04,0I834,3.0,26.0,25.0,15.0,8.0,19.0,19.0,BAIK,DKI4 Lubang Buaya,PM10,DKI4,Lubang Buaya,2025,3,4,10,1
41.0,202502,20,2025-02-20,0I834,2.0,26.0,41.0,29.0,13.0,11.0,15.0,BAIK,DKI2 Kelapa Gading,PM25,DKI2,Kelapa Gading,2025,2,20,8,3
63.0,202502,21,2025-02-21,0I834,2.0,,63.0,32.0,17.0,15.0,8.0,SEDANG,DKI2 Kelapa Gading,PM25,DKI2,Kelapa Gading,2025,2,21,8,4
56.0,202502,22,2025-02-22,0I834,2.0,,56.0,32.0,19.0,12.0,15.0,SEDANG,DKI2 Kelapa Gading,PM25,DKI2,Kelapa Gading,2025,2,22,8,5
63.0,202502,23,2025-02-23,0I834,2.0,,63.0,32.0,19.0,10.0,15.0,SEDANG,DKI2 Kelapa Gading,PM25,DKI2,Kelapa Gading,2025,2,23,8,6
43.0,202502,24,2025-02-24,0I834,2.0,,43.0,30.0,15.0,19.0,8.0,BAIK,DKI2 Kelapa Gading,PM25,DKI2,Kelapa Gading,2025,2,24,9,0
51.0,202502,25,2025-02-25,0I834,2.0,31.0,51.0,40.0,16.0,17.0,21.0,SEDANG,DKI2 Kelapa Gading,PM25,DKI2,Kelapa Gading,2025,2,25,9,1
61.0,202502,26,2025-02-26,0I834,2.0,54.0,61.0,35.0,19.0,9.0,18.0,SEDANG,DKI2 Kelapa Gading,PM25,DKI2,Kelapa Gading,2025,2,26,9,2
83.0,202502,27,2025-02-27,0I834,2.0,64.0,83.0,31.0,22.0,11.0,24.0,SEDANG,DKI2 Kelapa Gading,PM25,DKI2,Kelapa Gading,2025,2,27,9,3
59.0,202502,28,2025-02-28,0I834,2.0,41.0,59.0,28.0,20.0,11.0,10.0,SEDANG,DKI2 Kelapa Gading,PM25,DKI2,Kelapa Gading,2025,2,28,9,4
57.0,202502,1,2025-02-01,0I834,2.0,33.0,57.0,25.0,9.0,19.0,14.0,SEDANG,DKI3 Jagakarsa,PM25,DKI3,Jagakarsa,2025,2,1,5,5
68.0,202502,2,2025-02-02,0I834,2.0,41.0,68.0,24.0,13.0,17.0,21.0,SEDANG,DKI3 Jagakarsa,PM25,DKI3,Jagakarsa,2025,2,2,5,6
64.0,202502,3,2025-02-03,0I834,2.0,41.0,64.0,27.0,13.0,17.0,21.0,SEDANG,DKI3 Jagakarsa,PM25,DKI3,Jagakarsa,2025,2,3,6,0
84.0,202502,4,2025-02-04,0I834,2.0,54.0,84.0,35.0,15.0,16.0,45.0,SEDANG,DKI3 Jagakarsa,PM25,DKI3,Jagakarsa,2025,2,4,6,1
44.0,202502,5,2025-02-05,0I834,2.0,31.0,44.0,33.0,5.0,14.0,9.0,BAIK,DKI3 Jagakarsa,PM25,DKI3,Jagakarsa,2025,2,5,6,2
50.0,202502,6,2025-02-06,0I834,2.0,25.0,50.0,36.0,6.0,15.0,7.0,BAIK,DKI3 Jagakarsa,PM25,DKI3,Jagakarsa,2025,2,6,6,3
58.0,202502,7,2025-02-07,0I834,2.0,31.0,58.0,37.0,12.0,18.0,40.0,SEDANG,DKI3 Jagakarsa,PM25,DKI3,Jagakarsa,2025,2,7,6,4
56.0,202502,8,2025-02-08,0I834,2.0,35.0,56.0,41.0,10.0,16.0,18.0,SEDANG,DKI3 Jagakarsa,PM25,DKI3,Jagakarsa,2025,2,8,6,5
60.0,202502,9,2025-02-09,0I834,2.0,45.0,60.0,44.0,12.0,15.0,25.0,SEDANG,DKI3 Jagakarsa,PM25,DKI3,Jagakarsa,2025,2,9,6,6
69.0,202502,10,2025-02-10,0I834,2.0,49.0,69.0,44.0,13.0,16.0,27.0,SEDANG,DKI3 Jagakarsa,PM25,DKI3,Jagakarsa,2025,2,10,7,0
66.0,202502,11,2025-02-11,0I834,2.0,46.0,66.0,44.0,12.0,19.0,21.0,SEDANG,DKI3 Jagakarsa,PM25,DKI3,Jagakarsa,2025,2,11,7,1
85.0,202502,12,2025-02-12,0I834,2.0,57.0,85.0,48.0,14.0,19.0,28.0,SEDANG,DKI3 Jagakarsa,PM25,DKI3,Jagakarsa,2025,2,12,7,2
78.0,202502,13,2025-02-13,0I834,2.0,53.0,78.0,50.0,12.0,14.0,39.0,SEDANG,DKI3 Jagakarsa,PM25,DKI3,Jagakarsa,2025,2,13,7,3
71.0,202502,14,2025-02-14,0I834,2.0,47.0,71.0,51.0,9.0,12.0,42.0,SEDANG,DKI3 Jagakarsa,PM25,DKI3,Jagakarsa,2025,2,14,7,4
60.0,202502,15,2025-02-15,0I834,2.0,35.0,60.0,49.0,7.0,10.0,25.0,SEDANG,DKI3 Jagakarsa,PM25,DKI3,Jagakarsa,2025,2,15,7,5
92.0,202502,16,2025-02-16,0I834,2.0,61.0,92.0,,,,,SEDANG,DKI3 Jagakarsa,PM25,DKI3,Jagakarsa,2025,2,16,7,6
75.0,202502,17,2025-02-17,0I834,2.0,53.0,75.0,52.0,13.0,7.0,52.0,SEDANG,DKI3 Jagakarsa,PM25,DKI3,Jagakarsa,2025,2,17,8,0
68.0,202502,18,2025-02-18,0I834,2.0,45.0,68.0,,,,,SEDANG,DKI3 Jagakarsa,PM25,DKI3,Jagakarsa,2025,2,18,8,1
82.0,202502,19,2025-02-19,0I834,2.0,59.0,82.0,,,,,SEDANG,DKI3 Jagakarsa,PM25,DKI3,Jagakarsa,2025,2,19,8,2
56.0,202502,20,2025-02-20,0I834,2.0,32.0,56.0,50.0,9.0,11.0,28.0,SEDANG,DKI3 Jagakarsa,PM25,DKI3,Jagakarsa,2025,2,20,8,3
64.0,202502,21,2025-02-21,0I834,2.0,45.0,64.0,55.0,9.0,14.0,20.0,SEDANG,DKI3 Jagakarsa,PM25,DKI3,Jagakarsa,2025,2,21,8,4
70.0,202502,22,2025-02-22,0I834,2.0,40.0,70.0,54.0,8.0,9.0,20.0,SEDANG,DKI3 Jagakarsa,PM25,DKI3,Jagakarsa,2025,2,22,8,5
67.0,202502,23,2025-02-23,0I834,2.0,46.0,67.0,59.0,12.0,12.0,42.0,SEDANG,DKI3 Jagakarsa,PM25,DKI3,Jagakarsa,2025,2,23,8,6
70.0,202502,24,2025-02-24,0I834,2.0,45.0,70.0,52.0,18.0,19.0,40.0,SEDANG,DKI3 Jagakarsa,PM25,DKI3,Jagakarsa,2025,2,24,9,0
67.0,202502,25,2025-02-25,0I834,2.0,41.0,67.0,53.0,14.0,11.0,47.0,SEDANG,DKI3 Jagakarsa,PM25,DKI3,Jagakarsa,2025,2,25,9,1
65.0,202502,26,2025-02-26,0I834,2.0,46.0,65.0,57.0,11.0,11.0,51.0,SEDANG,DKI3 Jagakarsa,PM25,DKI3,Jagakarsa,2025,2,26,9,2
94.0,202502,27,2025-02-27,0I834,2.0,63.0,94.0,57.0,20.0,16.0,45.0,SEDANG,DKI3 Jagakarsa,PM25,DKI3,Jagakarsa,2025,2,27,9,3
61.0,202502,28,2025-02-28,0I834,2.0,34.0,61.0,61.0,11.0,25.0,20.0,SEDANG,DKI3 Jagakarsa,PM25,DKI3,Jagakarsa,2025,2,28,9,4
39.0,202502,1,2025-02-01,0I834,2.0,39.0,15.0,12.0,9.0,24.0,13.0,BAIK,DKI4 Lubang Buaya,PM10,DKI4,Lubang Buaya,2025,2,1,5,5
41.0,202502,2,2025-02-02,0I834,2.0,41.0,14.0,12.0,10.0,23.0,12.0,BAIK,DKI4 Lubang Buaya,PM10,DKI4,Lubang Buaya,2025,2,2,5,6
52.0,202502,3,2025-02-03,0I834,2.0,52.0,21.0,13.0,13.0,24.0,14.0,SEDANG,DKI4 Lubang Buaya,PM10,DKI4,Lubang Buaya,2025,2,3,6,0
52.0,202502,4,2025-02-04,0I834,2.0,52.0,30.0,14.0,16.0,22.0,20.0,SEDANG,DKI4 Lubang Buaya,PM10,DKI4,Lubang Buaya,2025,2,4,6,1
35.0,202502,5,2025-02-05,0I834,2.0,35.0,14.0,13.0,9.0,16.0,14.0,BAIK,DKI4 Lubang Buaya,PM10,DKI4,Lubang Buaya,2025,2,5,6,2
31.0,202502,6,2025-02-06,0I834,2.0,31.0,16.0,13.0,8.0,19.0,14.0,BAIK,DKI4 Lubang Buaya,PM10,DKI4,Lubang Buaya,2025,2,6,6,3
40.0,202502,7,2025-02-07,0I834,2.0,40.0,19.0,13.0,12.0,21.0,20.0,BAIK,DKI4 Lubang Buaya,PM10,DKI4,Lubang Buaya,2025,2,7,6,4
44.0,202502,8,2025-02-08,0I834,2.0,44.0,23.0,13.0,11.0,20.0,19.0,BAIK,DKI4 Lubang Buaya,PM10,DKI4,Lubang Buaya,2025,2,8,6,5
19.0,202502,9,2025-02-09,0I834,2.0,,19.0,14.0,15.0,19.0,17.0,BAIK,DKI4 Lubang Buaya,PM25,DKI4,Lubang Buaya,2025,2,9,6,6
34.0,202502,10,2025-02-10,0I834,2.0,34.0,18.0,,,,,BAIK,DKI4 Lubang Buaya,PM10,DKI4,Lubang Buaya,2025,2,10,7,0
42.0,202502,11,2025-02-11,0I834,2.0,42.0,22.0,13.0,12.0,23.0,19.0,BAIK,DKI4 Lubang Buaya,PM10,DKI4,Lubang Buaya,2025,2,11,7,1
58.0,202502,12,2025-02-12,0I834,2.0,58.0,32.0,14.0,17.0,21.0,23.0,SEDANG,DKI4 Lubang Buaya,PM10,DKI4,Lubang Buaya,2025,2,12,7,2
72.0,202502,13,2025-02-13,0I834,2.0,72.0,52.0,15.0,14.0,19.0,15.0,SEDANG,DKI4 Lubang Buaya,PM10,DKI4,Lubang Buaya,2025,2,13,7,3
56.0,202502,14,2025-02-14,0I834,2.0,56.0,39.0,16.0,11.0,19.0,23.0,SEDANG,DKI4 Lubang Buaya,PM10,DKI4,Lubang Buaya,2025,2,14,7,4
43.0,202502,15,2025-02-15,0I834,2.0,43.0,23.0,14.0,9.0,12.0,8.0,BAIK,DKI4 Lubang Buaya,PM10,DKI4,Lubang Buaya,2025,2,15,7,5
54.0,202502,18,2025-02-18,0I834,2.0,54.0,35.0,15.0,18.0,15.0,21.0,SEDANG,DKI4 Lubang Buaya,PM10,DKI4,Lubang Buaya,2025,2,18,8,1
77.0,202502,19,2025-02-19,0I834,2.0,77.0,60.0,14.0,24.0,14.0,12.0,SEDANG,DKI4 Lubang Buaya,PM10,DKI4,Lubang Buaya,2025,2,19,8,2
35.0,202502,20,2025-02-20,0I834,2.0,33.0,35.0,15.0,11.0,20.0,14.0,BAIK,DKI4 Lubang Buaya,PM25,DKI4,Lubang Buaya,2025,2,20,8,3
46.0,202502,21,2025-02-21,0I834,2.0,46.0,39.0,17.0,10.0,23.0,18.0,BAIK,DKI4 Lubang Buaya,PM10,DKI4,Lubang Buaya,2025,2,21,8,4
37.0,202502,22,2025-02-22,0I834,2.0,37.0,33.0,16.0,10.0,18.0,12.0,BAIK,DKI4 Lubang Buaya,PM10,DKI4,Lubang Buaya,2025,2,22,8,5
42.0,202502,23,2025-02-23,0I834,2.0,42.0,36.0,17.0,15.0,17.0,15.0,BAIK,DKI4 Lubang Buaya,PM10,DKI4,Lubang Buaya,2025,2,23,8,6
43.0,202502,24,2025-02-24,0I834,2.0,36.0,43.0,15.0,15.0,32.0,22.0,BAIK,DKI4 Lubang Buaya,PM25,DKI4,Lubang Buaya,2025,2,24,9,0
50.0,202502,25,2025-02-25,0I834,2.0,44.0,50.0,15.0,18.0,8.0,10.0,BAIK,DKI4 Lubang Buaya,PM25,DKI4,Lubang Buaya,2025,2,25,9,1
49.0,202502,26,2025-02-26,0I834,2.0,49.0,30.0,15.0,14.0,17.0,21.0,BAIK,DKI4 Lubang Buaya,PM10,DKI4,Lubang Buaya,2025,2,26,9,2
82.0,202502,27,2025-02-27,0I834,2.0,82.0,55.0,15.0,23.0,24.0,23.0,SEDANG,DKI4 Lubang Buaya,PM10,DKI4,Lubang Buaya,2025,2,27,9,3
49.0,202502,28,2025-02-28,0I834,2.0,49.0,36.0,16.0,14.0,28.0,20.0,BAIK,DKI4 Lubang Buaya,PM10,DKI4,Lubang Buaya,2025,2,28,9,4
50.0,202502,1,2025-02-01,0I834,2.0,12.0,50.0,15.0,5.0,31.0,12.0,BAIK,DKI5 Kebon Jeruk Jakarta Barat,PM25,DKI5,Kebon Jeruk,2025,2,1,5,5
44.0,202502,2,2025-02-02,0I834,2.0,13.0,41.0,13.0,5.0,44.0,8.0,BAIK,DKI5 Kebon Jeruk Jakarta Barat,O3,DKI5,Kebon Jeruk,2025,2,2,5,6
50.0,202502,3,2025-02-03,0I834,2.0,11.0,50.0,13.0,5.0,46.0,10.0,BAIK,DKI5 Kebon Jeruk Jakarta Barat,PM25,DKI5,Kebon Jeruk,2025,2,3,6,0
83.0,202502,4,2025-02-04,0I834,2.0,19.0,83.0,22.0,10.0,33.0,13.0,SEDANG,DKI5 Kebon Jeruk Jakarta Barat,PM25,DKI5,Kebon Jeruk,2025,2,4,6,1
40.0,202502,5,2025-02-05,0I834,2.0,19.0,40.0,24.0,5.0,27.0,10.0,BAIK,DKI5 Kebon Jeruk Jakarta Barat,PM25,DKI5,Kebon Jeruk,2025,2,5,6,2
51.0,202502,6,2025-02-06,0I834,2.0,15.0,51.0,22.0,6.0,28.0,10.0,SEDANG,DKI5 Kebon Jeruk Jakarta Barat,PM25,DKI5,Kebon Jeruk,2025,2,6,6,3
36.0,202502,7,2025-02-07,0I834,2.0,11.0,36.0,14.0,7.0,34.0,9.0,BAIK,DKI5 Kebon Jeruk Jakarta Barat,PM25,DKI5,Kebon Jeruk,2025,2,7,6,4
41.0,202502,8,2025-02-08,0I834,2.0,24.0,41.0,17.0,7.0,29.0,13.0,BAIK,DKI5 Kebon Jeruk Jakarta Barat,PM25,DKI5,Kebon Jeruk,2025,2,8,6,5
41.0,202502,9,2025-02-09,0I834,2.0,12.0,41.0,19.0,6.0,30.0,10.0,BAIK,DKI5 Kebon Jeruk Jakarta Barat,PM25,DKI5,Kebon Jeruk,2025,2,9,6,6
51.0,202502,10,2025-02-10,0I834,2.0,51.0,50.0,15.0,7.0,33.0,10.0,SEDANG,DKI5 Kebon Jeruk Jakarta Barat,PM10,DKI5,Kebon Jeruk,2025,2,10,7,0
52.0,202502,11,2025-02-11,0I834,2.0,52.0,47.0,15.0,7.0,38.0,9.0,SEDANG,DKI5 Kebon Jeruk Jakarta Barat,PM10,DKI5,Kebon Jeruk,2025,2,11,7,1
78.0,202502,12,2025-02-12,0I834,2.0,18.0,78.0,26.0,9.0,34.0,13.0,SEDANG,DKI5 Kebon Jeruk Jakarta Barat,PM25,DKI5,Kebon Jeruk,2025,2,12,7,2
77.0,202502,13,2025-02-13,0I834,2.0,19.0,77.0,25.0,10.0,28.0,10.0,SEDANG,DKI5 Kebon Jeruk Jakarta Barat,PM25,DKI5,Kebon Jeruk,2025,2,13,7,3
59.0,202502,14,2025-02-14,0I834,2.0,11.0,59.0,23.0,5.0,14.0,5.0,SEDANG,DKI5 Kebon Jeruk Jakarta Barat,PM25,DKI5,Kebon Jeruk,2025,2,14,7,4
53.0,202502,15,2025-02-15,0I834,2.0,10.0,53.0,21.0,4.0,17.0,5.0,SEDANG,DKI5 Kebon Jeruk Jakarta Barat,PM25,DKI5,Kebon Jeruk,2025,2,15,7,5
64.0,202502,16,2025-02-16,0I834,2.0,17.0,64.0,27.0,7.0,21.0,7.0,SEDANG,DKI5 Kebon Jeruk Jakarta Barat,PM25,DKI5,Kebon Jeruk,2025,2,16,7,6
59.0,202502,17,2025-02-17,0I834,2.0,14.0,59.0,24.0,11.0,24.0,5.0,SEDANG,DKI5 Kebon Jeruk Jakarta Barat,PM25,DKI5,Kebon Jeruk,2025,2,17,8,0
69.0,202502,18,2025-02-18,0I834,2.0,14.0,69.0,30.0,15.0,21.0,7.0,SEDANG,DKI5 Kebon Jeruk Jakarta Barat,PM25,DKI5,Kebon Jeruk,2025,2,18,8,1
92.0,202502,19,2025-02-19,0I834,2.0,24.0,92.0,24.0,18.0,23.0,6.0,SEDANG,DKI5 Kebon Jeruk Jakarta Barat,PM25,DKI5,Kebon Jeruk,2025,2,19,8,2
51.0,202502,20,2025-02-20,0I834,2.0,16.0,51.0,31.0,8.0,20.0,6.0,SEDANG,DKI5 Kebon Jeruk Jakarta Barat,PM25,DKI5,Kebon Jeruk,2025,2,20,8,3
14.0,202502,21,2025-02-21,0I834,2.0,14.0,,,,,,BAIK,DKI5 Kebon Jeruk Jakarta Barat,PM10,DKI5,Kebon Jeruk,2025,2,21,8,4
59.0,202502,22,2025-02-22,0I834,2.0,17.0,59.0,48.0,7.0,15.0,5.0,SEDANG,DKI5 Kebon Jeruk Jakarta Barat,PM25,DKI5,Kebon Jeruk,2025,2,22,8,5
78.0,202502,23,2025-02-23,0I834,2.0,35.0,78.0,42.0,13.0,16.0,5.0,SEDANG,DKI5 Kebon Jeruk Jakarta Barat,PM25,DKI5,Kebon Jeruk,2025,2,23,8,6
66.0,202502,24,2025-02-24,0I834,2.0,14.0,66.0,18.0,11.0,35.0,5.0,SEDANG,DKI5 Kebon Jeruk Jakarta Barat,PM25,DKI5,Kebon Jeruk,2025,2,24,9,0
75.0,202502,25,2025-02-25,0I834,2.0,18.0,75.0,28.0,13.0,25.0,4.0,SEDANG,DKI5 Kebon Jeruk Jakarta Barat,PM25,DKI5,Kebon Jeruk,2025,2,25,9,1
60.0,202502,26,2025-02-26,0I834,2.0,16.0,60.0,29.0,10.0,24.0,6.0,SEDANG,DKI5 Kebon Jeruk Jakarta Barat,PM25,DKI5,Kebon Jeruk,2025,2,26,9,2
111.0,202502,27,2025-02-27,0I834,2.0,29.0,111.0,24.0,21.0,34.0,8.0,TIDAK SEHAT,DKI5 Kebon Jeruk Jakarta Barat,PM25,DKI5,Kebon Jeruk,2025,2,27,9,3
71.0,202502,28,2025-02-28,0I834,2.0,20.0,71.0,24.0,9.0,31.0,6.0,SEDANG,DKI5 Kebon Jeruk Jakarta Barat,PM25,DKI5,Kebon Jeruk,2025,2,28,9,4
59.0,202503,6,2025-03-06,0I834,3.0,59.0,55.0,16.0,16.0,32.0,16.0,SEDANG,DKI4 Lubang Buaya,PM10,DKI4,Lubang Buaya,2025,3,6,10,3
32.0,202503,7,2025-03-07,0I834,3.0,32.0,25.0,15.0,7.0,22.0,12.0,BAIK,DKI4 Lubang Buaya,PM10,DKI4,Lubang Buaya,2025,3,7,10,4
54.0,202503,8,2025-03-08,0I834,3.0,52.0,54.0,18.0,11.0,28.0,18.0,SEDANG,DKI4 Lubang Buaya,PM25,DKI4,Lubang Buaya,2025,3,8,10,5
53.0,202503,9,2025-03-09,0I834,3.0,53.0,44.0,16.0,15.0,21.0,18.0,SEDANG,DKI4 Lubang Buaya,PM10,DKI4,Lubang Buaya,2025,3,9,10,6
48.0,202503,10,2025-03-10,0I834,3.0,48.0,40.0,,,,,BAIK,DKI4 Lubang Buaya,PM10,DKI4,Lubang Buaya,2025,3,10,11,0
68.0,202503,11,2025-03-11,0I834,3.0,,68.0,,,,,SEDANG,DKI4 Lubang Buaya,PM25,DKI4,Lubang Buaya,2025,3,11,11,1
50.0,202503,12,2025-03-12,0I834,3.0,46.0,50.0,20.0,9.0,29.0,19.0,BAIK,DKI4 Lubang Buaya,PM25,DKI4,Lubang Buaya,2025,3,12,11,2
55.0,202503,13,2025-03-13,0I834,3.0,54.0,55.0,21.0,11.0,25.0,22.0,SEDANG,DKI4 Lubang Buaya,PM25,DKI4,Lubang Buaya,2025,3,13,11,3
52.0,202503,14,2025-03-14,0I834,3.0,52.0,43.0,17.0,9.0,18.0,12.0,SEDANG,DKI4 Lubang Buaya,PM10,DKI4,Lubang Buaya,2025,3,14,11,4
31.0,202503,15,2025-03-15,0I834,3.0,29.0,31.0,16.0,6.0,11.0,6.0,BAIK,DKI4 Lubang Buaya,PM25,DKI4,Lubang Buaya,2025,3,15,11,5
28.0,202503,16,2025-03-16,0I834,3.0,28.0,26.0,16.0,8.0,10.0,7.0,BAIK,DKI4 Lubang Buaya,PM10,DKI4,Lubang Buaya,2025,3,16,11,6
26.0,202503,18,2025-03-18,0I834,3.0,26.0,20.0,16.0,8.0,19.0,15.0,BAIK,DKI4 Lubang Buaya,PM10,DKI4,Lubang Buaya,2025,3,18,12,1
24.0,202503,19,2025-03-19,0I834,3.0,24.0,24.0,16.0,8.0,22.0,16.0,BAIK,DKI4 Lubang Buaya,PM10,DKI4,Lubang Buaya,2025,3,19,12,2
38.0,202503,20,2025-03-20,0I834,3.0,38.0,36.0,21.0,9.0,25.0,18.0,BAIK,DKI4 Lubang Buaya,PM10,DKI4,Lubang Buaya,2025,3,20,12,3
36.0,202503,21,2025-03-21,0I834,3.0,36.0,31.0,17.0,11.0,23.0,18.0,BAIK,DKI4 Lubang Buaya,PM10,DKI4,Lubang Buaya,2025,3,21,12,4
51.0,202503,22,2025-03-22,0I834,3.0,47.0,51.0,18.0,13.0,27.0,21.0,SEDANG,DKI4 Lubang Buaya,PM25,DKI4,Lubang Buaya,2025,3,22,12,5
42.0,202503,23,2025-03-23,0I834,3.0,42.0,37.0,18.0,12.0,17.0,16.0,BAIK,DKI4 Lubang Buaya,PM10,DKI4,Lubang Buaya,2025,3,23,12,6
41.0,202503,24,2025-03-24,0I834,3.0,41.0,36.0,17.0,12.0,20.0,16.0,BAIK,DKI4 Lubang Buaya,PM10,DKI4,Lubang Buaya,2025,3,24,13,0
37.0,202503,25,2025-03-25,0I834,3.0,37.0,33.0,16.0,18.0,14.0,12.0,BAIK,DKI4 Lubang Buaya,PM10,DKI4,Lubang Buaya,2025,3,25,13,1
53.0,202503,26,2025-03-26,0I834,3.0,53.0,44.0,17.0,19.0,20.0,16.0,SEDANG,DKI4 Lubang Buaya,PM10,DKI4,Lubang Buaya,2025,3,26,13,2
71.0,202503,27,2025-03-27,0I834,3.0,71.0,54.0,17.0,20.0,18.0,15.0,SEDANG,DKI4 Lubang Buaya,PM10,DKI4,Lubang Buaya,2025,3,27,13,3
45.0,202503,28,2025-03-28,0I834,3.0,45.0,33.0,17.0,13.0,14.0,15.0,BAIK,DKI4 Lubang Buaya,PM10,DKI4,Lubang Buaya,2025,3,28,13,4
19.0,202503,29,2025-03-29,0I834,3.0,18.0,19.0,16.0,6.0,13.0,8.0,BAIK,DKI4 Lubang Buaya,PM25,DKI4,Lubang Buaya,2025,3,29,13,5
28.0,202503,30,2025-03-30,0I834,3.0,26.0,28.0,16.0,9.0,12.0,8.0,BAIK,DKI4 Lubang Buaya,PM25,DKI4,Lubang Buaya,2025,3,30,13,6
24.0,202503,31,2025-03-31,0I834,3.0,23.0,24.0,17.0,7.0,14.0,5.0,BAIK,DKI4 Lubang Buaya,PM25,DKI4,Lubang Buaya,2025,3,31,14,0
59.0,202503,1,2025-03-01,0I834,3.0,10.0,59.0,17.0,9.0,28.0,6.0,SEDANG,DKI5 Kebon Jeruk,PM25,DKI5,Kebon Jeruk,2025,3,1,9,5
92.0,202503,2,2025-03-02,0I834,3.0,25.0,92.0,21.0,11.0,39.0,5.0,SEDANG,DKI5 Kebon Jeruk,PM25,DKI5,Kebon Jeruk,2025,3,2,9,6
54.0,202503,3,2025-03-03,0I834,3.0,12.0,54.0,16.0,7.0,42.0,4.0,SEDANG,DKI5 Kebon Jeruk,PM25,DKI5,Kebon Jeruk,2025,3,3,10,0
52.0,202503,4,2025-03-04,0I834,3.0,,52.0,21.0,6.0,38.0,6.0,SEDANG,DKI5 Kebon Jeruk,PM25,DKI5,Kebon Jeruk,2025,3,4,10,1
63.0,202503,5,2025-03-05,0I834,3.0,18.0,63.0,25.0,10.0,36.0,6.0,SEDANG,DKI5 Kebon Jeruk,PM25,DKI5,Kebon Jeruk,2025,3,5,10,2
90.0,202503,6,2025-03-06,0I834,3.0,30.0,90.0,25.0,11.0,39.0,4.0,SEDANG,DKI5 Kebon Jeruk,PM25,DKI5,Kebon Jeruk,2025,3,6,10,3
28.0,202503,7,2025-03-07,0I834,3.0,15.0,28.0,17.0,2.0,24.0,2.0,BAIK,DKI5 Kebon Jeruk,PM25,DKI5,Kebon Jeruk,2025,3,7,10,4
61.0,202503,8,2025-03-08,0I834,3.0,12.0,61.0,19.0,4.0,29.0,2.0,SEDANG,DKI5 Kebon Jeruk,PM25,DKI5,Kebon Jeruk,2025,3,8,10,5
75.0,202503,9,2025-03-09,0I834,3.0,27.0,75.0,20.0,12.0,30.0,4.0,SEDANG,DKI5 Kebon Jeruk,PM25,DKI5,Kebon Jeruk,2025,3,9,10,6
77.0,202503,10,2025-03-10,0I834,3.0,10.0,77.0,16.0,15.0,29.0,4.0,SEDANG,DKI5 Kebon Jeruk,PM25,DKI5,Kebon Jeruk,2025,3,10,11,0
100.0,202503,11,2025-03-11,0I834,3.0,,100.0,23.0,19.0,27.0,5.0,SEDANG,DKI5 Kebon Jeruk,PM25,DKI5,Kebon Jeruk,2025,3,11,11,1
54.0,202503,12,2025-03-12,0I834,3.0,,54.0,47.0,3.0,28.0,4.0,SEDANG,DKI5 Kebon Jeruk,PM25,DKI5,Kebon Jeruk,2025,3,12,11,2
73.0,202503,13,2025-03-13,0I834,3.0,,73.0,53.0,4.0,35.0,4.0,SEDANG,DKI5 Kebon Jeruk,PM25,DKI5,Kebon Jeruk,2025,3,13,11,3
58.0,202503,14,2025-03-14,0I834,3.0,,58.0,22.0,4.0,23.0,2.0,SEDANG,DKI5 Kebon Jeruk,PM25,DKI5,Kebon Jeruk,2025,3,14,11,4
25.0,202503,15,2025-03-15,0I834,3.0,21.0,25.0,17.0,2.0,19.0,1.0,BAIK,DKI5 Kebon Jeruk,PM25,DKI5,Kebon Jeruk,2025,3,15,11,5
47.0,202503,16,2025-03-16,0I834,3.0,27.0,47.0,16.0,4.0,13.0,1.0,BAIK,DKI5 Kebon Jeruk,PM25,DKI5,Kebon Jeruk,2025,3,16,11,6
63.0,202503,17,2025-03-17,0I834,3.0,20.0,63.0,30.0,8.0,16.0,2.0,SEDANG,DKI5 Kebon Jeruk,PM25,DKI5,Kebon Jeruk,2025,3,17,12,0
28.0,202503,18,2025-03-18,0I834,3.0,16.0,21.0,16.0,4.0,28.0,11.0,BAIK,DKI5 Kebon Jeruk,O3,DKI5,Kebon Jeruk,2025,3,18,12,1
38.0,202503,19,2025-03-19,0I834,3.0,27.0,38.0,19.0,6.0,24.0,11.0,BAIK,DKI5 Kebon Jeruk,PM25,DKI5,Kebon Jeruk,2025,3,19,12,2
55.0,202503,20,2025-03-20,0I834,3.0,27.0,55.0,37.0,5.0,34.0,11.0,SEDANG,DKI5 Kebon Jeruk,PM25,DKI5,Kebon Jeruk,2025,3,20,12,3
58.0,202503,21,2025-03-21,0I834,3.0,23.0,58.0,19.0,6.0,27.0,12.0,SEDANG,DKI5 Kebon Jeruk,PM25,DKI5,Kebon Jeruk,2025,3,21,12,4
72.0,202503,22,2025-03-22,0I834,3.0,22.0,72.0,28.0,8.0,38.0,12.0,SEDANG,DKI5 Kebon Jeruk,PM25,DKI5,Kebon Jeruk,2025,3,22,12,5
64.0,202503,23,2025-03-23,0I834,3.0,39.0,64.0,27.0,12.0,38.0,10.0,SEDANG,DKI5 Kebon Jeruk,PM25,DKI5,Kebon Jeruk,2025,3,23,12,6
60.0,202503,24,2025-03-24,0I834,3.0,24.0,60.0,25.0,7.0,34.0,11.0,SEDANG,DKI5 Kebon Jeruk,PM25,DKI5,Kebon Jeruk,2025,3,24,13,0
59.0,202503,25,2025-03-25,0I834,3.0,33.0,59.0,24.0,7.0,29.0,11.0,SEDANG,DKI5 Kebon Jeruk,PM25,DKI5,Kebon Jeruk,2025,3,25,13,1
77.0,202503,26,2025-03-26,0I834,3.0,25.0,77.0,19.0,10.0,44.0,11.0,SEDANG,DKI5 Kebon Jeruk,PM25,DKI5,Kebon Jeruk,2025,3,26,13,2
73.0,202503,27,2025-03-27,0I834,3.0,23.0,73.0,21.0,12.0,39.0,10.0,SEDANG,DKI5 Kebon Jeruk,PM25,DKI5,Kebon Jeruk,2025,3,27,13,3
52.0,202503,28,2025-03-28,0I834,3.0,16.0,52.0,17.0,7.0,32.0,11.0,SEDANG,DKI5 Kebon Jeruk,PM25,DKI5,Kebon Jeruk,2025,3,28,13,4
24.0,202503,29,2025-03-29,0I834,3.0,10.0,20.0,19.0,3.0,24.0,10.0,BAIK,DKI5 Kebon Jeruk,O3,DKI5,Kebon Jeruk,2025,3,29,13,5
52.0,202503,30,2025-03-30,0I834,3.0,12.0,52.0,26.0,5.0,21.0,12.0,SEDANG,DKI5 Kebon Jeruk,PM25,DKI5,Kebon Jeruk,2025,3,30,13,6
37.0,202503,31,2025-03-31,0I834,3.0,13.0,37.0,35.0,3.0,23.0,13.0,BAIK,DKI5 Kebon Jeruk,PM25,DKI5,Kebon Jeruk,2025,3,31,14,0
35.0,202504,1,2025-04-01,0I834,4.0,24.0,35.0,32.0,8.0,8.0,12.0,BAIK,DKI1 Bundaran Hotel Indonesia (HI),PM25,DKI1,Bundaran HI,2025,4,1,14,1
40.0,202504,2,2025-04-02,0I834,4.0,22.0,40.0,31.0,9.0,9.0,14.0,BAIK,DKI1 Bundaran Hotel Indonesia (HI),PM25,DKI1,Bundaran HI,2025,4,2,14,2
54.0,202504,3,2025-04-03,0I834,4.0,24.0,54.0,30.0,14.0,10.0,17.0,SEDANG,DKI1 Bundaran Hotel Indonesia (HI),PM25,DKI1,Bundaran HI,2025,4,3,14,3
29.0,202504,4,2025-04-04,0I834,4.0,29.0,,27.0,9.0,18.0,21.0,BAIK,DKI1 Bundaran Hotel Indonesia (HI),PM10,DKI1,Bundaran HI,2025,4,4,14,4
69.0,202504,5,2025-04-05,0I834,4.0,46.0,69.0,32.0,15.0,14.0,26.0,SEDANG,DKI1 Bundaran Hotel Indonesia (HI),PM25,DKI1,Bundaran HI,2025,4,5,14,5
71.0,202504,6,2025-04-06,0I834,4.0,50.0,71.0,27.0,20.0,14.0,25.0,SEDANG,DKI1 Bundaran Hotel Indonesia (HI),PM25,DKI1,Bundaran HI,2025,4,6,14,6
59.0,202504,7,2025-04-07,0I834,4.0,34.0,59.0,31.0,14.0,17.0,29.0,SEDANG,DKI1 Bundaran Hotel Indonesia (HI),PM25,DKI1,Bundaran HI,2025,4,7,15,0
71.0,202504,8,2025-04-08,0I834,4.0,49.0,71.0,34.0,14.0,13.0,39.0,SEDANG,DKI1 Bundaran Hotel Indonesia (HI),PM25,DKI1,Bundaran HI,2025,4,8,15,1
71.0,202504,9,2025-04-09,0I834,4.0,48.0,71.0,28.0,13.0,10.0,37.0,SEDANG,DKI1 Bundaran Hotel Indonesia (HI),PM25,DKI1,Bundaran HI,2025,4,9,15,2
83.0,202504,10,2025-04-10,0I834,4.0,55.0,83.0,31.0,19.0,10.0,35.0,SEDANG,DKI1 Bundaran Hotel Indonesia (HI),PM25,DKI1,Bundaran HI,2025,4,10,15,3
82.0,202504,11,2025-04-11,0I834,4.0,54.0,82.0,31.0,21.0,19.0,49.0,SEDANG,DKI1 Bundaran Hotel Indonesia (HI),PM25,DKI1,Bundaran HI,2025,4,11,15,4
79.0,202504,12,2025-04-12,0I834,4.0,57.0,79.0,32.0,18.0,11.0,42.0,SEDANG,DKI1 Bundaran Hotel Indonesia (HI),PM25,DKI1,Bundaran HI,2025,4,12,15,5
72.0,202504,13,2025-04-13,0I834,4.0,45.0,72.0,29.0,18.0,16.0,33.0,SEDANG,DKI1 Bundaran Hotel Indonesia (HI),PM25,DKI1,Bundaran HI,2025,4,13,15,6
34.0,202504,14,2025-04-14,0I834,4.0,29.0,34.0,30.0,7.0,8.0,14.0,BAIK,DKI1 Bundaran Hotel Indonesia (HI),PM25,DKI1,Bundaran HI,2025,4,14,16,0
60.0,202504,15,2025-04-15,0I834,4.0,39.0,60.0,39.0,14.0,8.0,28.0,SEDANG,DKI1 Bundaran Hotel Indonesia (HI),PM25,DKI1,Bundaran HI,2025,4,15,16,1
80.0,202504,16,2025-04-16,0I834,4.0,53.0,80.0,40.0,20.0,17.0,41.0,SEDANG,DKI1 Bundaran Hotel Indonesia (HI),PM25,DKI1,Bundaran HI,2025,4,16,16,2
73.0,202504,17,2025-04-17,0I834,4.0,52.0,73.0,31.0,17.0,11.0,37.0,SEDANG,DKI1 Bundaran Hotel Indonesia (HI),PM25,DKI1,Bundaran HI,2025,4,17,16,3
79.0,202504,18,2025-04-18,0I834,4.0,58.0,79.0,32.0,16.0,9.0,35.0,SEDANG,DKI1 Bundaran Hotel Indonesia (HI),PM25,DKI1,Bundaran HI,2025,4,18,16,4
65.0,202504,19,2025-04-19,0I834,4.0,43.0,65.0,31.0,14.0,11.0,28.0,SEDANG,DKI1 Bundaran Hotel Indonesia (HI),PM25,DKI1,Bundaran HI,2025,4,19,16,5
64.0,202504,20,2025-04-20,0I834,4.0,42.0,64.0,38.0,12.0,19.0,26.0,SEDANG,DKI1 Bundaran Hotel Indonesia (HI),PM25,DKI1,Bundaran HI,2025,4,20,16,6
62.0,202504,21,2025-04-21,0I834,4.0,42.0,62.0,37.0,11.0,10.0,25.0,SEDANG,DKI1 Bundaran Hotel Indonesia (HI),PM25,DKI1,Bundaran HI,2025,4,21,17,0
70.0,202504,22,2025-04-22,0I834,4.0,42.0,70.0,37.0,16.0,14.0,32.0,SEDANG,DKI1 Bundaran Hotel Indonesia (HI),PM25,DKI1,Bundaran HI,2025,4,22,17,1
70.0,202504,23,2025-04-23,0I834,4.0,53.0,70.0,35.0,23.0,8.0,34.0,SEDANG,DKI1 Bundaran Hotel Indonesia (HI),PM25,DKI1,Bundaran HI,2025,4,23,17,2
43.0,202504,24,2025-04-24,0I834,4.0,25.0,43.0,33.0,9.0,12.0,17.0,BAIK,DKI1 Bundaran Hotel Indonesia (HI),PM25,DKI1,Bundaran HI,2025,4,24,17,3
60.0,202504,25,2025-04-25,0I834,4.0,34.0,60.0,32.0,16.0,14.0,31.0,SEDANG,DKI1 Bundaran Hotel Indonesia (HI),PM25,DKI1,Bundaran HI,2025,4,25,17,4
72.0,202504,26,2025-04-26,0I834,4.0,47.0,72.0,31.0,16.0,16.0,39.0,SEDANG,DKI1 Bundaran Hotel Indonesia (HI),PM25,DKI1,Bundaran HI,2025,4,26,17,5
77.0,202504,27,2025-04-27,0I834,4.0,52.0,77.0,30.0,14.0,15.0,37.0,SEDANG,DKI1 Bundaran Hotel Indonesia (HI),PM25,DKI1,Bundaran HI,2025,4,27,17,6
69.0,202504,28,2025-04-28,0I834,4.0,45.0,69.0,32.0,14.0,13.0,35.0,SEDANG,DKI1 Bundaran Hotel Indonesia (HI),PM25,DKI1,Bundaran HI,2025,4,28,18,0
78.0,202504,29,2025-04-29,0I834,4.0,51.0,78.0,32.0,16.0,14.0,40.0,SEDANG,DKI1 Bundaran Hotel Indonesia (HI),PM25,DKI1,Bundaran HI,2025,4,29,18,1
83.0,202504,30,2025-04-30,0I834,4.0,54.0,83.0,35.0,15.0,15.0,40.0,SEDANG,DKI1 Bundaran Hotel Indonesia (HI),PM25,DKI1,Bundaran HI,2025,4,30,18,2
29.0,202504,1,2025-04-01,0I834,4.0,20.0,24.0,29.0,13.0,10.0,13.0,BAIK,DKI2 Kelapa Gading,SO2,DKI2,Kelapa Gading,2025,4,1,14,1
28.0,202504,2,2025-04-02,0I834,4.0,25.0,28.0,28.0,16.0,11.0,12.0,BAIK,DKI2 Kelapa Gading,PM25,DKI2,Kelapa Gading,2025,4,2,14,2
44.0,202504,3,2025-04-03,0I834,4.0,27.0,44.0,29.0,16.0,13.0,17.0,BAIK,DKI2 Kelapa Gading,PM25,DKI2,Kelapa Gading,2025,4,3,14,3
45.0,202504,4,2025-04-04,0I834,4.0,30.0,45.0,28.0,13.0,19.0,9.0,BAIK,DKI2 Kelapa Gading,PM25,DKI2,Kelapa Gading,2025,4,4,14,4
65.0,202504,5,2025-04-05,0I834,4.0,49.0,65.0,31.0,17.0,16.0,9.0,SEDANG,DKI2 Kelapa Gading,PM25,DKI2,Kelapa Gading,2025,4,5,14,5
63.0,202504,6,2025-04-06,0I834,4.0,47.0,63.0,29.0,21.0,16.0,16.0,SEDANG,DKI2 Kelapa Gading,PM25,DKI2,Kelapa Gading,2025,4,6,14,6
57.0,202504,7,2025-04-07,0I834,4.0,42.0,57.0,29.0,21.0,17.0,12.0,SEDANG,DKI2 Kelapa Gading,PM25,DKI2,Kelapa Gading,2025,4,7,15,0
62.0,202504,8,2025-04-08,0I834,4.0,50.0,62.0,31.0,15.0,19.0,9.0,SEDANG,DKI2 Kelapa Gading,PM25,DKI2,Kelapa Gading,2025,4,8,15,1
77.0,202504,9,2025-04-09,0I834,4.0,56.0,77.0,31.0,15.0,18.0,8.0,SEDANG,DKI2 Kelapa Gading,PM25,DKI2,Kelapa Gading,2025,4,9,15,2
84.0,202504,10,2025-04-10,0I834,4.0,61.0,84.0,31.0,16.0,19.0,12.0,SEDANG,DKI2 Kelapa Gading,PM25,DKI2,Kelapa Gading,2025,4,10,15,3
85.0,202504,11,2025-04-11,0I834,4.0,59.0,85.0,32.0,23.0,21.0,10.0,SEDANG,DKI2 Kelapa Gading,PM25,DKI2,Kelapa Gading,2025,4,11,15,4
59.0,202503,1,2025-03-01,0I834,3.0,36.0,59.0,29.0,16.0,11.0,33.0,SEDANG,DKI1 Bundaran Hotel Indonesia (HI),PM25,DKI1,Bundaran HI,2025,3,1,9,5
69.0,202503,2,2025-03-02,0I834,3.0,51.0,69.0,28.0,14.0,18.0,28.0,SEDANG,DKI1 Bundaran Hotel Indonesia (HI),PM25,DKI1,Bundaran HI,2025,3,2,9,6
55.0,202503,3,2025-03-03,0I834,3.0,35.0,55.0,27.0,14.0,15.0,30.0,SEDANG,DKI1 Bundaran Hotel Indonesia (HI),PM25,DKI1,Bundaran HI,2025,3,3,10,0
53.0,202503,4,2025-03-04,0I834,3.0,29.0,53.0,28.0,13.0,16.0,31.0,SEDANG,DKI1 Bundaran Hotel Indonesia (HI),PM25,DKI1,Bundaran HI,2025,3,4,10,1
61.0,202503,5,2025-03-05,0I834,3.0,43.0,61.0,32.0,15.0,10.0,37.0,SEDANG,DKI1 Bundaran Hotel Indonesia (HI),PM25,DKI1,Bundaran HI,2025,3,5,10,2
81.0,202503,6,2025-03-06,0I834,3.0,54.0,81.0,32.0,20.0,16.0,42.0,SEDANG,DKI1 Bundaran Hotel Indonesia (HI),PM25,DKI1,Bundaran HI,2025,3,6,10,3
34.0,202503,7,2025-03-07,0I834,3.0,25.0,34.0,28.0,8.0,14.0,15.0,BAIK,DKI1 Bundaran Hotel Indonesia (HI),PM25,DKI1,Bundaran HI,2025,3,7,10,4
72.0,202503,8,2025-03-08,0I834,3.0,44.0,72.0,31.0,15.0,18.0,27.0,SEDANG,DKI1 Bundaran Hotel Indonesia (HI),PM25,DKI1,Bundaran HI,2025,3,8,10,5
70.0,202503,9,2025-03-09,0I834,3.0,47.0,70.0,29.0,15.0,17.0,34.0,SEDANG,DKI1 Bundaran Hotel Indonesia (HI),PM25,DKI1,Bundaran HI,2025,3,9,10,6
64.0,202503,10,2025-03-10,0I834,3.0,43.0,64.0,27.0,17.0,11.0,34.0,SEDANG,DKI1 Bundaran Hotel Indonesia (HI),PM25,DKI1,Bundaran HI,2025,3,10,11,0
56.0,202503,11,2025-03-11,0I834,3.0,56.0,,,,,,SEDANG,DKI1 Bundaran Hotel Indonesia (HI),PM10,DKI1,Bundaran HI,2025,3,11,11,1
62.0,202503,12,2025-03-12,0I834,3.0,39.0,62.0,42.0,15.0,13.0,37.0,SEDANG,DKI1 Bundaran Hotel Indonesia (HI),PM25,DKI1,Bundaran HI,2025,3,12,11,2
71.0,202503,13,2025-03-13,0I834,3.0,49.0,71.0,37.0,15.0,12.0,38.0,SEDANG,DKI1 Bundaran Hotel Indonesia (HI),PM25,DKI1,Bundaran HI,2025,3,13,11,3
59.0,202503,14,2025-03-14,0I834,3.0,43.0,59.0,31.0,12.0,10.0,23.0,SEDANG,DKI1 Bundaran Hotel Indonesia (HI),PM25,DKI1,Bundaran HI,2025,3,14,11,4
47.0,202503,15,2025-03-15,0I834,3.0,27.0,47.0,29.0,10.0,9.0,14.0,BAIK,DKI1 Bundaran Hotel Indonesia (HI),PM25,DKI1,Bundaran HI,2025,3,15,11,5
44.0,202503,16,2025-03-16,0I834,3.0,26.0,44.0,28.0,10.0,9.0,13.0,BAIK,DKI1 Bundaran Hotel Indonesia (HI),PM25,DKI1,Bundaran HI,2025,3,16,11,6
57.0,202503,17,2025-03-17,0I834,3.0,37.0,57.0,33.0,13.0,6.0,20.0,SEDANG,DKI1 Bundaran Hotel Indonesia (HI),PM25,DKI1,Bundaran HI,2025,3,17,12,0
40.0,202503,18,2025-03-18,0I834,3.0,18.0,40.0,27.0,11.0,13.0,22.0,BAIK,DKI1 Bundaran Hotel Indonesia (HI),PM25,DKI1,Bundaran HI,2025,3,18,12,1
54.0,202503,19,2025-03-19,0I834,3.0,30.0,54.0,31.0,12.0,13.0,31.0,SEDANG,DKI1 Bundaran Hotel Indonesia (HI),PM25,DKI1,Bundaran HI,2025,3,19,12,2
60.0,202503,20,2025-03-20,0I834,3.0,59.0,60.0,36.0,12.0,16.0,31.0,SEDANG,DKI1 Bundaran Hotel Indonesia (HI),PM25,DKI1,Bundaran HI,2025,3,20,12,3
57.0,202503,21,2025-03-21,0I834,3.0,36.0,57.0,29.0,11.0,15.0,25.0,SEDANG,DKI1 Bundaran Hotel Indonesia (HI),PM25,DKI1,Bundaran HI,2025,3,21,12,4
66.0,202503,22,2025-03-22,0I834,3.0,45.0,66.0,30.0,13.0,15.0,29.0,SEDANG,DKI1 Bundaran Hotel Indonesia (HI),PM25,DKI1,Bundaran HI,2025,3,22,12,5
63.0,202503,23,2025-03-23,0I834,3.0,50.0,63.0,29.0,20.0,10.0,26.0,SEDANG,DKI1 Bundaran Hotel Indonesia (HI),PM25,DKI1,Bundaran HI,2025,3,23,12,6
60.0,202503,24,2025-03-24,0I834,3.0,38.0,60.0,29.0,13.0,13.0,23.0,SEDANG,DKI1 Bundaran Hotel Indonesia (HI),PM25,DKI1,Bundaran HI,2025,3,24,13,0
36.0,202503,25,2025-03-25,0I834,3.0,36.0,,28.0,15.0,8.0,22.0,BAIK,DKI1 Bundaran Hotel Indonesia (HI),PM10,DKI1,Bundaran HI,2025,3,25,13,1
64.0,202503,26,2025-03-26,0I834,3.0,42.0,64.0,27.0,17.0,10.0,28.0,SEDANG,DKI1 Bundaran Hotel Indonesia (HI),PM25,DKI1,Bundaran HI,2025,3,26,13,2
71.0,202503,27,2025-03-27,0I834,3.0,50.0,71.0,26.0,18.0,7.0,26.0,SEDANG,DKI1 Bundaran Hotel Indonesia (HI),PM25,DKI1,Bundaran HI,2025,3,27,13,3
47.0,202503,28,2025-03-28,0I834,3.0,32.0,47.0,27.0,10.0,8.0,19.0,BAIK,DKI1 Bundaran Hotel Indonesia (HI),PM25,DKI1,Bundaran HI,2025,3,28,13,4
33.0,202503,29,2025-03-29,0I834,3.0,17.0,33.0,26.0,6.0,11.0,11.0,BAIK,DKI1 Bundaran Hotel Indonesia (HI),PM25,DKI1,Bundaran HI,2025,3,29,13,5
37.0,202503,30,2025-03-30,0I834,3.0,22.0,37.0,28.0,8.0,11.0,11.0,BAIK,DKI1 Bundaran Hotel Indonesia (HI),PM25,DKI1,Bundaran HI,2025,3,30,13,6
40.0,202503,31,2025-03-31,0I834,3.0,24.0,40.0,30.0,7.0,11.0,8.0,BAIK,DKI1 Bundaran Hotel Indonesia (HI),PM25,DKI1,Bundaran HI,2025,3,31,14,0
73.0,202503,1,2025-03-01,0I834,3.0,49.0,73.0,,,,,SEDANG,DKI2 Kelapa Gading,PM25,DKI2,Kelapa Gading,2025,3,1,9,5
68.0,202503,2,2025-03-02,0I834,3.0,51.0,68.0,30.0,16.0,25.0,7.0,SEDANG,DKI2 Kelapa Gading,PM25,DKI2,Kelapa Gading,2025,3,2,9,6
56.0,202503,3,2025-03-03,0I834,3.0,43.0,56.0,29.0,17.0,16.0,10.0,SEDANG,DKI2 Kelapa Gading,PM25,DKI2,Kelapa Gading,2025,3,3,10,0
51.0,202503,4,2025-03-04,0I834,3.0,32.0,51.0,30.0,15.0,18.0,7.0,SEDANG,DKI2 Kelapa Gading,PM25,DKI2,Kelapa Gading,2025,3,4,10,1
63.0,202503,5,2025-03-05,0I834,3.0,52.0,63.0,37.0,16.0,17.0,15.0,SEDANG,DKI2 Kelapa Gading,PM25,DKI2,Kelapa Gading,2025,3,5,10,2
83.0,202503,6,2025-03-06,0I834,3.0,60.0,83.0,31.0,20.0,20.0,15.0,SEDANG,DKI2 Kelapa Gading,PM25,DKI2,Kelapa Gading,2025,3,6,10,3
34.0,202503,7,2025-03-07,0I834,3.0,31.0,34.0,28.0,13.0,15.0,12.0,BAIK,DKI2 Kelapa Gading,PM25,DKI2,Kelapa Gading,2025,3,7,10,4
67.0,202503,8,2025-03-08,0I834,3.0,51.0,67.0,31.0,17.0,22.0,8.0,SEDANG,DKI2 Kelapa Gading,PM25,DKI2,Kelapa Gading,2025,3,8,10,5
75.0,202503,9,2025-03-09,0I834,3.0,59.0,75.0,34.0,23.0,15.0,11.0,SEDANG,DKI2 Kelapa Gading,PM25,DKI2,Kelapa Gading,2025,3,9,10,6
69.0,202503,10,2025-03-10,0I834,3.0,51.0,69.0,31.0,22.0,15.0,15.0,SEDANG,DKI2 Kelapa Gading,PM25,DKI2,Kelapa Gading,2025,3,10,11,0
56.0,202503,12,2025-03-12,0I834,3.0,37.0,56.0,31.0,14.0,13.0,10.0,SEDANG,DKI2 Kelapa Gading,PM25,DKI2,Kelapa Gading,2025,3,12,11,2
58.0,202503,13,2025-03-13,0I834,3.0,48.0,58.0,31.0,14.0,13.0,11.0,SEDANG,DKI2 Kelapa Gading,PM25,DKI2,Kelapa Gading,2025,3,13,11,3
62.0,202503,14,2025-03-14,0I834,3.0,51.0,62.0,30.0,16.0,12.0,13.0,SEDANG,DKI2 Kelapa Gading,PM25,DKI2,Kelapa Gading,2025,3,14,11,4
37.0,202503,15,2025-03-15,0I834,3.0,26.0,37.0,28.0,14.0,11.0,14.0,BAIK,DKI2 Kelapa Gading,PM25,DKI2,Kelapa Gading,2025,3,15,11,5
47.0,202503,16,2025-03-16,0I834,3.0,31.0,47.0,,,,,BAIK,DKI2 Kelapa Gading,PM25,DKI2,Kelapa Gading,2025,3,16,11,6
124.0,202506,7,2025-06-07,0I834,6.0,75.0,124.0,21.0,16.0,32.0,23.0,TIDAK SEHAT,DKI4 Lubang Buaya,PM25,DKI4,Lubang Buaya,2025,6,7,23,5
93.0,202506,8,2025-06-08,0I834,6.0,67.0,93.0,21.0,14.0,35.0,20.0,SEDANG,DKI4 Lubang Buaya,PM25,DKI4,Lubang Buaya,2025,6,8,23,6
118.0,202506,9,2025-06-09,0I834,6.0,74.0,118.0,24.0,14.0,34.0,20.0,TIDAK SEHAT,DKI4 Lubang Buaya,PM25,DKI4,Lubang Buaya,2025,6,9,24,0
114.0,202506,10,2025-06-10,0I834,6.0,76.0,114.0,24.0,12.0,30.0,20.0,TIDAK SEHAT,DKI4 Lubang Buaya,PM25,DKI4,Lubang Buaya,2025,6,10,24,1
86.0,202506,11,2025-06-11,0I834,6.0,64.0,86.0,21.0,12.0,25.0,21.0,SEDANG,DKI4 Lubang Buaya,PM25,DKI4,Lubang Buaya,2025,6,11,24,2
95.0,202506,12,2025-06-12,0I834,6.0,64.0,95.0,24.0,11.0,23.0,18.0,SEDANG,DKI4 Lubang Buaya,PM25,DKI4,Lubang Buaya,2025,6,12,24,3
105.0,202506,13,2025-06-13,0I834,6.0,74.0,105.0,22.0,11.0,26.0,15.0,TIDAK SEHAT,DKI4 Lubang Buaya,PM25,DKI4,Lubang Buaya,2025,6,13,24,4
99.0,202506,14,2025-06-14,0I834,6.0,67.0,99.0,23.0,10.0,22.0,19.0,SEDANG,DKI4 Lubang Buaya,PM25,DKI4,Lubang Buaya,2025,6,14,24,5
87.0,202506,15,2025-06-15,0I834,6.0,62.0,87.0,24.0,13.0,15.0,11.0,SEDANG,DKI4 Lubang Buaya,PM25,DKI4,Lubang Buaya,2025,6,15,24,6
101.0,202506,16,2025-06-16,0I834,6.0,68.0,101.0,22.0,13.0,21.0,15.0,TIDAK SEHAT,DKI4 Lubang Buaya,PM25,DKI4,Lubang Buaya,2025,6,16,25,0
71.0,202506,17,2025-06-17,0I834,6.0,50.0,71.0,22.0,9.0,24.0,13.0,SEDANG,DKI4 Lubang Buaya,PM25,DKI4,Lubang Buaya,2025,6,17,25,1
56.0,202506,18,2025-06-18,0I834,6.0,40.0,56.0,20.0,11.0,16.0,23.0,SEDANG,DKI4 Lubang Buaya,PM25,DKI4,Lubang Buaya,2025,6,18,25,2
74.0,202506,19,2025-06-19,0I834,6.0,56.0,74.0,23.0,21.0,11.0,19.0,SEDANG,DKI4 Lubang Buaya,PM25,DKI4,Lubang Buaya,2025,6,19,25,3
113.0,202506,20,2025-06-20,0I834,6.0,80.0,113.0,24.0,17.0,19.0,21.0,TIDAK SEHAT,DKI4 Lubang Buaya,PM25,DKI4,Lubang Buaya,2025,6,20,25,4
68.0,202506,21,2025-06-21,0I834,6.0,46.0,68.0,22.0,9.0,25.0,18.0,SEDANG,DKI4 Lubang Buaya,PM25,DKI4,Lubang Buaya,2025,6,21,25,5
104.0,202506,22,2025-06-22,0I834,6.0,71.0,104.0,23.0,21.0,22.0,21.0,TIDAK SEHAT,DKI4 Lubang Buaya,PM25,DKI4,Lubang Buaya,2025,6,22,25,6
82.0,202506,23,2025-06-23,0I834,6.0,62.0,82.0,23.0,8.0,26.0,16.0,SEDANG,DKI4 Lubang Buaya,PM25,DKI4,Lubang Buaya,2025,6,23,26,0
101.0,202506,24,2025-06-24,0I834,6.0,72.0,101.0,24.0,13.0,20.0,17.0,TIDAK SEHAT,DKI4 Lubang Buaya,PM25,DKI4,Lubang Buaya,2025,6,24,26,1
115.0,202506,25,2025-06-25,0I834,6.0,79.0,115.0,23.0,23.0,30.0,16.0,TIDAK SEHAT,DKI4 Lubang Buaya,PM25,DKI4,Lubang Buaya,2025,6,25,26,2
117.0,202506,26,2025-06-26,0I834,6.0,81.0,117.0,24.0,17.0,28.0,25.0,TIDAK SEHAT,DKI4 Lubang Buaya,PM25,DKI4,Lubang Buaya,2025,6,26,26,3
99.0,202506,27,2025-06-27,0I834,6.0,71.0,99.0,23.0,13.0,28.0,17.0,SEDANG,DKI4 Lubang Buaya,PM25,DKI4,Lubang Buaya,2025,6,27,26,4
118.0,202506,28,2025-06-28,0I834,6.0,84.0,118.0,26.0,14.0,29.0,24.0,TIDAK SEHAT,DKI4 Lubang Buaya,PM25,DKI4,Lubang Buaya,2025,6,28,26,5
83.0,202506,29,2025-06-29,0I834,6.0,57.0,83.0,21.0,22.0,11.0,29.0,SEDANG,DKI4 Lubang Buaya,PM25,DKI4,Lubang Buaya,2025,6,29,26,6
114.0,202506,30,2025-06-30,0I834,6.0,,114.0,22.0,27.0,15.0,36.0,TIDAK SEHAT,DKI4 Lubang Buaya,PM25,DKI4,Lubang Buaya,2025,6,30,27,0
103.0,202506,1,2025-06-01,0I834,6.0,23.0,103.0,24.0,11.0,31.0,50.0,TIDAK SEHAT,DKI5 Kebon Jeruk,PM25,DKI5,Kebon Jeruk,2025,6,1,22,6
120.0,202506,2,2025-06-02,0I834,6.0,35.0,120.0,27.0,13.0,38.0,,TIDAK SEHAT,DKI5 Kebon Jeruk,PM25,DKI5,Kebon Jeruk,2025,6,2,23,0
128.0,202506,3,2025-06-03,0I834,6.0,30.0,128.0,25.0,11.0,40.0,55.0,TIDAK SEHAT,DKI5 Kebon Jeruk,PM25,DKI5,Kebon Jeruk,2025,6,3,23,1
141.0,202506,4,2025-06-04,0I834,6.0,38.0,,22.0,16.0,39.0,,TIDAK SEHAT,DKI5 Kebon Jeruk,PM25,DKI5,Kebon Jeruk,2025,6,4,23,2
116.0,202506,5,2025-06-05,0I834,6.0,38.0,116.0,25.0,14.0,38.0,,TIDAK SEHAT,DKI5 Kebon Jeruk,PM25,DKI5,Kebon Jeruk,2025,6,5,23,3
97.0,202506,6,2025-06-06,0I834,6.0,30.0,97.0,23.0,12.0,39.0,46.0,SEDANG,DKI5 Kebon Jeruk,PM25,DKI5,Kebon Jeruk,2025,6,6,23,4
125.0,202506,7,2025-06-07,0I834,6.0,36.0,125.0,22.0,17.0,45.0,40.0,TIDAK SEHAT,DKI5 Kebon Jeruk,PM25,DKI5,Kebon Jeruk,2025,6,7,23,5
108.0,202506,8,2025-06-08,0I834,6.0,31.0,108.0,26.0,14.0,41.0,,TIDAK SEHAT,DKI5 Kebon Jeruk,PM25,DKI5,Kebon Jeruk,2025,6,8,23,6
99.0,202506,9,2025-06-09,0I834,6.0,30.0,99.0,25.0,11.0,38.0,49.0,SEDANG,DKI5 Kebon Jeruk,PM25,DKI5,Kebon Jeruk,2025,6,9,24,0
90.0,202506,10,2025-06-10,0I834,6.0,23.0,90.0,26.0,9.0,44.0,54.0,SEDANG,DKI5 Kebon Jeruk,PM25,DKI5,Kebon Jeruk,2025,6,10,24,1
84.0,202506,11,2025-06-11,0I834,6.0,27.0,84.0,23.0,13.0,39.0,,SEDANG,DKI5 Kebon Jeruk,PM25,DKI5,Kebon Jeruk,2025,6,11,24,2
87.0,202506,12,2025-06-12,0I834,6.0,26.0,87.0,25.0,11.0,30.0,55.0,SEDANG,DKI5 Kebon Jeruk,PM25,DKI5,Kebon Jeruk,2025,6,12,24,3
104.0,202506,13,2025-06-13,0I834,6.0,33.0,104.0,28.0,9.0,32.0,28.0,TIDAK SEHAT,DKI5 Kebon Jeruk,PM25,DKI5,Kebon Jeruk,2025,6,13,24,4
109.0,202506,14,2025-06-14,0I834,6.0,32.0,109.0,26.0,10.0,27.0,35.0,TIDAK SEHAT,DKI5 Kebon Jeruk,PM25,DKI5,Kebon Jeruk,2025,6,14,24,5
88.0,202506,15,2025-06-15,0I834,6.0,29.0,88.0,26.0,14.0,18.0,34.0,SEDANG,DKI5 Kebon Jeruk,PM25,DKI5,Kebon Jeruk,2025,6,15,24,6
80.0,202506,16,2025-06-16,0I834,6.0,19.0,80.0,30.0,8.0,33.0,28.0,SEDANG,DKI5 Kebon Jeruk,PM25,DKI5,Kebon Jeruk,2025,6,16,25,0
64.0,202506,17,2025-06-17,0I834,6.0,15.0,64.0,23.0,7.0,30.0,30.0,SEDANG,DKI5 Kebon Jeruk,PM25,DKI5,Kebon Jeruk,2025,6,17,25,1
55.0,202506,18,2025-06-18,0I834,6.0,15.0,55.0,20.0,9.0,27.0,32.0,SEDANG,DKI5 Kebon Jeruk,PM25,DKI5,Kebon Jeruk,2025,6,18,25,2
90.0,202506,19,2025-06-19,0I834,6.0,20.0,90.0,23.0,24.0,16.0,49.0,SEDANG,DKI5 Kebon Jeruk,PM25,DKI5,Kebon Jeruk,2025,6,19,25,3
127.0,202506,20,2025-06-20,0I834,6.0,44.0,127.0,27.0,24.0,18.0,51.0,TIDAK SEHAT,DKI5 Kebon Jeruk,PM25,DKI5,Kebon Jeruk,2025,6,20,25,4
65.0,202506,21,2025-06-21,0I834,6.0,24.0,65.0,22.0,7.0,34.0,31.0,SEDANG,DKI5 Kebon Jeruk,PM25,DKI5,Kebon Jeruk,2025,6,21,25,5
45.0,202506,22,2025-06-22,0I834,6.0,38.0,,24.0,22.0,25.0,45.0,BAIK,DKI5 Kebon Jeruk,NO2,DKI5,Kebon Jeruk,2025,6,22,25,6
81.0,202506,23,2025-06-23,0I834,6.0,20.0,81.0,24.0,7.0,30.0,22.0,SEDANG,DKI5 Kebon Jeruk,PM25,DKI5,Kebon Jeruk,2025,6,23,26,0
114.0,202506,24,2025-06-24,0I834,6.0,36.0,114.0,29.0,11.0,27.0,35.0,TIDAK SEHAT,DKI5 Kebon Jeruk,PM25,DKI5,Kebon Jeruk,2025,6,24,26,1
133.0,202506,25,2025-06-25,0I834,6.0,39.0,133.0,26.0,16.0,28.0,43.0,TIDAK SEHAT,DKI5 Kebon Jeruk,PM25,DKI5,Kebon Jeruk,2025,6,25,26,2
59.0,202505,23,2025-05-23,0I834,5.0,35.0,59.0,29.0,17.0,3.0,35.0,SEDANG,DKI1 Bundaran Hotel Indonesia (HI),PM25,DKI1,Bundaran HI,2025,5,23,21,4
52.0,202505,24,2025-05-24,0I834,5.0,29.0,52.0,30.0,15.0,11.0,29.0,SEDANG,DKI1 Bundaran Hotel Indonesia (HI),PM25,DKI1,Bundaran HI,2025,5,24,21,5
74.0,202505,25,2025-05-25,0I834,5.0,52.0,74.0,29.0,24.0,7.0,34.0,SEDANG,DKI1 Bundaran Hotel Indonesia (HI),PM25,DKI1,Bundaran HI,2025,5,25,21,6
72.0,202505,26,2025-05-26,0I834,5.0,52.0,72.0,27.0,22.0,2.0,37.0,SEDANG,DKI1 Bundaran Hotel Indonesia (HI),PM25,DKI1,Bundaran HI,2025,5,26,22,0
53.0,202505,27,2025-05-27,0I834,5.0,24.0,53.0,29.0,11.0,11.0,22.0,SEDANG,DKI1 Bundaran Hotel Indonesia (HI),PM25,DKI1,Bundaran HI,2025,5,27,22,1
83.0,202505,28,2025-05-28,0I834,5.0,47.0,83.0,35.0,19.0,19.0,37.0,SEDANG,DKI1 Bundaran Hotel Indonesia (HI),PM25,DKI1,Bundaran HI,2025,5,28,22,2
100.0,202505,29,2025-05-29,0I834,5.0,65.0,100.0,31.0,15.0,28.0,46.0,SEDANG,DKI1 Bundaran Hotel Indonesia (HI),PM25,DKI1,Bundaran HI,2025,5,29,22,3
71.0,202505,30,2025-05-30,0I834,5.0,48.0,71.0,27.0,12.0,12.0,34.0,SEDANG,DKI1 Bundaran Hotel Indonesia (HI),PM25,DKI1,Bundaran HI,2025,5,30,22,4
90.0,202505,31,2025-05-31,0I834,5.0,51.0,90.0,28.0,16.0,19.0,37.0,SEDANG,DKI1 Bundaran Hotel Indonesia (HI),PM25,DKI1,Bundaran HI,2025,5,31,22,5
88.0,202505,1,2025-05-01,0I834,5.0,60.0,88.0,35.0,16.0,25.0,5.0,SEDANG,DKI2 Kelapa Gading,PM25,DKI2,Kelapa Gading,2025,5,1,18,3
87.0,202505,2,2025-05-02,0I834,5.0,60.0,87.0,34.0,16.0,24.0,5.0,SEDANG,DKI2 Kelapa Gading,PM25,DKI2,Kelapa Gading,2025,5,2,18,4
89.0,202505,3,2025-05-03,0I834,5.0,62.0,89.0,38.0,17.0,21.0,8.0,SEDANG,DKI2 Kelapa Gading,PM25,DKI2,Kelapa Gading,2025,5,3,18,5
82.0,202505,4,2025-05-04,0I834,5.0,61.0,82.0,34.0,20.0,17.0,6.0,SEDANG,DKI2 Kelapa Gading,PM25,DKI2,Kelapa Gading,2025,5,4,18,6
97.0,202505,5,2025-05-05,0I834,5.0,66.0,97.0,38.0,22.0,16.0,12.0,SEDANG,DKI2 Kelapa Gading,PM25,DKI2,Kelapa Gading,2025,5,5,19,0
87.0,202505,6,2025-05-06,0I834,5.0,55.0,87.0,33.0,20.0,18.0,,SEDANG,DKI2 Kelapa Gading,PM25,DKI2,Kelapa Gading,2025,5,6,19,1
91.0,202505,7,2025-05-07,0I834,5.0,64.0,91.0,34.0,27.0,18.0,20.0,SEDANG,DKI2 Kelapa Gading,PM25,DKI2,Kelapa Gading,2025,5,7,19,2
105.0,202505,8,2025-05-08,0I834,5.0,71.0,105.0,35.0,26.0,17.0,15.0,TIDAK SEHAT,DKI2 Kelapa Gading,PM25,DKI2,Kelapa Gading,2025,5,8,19,3
83.0,202505,9,2025-05-09,0I834,5.0,57.0,83.0,33.0,19.0,22.0,9.0,SEDANG,DKI2 Kelapa Gading,PM25,DKI2,Kelapa Gading,2025,5,9,19,4
103.0,202505,10,2025-05-10,0I834,5.0,67.0,103.0,36.0,19.0,22.0,9.0,TIDAK SEHAT,DKI2 Kelapa Gading,PM25,DKI2,Kelapa Gading,2025,5,10,19,5
93.0,202505,11,2025-05-11,0I834,5.0,69.0,93.0,36.0,24.0,24.0,9.0,SEDANG,DKI2 Kelapa Gading,PM25,DKI2,Kelapa Gading,2025,5,11,19,6
63.0,202505,12,2025-05-12,0I834,5.0,44.0,63.0,34.0,18.0,14.0,15.0,SEDANG,DKI2 Kelapa Gading,PM25,DKI2,Kelapa Gading,2025,5,12,20,0
64.0,202505,13,2025-05-13,0I834,5.0,44.0,64.0,34.0,17.0,18.0,13.0,SEDANG,DKI2 Kelapa Gading,PM25,DKI2,Kelapa Gading,2025,5,13,20,1
79.0,202505,14,2025-05-14,0I834,5.0,57.0,79.0,35.0,19.0,22.0,12.0,SEDANG,DKI2 Kelapa Gading,PM25,DKI2,Kelapa Gading,2025,5,14,20,2
81.0,202505,15,2025-05-15,0I834,5.0,60.0,81.0,36.0,22.0,23.0,13.0,SEDANG,DKI2 Kelapa Gading,PM25,DKI2,Kelapa Gading,2025,5,15,20,3
81.0,202505,16,2025-05-16,0I834,5.0,58.0,81.0,36.0,20.0,22.0,8.0,SEDANG,DKI2 Kelapa Gading,PM25,DKI2,Kelapa Gading,2025,5,16,20,4
92.0,202505,17,2025-05-17,0I834,5.0,66.0,92.0,40.0,21.0,21.0,24.0,SEDANG,DKI2 Kelapa Gading,PM25,DKI2,Kelapa Gading,2025,5,17,20,5
85.0,202505,18,2025-05-18,0I834,5.0,63.0,85.0,36.0,29.0,19.0,31.0,SEDANG,DKI2 Kelapa Gading,PM25,DKI2,Kelapa Gading,2025,5,18,20,6
97.0,202505,19,2025-05-19,0I834,5.0,69.0,97.0,44.0,19.0,22.0,18.0,SEDANG,DKI2 Kelapa Gading,PM25,DKI2,Kelapa Gading,2025,5,19,21,0
92.0,202505,20,2025-05-20,0I834,5.0,70.0,92.0,41.0,23.0,17.0,31.0,SEDANG,DKI2 Kelapa Gading,PM25,DKI2,Kelapa Gading,2025,5,20,21,1
88.0,202505,21,2025-05-21,0I834,5.0,66.0,88.0,40.0,17.0,17.0,9.0,SEDANG,DKI2 Kelapa Gading,PM25,DKI2,Kelapa Gading,2025,5,21,21,2
78.0,202505,22,2025-05-22,0I834,5.0,60.0,78.0,34.0,19.0,14.0,18.0,SEDANG,DKI2 Kelapa Gading,PM25,DKI2,Kelapa Gading,2025,5,22,21,3
62.0,202505,23,2025-05-23,0I834,5.0,48.0,62.0,35.0,17.0,13.0,14.0,SEDANG,DKI2 Kelapa Gading,PM25,DKI2,Kelapa Gading,2025,5,23,21,4
56.0,202505,24,2025-05-24,0I834,5.0,39.0,56.0,34.0,21.0,14.0,25.0,SEDANG,DKI2 Kelapa Gading,PM25,DKI2,Kelapa Gading,2025,5,24,21,5
79.0,202505,25,2025-05-25,0I834,5.0,56.0,79.0,34.0,23.0,13.0,23.0,SEDANG,DKI2 Kelapa Gading,PM25,DKI2,Kelapa Gading,2025,5,25,21,6
67.0,202505,26,2025-05-26,0I834,5.0,54.0,67.0,33.0,23.0,11.0,23.0,SEDANG,DKI2 Kelapa Gading,PM25,DKI2,Kelapa Gading,2025,5,26,22,0
54.0,202505,27,2025-05-27,0I834,5.0,37.0,54.0,32.0,16.0,13.0,15.0,SEDANG,DKI2 Kelapa Gading,PM25,DKI2,Kelapa Gading,2025,5,27,22,1
87.0,202505,28,2025-05-28,0I834,5.0,60.0,87.0,37.0,21.0,20.0,24.0,SEDANG,DKI2 Kelapa Gading,PM25,DKI2,Kelapa Gading,2025,5,28,22,2
101.0,202505,29,2025-05-29,0I834,5.0,75.0,101.0,39.0,17.0,25.0,8.0,TIDAK SEHAT,DKI2 Kelapa Gading,PM25,DKI2,Kelapa Gading,2025,5,29,22,3
77.0,202505,30,2025-05-30,0I834,5.0,56.0,77.0,35.0,16.0,20.0,11.0,SEDANG,DKI2 Kelapa Gading,PM25,DKI2,Kelapa Gading,2025,5,30,22,4
101.0,202505,31,2025-05-31,0I834,5.0,72.0,101.0,36.0,19.0,22.0,7.0,TIDAK SEHAT,DKI2 Kelapa Gading,PM25,DKI2,Kelapa Gading,2025,5,31,22,5
84.0,202505,1,2025-05-01,0I834,5.0,53.0,84.0,27.0,12.0,30.0,21.0,SEDANG,DKI3 Jagakarsa,PM25,DKI3,Jagakarsa,2025,5,1,18,3
83.0,202505,2,2025-05-02,0I834,5.0,53.0,83.0,27.0,12.0,29.0,24.0,SEDANG,DKI3 Jagakarsa,PM25,DKI3,Jagakarsa,2025,5,2,18,4
77.0,202505,3,2025-05-03,0I834,5.0,51.0,77.0,30.0,11.0,27.0,22.0,SEDANG,DKI3 Jagakarsa,PM25,DKI3,Jagakarsa,2025,5,3,18,5
60.0,202505,4,2025-05-04,0I834,5.0,42.0,60.0,25.0,16.0,20.0,39.0,SEDANG,DKI3 Jagakarsa,PM25,DKI3,Jagakarsa,2025,5,4,18,6
97.0,202505,5,2025-05-05,0I834,5.0,64.0,97.0,28.0,20.0,20.0,50.0,SEDANG,DKI3 Jagakarsa,PM25,DKI3,Jagakarsa,2025,5,5,19,0
81.0,202505,6,2025-05-06,0I834,5.0,51.0,81.0,27.0,11.0,28.0,18.0,SEDANG,DKI3 Jagakarsa,PM25,DKI3,Jagakarsa,2025,5,6,19,1
77.0,202505,7,2025-05-07,0I834,5.0,48.0,77.0,26.0,19.0,,44.0,SEDANG,DKI3 Jagakarsa,PM25,DKI3,Jagakarsa,2025,5,7,19,2
94.0,202505,8,2025-05-08,0I834,5.0,60.0,94.0,28.0,19.0,20.0,42.0,SEDANG,DKI3 Jagakarsa,PM25,DKI3,Jagakarsa,2025,5,8,19,3
66.0,202505,9,2025-05-09,0I834,5.0,45.0,66.0,25.0,12.0,18.0,26.0,SEDANG,DKI3 Jagakarsa,PM25,DKI3,Jagakarsa,2025,5,9,19,4
75.0,202505,10,2025-05-10,0I834,5.0,42.0,75.0,30.0,10.0,26.0,21.0,SEDANG,DKI3 Jagakarsa,PM25,DKI3,Jagakarsa,2025,5,10,19,5
84.0,202505,11,2025-05-11,0I834,5.0,61.0,84.0,26.0,23.0,15.0,,SEDANG,DKI3 Jagakarsa,PM25,DKI3,Jagakarsa,2025,5,11,19,6
64.0,202505,12,2025-05-12,0I834,5.0,41.0,64.0,28.0,10.0,12.0,33.0,SEDANG,DKI3 Jagakarsa,PM25,DKI3,Jagakarsa,2025,5,12,20,0
71.0,202505,13,2025-05-13,0I834,5.0,48.0,71.0,27.0,9.0,12.0,34.0,SEDANG,DKI3 Jagakarsa,PM25,DKI3,Jagakarsa,2025,5,13,20,1
65.0,202505,14,2025-05-14,0I834,5.0,43.0,65.0,29.0,13.0,22.0,32.0,SEDANG,DKI3 Jagakarsa,PM25,DKI3,Jagakarsa,2025,5,14,20,2
66.0,202505,15,2025-05-15,0I834,5.0,45.0,66.0,28.0,12.0,27.0,27.0,SEDANG,DKI3 Jagakarsa,PM25,DKI3,Jagakarsa,2025,5,15,20,3
72.0,202505,16,2025-05-16,0I834,5.0,49.0,72.0,28.0,15.0,21.0,32.0,SEDANG,DKI3 Jagakarsa,PM25,DKI3,Jagakarsa,2025,5,16,20,4
71.0,202505,17,2025-05-17,0I834,5.0,52.0,71.0,30.0,14.0,16.0,53.0,SEDANG,DKI3 Jagakarsa,PM25,DKI3,Jagakarsa,2025,5,17,20,5
67.0,202505,18,2025-05-18,0I834,5.0,44.0,62.0,30.0,16.0,13.0,,SEDANG,DKI3 Jagakarsa,NO2,DKI3,Jagakarsa,2025,5,18,20,6
64.0,202505,19,2025-05-19,0I834,5.0,40.0,64.0,34.0,11.0,19.0,34.0,SEDANG,DKI3 Jagakarsa,PM25,DKI3,Jagakarsa,2025,5,19,21,0
80.0,202505,20,2025-05-20,0I834,5.0,57.0,80.0,37.0,15.0,16.0,,SEDANG,DKI3 Jagakarsa,PM25,DKI3,Jagakarsa,2025,5,20,21,1
101.0,202505,21,2025-05-21,0I834,5.0,67.0,101.0,34.0,18.0,15.0,51.0,TIDAK SEHAT,DKI3 Jagakarsa,PM25,DKI3,Jagakarsa,2025,5,21,21,2
96.0,202505,22,2025-05-22,0I834,5.0,70.0,96.0,32.0,20.0,16.0,,SEDANG,DKI3 Jagakarsa,PM25,DKI3,Jagakarsa,2025,5,22,21,3
59.0,202505,23,2025-05-23,0I834,5.0,43.0,59.0,30.0,10.0,15.0,50.0,SEDANG,DKI3 Jagakarsa,PM25,DKI3,Jagakarsa,2025,5,23,21,4
43.0,202505,24,2025-05-24,0I834,5.0,28.0,42.0,28.0,10.0,11.0,43.0,BAIK,DKI3 Jagakarsa,NO2,DKI3,Jagakarsa,2025,5,24,21,5
71.0,202505,25,2025-05-25,0I834,5.0,52.0,71.0,34.0,17.0,11.0,,SEDANG,DKI3 Jagakarsa,PM25,DKI3,Jagakarsa,2025,5,25,21,6
109.0,202505,26,2025-05-26,0I834,5.0,87.0,109.0,30.0,22.0,12.0,50.0,TIDAK SEHAT,DKI3 Jagakarsa,PM25,DKI3,Jagakarsa,2025,5,26,22,0
67.0,202505,27,2025-05-27,0I834,5.0,56.0,67.0,30.0,10.0,10.0,29.0,SEDANG,DKI3 Jagakarsa,PM25,DKI3,Jagakarsa,2025,5,27,22,1
88.0,202505,28,2025-05-28,0I834,5.0,61.0,88.0,33.0,15.0,15.0,,SEDANG,DKI3 Jagakarsa,PM25,DKI3,Jagakarsa,2025,5,28,22,2
87.0,202505,29,2025-05-29,0I834,5.0,58.0,87.0,39.0,13.0,31.0,50.0,SEDANG,DKI3 Jagakarsa,PM25,DKI3,Jagakarsa,2025,5,29,22,3
65.0,202505,30,2025-05-30,0I834,5.0,42.0,65.0,32.0,12.0,27.0,34.0,SEDANG,DKI3 Jagakarsa,PM25,DKI3,Jagakarsa,2025,5,30,22,4
84.0,202505,31,2025-05-31,0I834,5.0,55.0,84.0,33.0,14.0,22.0,48.0,SEDANG,DKI3 Jagakarsa,PM25,DKI3,Jagakarsa,2025,5,31,22,5
103.0,202505,1,2025-05-01,0I834,5.0,63.0,103.0,21.0,11.0,34.0,16.0,TIDAK SEHAT,DKI4 Lubang Buaya,PM25,DKI4,Lubang Buaya,2025,5,1,18,3
102.0,202505,2,2025-05-02,0I834,5.0,62.0,102.0,21.0,12.0,38.0,21.0,TIDAK SEHAT,DKI4 Lubang Buaya,PM25,DKI4,Lubang Buaya,2025,5,2,18,4
92.0,202505,3,2025-05-03,0I834,5.0,61.0,92.0,22.0,10.0,34.0,16.0,SEDANG,DKI4 Lubang Buaya,PM25,DKI4,Lubang Buaya,2025,5,3,18,5
80.0,202505,4,2025-05-04,0I834,5.0,56.0,80.0,19.0,11.0,27.0,17.0,SEDANG,DKI4 Lubang Buaya,PM25,DKI4,Lubang Buaya,2025,5,4,18,6
112.0,202505,5,2025-05-05,0I834,5.0,69.0,112.0,21.0,20.0,25.0,17.0,TIDAK SEHAT,DKI4 Lubang Buaya,PM25,DKI4,Lubang Buaya,2025,5,5,19,0
101.0,202505,6,2025-05-06,0I834,5.0,61.0,101.0,20.0,15.0,31.0,19.0,TIDAK SEHAT,DKI4 Lubang Buaya,PM25,DKI4,Lubang Buaya,2025,5,6,19,1
96.0,202505,7,2025-05-07,0I834,5.0,66.0,96.0,19.0,16.0,27.0,18.0,SEDANG,DKI4 Lubang Buaya,PM25,DKI4,Lubang Buaya,2025,5,7,19,2
117.0,202505,8,2025-05-08,0I834,5.0,83.0,117.0,20.0,23.0,26.0,17.0,TIDAK SEHAT,DKI4 Lubang Buaya,PM25,DKI4,Lubang Buaya,2025,5,8,19,3
86.0,202505,9,2025-05-09,0I834,5.0,57.0,86.0,19.0,14.0,26.0,21.0,SEDANG,DKI4 Lubang Buaya,PM25,DKI4,Lubang Buaya,2025,5,9,19,4
107.0,202505,10,2025-05-10,0I834,5.0,66.0,107.0,20.0,12.0,33.0,20.0,TIDAK SEHAT,DKI4 Lubang Buaya,PM25,DKI4,Lubang Buaya,2025,5,10,19,5
95.0,202505,11,2025-05-11,0I834,5.0,70.0,95.0,19.0,19.0,28.0,19.0,SEDANG,DKI4 Lubang Buaya,PM25,DKI4,Lubang Buaya,2025,5,11,19,6
78.0,202505,12,2025-05-12,0I834,5.0,52.0,78.0,19.0,13.0,23.0,11.0,SEDANG,DKI4 Lubang Buaya,PM25,DKI4,Lubang Buaya,2025,5,12,20,0
73.0,202505,13,2025-05-13,0I834,5.0,50.0,73.0,20.0,11.0,19.0,13.0,SEDANG,DKI4 Lubang Buaya,PM25,DKI4,Lubang Buaya,2025,5,13,20,1
84.0,202505,14,2025-05-14,0I834,5.0,57.0,84.0,19.0,13.0,29.0,22.0,SEDANG,DKI4 Lubang Buaya,PM25,DKI4,Lubang Buaya,2025,5,14,20,2
88.0,202505,15,2025-05-15,0I834,5.0,60.0,88.0,21.0,18.0,33.0,23.0,SEDANG,DKI4 Lubang Buaya,PM25,DKI4,Lubang Buaya,2025,5,15,20,3
82.0,202505,16,2025-05-16,0I834,5.0,61.0,82.0,19.0,13.0,32.0,21.0,SEDANG,DKI4 Lubang Buaya,PM25,DKI4,Lubang Buaya,2025,5,16,20,4
75.0,202505,17,2025-05-17,0I834,5.0,61.0,75.0,20.0,13.0,27.0,24.0,SEDANG,DKI4 Lubang Buaya,PM25,DKI4,Lubang Buaya,2025,5,17,20,5
85.0,202505,18,2025-05-18,0I834,5.0,,85.0,20.0,18.0,25.0,12.0,SEDANG,DKI4 Lubang Buaya,PM25,DKI4,Lubang Buaya,2025,5,18,20,6
78.0,202505,19,2025-05-19,0I834,5.0,,78.0,20.0,10.0,29.0,14.0,SEDANG,DKI4 Lubang Buaya,PM25,DKI4,Lubang Buaya,2025,5,19,21,0
107.0,202505,20,2025-05-20,0I834,5.0,70.0,107.0,22.0,16.0,23.0,18.0,TIDAK SEHAT,DKI4 Lubang Buaya,PM25,DKI4,Lubang Buaya,2025,5,20,21,1
104.0,202505,21,2025-05-21,0I834,5.0,69.0,104.0,22.0,15.0,22.0,20.0,TIDAK SEHAT,DKI4 Lubang Buaya,PM25,DKI4,Lubang Buaya,2025,5,21,21,2
101.0,202505,22,2025-05-22,0I834,5.0,73.0,101.0,19.0,21.0,23.0,24.0,TIDAK SEHAT,DKI4 Lubang Buaya,PM25,DKI4,Lubang Buaya,2025,5,22,21,3
64.0,202505,23,2025-05-23,0I834,5.0,49.0,64.0,20.0,13.0,21.0,17.0,SEDANG,DKI4 Lubang Buaya,PM25,DKI4,Lubang Buaya,2025,5,23,21,4
102.0,202505,25,2025-05-25,0I834,5.0,66.0,102.0,22.0,17.0,18.0,15.0,TIDAK SEHAT,DKI4 Lubang Buaya,PM25,DKI4,Lubang Buaya,2025,5,25,21,6
95.0,202505,26,2025-05-26,0I834,5.0,76.0,95.0,19.0,24.0,14.0,24.0,SEDANG,DKI4 Lubang Buaya,PM25,DKI4,Lubang Buaya,2025,5,26,22,0
60.0,202505,27,2025-05-27,0I834,5.0,42.0,60.0,19.0,11.0,14.0,14.0,SEDANG,DKI4 Lubang Buaya,PM25,DKI4,Lubang Buaya,2025,5,27,22,1
96.0,202505,28,2025-05-28,0I834,5.0,58.0,96.0,22.0,15.0,26.0,11.0,SEDANG,DKI4 Lubang Buaya,PM25,DKI4,Lubang Buaya,2025,5,28,22,2
128.0,202505,29,2025-05-29,0I834,5.0,80.0,128.0,23.0,13.0,38.0,23.0,TIDAK SEHAT,DKI4 Lubang Buaya,PM25,DKI4,Lubang Buaya,2025,5,29,22,3
105.0,202505,31,2025-05-31,0I834,5.0,70.0,105.0,21.0,13.0,29.0,17.0,TIDAK SEHAT,DKI4 Lubang Buaya,PM25,DKI4,Lubang Buaya,2025,5,31,22,5
101.0,202505,1,2025-05-01,0I834,5.0,27.0,101.0,21.0,9.0,40.0,5.0,TIDAK SEHAT,DKI5 Kebon Jeruk,PM25,DKI5,Kebon Jeruk,2025,5,1,18,3
95.0,202505,2,2025-05-02,0I834,5.0,22.0,95.0,20.0,9.0,43.0,5.0,SEDANG,DKI5 Kebon Jeruk,PM25,DKI5,Kebon Jeruk,2025,5,2,18,4
95.0,202505,3,2025-05-03,0I834,5.0,27.0,95.0,24.0,11.0,40.0,5.0,SEDANG,DKI5 Kebon Jeruk,PM25,DKI5,Kebon Jeruk,2025,5,3,18,5
80.0,202505,4,2025-05-04,0I834,5.0,26.0,80.0,20.0,14.0,31.0,5.0,SEDANG,DKI5 Kebon Jeruk,PM25,DKI5,Kebon Jeruk,2025,5,4,18,6
116.0,202505,5,2025-05-05,0I834,5.0,42.0,116.0,23.0,19.0,29.0,5.0,TIDAK SEHAT,DKI5 Kebon Jeruk,PM25,DKI5,Kebon Jeruk,2025,5,5,19,0
95.0,202505,6,2025-05-06,0I834,5.0,41.0,95.0,21.0,13.0,33.0,5.0,SEDANG,DKI5 Kebon Jeruk,PM25,DKI5,Kebon Jeruk,2025,5,6,19,1
99.0,202505,7,2025-05-07,0I834,5.0,39.0,99.0,21.0,15.0,32.0,5.0,SEDANG,DKI5 Kebon Jeruk,PM25,DKI5,Kebon Jeruk,2025,5,7,19,2
142.0,202505,8,2025-05-08,0I834,5.0,51.0,,20.0,26.0,35.0,4.0,TIDAK SEHAT,DKI5 Kebon Jeruk,PM25,DKI5,Kebon Jeruk,2025,5,8,19,3
97.0,202505,9,2025-05-09,0I834,5.0,26.0,97.0,19.0,10.0,32.0,30.0,SEDANG,DKI5 Kebon Jeruk,PM25,DKI5,Kebon Jeruk,2025,5,9,19,4
45.0,202505,11,2025-05-11,0I834,5.0,37.0,,19.0,21.0,38.0,45.0,BAIK,DKI5 Kebon Jeruk,NO2,DKI5,Kebon Jeruk,2025,5,11,19,6
28.0,202505,12,2025-05-12,0I834,5.0,19.0,,19.0,11.0,28.0,27.0,BAIK,DKI5 Kebon Jeruk,O3,DKI5,Kebon Jeruk,2025,5,12,20,0
23.0,202505,13,2025-05-13,0I834,5.0,19.0,,21.0,5.0,22.0,23.0,BAIK,DKI5 Kebon Jeruk,NO2,DKI5,Kebon Jeruk,2025,5,13,20,1
85.0,202505,14,2025-05-14,0I834,5.0,,85.0,21.0,12.0,47.0,52.0,SEDANG,DKI5 Kebon Jeruk,PM25,DKI5,Kebon Jeruk,2025,5,14,20,2
96.0,202505,15,2025-05-15,0I834,5.0,26.0,96.0,21.0,12.0,39.0,52.0,SEDANG,DKI5 Kebon Jeruk,PM25,DKI5,Kebon Jeruk,2025,5,15,20,3
100.0,202505,16,2025-05-16,0I834,5.0,25.0,100.0,21.0,13.0,49.0,,SEDANG,DKI5 Kebon Jeruk,PM25,DKI5,Kebon Jeruk,2025,5,16,20,4
85.0,202505,17,2025-05-17,0I834,5.0,21.0,85.0,27.0,11.0,28.0,50.0,SEDANG,DKI5 Kebon Jeruk,PM25,DKI5,Kebon Jeruk,2025,5,17,20,5
92.0,202505,18,2025-05-18,0I834,5.0,28.0,92.0,21.0,22.0,34.0,54.0,SEDANG,DKI5 Kebon Jeruk,PM25,DKI5,Kebon Jeruk,2025,5,18,20,6
79.0,202505,19,2025-05-19,0I834,5.0,17.0,79.0,26.0,9.0,39.0,48.0,SEDANG,DKI5 Kebon Jeruk,PM25,DKI5,Kebon Jeruk,2025,5,19,21,0
105.0,202505,20,2025-05-20,0I834,5.0,28.0,105.0,29.0,18.0,29.0,,TIDAK SEHAT,DKI5 Kebon Jeruk,PM25,DKI5,Kebon Jeruk,2025,5,20,21,1
103.0,202505,21,2025-05-21,0I834,5.0,24.0,103.0,26.0,11.0,30.0,,TIDAK SEHAT,DKI5 Kebon Jeruk,PM25,DKI5,Kebon Jeruk,2025,5,21,21,2
89.0,202505,22,2025-05-22,0I834,5.0,36.0,89.0,21.0,13.0,35.0,55.0,SEDANG,DKI5 Kebon Jeruk,PM25,DKI5,Kebon Jeruk,2025,5,22,21,3
65.0,202505,23,2025-05-23,0I834,5.0,17.0,65.0,21.0,9.0,33.0,52.0,SEDANG,DKI5 Kebon Jeruk,PM25,DKI5,Kebon Jeruk,2025,5,23,21,4
69.0,202505,24,2025-05-24,0I834,5.0,15.0,69.0,21.0,9.0,28.0,32.0,SEDANG,DKI5 Kebon Jeruk,PM25,DKI5,Kebon Jeruk,2025,5,24,21,5
90.0,202505,25,2025-05-25,0I834,5.0,24.0,90.0,21.0,15.0,28.0,,SEDANG,DKI5 Kebon Jeruk,PM25,DKI5,Kebon Jeruk,2025,5,25,21,6
119.0,202505,26,2025-05-26,0I834,5.0,38.0,119.0,20.0,18.0,28.0,44.0,TIDAK SEHAT,DKI5 Kebon Jeruk,PM25,DKI5,Kebon Jeruk,2025,5,26,22,0
59.0,202505,27,2025-05-27,0I834,5.0,16.0,59.0,20.0,5.0,22.0,25.0,SEDANG,DKI5 Kebon Jeruk,PM25,DKI5,Kebon Jeruk,2025,5,27,22,1
100.0,202505,28,2025-05-28,0I834,5.0,24.0,100.0,26.0,12.0,29.0,34.0,SEDANG,DKI5 Kebon Jeruk,PM25,DKI5,Kebon Jeruk,2025,5,28,22,2
105.0,202505,29,2025-05-29,0I834,5.0,26.0,105.0,26.0,10.0,57.0,53.0,TIDAK SEHAT,DKI5 Kebon Jeruk,PM25,DKI5,Kebon Jeruk,2025,5,29,22,3
76.0,202505,30,2025-05-30,0I834,5.0,54.0,76.0,21.0,9.0,37.0,54.0,SEDANG,DKI5 Kebon Jeruk,PM25,DKI5,Kebon Jeruk,2025,5,30,22,4
113.0,202505,31,2025-05-31,0I834,5.0,35.0,113.0,22.0,13.0,42.0,47.0,TIDAK SEHAT,DKI5 Kebon Jeruk,PM25,DKI5,Kebon Jeruk,2025,5,31,22,5
123.0,202506,26,2025-06-26,0I834,6.0,32.0,123.0,26.0,17.0,27.0,51.0,TIDAK SEHAT,DKI5 Kebon Jeruk,PM25,DKI5,Kebon Jeruk,2025,6,26,26,3
108.0,202506,27,2025-06-27,0I834,6.0,31.0,108.0,27.0,10.0,38.0,30.0,TIDAK SEHAT,DKI5 Kebon Jeruk,PM25,DKI5,Kebon Jeruk,2025,6,27,26,4
137.0,202506,28,2025-06-28,0I834,6.0,47.0,137.0,26.0,12.0,40.0,35.0,TIDAK SEHAT,DKI5 Kebon Jeruk,PM25,DKI5,Kebon Jeruk,2025,6,28,26,5
95.0,202506,29,2025-06-29,0I834,6.0,48.0,95.0,24.0,17.0,15.0,51.0,SEDANG,DKI5 Kebon Jeruk,PM25,DKI5,Kebon Jeruk,2025,6,29,26,6
125.0,202506,30,2025-06-30,0I834,6.0,29.0,125.0,25.0,19.0,28.0,48.0,TIDAK SEHAT,DKI5 Kebon Jeruk,PM25,DKI5,Kebon Jeruk,2025,6,30,27,0
60.0,202507,1,2025-07-01,0I834,7.0,32.0,60.0,27.0,11.0,9.0,25.0,SEDANG,DKI1 Bundaran Hotel Indonesia (HI),PM25,DKI1,Bundaran HI,2025,7,1,27,1
76.0,202507,2,2025-07-02,0I834,7.0,38.0,76.0,30.0,16.0,11.0,35.0,SEDANG,DKI1 Bundaran Hotel Indonesia (HI),PM25,DKI1,Bundaran HI,2025,7,2,27,2
81.0,202507,3,2025-07-03,0I834,7.0,51.0,81.0,27.0,21.0,9.0,42.0,SEDANG,DKI1 Bundaran Hotel Indonesia (HI),PM25,DKI1,Bundaran HI,2025,7,3,27,3
75.0,202507,4,2025-07-04,0I834,7.0,48.0,75.0,29.0,19.0,12.0,41.0,SEDANG,DKI1 Bundaran Hotel Indonesia (HI),PM25,DKI1,Bundaran HI,2025,7,4,27,4
87.0,202507,5,2025-07-05,0I834,7.0,62.0,87.0,31.0,19.0,14.0,43.0,SEDANG,DKI1 Bundaran Hotel Indonesia (HI),PM25,DKI1,Bundaran HI,2025,7,5,27,5
69.0,202507,6,2025-07-06,0I834,7.0,41.0,69.0,28.0,13.0,22.0,30.0,SEDANG,DKI1 Bundaran Hotel Indonesia (HI),PM25,DKI1,Bundaran HI,2025,7,6,27,6
62.0,202507,7,2025-07-07,0I834,7.0,35.0,62.0,29.0,14.0,10.0,31.0,SEDANG,DKI1 Bundaran Hotel Indonesia (HI),PM25,DKI1,Bundaran HI,2025,7,7,28,0
58.0,202507,8,2025-07-08,0I834,7.0,31.0,58.0,27.0,14.0,11.0,35.0,SEDANG,DKI1 Bundaran Hotel Indonesia (HI),PM25,DKI1,Bundaran HI,2025,7,8,28,1
83.0,202507,9,2025-07-09,0I834,7.0,49.0,83.0,27.0,18.0,13.0,38.0,SEDANG,DKI1 Bundaran Hotel Indonesia (HI),PM25,DKI1,Bundaran HI,2025,7,9,28,2
79.0,202507,10,2025-07-10,0I834,7.0,49.0,79.0,29.0,17.0,14.0,41.0,SEDANG,DKI1 Bundaran Hotel Indonesia (HI),PM25,DKI1,Bundaran HI,2025,7,10,28,3
96.0,202507,11,2025-07-11,0I834,7.0,55.0,96.0,37.0,14.0,19.0,43.0,SEDANG,DKI1 Bundaran Hotel Indonesia (HI),PM25,DKI1,Bundaran HI,2025,7,11,28,4
115.0,202507,12,2025-07-12,0I834,7.0,65.0,115.0,37.0,14.0,29.0,37.0,TIDAK SEHAT,DKI1 Bundaran Hotel Indonesia (HI),PM25,DKI1,Bundaran HI,2025,7,12,28,5
102.0,202507,13,2025-07-13,0I834,7.0,69.0,102.0,35.0,12.0,23.0,30.0,TIDAK SEHAT,DKI1 Bundaran Hotel Indonesia (HI),PM25,DKI1,Bundaran HI,2025,7,13,28,6
79.0,202507,14,2025-07-14,0I834,7.0,50.0,79.0,29.0,14.0,16.0,30.0,SEDANG,DKI1 Bundaran Hotel Indonesia (HI),PM25,DKI1,Bundaran HI,2025,7,14,29,0
98.0,202507,15,2025-07-15,0I834,7.0,63.0,98.0,29.0,21.0,14.0,41.0,SEDANG,DKI1 Bundaran Hotel Indonesia (HI),PM25,DKI1,Bundaran HI,2025,7,15,29,1
109.0,202507,16,2025-07-16,0I834,7.0,64.0,109.0,32.0,25.0,20.0,53.0,TIDAK SEHAT,DKI1 Bundaran Hotel Indonesia (HI),PM25,DKI1,Bundaran HI,2025,7,16,29,2
86.0,202507,17,2025-07-17,0I834,7.0,54.0,86.0,29.0,18.0,17.0,42.0,SEDANG,DKI1 Bundaran Hotel Indonesia (HI),PM25,DKI1,Bundaran HI,2025,7,17,29,3
94.0,202507,18,2025-07-18,0I834,7.0,56.0,94.0,29.0,16.0,21.0,37.0,SEDANG,DKI1 Bundaran Hotel Indonesia (HI),PM25,DKI1,Bundaran HI,2025,7,18,29,4
97.0,202507,19,2025-07-19,0I834,7.0,54.0,97.0,31.0,15.0,20.0,39.0,SEDANG,DKI1 Bundaran Hotel Indonesia (HI),PM25,DKI1,Bundaran HI,2025,7,19,29,5
104.0,202507,20,2025-07-20,0I834,7.0,61.0,104.0,34.0,14.0,25.0,37.0,TIDAK SEHAT,DKI1 Bundaran Hotel Indonesia (HI),PM25,DKI1,Bundaran HI,2025,7,20,29,6
96.0,202507,21,2025-07-21,0I834,7.0,57.0,96.0,33.0,13.0,27.0,35.0,SEDANG,DKI1 Bundaran Hotel Indonesia (HI),PM25,DKI1,Bundaran HI,2025,7,21,30,0
97.0,202507,22,2025-07-22,0I834,7.0,59.0,97.0,38.0,13.0,22.0,36.0,SEDANG,DKI1 Bundaran Hotel Indonesia (HI),PM25,DKI1,Bundaran HI,2025,7,22,30,1
102.0,202507,23,2025-07-23,0I834,7.0,60.0,102.0,37.0,13.0,22.0,39.0,TIDAK SEHAT,DKI1 Bundaran Hotel Indonesia (HI),PM25,DKI1,Bundaran HI,2025,7,23,30,2
111.0,202507,24,2025-07-24,0I834,7.0,62.0,111.0,37.0,16.0,23.0,42.0,TIDAK SEHAT,DKI1 Bundaran Hotel Indonesia (HI),PM25,DKI1,Bundaran HI,2025,7,24,30,3
109.0,202507,25,2025-07-25,0I834,7.0,64.0,109.0,38.0,14.0,20.0,39.0,TIDAK SEHAT,DKI1 Bundaran Hotel Indonesia (HI),PM25,DKI1,Bundaran HI,2025,7,25,30,4
108.0,202507,26,2025-07-26,0I834,7.0,63.0,108.0,35.0,13.0,19.0,37.0,TIDAK SEHAT,DKI1 Bundaran Hotel Indonesia (HI),PM25,DKI1,Bundaran HI,2025,7,26,30,5
112.0,202507,27,2025-07-27,0I834,7.0,64.0,112.0,31.0,12.0,25.0,29.0,TIDAK SEHAT,DKI1 Bundaran Hotel Indonesia (HI),PM25,DKI1,Bundaran HI,2025,7,27,30,6
90.0,202507,28,2025-07-28,0I834,7.0,56.0,90.0,30.0,15.0,18.0,39.0,SEDANG,DKI1 Bundaran Hotel Indonesia (HI),PM25,DKI1,Bundaran HI,2025,7,28,31,0
91.0,202507,29,2025-07-29,0I834,7.0,53.0,91.0,30.0,23.0,14.0,46.0,SEDANG,DKI1 Bundaran Hotel Indonesia (HI),PM25,DKI1,Bundaran HI,2025,7,29,31,1
81.0,202507,30,2025-07-30,0I834,7.0,46.0,81.0,30.0,16.0,16.0,33.0,SEDANG,DKI1 Bundaran Hotel Indonesia (HI),PM25,DKI1,Bundaran HI,2025,7,30,31,2
76.0,202507,31,2025-07-31,0I834,7.0,46.0,76.0,31.0,14.0,14.0,31.0,SEDANG,DKI1 Bundaran Hotel Indonesia (HI),PM25,DKI1,Bundaran HI,2025,7,31,31,3
51.0,202507,1,2025-07-01,0I834,7.0,37.0,51.0,36.0,13.0,17.0,13.0,SEDANG,DKI2 Kelapa Gading,PM25,DKI2,Kelapa Gading,2025,7,1,27,1
74.0,202507,2,2025-07-02,0I834,7.0,54.0,74.0,44.0,19.0,17.0,13.0,SEDANG,DKI2 Kelapa Gading,PM25,DKI2,Kelapa Gading,2025,7,2,27,2
75.0,202507,3,2025-07-03,0I834,7.0,55.0,75.0,36.0,20.0,17.0,9.0,SEDANG,DKI2 Kelapa Gading,PM25,DKI2,Kelapa Gading,2025,7,3,27,3
78.0,202507,4,2025-07-04,0I834,7.0,57.0,78.0,42.0,20.0,18.0,19.0,SEDANG,DKI2 Kelapa Gading,PM25,DKI2,Kelapa Gading,2025,7,4,27,4
83.0,202507,5,2025-07-05,0I834,7.0,59.0,83.0,38.0,20.0,21.0,12.0,SEDANG,DKI2 Kelapa Gading,PM25,DKI2,Kelapa Gading,2025,7,5,27,5
61.0,202507,6,2025-07-06,0I834,7.0,49.0,61.0,39.0,14.0,25.0,10.0,SEDANG,DKI2 Kelapa Gading,PM25,DKI2,Kelapa Gading,2025,7,6,27,6
44.0,202507,7,2025-07-07,0I834,7.0,44.0,,39.0,20.0,16.0,25.0,BAIK,DKI2 Kelapa Gading,PM10,DKI2,Kelapa Gading,2025,7,7,28,0
60.0,202507,8,2025-07-08,0I834,7.0,43.0,60.0,37.0,15.0,18.0,10.0,SEDANG,DKI2 Kelapa Gading,PM25,DKI2,Kelapa Gading,2025,7,8,28,1
74.0,202507,9,2025-07-09,0I834,7.0,54.0,74.0,35.0,19.0,19.0,9.0,SEDANG,DKI2 Kelapa Gading,PM25,DKI2,Kelapa Gading,2025,7,9,28,2
86.0,202507,10,2025-07-10,0I834,7.0,63.0,86.0,39.0,19.0,23.0,8.0,SEDANG,DKI2 Kelapa Gading,PM25,DKI2,Kelapa Gading,2025,7,10,28,3
92.0,202507,11,2025-07-11,0I834,7.0,64.0,92.0,43.0,15.0,26.0,7.0,SEDANG,DKI2 Kelapa Gading,PM25,DKI2,Kelapa Gading,2025,7,11,28,4
116.0,202507,12,2025-07-12,0I834,7.0,79.0,116.0,45.0,18.0,29.0,8.0,TIDAK SEHAT,DKI2 Kelapa Gading,PM25,DKI2,Kelapa Gading,2025,7,12,28,5
104.0,202507,13,2025-07-13,0I834,7.0,74.0,104.0,46.0,17.0,26.0,8.0,TIDAK SEHAT,DKI2 Kelapa Gading,PM25,DKI2,Kelapa Gading,2025,7,13,28,6
76.0,202507,14,2025-07-14,0I834,7.0,55.0,76.0,39.0,18.0,28.0,11.0,SEDANG,DKI2 Kelapa Gading,PM25,DKI2,Kelapa Gading,2025,7,14,29,0
96.0,202507,15,2025-07-15,0I834,7.0,70.0,96.0,37.0,23.0,21.0,11.0,SEDANG,DKI2 Kelapa Gading,PM25,DKI2,Kelapa Gading,2025,7,15,29,1
121.0,202507,16,2025-07-16,0I834,7.0,81.0,121.0,46.0,22.0,28.0,9.0,TIDAK SEHAT,DKI2 Kelapa Gading,PM25,DKI2,Kelapa Gading,2025,7,16,29,2
81.0,202507,17,2025-07-17,0I834,7.0,60.0,81.0,36.0,21.0,27.0,16.0,SEDANG,DKI2 Kelapa Gading,PM25,DKI2,Kelapa Gading,2025,7,17,29,3
100.0,202507,18,2025-07-18,0I834,7.0,71.0,100.0,39.0,18.0,27.0,16.0,SEDANG,DKI2 Kelapa Gading,PM25,DKI2,Kelapa Gading,2025,7,18,29,4
89.0,202507,19,2025-07-19,0I834,7.0,61.0,89.0,38.0,18.0,27.0,12.0,SEDANG,DKI2 Kelapa Gading,PM25,DKI2,Kelapa Gading,2025,7,19,29,5
101.0,202507,20,2025-07-20,0I834,7.0,71.0,101.0,40.0,18.0,30.0,12.0,TIDAK SEHAT,DKI2 Kelapa Gading,PM25,DKI2,Kelapa Gading,2025,7,20,29,6
94.0,202507,21,2025-07-21,0I834,7.0,66.0,94.0,37.0,16.0,28.0,13.0,SEDANG,DKI2 Kelapa Gading,PM25,DKI2,Kelapa Gading,2025,7,21,30,0
97.0,202507,22,2025-07-22,0I834,7.0,69.0,97.0,41.0,15.0,24.0,12.0,SEDANG,DKI2 Kelapa Gading,PM25,DKI2,Kelapa Gading,2025,7,22,30,1
108.0,202507,23,2025-07-23,0I834,7.0,74.0,108.0,45.0,17.0,26.0,9.0,TIDAK SEHAT,DKI2 Kelapa Gading,PM25,DKI2,Kelapa Gading,2025,7,23,30,2
117.0,202507,24,2025-07-24,0I834,7.0,79.0,117.0,47.0,18.0,26.0,9.0,TIDAK SEHAT,DKI2 Kelapa Gading,PM25,DKI2,Kelapa Gading,2025,7,24,30,3
111.0,202507,25,2025-07-25,0I834,7.0,76.0,111.0,46.0,16.0,26.0,9.0,TIDAK SEHAT,DKI2 Kelapa Gading,PM25,DKI2,Kelapa Gading,2025,7,25,30,4
101.0,202507,26,2025-07-26,0I834,7.0,,101.0,45.0,15.0,26.0,11.0,TIDAK SEHAT,DKI2 Kelapa Gading,PM25,DKI2,Kelapa Gading,2025,7,26,30,5
107.0,202507,27,2025-07-27,0I834,7.0,,107.0,41.0,15.0,29.0,12.0,TIDAK SEHAT,DKI2 Kelapa Gading,PM25,DKI2,Kelapa Gading,2025,7,27,30,6
92.0,202507,28,2025-07-28,0I834,7.0,,92.0,38.0,18.0,25.0,9.0,SEDANG,DKI2 Kelapa Gading,PM25,DKI2,Kelapa Gading,2025,7,28,31,0
94.0,202507,29,2025-07-29,0I834,7.0,,94.0,38.0,26.0,18.0,22.0,SEDANG,DKI2 Kelapa Gading,PM25,DKI2,Kelapa Gading,2025,7,29,31,1
67.0,202507,30,2025-07-30,0I834,7.0,,67.0,38.0,13.0,22.0,14.0,SEDANG,DKI2 Kelapa Gading,PM25,DKI2,Kelapa Gading,2025,7,30,31,2
73.0,202507,31,2025-07-31,0I834,7.0,,73.0,41.0,14.0,22.0,16.0,SEDANG,DKI2 Kelapa Gading,PM25,DKI2,Kelapa Gading,2025,7,31,31,3
52.0,202507,1,2025-07-01,0I834,7.0,24.0,52.0,40.0,8.0,17.0,29.0,SEDANG,DKI3 Jagakarsa,PM25,DKI3,Jagakarsa,2025,7,1,27,1
61.0,202507,2,2025-07-02,0I834,7.0,43.0,61.0,40.0,16.0,16.0,,SEDANG,DKI3 Jagakarsa,PM25,DKI3,Jagakarsa,2025,7,2,27,2
60.0,202507,3,2025-07-03,0I834,7.0,41.0,60.0,40.0,12.0,21.0,52.0,SEDANG,DKI3 Jagakarsa,PM25,DKI3,Jagakarsa,2025,7,3,27,3
56.0,202507,4,2025-07-04,0I834,7.0,29.0,56.0,39.0,11.0,24.0,45.0,SEDANG,DKI3 Jagakarsa,PM25,DKI3,Jagakarsa,2025,7,4,27,4
72.0,202507,5,2025-07-05,0I834,7.0,40.0,72.0,42.0,12.0,23.0,53.0,SEDANG,DKI3 Jagakarsa,PM25,DKI3,Jagakarsa,2025,7,5,27,5
55.0,202507,6,2025-07-06,0I834,7.0,27.0,55.0,41.0,9.0,26.0,34.0,SEDANG,DKI3 Jagakarsa,PM25,DKI3,Jagakarsa,2025,7,6,27,6
63.0,202507,7,2025-07-07,0I834,7.0,28.0,54.0,43.0,12.0,19.0,,SEDANG,DKI3 Jagakarsa,NO2,DKI3,Jagakarsa,2025,7,7,28,0
59.0,202507,8,2025-07-08,0I834,7.0,28.0,49.0,42.0,10.0,18.0,,SEDANG,DKI3 Jagakarsa,NO2,DKI3,Jagakarsa,2025,7,8,28,1
60.0,202507,9,2025-07-09,0I834,7.0,38.0,60.0,42.0,11.0,20.0,47.0,SEDANG,DKI3 Jagakarsa,PM25,DKI3,Jagakarsa,2025,7,9,28,2
61.0,202507,10,2025-07-10,0I834,7.0,35.0,61.0,45.0,11.0,25.0,47.0,SEDANG,DKI3 Jagakarsa,PM25,DKI3,Jagakarsa,2025,7,10,28,3
49.0,202507,11,2025-07-11,0I834,7.0,46.0,,49.0,11.0,32.0,47.0,BAIK,DKI3 Jagakarsa,SO2,DKI3,Jagakarsa,2025,7,11,28,4
105.0,202507,12,2025-07-12,0I834,7.0,77.0,105.0,50.0,16.0,31.0,,TIDAK SEHAT,DKI3 Jagakarsa,PM25,DKI3,Jagakarsa,2025,7,12,28,5
86.0,202507,13,2025-07-13,0I834,7.0,62.0,86.0,51.0,11.0,28.0,41.0,SEDANG,DKI3 Jagakarsa,PM25,DKI3,Jagakarsa,2025,7,13,28,6
69.0,202507,14,2025-07-14,0I834,7.0,47.0,69.0,47.0,12.0,21.0,52.0,SEDANG,DKI3 Jagakarsa,PM25,DKI3,Jagakarsa,2025,7,14,29,0
77.0,202507,15,2025-07-15,0I834,7.0,58.0,77.0,45.0,14.0,21.0,52.0,SEDANG,DKI3 Jagakarsa,PM25,DKI3,Jagakarsa,2025,7,15,29,1
86.0,202507,16,2025-07-16,0I834,7.0,52.0,71.0,47.0,20.0,21.0,,SEDANG,DKI3 Jagakarsa,NO2,DKI3,Jagakarsa,2025,7,16,29,2
59.0,202507,17,2025-07-17,0I834,7.0,35.0,59.0,45.0,13.0,25.0,,SEDANG,DKI3 Jagakarsa,PM25,DKI3,Jagakarsa,2025,7,17,29,3
77.0,202507,18,2025-07-18,0I834,7.0,52.0,77.0,50.0,14.0,27.0,,SEDANG,DKI3 Jagakarsa,PM25,DKI3,Jagakarsa,2025,7,18,29,4
67.0,202507,19,2025-07-19,0I834,7.0,42.0,67.0,49.0,10.0,27.0,44.0,SEDANG,DKI3 Jagakarsa,PM25,DKI3,Jagakarsa,2025,7,19,29,5
69.0,202507,20,2025-07-20,0I834,7.0,43.0,69.0,50.0,9.0,29.0,51.0,SEDANG,DKI3 Jagakarsa,PM25,DKI3,Jagakarsa,2025,7,20,29,6
67.0,202507,21,2025-07-21,0I834,7.0,36.0,67.0,54.0,9.0,30.0,44.0,SEDANG,DKI3 Jagakarsa,PM25,DKI3,Jagakarsa,2025,7,21,30,0
77.0,202507,22,2025-07-22,0I834,7.0,52.0,77.0,51.0,10.0,26.0,48.0,SEDANG,DKI3 Jagakarsa,PM25,DKI3,Jagakarsa,2025,7,22,30,1
80.0,202507,23,2025-07-23,0I834,7.0,56.0,80.0,51.0,11.0,28.0,49.0,SEDANG,DKI3 Jagakarsa,PM25,DKI3,Jagakarsa,2025,7,23,30,2
82.0,202507,24,2025-07-24,0I834,7.0,60.0,82.0,51.0,13.0,25.0,52.0,SEDANG,DKI3 Jagakarsa,PM25,DKI3,Jagakarsa,2025,7,24,30,3
76.0,202507,25,2025-07-25,0I834,7.0,51.0,76.0,51.0,11.0,26.0,46.0,SEDANG,DKI3 Jagakarsa,PM25,DKI3,Jagakarsa,2025,7,25,30,4
76.0,202507,26,2025-07-26,0I834,7.0,56.0,76.0,52.0,11.0,28.0,44.0,SEDANG,DKI3 Jagakarsa,PM25,DKI3,Jagakarsa,2025,7,26,30,5
84.0,202507,27,2025-07-27,0I834,7.0,64.0,84.0,52.0,12.0,29.0,44.0,SEDANG,DKI3 Jagakarsa,PM25,DKI3,Jagakarsa,2025,7,27,30,6
65.0,202507,28,2025-07-28,0I834,7.0,51.0,65.0,49.0,12.0,25.0,43.0,SEDANG,DKI3 Jagakarsa,PM25,DKI3,Jagakarsa,2025,7,28,31,0
59.0,202507,29,2025-07-29,0I834,7.0,40.0,59.0,50.0,11.0,20.0,45.0,SEDANG,DKI3 Jagakarsa,PM25,DKI3,Jagakarsa,2025,7,29,31,1
57.0,202507,30,2025-07-30,0I834,7.0,23.0,57.0,50.0,8.0,26.0,31.0,SEDANG,DKI3 Jagakarsa,PM25,DKI3,Jagakarsa,2025,7,30,31,2
59.0,202507,31,2025-07-31,0I834,7.0,32.0,59.0,51.0,7.0,23.0,35.0,SEDANG,DKI3 Jagakarsa,PM25,DKI3,Jagakarsa,2025,7,31,31,3
57.0,202507,1,2025-07-01,0I834,7.0,44.0,57.0,22.0,7.0,19.0,11.0,SEDANG,DKI4 Lubang Buaya,PM25,DKI4,Lubang Buaya,2025,7,1,27,1
80.0,202507,2,2025-07-02,0I834,7.0,54.0,80.0,23.0,16.0,20.0,20.0,SEDANG,DKI4 Lubang Buaya,PM25,DKI4,Lubang Buaya,2025,7,2,27,2
76.0,202507,3,2025-07-03,0I834,7.0,57.0,76.0,23.0,12.0,19.0,26.0,SEDANG,DKI4 Lubang Buaya,PM25,DKI4,Lubang Buaya,2025,7,3,27,3
78.0,202507,4,2025-07-04,0I834,7.0,58.0,78.0,24.0,12.0,28.0,22.0,SEDANG,DKI4 Lubang Buaya,PM25,DKI4,Lubang Buaya,2025,7,4,27,4
83.0,202507,5,2025-07-05,0I834,7.0,60.0,83.0,24.0,13.0,25.0,20.0,SEDANG,DKI4 Lubang Buaya,PM25,DKI4,Lubang Buaya,2025,7,5,27,5
69.0,202507,6,2025-07-06,0I834,7.0,52.0,69.0,23.0,9.0,32.0,17.0,SEDANG,DKI4 Lubang Buaya,PM25,DKI4,Lubang Buaya,2025,7,6,27,6
58.0,202507,7,2025-07-07,0I834,7.0,,58.0,22.0,14.0,21.0,14.0,SEDANG,DKI4 Lubang Buaya,PM25,DKI4,Lubang Buaya,2025,7,7,28,0
62.0,202507,8,2025-07-08,0I834,7.0,41.0,62.0,24.0,9.0,21.0,22.0,SEDANG,DKI4 Lubang Buaya,PM25,DKI4,Lubang Buaya,2025,7,8,28,1
81.0,202507,9,2025-07-09,0I834,7.0,61.0,81.0,23.0,14.0,21.0,17.0,SEDANG,DKI4 Lubang Buaya,PM25,DKI4,Lubang Buaya,2025,7,9,28,2
86.0,202507,10,2025-07-10,0I834,7.0,58.0,86.0,25.0,11.0,28.0,25.0,SEDANG,DKI4 Lubang Buaya,PM25,DKI4,Lubang Buaya,2025,7,10,28,3
110.0,202507,11,2025-07-11,0I834,7.0,70.0,110.0,28.0,12.0,32.0,29.0,TIDAK SEHAT,DKI4 Lubang Buaya,PM25,DKI4,Lubang Buaya,2025,7,11,28,4
140.0,202507,12,2025-07-12,0I834,7.0,91.0,,28.0,18.0,32.0,26.0,TIDAK SEHAT,DKI4 Lubang Buaya,PM25,DKI4,Lubang Buaya,2025,7,12,28,5
113.0,202507,13,2025-07-13,0I834,7.0,81.0,113.0,26.0,12.0,28.0,20.0,TIDAK SEHAT,DKI4 Lubang Buaya,PM25,DKI4,Lubang Buaya,2025,7,13,28,6
81.0,202507,14,2025-07-14,0I834,7.0,57.0,81.0,25.0,10.0,24.0,16.0,SEDANG,DKI4 Lubang Buaya,PM25,DKI4,Lubang Buaya,2025,7,14,29,0
104.0,202507,15,2025-07-15,0I834,7.0,71.0,104.0,24.0,17.0,23.0,27.0,TIDAK SEHAT,DKI4 Lubang Buaya,PM25,DKI4,Lubang Buaya,2025,7,15,29,1
88.0,202506,1,2025-06-01,0I834,6.0,50.0,88.0,33.0,16.0,19.0,33.0,SEDANG,DKI1 Bundaran Hotel Indonesia (HI),PM25,DKI1,Bundaran HI,2025,6,1,22,6
101.0,202506,2,2025-06-02,0I834,6.0,64.0,101.0,34.0,15.0,19.0,37.0,TIDAK SEHAT,DKI1 Bundaran Hotel Indonesia (HI),PM25,DKI1,Bundaran HI,2025,6,2,23,0
83.0,202506,3,2025-06-03,0I834,6.0,56.0,83.0,29.0,16.0,14.0,45.0,SEDANG,DKI1 Bundaran Hotel Indonesia (HI),PM25,DKI1,Bundaran HI,2025,6,3,23,1
117.0,202506,4,2025-06-04,0I834,6.0,71.0,117.0,30.0,24.0,14.0,55.0,TIDAK SEHAT,DKI1 Bundaran Hotel Indonesia (HI),PM25,DKI1,Bundaran HI,2025,6,4,23,2
117.0,202506,5,2025-06-05,0I834,6.0,73.0,117.0,29.0,23.0,19.0,51.0,TIDAK SEHAT,DKI1 Bundaran Hotel Indonesia (HI),PM25,DKI1,Bundaran HI,2025,6,5,23,3
86.0,202506,6,2025-06-06,0I834,6.0,61.0,86.0,29.0,15.0,19.0,33.0,SEDANG,DKI1 Bundaran Hotel Indonesia (HI),PM25,DKI1,Bundaran HI,2025,6,6,23,4
117.0,202506,7,2025-06-07,0I834,6.0,60.0,117.0,28.0,21.0,24.0,40.0,TIDAK SEHAT,DKI1 Bundaran Hotel Indonesia (HI),PM25,DKI1,Bundaran HI,2025,6,7,23,5
98.0,202506,8,2025-06-08,0I834,6.0,66.0,98.0,30.0,16.0,29.0,28.0,SEDANG,DKI1 Bundaran Hotel Indonesia (HI),PM25,DKI1,Bundaran HI,2025,6,8,23,6
87.0,202506,9,2025-06-09,0I834,6.0,60.0,87.0,31.0,13.0,21.0,37.0,SEDANG,DKI1 Bundaran Hotel Indonesia (HI),PM25,DKI1,Bundaran HI,2025,6,9,24,0
94.0,202506,10,2025-06-10,0I834,6.0,60.0,94.0,27.0,17.0,14.0,40.0,SEDANG,DKI1 Bundaran Hotel Indonesia (HI),PM25,DKI1,Bundaran HI,2025,6,10,24,1
84.0,202506,11,2025-06-11,0I834,6.0,54.0,84.0,26.0,21.0,12.0,48.0,SEDANG,DKI1 Bundaran Hotel Indonesia (HI),PM25,DKI1,Bundaran HI,2025,6,11,24,2
93.0,202506,12,2025-06-12,0I834,6.0,51.0,93.0,29.0,15.0,13.0,34.0,SEDANG,DKI1 Bundaran Hotel Indonesia (HI),PM25,DKI1,Bundaran HI,2025,6,12,24,3
94.0,202506,13,2025-06-13,0I834,6.0,59.0,94.0,31.0,14.0,18.0,35.0,SEDANG,DKI1 Bundaran Hotel Indonesia (HI),PM25,DKI1,Bundaran HI,2025,6,13,24,4
92.0,202506,14,2025-06-14,0I834,6.0,55.0,92.0,32.0,14.0,12.0,36.0,SEDANG,DKI1 Bundaran Hotel Indonesia (HI),PM25,DKI1,Bundaran HI,2025,6,14,24,5
70.0,202506,15,2025-06-15,0I834,6.0,51.0,70.0,33.0,13.0,9.0,25.0,SEDANG,DKI1 Bundaran Hotel Indonesia (HI),PM25,DKI1,Bundaran HI,2025,6,15,24,6
79.0,202506,16,2025-06-16,0I834,6.0,55.0,79.0,30.0,12.0,12.0,28.0,SEDANG,DKI1 Bundaran Hotel Indonesia (HI),PM25,DKI1,Bundaran HI,2025,6,16,25,0
67.0,202506,17,2025-06-17,0I834,6.0,51.0,67.0,30.0,15.0,11.0,35.0,SEDANG,DKI1 Bundaran Hotel Indonesia (HI),PM25,DKI1,Bundaran HI,2025,6,17,25,1
53.0,202506,18,2025-06-18,0I834,6.0,23.0,53.0,26.0,17.0,9.0,35.0,SEDANG,DKI1 Bundaran Hotel Indonesia (HI),PM25,DKI1,Bundaran HI,2025,6,18,25,2
60.0,202506,19,2025-06-19,0I834,6.0,37.0,60.0,30.0,22.0,6.0,37.0,SEDANG,DKI1 Bundaran Hotel Indonesia (HI),PM25,DKI1,Bundaran HI,2025,6,19,25,3
88.0,202506,20,2025-06-20,0I834,6.0,61.0,88.0,43.0,18.0,10.0,43.0,SEDANG,DKI1 Bundaran Hotel Indonesia (HI),PM25,DKI1,Bundaran HI,2025,6,20,25,4
65.0,202506,21,2025-06-21,0I834,6.0,36.0,65.0,29.0,14.0,15.0,38.0,SEDANG,DKI1 Bundaran Hotel Indonesia (HI),PM25,DKI1,Bundaran HI,2025,6,21,25,5
106.0,202506,22,2025-06-22,0I834,6.0,69.0,106.0,32.0,,14.0,50.0,TIDAK SEHAT,DKI1 Bundaran Hotel Indonesia (HI),PM25,DKI1,Bundaran HI,2025,6,22,25,6
82.0,202506,23,2025-06-23,0I834,6.0,53.0,82.0,28.0,12.0,14.0,26.0,SEDANG,DKI1 Bundaran Hotel Indonesia (HI),PM25,DKI1,Bundaran HI,2025,6,23,26,0
101.0,202506,24,2025-06-24,0I834,6.0,57.0,101.0,31.0,14.0,11.0,34.0,TIDAK SEHAT,DKI1 Bundaran Hotel Indonesia (HI),PM25,DKI1,Bundaran HI,2025,6,24,26,1
118.0,202506,25,2025-06-25,0I834,6.0,64.0,118.0,33.0,23.0,17.0,45.0,TIDAK SEHAT,DKI1 Bundaran Hotel Indonesia (HI),PM25,DKI1,Bundaran HI,2025,6,25,26,2
114.0,202506,26,2025-06-26,0I834,6.0,64.0,114.0,35.0,21.0,17.0,52.0,TIDAK SEHAT,DKI1 Bundaran Hotel Indonesia (HI),PM25,DKI1,Bundaran HI,2025,6,26,26,3
96.0,202506,27,2025-06-27,0I834,6.0,57.0,96.0,28.0,16.0,,36.0,SEDANG,DKI1 Bundaran Hotel Indonesia (HI),PM25,DKI1,Bundaran HI,2025,6,27,26,4
115.0,202506,28,2025-06-28,0I834,6.0,66.0,115.0,26.0,15.0,21.0,34.0,TIDAK SEHAT,DKI1 Bundaran Hotel Indonesia (HI),PM25,DKI1,Bundaran HI,2025,6,28,26,5
80.0,202506,29,2025-06-29,0I834,6.0,55.0,80.0,27.0,22.0,8.0,44.0,SEDANG,DKI1 Bundaran Hotel Indonesia (HI),PM25,DKI1,Bundaran HI,2025,6,29,26,6
97.0,202506,30,2025-06-30,0I834,6.0,65.0,97.0,26.0,20.0,,40.0,SEDANG,DKI1 Bundaran Hotel Indonesia (HI),PM25,DKI1,Bundaran HI,2025,6,30,27,0
88.0,202506,1,2025-06-01,0I834,6.0,68.0,88.0,37.0,19.0,18.0,11.0,SEDANG,DKI2 Kelapa Gading,PM25,DKI2,Kelapa Gading,2025,6,1,22,6
105.0,202506,2,2025-06-02,0I834,6.0,78.0,105.0,38.0,20.0,19.0,14.0,TIDAK SEHAT,DKI2 Kelapa Gading,PM25,DKI2,Kelapa Gading,2025,6,2,23,0
78.0,202506,3,2025-06-03,0I834,6.0,57.0,78.0,35.0,15.0,20.0,12.0,SEDANG,DKI2 Kelapa Gading,PM25,DKI2,Kelapa Gading,2025,6,3,23,1
109.0,202506,4,2025-06-04,0I834,6.0,77.0,109.0,36.0,22.0,22.0,10.0,TIDAK SEHAT,DKI2 Kelapa Gading,PM25,DKI2,Kelapa Gading,2025,6,4,23,2
129.0,202506,5,2025-06-05,0I834,6.0,86.0,129.0,37.0,25.0,23.0,13.0,TIDAK SEHAT,DKI2 Kelapa Gading,PM25,DKI2,Kelapa Gading,2025,6,5,23,3
87.0,202506,6,2025-06-06,0I834,6.0,66.0,87.0,37.0,16.0,23.0,8.0,SEDANG,DKI2 Kelapa Gading,PM25,DKI2,Kelapa Gading,2025,6,6,23,4
129.0,202506,7,2025-06-07,0I834,6.0,84.0,129.0,37.0,24.0,23.0,10.0,TIDAK SEHAT,DKI2 Kelapa Gading,PM25,DKI2,Kelapa Gading,2025,6,7,23,5
99.0,202506,8,2025-06-08,0I834,6.0,68.0,99.0,36.0,19.0,27.0,9.0,SEDANG,DKI2 Kelapa Gading,PM25,DKI2,Kelapa Gading,2025,6,8,23,6
97.0,202506,9,2025-06-09,0I834,6.0,70.0,97.0,39.0,18.0,22.0,10.0,SEDANG,DKI2 Kelapa Gading,PM25,DKI2,Kelapa Gading,2025,6,9,24,0
87.0,202506,10,2025-06-10,0I834,6.0,65.0,87.0,38.0,15.0,19.0,9.0,SEDANG,DKI2 Kelapa Gading,PM25,DKI2,Kelapa Gading,2025,6,10,24,1
86.0,202506,11,2025-06-11,0I834,6.0,64.0,86.0,37.0,19.0,19.0,13.0,SEDANG,DKI2 Kelapa Gading,PM25,DKI2,Kelapa Gading,2025,6,11,24,2
93.0,202506,12,2025-06-12,0I834,6.0,66.0,93.0,39.0,16.0,18.0,13.0,SEDANG,DKI2 Kelapa Gading,PM25,DKI2,Kelapa Gading,2025,6,12,24,3
115.0,202506,13,2025-06-13,0I834,6.0,79.0,115.0,41.0,17.0,19.0,9.0,TIDAK SEHAT,DKI2 Kelapa Gading,PM25,DKI2,Kelapa Gading,2025,6,13,24,4
106.0,202506,14,2025-06-14,0I834,6.0,69.0,106.0,37.0,17.0,18.0,8.0,TIDAK SEHAT,DKI2 Kelapa Gading,PM25,DKI2,Kelapa Gading,2025,6,14,24,5
72.0,202506,15,2025-06-15,0I834,6.0,60.0,72.0,43.0,18.0,12.0,21.0,SEDANG,DKI2 Kelapa Gading,PM25,DKI2,Kelapa Gading,2025,6,15,24,6
86.0,202506,16,2025-06-16,0I834,6.0,60.0,86.0,37.0,15.0,20.0,12.0,SEDANG,DKI2 Kelapa Gading,PM25,DKI2,Kelapa Gading,2025,6,16,25,0
73.0,202506,17,2025-06-17,0I834,6.0,51.0,73.0,41.0,16.0,19.0,14.0,SEDANG,DKI2 Kelapa Gading,PM25,DKI2,Kelapa Gading,2025,6,17,25,1
57.0,202506,18,2025-06-18,0I834,6.0,35.0,57.0,34.0,17.0,16.0,7.0,SEDANG,DKI2 Kelapa Gading,PM25,DKI2,Kelapa Gading,2025,6,18,25,2
70.0,202506,19,2025-06-19,0I834,6.0,52.0,70.0,36.0,26.0,10.0,31.0,SEDANG,DKI2 Kelapa Gading,PM25,DKI2,Kelapa Gading,2025,6,19,25,3
95.0,202506,20,2025-06-20,0I834,6.0,71.0,95.0,49.0,21.0,13.0,20.0,SEDANG,DKI2 Kelapa Gading,PM25,DKI2,Kelapa Gading,2025,6,20,25,4
64.0,202506,21,2025-06-21,0I834,6.0,43.0,64.0,36.0,15.0,20.0,7.0,SEDANG,DKI2 Kelapa Gading,PM25,DKI2,Kelapa Gading,2025,6,21,25,5
104.0,202506,22,2025-06-22,0I834,6.0,71.0,104.0,40.0,27.0,18.0,16.0,TIDAK SEHAT,DKI2 Kelapa Gading,PM25,DKI2,Kelapa Gading,2025,6,22,25,6
74.0,202506,23,2025-06-23,0I834,6.0,53.0,74.0,34.0,12.0,24.0,12.0,SEDANG,DKI2 Kelapa Gading,PM25,DKI2,Kelapa Gading,2025,6,23,26,0
103.0,202506,24,2025-06-24,0I834,6.0,72.0,103.0,41.0,16.0,20.0,9.0,TIDAK SEHAT,DKI2 Kelapa Gading,PM25,DKI2,Kelapa Gading,2025,6,24,26,1
113.0,202506,25,2025-06-25,0I834,6.0,76.0,113.0,38.0,23.0,28.0,13.0,TIDAK SEHAT,DKI2 Kelapa Gading,PM25,DKI2,Kelapa Gading,2025,6,25,26,2
120.0,202506,26,2025-06-26,0I834,6.0,87.0,120.0,47.0,24.0,20.0,16.0,TIDAK SEHAT,DKI2 Kelapa Gading,PM25,DKI2,Kelapa Gading,2025,6,26,26,3
91.0,202506,27,2025-06-27,0I834,6.0,68.0,91.0,37.0,16.0,25.0,8.0,SEDANG,DKI2 Kelapa Gading,PM25,DKI2,Kelapa Gading,2025,6,27,26,4
107.0,202506,28,2025-06-28,0I834,6.0,72.0,107.0,37.0,18.0,28.0,7.0,TIDAK SEHAT,DKI2 Kelapa Gading,PM25,DKI2,Kelapa Gading,2025,6,28,26,5
78.0,202506,29,2025-06-29,0I834,6.0,58.0,78.0,35.0,25.0,12.0,,SEDANG,DKI2 Kelapa Gading,PM25,DKI2,Kelapa Gading,2025,6,29,26,6
99.0,202506,30,2025-06-30,0I834,6.0,68.0,99.0,39.0,23.0,15.0,10.0,SEDANG,DKI2 Kelapa Gading,PM25,DKI2,Kelapa Gading,2025,6,30,27,0
80.0,202506,1,2025-06-01,0I834,6.0,49.0,80.0,33.0,10.0,22.0,23.0,SEDANG,DKI3 Jagakarsa,PM25,DKI3,Jagakarsa,2025,6,1,22,6
98.0,202506,2,2025-06-02,0I834,6.0,68.0,98.0,38.0,14.0,22.0,40.0,SEDANG,DKI3 Jagakarsa,PM25,DKI3,Jagakarsa,2025,6,2,23,0
89.0,202506,3,2025-06-03,0I834,6.0,56.0,89.0,36.0,14.0,26.0,50.0,SEDANG,DKI3 Jagakarsa,PM25,DKI3,Jagakarsa,2025,6,3,23,1
133.0,202506,4,2025-06-04,0I834,6.0,93.0,133.0,33.0,26.0,21.0,,TIDAK SEHAT,DKI3 Jagakarsa,PM25,DKI3,Jagakarsa,2025,6,4,23,2
90.0,202506,5,2025-06-05,0I834,6.0,56.0,90.0,34.0,13.0,26.0,36.0,SEDANG,DKI3 Jagakarsa,PM25,DKI3,Jagakarsa,2025,6,5,23,3
98.0,202506,6,2025-06-06,0I834,6.0,60.0,98.0,35.0,15.0,27.0,38.0,SEDANG,DKI3 Jagakarsa,PM25,DKI3,Jagakarsa,2025,6,6,23,4
105.0,202506,7,2025-06-07,0I834,6.0,64.0,105.0,35.0,17.0,24.0,39.0,TIDAK SEHAT,DKI3 Jagakarsa,PM25,DKI3,Jagakarsa,2025,6,7,23,5
82.0,202506,8,2025-06-08,0I834,6.0,55.0,82.0,35.0,14.0,24.0,39.0,SEDANG,DKI3 Jagakarsa,PM25,DKI3,Jagakarsa,2025,6,8,23,6
99.0,202506,9,2025-06-09,0I834,6.0,59.0,99.0,39.0,15.0,27.0,49.0,SEDANG,DKI3 Jagakarsa,PM25,DKI3,Jagakarsa,2025,6,9,24,0
95.0,202506,10,2025-06-10,0I834,6.0,58.0,95.0,41.0,12.0,25.0,40.0,SEDANG,DKI3 Jagakarsa,PM25,DKI3,Jagakarsa,2025,6,10,24,1
74.0,202506,11,2025-06-11,0I834,6.0,,74.0,37.0,14.0,23.0,43.0,SEDANG,DKI3 Jagakarsa,PM25,DKI3,Jagakarsa,2025,6,11,24,2
84.0,202506,12,2025-06-12,0I834,6.0,55.0,84.0,40.0,12.0,21.0,47.0,SEDANG,DKI3 Jagakarsa,PM25,DKI3,Jagakarsa,2025,6,12,24,3
85.0,202506,13,2025-06-13,0I834,6.0,53.0,85.0,40.0,11.0,22.0,35.0,SEDANG,DKI3 Jagakarsa,PM25,DKI3,Jagakarsa,2025,6,13,24,4
82.0,202506,14,2025-06-14,0I834,6.0,48.0,82.0,39.0,9.0,23.0,26.0,SEDANG,DKI3 Jagakarsa,PM25,DKI3,Jagakarsa,2025,6,14,24,5
78.0,202506,15,2025-06-15,0I834,6.0,54.0,78.0,38.0,13.0,12.0,53.0,SEDANG,DKI3 Jagakarsa,PM25,DKI3,Jagakarsa,2025,6,15,24,6
84.0,202506,16,2025-06-16,0I834,6.0,58.0,84.0,38.0,16.0,17.0,53.0,SEDANG,DKI3 Jagakarsa,PM25,DKI3,Jagakarsa,2025,6,16,25,0
59.0,202506,17,2025-06-17,0I834,6.0,26.0,59.0,37.0,9.0,22.0,29.0,SEDANG,DKI3 Jagakarsa,PM25,DKI3,Jagakarsa,2025,6,17,25,1
51.0,202506,18,2025-06-18,0I834,6.0,24.0,51.0,34.0,10.0,14.0,40.0,SEDANG,DKI3 Jagakarsa,PM25,DKI3,Jagakarsa,2025,6,18,25,2
103.0,202506,19,2025-06-19,0I834,6.0,51.0,72.0,41.0,26.0,10.0,,TIDAK SEHAT,DKI3 Jagakarsa,NO2,DKI3,Jagakarsa,2025,6,19,25,3
96.0,202506,20,2025-06-20,0I834,6.0,69.0,96.0,44.0,22.0,18.0,,SEDANG,DKI3 Jagakarsa,PM25,DKI3,Jagakarsa,2025,6,20,25,4
61.0,202506,21,2025-06-21,0I834,6.0,32.0,61.0,38.0,10.0,22.0,34.0,SEDANG,DKI3 Jagakarsa,PM25,DKI3,Jagakarsa,2025,6,21,25,5
88.0,202506,22,2025-06-22,0I834,6.0,59.0,88.0,41.0,20.0,20.0,,SEDANG,DKI3 Jagakarsa,PM25,DKI3,Jagakarsa,2025,6,22,25,6
74.0,202506,23,2025-06-23,0I834,6.0,51.0,74.0,41.0,8.0,22.0,26.0,SEDANG,DKI3 Jagakarsa,PM25,DKI3,Jagakarsa,2025,6,23,26,0
90.0,202506,24,2025-06-24,0I834,6.0,63.0,90.0,43.0,14.0,17.0,53.0,SEDANG,DKI3 Jagakarsa,PM25,DKI3,Jagakarsa,2025,6,24,26,1
97.0,202506,25,2025-06-25,0I834,6.0,65.0,97.0,40.0,18.0,21.0,,SEDANG,DKI3 Jagakarsa,PM25,DKI3,Jagakarsa,2025,6,25,26,2
72.0,202506,26,2025-06-26,0I834,6.0,52.0,72.0,40.0,17.0,20.0,,SEDANG,DKI3 Jagakarsa,PM25,DKI3,Jagakarsa,2025,6,26,26,3
91.0,202506,27,2025-06-27,0I834,6.0,59.0,91.0,42.0,13.0,23.0,42.0,SEDANG,DKI3 Jagakarsa,PM25,DKI3,Jagakarsa,2025,6,27,26,4
103.0,202506,28,2025-06-28,0I834,6.0,69.0,103.0,43.0,16.0,25.0,44.0,TIDAK SEHAT,DKI3 Jagakarsa,PM25,DKI3,Jagakarsa,2025,6,28,26,5
68.0,202506,29,2025-06-29,0I834,6.0,53.0,68.0,38.0,19.0,12.0,,SEDANG,DKI3 Jagakarsa,PM25,DKI3,Jagakarsa,2025,6,29,26,6
89.0,202506,30,2025-06-30,0I834,6.0,79.0,89.0,41.0,24.0,15.0,,SEDANG,DKI3 Jagakarsa,PM25,DKI3,Jagakarsa,2025,6,30,27,0
105.0,202506,1,2025-06-01,0I834,6.0,64.0,105.0,21.0,14.0,28.0,16.0,TIDAK SEHAT,DKI4 Lubang Buaya,PM25,DKI4,Lubang Buaya,2025,6,1,22,6
127.0,202506,2,2025-06-02,0I834,6.0,85.0,127.0,23.0,14.0,28.0,18.0,TIDAK SEHAT,DKI4 Lubang Buaya,PM25,DKI4,Lubang Buaya,2025,6,2,23,0
101.0,202506,3,2025-06-03,0I834,6.0,68.0,101.0,22.0,11.0,27.0,23.0,TIDAK SEHAT,DKI4 Lubang Buaya,PM25,DKI4,Lubang Buaya,2025,6,3,23,1
124.0,202506,4,2025-06-04,0I834,6.0,83.0,124.0,21.0,20.0,24.0,22.0,TIDAK SEHAT,DKI4 Lubang Buaya,PM25,DKI4,Lubang Buaya,2025,6,4,23,2
139.0,202506,5,2025-06-05,0I834,6.0,88.0,,23.0,19.0,25.0,32.0,TIDAK SEHAT,DKI4 Lubang Buaya,PM25,DKI4,Lubang Buaya,2025,6,5,23,3
96.0,202506,6,2025-06-06,0I834,6.0,68.0,96.0,21.0,14.0,27.0,29.0,SEDANG,DKI4 Lubang Buaya,PM25,DKI4,Lubang Buaya,2025,6,6,23,4
56.0,202508,20,2025-08-20,0I834,8.0,56.0,,32.0,11.0,26.0,,SEDANG,DKI5 Kebon Jeruk,PM10,DKI5,Kebon Jeruk,2025,8,20,34,2
73.0,202508,21,2025-08-21,0I834,8.0,45.0,73.0,25.0,19.0,15.0,51.0,SEDANG,DKI5 Kebon Jeruk,PM25,DKI5,Kebon Jeruk,2025,8,21,34,3
78.0,202508,5,2025-08-05,0I834,8.0,61.0,78.0,25.0,26.0,15.0,24.0,SEDANG,DKI4 Lubang Buaya,PM25,DKI4,Lubang Buaya,2025,8,5,32,1
75.0,202508,6,2025-08-06,0I834,8.0,59.0,75.0,26.0,11.0,26.0,19.0,SEDANG,DKI4 Lubang Buaya,PM25,DKI4,Lubang Buaya,2025,8,6,32,2
90.0,202508,7,2025-08-07,0I834,8.0,66.0,90.0,27.0,11.0,28.0,17.0,SEDANG,DKI4 Lubang Buaya,PM25,DKI4,Lubang Buaya,2025,8,7,32,3
75.0,202508,8,2025-08-08,0I834,8.0,62.0,75.0,27.0,9.0,25.0,21.0,SEDANG,DKI4 Lubang Buaya,PM25,DKI4,Lubang Buaya,2025,8,8,32,4
91.0,202508,9,2025-08-09,0I834,8.0,67.0,91.0,28.0,11.0,26.0,18.0,SEDANG,DKI4 Lubang Buaya,PM25,DKI4,Lubang Buaya,2025,8,9,32,5
81.0,202508,10,2025-08-10,0I834,8.0,60.0,81.0,28.0,14.0,27.0,23.0,SEDANG,DKI4 Lubang Buaya,PM25,DKI4,Lubang Buaya,2025,8,10,32,6
72.0,202508,11,2025-08-11,0I834,8.0,61.0,72.0,26.0,12.0,27.0,20.0,SEDANG,DKI4 Lubang Buaya,PM25,DKI4,Lubang Buaya,2025,8,11,33,0
78.0,202508,12,2025-08-12,0I834,8.0,65.0,78.0,25.0,18.0,25.0,31.0,SEDANG,DKI4 Lubang Buaya,PM25,DKI4,Lubang Buaya,2025,8,12,33,1
73.0,202508,13,2025-08-13,0I834,8.0,64.0,73.0,28.0,28.0,18.0,35.0,SEDANG,DKI4 Lubang Buaya,PM25,DKI4,Lubang Buaya,2025,8,13,33,2
82.0,202508,14,2025-08-14,0I834,8.0,59.0,82.0,27.0,11.0,22.0,20.0,SEDANG,DKI4 Lubang Buaya,PM25,DKI4,Lubang Buaya,2025,8,14,33,3
74.0,202508,15,2025-08-15,0I834,8.0,60.0,74.0,,,,,SEDANG,DKI4 Lubang Buaya,PM25,DKI4,Lubang Buaya,2025,8,15,33,4
98.0,202508,16,2025-08-16,0I834,8.0,74.0,98.0,31.0,14.0,24.0,26.0,SEDANG,DKI4 Lubang Buaya,PM25,DKI4,Lubang Buaya,2025,8,16,33,5
92.0,202508,17,2025-08-17,0I834,8.0,73.0,92.0,28.0,10.0,28.0,14.0,SEDANG,DKI4 Lubang Buaya,PM25,DKI4,Lubang Buaya,2025,8,17,33,6
83.0,202508,18,2025-08-18,0I834,8.0,64.0,83.0,31.0,8.0,27.0,14.0,SEDANG,DKI4 Lubang Buaya,PM25,DKI4,Lubang Buaya,2025,8,18,34,0
63.0,202508,19,2025-08-19,0I834,8.0,56.0,63.0,26.0,12.0,15.0,20.0,SEDANG,DKI4 Lubang Buaya,PM25,DKI4,Lubang Buaya,2025,8,19,34,1
79.0,202508,20,2025-08-20,0I834,8.0,71.0,79.0,32.0,13.0,24.0,22.0,SEDANG,DKI4 Lubang Buaya,PM25,DKI4,Lubang Buaya,2025,8,20,34,2
57.0,202508,21,2025-08-21,0I834,8.0,54.0,57.0,26.0,14.0,16.0,20.0,SEDANG,DKI4 Lubang Buaya,PM25,DKI4,Lubang Buaya,2025,8,21,34,3
72.0,202508,22,2025-08-22,0I834,8.0,57.0,72.0,29.0,10.0,34.0,19.0,SEDANG,DKI4 Lubang Buaya,PM25,DKI4,Lubang Buaya,2025,8,22,34,4
86.0,202508,23,2025-08-23,0I834,8.0,72.0,86.0,31.0,12.0,25.0,19.0,SEDANG,DKI4 Lubang Buaya,PM25,DKI4,Lubang Buaya,2025,8,23,34,5
70.0,202508,24,2025-08-24,0I834,8.0,58.0,70.0,28.0,9.0,22.0,14.0,SEDANG,DKI4 Lubang Buaya,PM25,DKI4,Lubang Buaya,2025,8,24,34,6
99.0,202508,25,2025-08-25,0I834,8.0,79.0,99.0,28.0,14.0,25.0,25.0,SEDANG,DKI4 Lubang Buaya,PM25,DKI4,Lubang Buaya,2025,8,25,35,0
72.0,202508,26,2025-08-26,0I834,8.0,63.0,72.0,26.0,13.0,30.0,19.0,SEDANG,DKI4 Lubang Buaya,PM25,DKI4,Lubang Buaya,2025,8,26,35,1
90.0,202508,27,2025-08-27,0I834,8.0,68.0,90.0,29.0,12.0,27.0,21.0,SEDANG,DKI4 Lubang Buaya,PM25,DKI4,Lubang Buaya,2025,8,27,35,2
60.0,202508,28,2025-08-28,0I834,8.0,,60.0,28.0,7.0,28.0,16.0,SEDANG,DKI4 Lubang Buaya,PM25,DKI4,Lubang Buaya,2025,8,28,35,3
56.0,202508,29,2025-08-29,0I834,8.0,28.0,56.0,26.0,8.0,27.0,16.0,SEDANG,DKI4 Lubang Buaya,PM25,DKI4,Lubang Buaya,2025,8,29,35,4
61.0,202508,30,2025-08-30,0I834,8.0,38.0,61.0,28.0,9.0,22.0,20.0,SEDANG,DKI4 Lubang Buaya,PM25,DKI4,Lubang Buaya,2025,8,30,35,5
59.0,202508,31,2025-08-31,0I834,8.0,47.0,59.0,27.0,10.0,18.0,17.0,SEDANG,DKI4 Lubang Buaya,PM25,DKI4,Lubang Buaya,2025,8,31,35,6
78.0,202508,1,2025-08-01,0I834,8.0,50.0,78.0,29.0,6.0,23.0,27.0,SEDANG,DKI5 Kebon Jeruk,PM25,DKI5,Kebon Jeruk,2025,8,1,31,4
100.0,202508,2,2025-08-02,0I834,8.0,56.0,100.0,31.0,9.0,21.0,36.0,SEDANG,DKI5 Kebon Jeruk,PM25,DKI5,Kebon Jeruk,2025,8,2,31,5
89.0,202508,3,2025-08-03,0I834,8.0,53.0,89.0,28.0,8.0,31.0,32.0,SEDANG,DKI5 Kebon Jeruk,PM25,DKI5,Kebon Jeruk,2025,8,3,31,6
71.0,202508,4,2025-08-04,0I834,8.0,42.0,71.0,24.0,9.0,31.0,33.0,SEDANG,DKI5 Kebon Jeruk,PM25,DKI5,Kebon Jeruk,2025,8,4,32,0
94.0,202508,5,2025-08-05,0I834,8.0,55.0,94.0,24.0,17.0,23.0,52.0,SEDANG,DKI5 Kebon Jeruk,PM25,DKI5,Kebon Jeruk,2025,8,5,32,1
85.0,202508,6,2025-08-06,0I834,8.0,53.0,85.0,28.0,11.0,26.0,49.0,SEDANG,DKI5 Kebon Jeruk,PM25,DKI5,Kebon Jeruk,2025,8,6,32,2
82.0,202508,7,2025-08-07,0I834,8.0,52.0,82.0,29.0,9.0,30.0,42.0,SEDANG,DKI5 Kebon Jeruk,PM25,DKI5,Kebon Jeruk,2025,8,7,32,3
50.0,202508,8,2025-08-08,0I834,8.0,50.0,,24.0,9.0,37.0,34.0,BAIK,DKI5 Kebon Jeruk,PM10,DKI5,Kebon Jeruk,2025,8,8,32,4
92.0,202508,9,2025-08-09,0I834,8.0,54.0,92.0,28.0,11.0,31.0,42.0,SEDANG,DKI5 Kebon Jeruk,PM25,DKI5,Kebon Jeruk,2025,8,9,32,5
78.0,202508,10,2025-08-10,0I834,8.0,43.0,78.0,25.0,10.0,29.0,36.0,SEDANG,DKI5 Kebon Jeruk,PM25,DKI5,Kebon Jeruk,2025,8,10,32,6
89.0,202508,11,2025-08-11,0I834,8.0,54.0,89.0,23.0,11.0,36.0,35.0,SEDANG,DKI5 Kebon Jeruk,PM25,DKI5,Kebon Jeruk,2025,8,11,33,0
95.0,202508,12,2025-08-12,0I834,8.0,55.0,95.0,24.0,17.0,34.0,53.0,SEDANG,DKI5 Kebon Jeruk,PM25,DKI5,Kebon Jeruk,2025,8,12,33,1
87.0,202508,13,2025-08-13,0I834,8.0,,87.0,26.0,22.0,21.0,,SEDANG,DKI5 Kebon Jeruk,PM25,DKI5,Kebon Jeruk,2025,8,13,33,2
79.0,202508,14,2025-08-14,0I834,8.0,49.0,79.0,25.0,10.0,23.0,42.0,SEDANG,DKI5 Kebon Jeruk,PM25,DKI5,Kebon Jeruk,2025,8,14,33,3
98.0,202508,15,2025-08-15,0I834,8.0,56.0,98.0,26.0,15.0,28.0,50.0,SEDANG,DKI5 Kebon Jeruk,PM25,DKI5,Kebon Jeruk,2025,8,15,33,4
102.0,202508,16,2025-08-16,0I834,8.0,59.0,102.0,27.0,12.0,22.0,48.0,TIDAK SEHAT,DKI5 Kebon Jeruk,PM25,DKI5,Kebon Jeruk,2025,8,16,33,5
86.0,202508,17,2025-08-17,0I834,8.0,52.0,86.0,30.0,7.0,35.0,29.0,SEDANG,DKI5 Kebon Jeruk,PM25,DKI5,Kebon Jeruk,2025,8,17,33,6
70.0,202508,18,2025-08-18,0I834,8.0,44.0,70.0,31.0,6.0,29.0,24.0,SEDANG,DKI5 Kebon Jeruk,PM25,DKI5,Kebon Jeruk,2025,8,18,34,0
78.0,202508,22,2025-08-22,0I834,8.0,47.0,78.0,30.0,7.0,33.0,32.0,SEDANG,DKI5 Kebon Jeruk,PM25,DKI5,Kebon Jeruk,2025,8,22,34,4
106.0,202508,23,2025-08-23,0I834,8.0,56.0,106.0,29.0,12.0,33.0,43.0,TIDAK SEHAT,DKI5 Kebon Jeruk,PM25,DKI5,Kebon Jeruk,2025,8,23,34,5
79.0,202508,24,2025-08-24,0I834,8.0,43.0,79.0,27.0,10.0,28.0,33.0,SEDANG,DKI5 Kebon Jeruk,PM25,DKI5,Kebon Jeruk,2025,8,24,34,6
70.0,202508,19,2025-08-19,0I834,8.0,46.0,70.0,24.0,11.0,19.0,46.0,SEDANG,DKI5 Kebon Jeruk,PM25,DKI5,Kebon Jeruk,2025,8,19,34,1
73.0,202508,25,2025-08-25,0I834,8.0,67.0,,25.0,17.0,,55.0,SEDANG,DKI5 Kebon Jeruk,O3,DKI5,Kebon Jeruk,2025,8,25,35,0
103.0,202508,26,2025-08-26,0I834,8.0,60.0,103.0,23.0,17.0,,51.0,TIDAK SEHAT,DKI5 Kebon Jeruk,PM25,DKI5,Kebon Jeruk,2025,8,26,35,1
110.0,202508,27,2025-08-27,0I834,8.0,57.0,110.0,25.0,11.0,,46.0,TIDAK SEHAT,DKI5 Kebon Jeruk,PM25,DKI5,Kebon Jeruk,2025,8,27,35,2
68.0,202508,28,2025-08-28,0I834,8.0,32.0,68.0,25.0,7.0,31.0,28.0,SEDANG,DKI5 Kebon Jeruk,PM25,DKI5,Kebon Jeruk,2025,8,28,35,3
60.0,202508,29,2025-08-29,0I834,8.0,27.0,60.0,24.0,6.0,37.0,27.0,SEDANG,DKI5 Kebon Jeruk,PM25,DKI5,Kebon Jeruk,2025,8,29,35,4
72.0,202508,30,2025-08-30,0I834,8.0,38.0,72.0,26.0,9.0,30.0,40.0,SEDANG,DKI5 Kebon Jeruk,PM25,DKI5,Kebon Jeruk,2025,8,30,35,5
65.0,202508,31,2025-08-31,0I834,8.0,37.0,65.0,25.0,9.0,21.0,34.0,SEDANG,DKI5 Kebon Jeruk,PM25,DKI5,Kebon Jeruk,2025,8,31,35,6
87.0,202509,1,2025-09-01,0I834,9.0,54.0,87.0,35.0,10.0,19.0,26.0,SEDANG,DKI1 Bundaran Hotel Indonesia (HI),PM25,DKI1,Bundaran HI,2025,9,1,36,0
89.0,202509,2,2025-09-02,0I834,9.0,57.0,89.0,36.0,9.0,19.0,27.0,SEDANG,DKI1 Bundaran Hotel Indonesia (HI),PM25,DKI1,Bundaran HI,2025,9,2,36,1
80.0,202509,3,2025-09-03,0I834,9.0,54.0,80.0,39.0,10.0,15.0,28.0,SEDANG,DKI1 Bundaran Hotel Indonesia (HI),PM25,DKI1,Bundaran HI,2025,9,3,36,2
77.0,202509,4,2025-09-04,0I834,9.0,55.0,77.0,38.0,9.0,15.0,27.0,SEDANG,DKI1 Bundaran Hotel Indonesia (HI),PM25,DKI1,Bundaran HI,2025,9,4,36,3
86.0,202509,5,2025-09-05,0I834,9.0,55.0,86.0,36.0,11.0,20.0,30.0,SEDANG,DKI1 Bundaran Hotel Indonesia (HI),PM25,DKI1,Bundaran HI,2025,9,5,36,4
85.0,202509,6,2025-09-06,0I834,9.0,55.0,85.0,33.0,12.0,24.0,32.0,SEDANG,DKI1 Bundaran Hotel Indonesia (HI),PM25,DKI1,Bundaran HI,2025,9,6,36,5
79.0,202509,7,2025-09-07,0I834,9.0,54.0,79.0,30.0,12.0,26.0,26.0,SEDANG,DKI1 Bundaran Hotel Indonesia (HI),PM25,DKI1,Bundaran HI,2025,9,7,36,6
91.0,202509,8,2025-09-08,0I834,9.0,55.0,91.0,35.0,19.0,15.0,51.0,SEDANG,DKI1 Bundaran Hotel Indonesia (HI),PM25,DKI1,Bundaran HI,2025,9,8,37,0
88.0,202509,9,2025-09-09,0I834,9.0,56.0,88.0,32.0,18.0,15.0,47.0,SEDANG,DKI1 Bundaran Hotel Indonesia (HI),PM25,DKI1,Bundaran HI,2025,9,9,37,1
88.0,202509,10,2025-09-10,0I834,9.0,57.0,88.0,32.0,23.0,11.0,46.0,SEDANG,DKI1 Bundaran Hotel Indonesia (HI),PM25,DKI1,Bundaran HI,2025,9,10,37,2
74.0,202509,11,2025-09-11,0I834,9.0,50.0,74.0,31.0,19.0,11.0,39.0,SEDANG,DKI1 Bundaran Hotel Indonesia (HI),PM25,DKI1,Bundaran HI,2025,9,11,37,3
71.0,202509,12,2025-09-12,0I834,9.0,48.0,71.0,31.0,15.0,16.0,29.0,SEDANG,DKI1 Bundaran Hotel Indonesia (HI),PM25,DKI1,Bundaran HI,2025,9,12,37,4
71.0,202509,13,2025-09-13,0I834,9.0,40.0,71.0,32.0,18.0,17.0,29.0,SEDANG,DKI1 Bundaran Hotel Indonesia (HI),PM25,DKI1,Bundaran HI,2025,9,13,37,5
91.0,202509,14,2025-09-14,0I834,9.0,55.0,91.0,39.0,20.0,20.0,32.0,SEDANG,DKI1 Bundaran Hotel Indonesia (HI),PM25,DKI1,Bundaran HI,2025,9,14,37,6
82.0,202509,15,2025-09-15,0I834,9.0,51.0,82.0,33.0,11.0,27.0,36.0,SEDANG,DKI1 Bundaran Hotel Indonesia (HI),PM25,DKI1,Bundaran HI,2025,9,15,38,0
93.0,202509,16,2025-09-16,0I834,9.0,58.0,93.0,34.0,16.0,24.0,42.0,SEDANG,DKI1 Bundaran Hotel Indonesia (HI),PM25,DKI1,Bundaran HI,2025,9,16,38,1
109.0,202509,17,2025-09-17,0I834,9.0,66.0,109.0,33.0,25.0,17.0,53.0,TIDAK SEHAT,DKI1 Bundaran Hotel Indonesia (HI),PM25,DKI1,Bundaran HI,2025,9,17,38,2
71.0,202509,18,2025-09-18,0I834,9.0,52.0,71.0,30.0,,9.0,41.0,SEDANG,DKI1 Bundaran Hotel Indonesia (HI),PM25,DKI1,Bundaran HI,2025,9,18,38,3
99.0,202509,19,2025-09-19,0I834,9.0,66.0,99.0,37.0,,12.0,39.0,SEDANG,DKI1 Bundaran Hotel Indonesia (HI),PM25,DKI1,Bundaran HI,2025,9,19,38,4
90.0,202509,20,2025-09-20,0I834,9.0,62.0,90.0,39.0,17.0,11.0,35.0,SEDANG,DKI1 Bundaran Hotel Indonesia (HI),PM25,DKI1,Bundaran HI,2025,9,20,38,5
81.0,202509,21,2025-09-21,0I834,9.0,54.0,81.0,40.0,13.0,9.0,26.0,SEDANG,DKI1 Bundaran Hotel Indonesia (HI),PM25,DKI1,Bundaran HI,2025,9,21,38,6
85.0,202509,22,2025-09-22,0I834,9.0,53.0,85.0,34.0,18.0,15.0,32.0,SEDANG,DKI1 Bundaran Hotel Indonesia (HI),PM25,DKI1,Bundaran HI,2025,9,22,39,0
76.0,202509,23,2025-09-23,0I834,9.0,52.0,76.0,31.0,19.0,16.0,42.0,SEDANG,DKI1 Bundaran Hotel Indonesia (HI),PM25,DKI1,Bundaran HI,2025,9,23,39,1
103.0,202509,24,2025-09-24,0I834,9.0,62.0,103.0,34.0,20.0,25.0,46.0,TIDAK SEHAT,DKI1 Bundaran Hotel Indonesia (HI),PM25,DKI1,Bundaran HI,2025,9,24,39,2
115.0,202509,25,2025-09-25,0I834,9.0,66.0,115.0,41.0,18.0,19.0,48.0,TIDAK SEHAT,DKI1 Bundaran Hotel Indonesia (HI),PM25,DKI1,Bundaran HI,2025,9,25,39,3
91.0,202509,26,2025-09-26,0I834,9.0,58.0,91.0,37.0,15.0,27.0,38.0,SEDANG,DKI1 Bundaran Hotel Indonesia (HI),PM25,DKI1,Bundaran HI,2025,9,26,39,4
86.0,202509,27,2025-09-27,0I834,9.0,54.0,86.0,38.0,18.0,17.0,42.0,SEDANG,DKI1 Bundaran Hotel Indonesia (HI),PM25,DKI1,Bundaran HI,2025,9,27,39,5
80.0,202509,28,2025-09-28,0I834,9.0,55.0,80.0,38.0,11.0,15.0,23.0,SEDANG,DKI1 Bundaran Hotel Indonesia (HI),PM25,DKI1,Bundaran HI,2025,9,28,39,6
86.0,202509,29,2025-09-29,0I834,9.0,54.0,86.0,37.0,15.0,17.0,29.0,SEDANG,DKI1 Bundaran Hotel Indonesia (HI),PM25,DKI1,Bundaran HI,2025,9,29,40,0
77.0,202509,30,2025-09-30,0I834,9.0,53.0,77.0,31.0,26.0,7.0,37.0,SEDANG,DKI1 Bundaran Hotel Indonesia (HI),PM25,DKI1,Bundaran HI,2025,9,30,40,1
84.0,202509,1,2025-09-01,0I834,9.0,,84.0,44.0,14.0,24.0,15.0,SEDANG,DKI2 Kelapa Gading,PM25,DKI2,Kelapa Gading,2025,9,1,36,0
85.0,202509,2,2025-09-02,0I834,9.0,,85.0,43.0,13.0,25.0,16.0,SEDANG,DKI2 Kelapa Gading,PM25,DKI2,Kelapa Gading,2025,9,2,36,1
79.0,202509,3,2025-09-03,0I834,9.0,,79.0,49.0,13.0,20.0,17.0,SEDANG,DKI2 Kelapa Gading,PM25,DKI2,Kelapa Gading,2025,9,3,36,2
67.0,202509,4,2025-09-04,0I834,9.0,,67.0,47.0,13.0,20.0,16.0,SEDANG,DKI2 Kelapa Gading,PM25,DKI2,Kelapa Gading,2025,9,4,36,3
85.0,202509,5,2025-09-05,0I834,9.0,,85.0,46.0,15.0,21.0,14.0,SEDANG,DKI2 Kelapa Gading,PM25,DKI2,Kelapa Gading,2025,9,5,36,4
87.0,202509,6,2025-09-06,0I834,9.0,,87.0,43.0,17.0,27.0,12.0,SEDANG,DKI2 Kelapa Gading,PM25,DKI2,Kelapa Gading,2025,9,6,36,5
77.0,202509,7,2025-09-07,0I834,9.0,,77.0,39.0,16.0,31.0,14.0,SEDANG,DKI2 Kelapa Gading,PM25,DKI2,Kelapa Gading,2025,9,7,36,6
87.0,202509,8,2025-09-08,0I834,9.0,,87.0,40.0,19.0,25.0,19.0,SEDANG,DKI2 Kelapa Gading,PM25,DKI2,Kelapa Gading,2025,9,8,37,0
80.0,202509,9,2025-09-09,0I834,9.0,,80.0,39.0,17.0,19.0,13.0,SEDANG,DKI2 Kelapa Gading,PM25,DKI2,Kelapa Gading,2025,9,9,37,1
89.0,202509,10,2025-09-10,0I834,9.0,,89.0,42.0,24.0,16.0,25.0,SEDANG,DKI2 Kelapa Gading,PM25,DKI2,Kelapa Gading,2025,9,10,37,2
71.0,202509,11,2025-09-11,0I834,9.0,,71.0,41.0,17.0,15.0,17.0,SEDANG,DKI2 Kelapa Gading,PM25,DKI2,Kelapa Gading,2025,9,11,37,3
72.0,202509,12,2025-09-12,0I834,9.0,,72.0,38.0,17.0,19.0,14.0,SEDANG,DKI2 Kelapa Gading,PM25,DKI2,Kelapa Gading,2025,9,12,37,4
67.0,202509,13,2025-09-13,0I834,9.0,,67.0,39.0,21.0,20.0,22.0,SEDANG,DKI2 Kelapa Gading,PM25,DKI2,Kelapa Gading,2025,9,13,37,5
95.0,202509,14,2025-09-14,0I834,9.0,,95.0,47.0,19.0,24.0,13.0,SEDANG,DKI2 Kelapa Gading,PM25,DKI2,Kelapa Gading,2025,9,14,37,6
79.0,202509,15,2025-09-15,0I834,9.0,,79.0,40.0,14.0,32.0,15.0,SEDANG,DKI2 Kelapa Gading,PM25,DKI2,Kelapa Gading,2025,9,15,38,0
89.0,202509,16,2025-09-16,0I834,9.0,,89.0,40.0,17.0,29.0,12.0,SEDANG,DKI2 Kelapa Gading,PM25,DKI2,Kelapa Gading,2025,9,16,38,1
123.0,202509,17,2025-09-17,0I834,9.0,,123.0,47.0,28.0,23.0,18.0,TIDAK SEHAT,DKI2 Kelapa Gading,PM25,DKI2,Kelapa Gading,2025,9,17,38,2
70.0,202509,18,2025-09-18,0I834,9.0,,70.0,46.0,18.0,13.0,14.0,SEDANG,DKI2 Kelapa Gading,PM25,DKI2,Kelapa Gading,2025,9,18,38,3
101.0,202509,19,2025-09-19,0I834,9.0,,101.0,49.0,22.0,17.0,18.0,TIDAK SEHAT,DKI2 Kelapa Gading,PM25,DKI2,Kelapa Gading,2025,9,19,38,4
92.0,202509,20,2025-09-20,0I834,9.0,,92.0,43.0,18.0,16.0,17.0,SEDANG,DKI2 Kelapa Gading,PM25,DKI2,Kelapa Gading,2025,9,20,38,5
82.0,202509,21,2025-09-21,0I834,9.0,,82.0,45.0,16.0,14.0,20.0,SEDANG,DKI2 Kelapa Gading,PM25,DKI2,Kelapa Gading,2025,9,21,38,6
43.0,202509,22,2025-09-22,0I834,9.0,,,43.0,20.0,18.0,24.0,BAIK,DKI2 Kelapa Gading,SO2,DKI2,Kelapa Gading,2025,9,22,39,0
73.0,202509,23,2025-09-23,0I834,9.0,,73.0,49.0,18.0,21.0,19.0,SEDANG,DKI2 Kelapa Gading,PM25,DKI2,Kelapa Gading,2025,9,23,39,1
92.0,202509,24,2025-09-24,0I834,9.0,,92.0,43.0,18.0,30.0,14.0,SEDANG,DKI2 Kelapa Gading,PM25,DKI2,Kelapa Gading,2025,9,24,39,2
115.0,202509,25,2025-09-25,0I834,9.0,,115.0,51.0,19.0,25.0,11.0,TIDAK SEHAT,DKI2 Kelapa Gading,PM25,DKI2,Kelapa Gading,2025,9,25,39,3
86.0,202509,26,2025-09-26,0I834,9.0,,86.0,46.0,16.0,27.0,13.0,SEDANG,DKI2 Kelapa Gading,PM25,DKI2,Kelapa Gading,2025,9,26,39,4
84.0,202509,27,2025-09-27,0I834,9.0,,84.0,51.0,17.0,22.0,13.0,SEDANG,DKI2 Kelapa Gading,PM25,DKI2,Kelapa Gading,2025,9,27,39,5
72.0,202509,28,2025-09-28,0I834,9.0,,72.0,43.0,13.0,19.0,18.0,SEDANG,DKI2 Kelapa Gading,PM25,DKI2,Kelapa Gading,2025,9,28,39,6
79.0,202509,29,2025-09-29,0I834,9.0,,79.0,44.0,17.0,20.0,14.0,SEDANG,DKI2 Kelapa Gading,PM25,DKI2,Kelapa Gading,2025,9,29,40,0
91.0,202509,30,2025-09-30,0I834,9.0,,91.0,47.0,31.0,9.0,33.0,SEDANG,DKI2 Kelapa Gading,PM25,DKI2,Kelapa Gading,2025,9,30,40,1
83.0,202509,1,2025-09-01,0I834,9.0,45.0,83.0,55.0,11.0,23.0,45.0,SEDANG,DKI3 Jagakarsa,PM25,DKI3,Jagakarsa,2025,9,1,36,0
90.0,202509,2,2025-09-02,0I834,9.0,51.0,90.0,56.0,9.0,23.0,45.0,SEDANG,DKI3 Jagakarsa,PM25,DKI3,Jagakarsa,2025,9,2,36,1
86.0,202509,3,2025-09-03,0I834,9.0,50.0,86.0,56.0,11.0,20.0,52.0,SEDANG,DKI3 Jagakarsa,PM25,DKI3,Jagakarsa,2025,9,3,36,2
74.0,202509,4,2025-09-04,0I834,9.0,42.0,74.0,56.0,6.0,25.0,28.0,SEDANG,DKI3 Jagakarsa,PM25,DKI3,Jagakarsa,2025,9,4,36,3
91.0,202509,5,2025-09-05,0I834,9.0,54.0,91.0,55.0,10.0,23.0,49.0,SEDANG,DKI3 Jagakarsa,PM25,DKI3,Jagakarsa,2025,9,5,36,4
82.0,202509,6,2025-09-06,0I834,9.0,44.0,82.0,54.0,9.0,31.0,38.0,SEDANG,DKI3 Jagakarsa,PM25,DKI3,Jagakarsa,2025,9,6,36,5
83.0,202509,7,2025-09-07,0I834,9.0,52.0,83.0,53.0,9.0,28.0,35.0,SEDANG,DKI3 Jagakarsa,PM25,DKI3,Jagakarsa,2025,9,7,36,6
92.0,202509,8,2025-09-08,0I834,9.0,50.0,92.0,55.0,12.0,29.0,52.0,SEDANG,DKI3 Jagakarsa,PM25,DKI3,Jagakarsa,2025,9,8,37,0
84.0,202509,9,2025-09-09,0I834,9.0,51.0,84.0,54.0,11.0,24.0,49.0,SEDANG,DKI3 Jagakarsa,PM25,DKI3,Jagakarsa,2025,9,9,37,1
80.0,202509,10,2025-09-10,0I834,9.0,49.0,80.0,55.0,13.0,21.0,,SEDANG,DKI3 Jagakarsa,PM25,DKI3,Jagakarsa,2025,9,10,37,2
73.0,202509,11,2025-09-11,0I834,9.0,47.0,73.0,53.0,13.0,17.0,,SEDANG,DKI3 Jagakarsa,PM25,DKI3,Jagakarsa,2025,9,11,37,3
96.0,202509,12,2025-09-12,0I834,9.0,57.0,96.0,53.0,15.0,14.0,,SEDANG,DKI3 Jagakarsa,PM25,DKI3,Jagakarsa,2025,9,12,37,4
67.0,202509,13,2025-09-13,0I834,9.0,33.0,67.0,54.0,12.0,20.0,,SEDANG,DKI3 Jagakarsa,PM25,DKI3,Jagakarsa,2025,9,13,37,5
92.0,202509,14,2025-09-14,0I834,9.0,48.0,92.0,56.0,10.0,24.0,41.0,SEDANG,DKI3 Jagakarsa,PM25,DKI3,Jagakarsa,2025,9,14,37,6
74.0,202509,15,2025-09-15,0I834,9.0,28.0,74.0,55.0,7.0,33.0,29.0,SEDANG,DKI3 Jagakarsa,PM25,DKI3,Jagakarsa,2025,9,15,38,0
90.0,202509,16,2025-09-16,0I834,9.0,51.0,90.0,55.0,12.0,26.0,55.0,SEDANG,DKI3 Jagakarsa,PM25,DKI3,Jagakarsa,2025,9,16,38,1
90.0,202509,17,2025-09-17,0I834,9.0,50.0,90.0,56.0,12.0,26.0,52.0,SEDANG,DKI3 Jagakarsa,PM25,DKI3,Jagakarsa,2025,9,17,38,2
83.0,202509,18,2025-09-18,0I834,9.0,39.0,82.0,55.0,19.0,15.0,,SEDANG,DKI3 Jagakarsa,NO2,DKI3,Jagakarsa,2025,9,18,38,3
85.0,202509,19,2025-09-19,0I834,9.0,73.0,,57.0,22.0,19.0,,SEDANG,DKI3 Jagakarsa,NO2,DKI3,Jagakarsa,2025,9,19,38,4
102.0,202509,20,2025-09-20,0I834,9.0,66.0,102.0,57.0,20.0,13.0,,TIDAK SEHAT,DKI3 Jagakarsa,PM25,DKI3,Jagakarsa,2025,9,20,38,5
79.0,202509,21,2025-09-21,0I834,9.0,54.0,79.0,59.0,15.0,14.0,,SEDANG,DKI3 Jagakarsa,PM25,DKI3,Jagakarsa,2025,9,21,38,6
89.0,202509,22,2025-09-22,0I834,9.0,57.0,89.0,57.0,21.0,16.0,,SEDANG,DKI3 Jagakarsa,PM25,DKI3,Jagakarsa,2025,9,22,39,0
73.0,202509,23,2025-09-23,0I834,9.0,36.0,73.0,56.0,12.0,26.0,,SEDANG,DKI3 Jagakarsa,PM25,DKI3,Jagakarsa,2025,9,23,39,1
89.0,202509,24,2025-09-24,0I834,9.0,47.0,89.0,57.0,12.0,28.0,55.0,SEDANG,DKI3 Jagakarsa,PM25,DKI3,Jagakarsa,2025,9,24,39,2
91.0,202509,25,2025-09-25,0I834,9.0,50.0,91.0,57.0,12.0,25.0,,SEDANG,DKI3 Jagakarsa,PM25,DKI3,Jagakarsa,2025,9,25,39,3
79.0,202509,26,2025-09-26,0I834,9.0,53.0,79.0,55.0,11.0,26.0,43.0,SEDANG,DKI3 Jagakarsa,PM25,DKI3,Jagakarsa,2025,9,26,39,4
76.0,202509,27,2025-09-27,0I834,9.0,38.0,76.0,57.0,11.0,24.0,51.0,SEDANG,DKI3 Jagakarsa,PM25,DKI3,Jagakarsa,2025,9,27,39,5
71.0,202509,28,2025-09-28,0I834,9.0,48.0,71.0,56.0,12.0,16.0,54.0,SEDANG,DKI3 Jagakarsa,PM25,DKI3,Jagakarsa,2025,9,28,39,6
93.0,202509,29,2025-09-29,0I834,9.0,55.0,93.0,57.0,15.0,16.0,,SEDANG,DKI3 Jagakarsa,PM25,DKI3,Jagakarsa,2025,9,29,40,0
79.0,202509,30,2025-09-30,0I834,9.0,33.0,61.0,56.0,18.0,8.0,,SEDANG,DKI3 Jagakarsa,NO2,DKI3,Jagakarsa,2025,9,30,40,1
80.0,202509,1,2025-09-01,0I834,9.0,42.0,80.0,28.0,12.0,24.0,16.0,SEDANG,DKI4 Lubang Buaya,PM25,DKI4,Lubang Buaya,2025,9,1,36,0
82.0,202509,2,2025-09-02,0I834,9.0,58.0,82.0,29.0,8.0,25.0,16.0,SEDANG,DKI4 Lubang Buaya,PM25,DKI4,Lubang Buaya,2025,9,2,36,1
79.0,202509,3,2025-09-03,0I834,9.0,62.0,79.0,30.0,9.0,20.0,19.0,SEDANG,DKI4 Lubang Buaya,PM25,DKI4,Lubang Buaya,2025,9,3,36,2
73.0,202509,4,2025-09-04,0I834,9.0,61.0,73.0,31.0,7.0,24.0,15.0,SEDANG,DKI4 Lubang Buaya,PM25,DKI4,Lubang Buaya,2025,9,4,36,3
77.0,202509,5,2025-09-05,0I834,9.0,63.0,77.0,28.0,10.0,22.0,17.0,SEDANG,DKI4 Lubang Buaya,PM25,DKI4,Lubang Buaya,2025,9,5,36,4
75.0,202509,6,2025-09-06,0I834,9.0,61.0,75.0,29.0,11.0,29.0,20.0,SEDANG,DKI4 Lubang Buaya,PM25,DKI4,Lubang Buaya,2025,9,6,36,5
66.0,202509,7,2025-09-07,0I834,9.0,55.0,66.0,27.0,8.0,28.0,18.0,SEDANG,DKI4 Lubang Buaya,PM25,DKI4,Lubang Buaya,2025,9,7,36,6
122.0,202507,16,2025-07-16,0I834,7.0,86.0,122.0,27.0,23.0,33.0,29.0,TIDAK SEHAT,DKI4 Lubang Buaya,PM25,DKI4,Lubang Buaya,2025,7,16,29,2
76.0,202507,17,2025-07-17,0I834,7.0,62.0,76.0,24.0,14.0,25.0,25.0,SEDANG,DKI4 Lubang Buaya,PM25,DKI4,Lubang Buaya,2025,7,17,29,3
100.0,202507,18,2025-07-18,0I834,7.0,72.0,100.0,25.0,14.0,27.0,28.0,SEDANG,DKI4 Lubang Buaya,PM25,DKI4,Lubang Buaya,2025,7,18,29,4
91.0,202507,19,2025-07-19,0I834,7.0,65.0,91.0,26.0,12.0,25.0,28.0,SEDANG,DKI4 Lubang Buaya,PM25,DKI4,Lubang Buaya,2025,7,19,29,5
102.0,202507,20,2025-07-20,0I834,7.0,68.0,102.0,27.0,12.0,33.0,21.0,TIDAK SEHAT,DKI4 Lubang Buaya,PM25,DKI4,Lubang Buaya,2025,7,20,29,6
104.0,202507,21,2025-07-21,0I834,7.0,70.0,104.0,28.0,12.0,29.0,24.0,TIDAK SEHAT,DKI4 Lubang Buaya,PM25,DKI4,Lubang Buaya,2025,7,21,30,0
102.0,202507,22,2025-07-22,0I834,7.0,70.0,102.0,28.0,11.0,29.0,19.0,TIDAK SEHAT,DKI4 Lubang Buaya,PM25,DKI4,Lubang Buaya,2025,7,22,30,1
110.0,202507,23,2025-07-23,0I834,7.0,76.0,110.0,27.0,12.0,29.0,22.0,TIDAK SEHAT,DKI4 Lubang Buaya,PM25,DKI4,Lubang Buaya,2025,7,23,30,2
118.0,202507,24,2025-07-24,0I834,7.0,82.0,118.0,27.0,15.0,27.0,24.0,TIDAK SEHAT,DKI4 Lubang Buaya,PM25,DKI4,Lubang Buaya,2025,7,24,30,3
119.0,202507,25,2025-07-25,0I834,7.0,80.0,119.0,28.0,13.0,28.0,20.0,TIDAK SEHAT,DKI4 Lubang Buaya,PM25,DKI4,Lubang Buaya,2025,7,25,30,4
104.0,202507,26,2025-07-26,0I834,7.0,74.0,104.0,28.0,10.0,26.0,17.0,TIDAK SEHAT,DKI4 Lubang Buaya,PM25,DKI4,Lubang Buaya,2025,7,26,30,5
117.0,202507,27,2025-07-27,0I834,7.0,86.0,117.0,29.0,12.0,26.0,17.0,TIDAK SEHAT,DKI4 Lubang Buaya,PM25,DKI4,Lubang Buaya,2025,7,27,30,6
96.0,202507,28,2025-07-28,0I834,7.0,68.0,96.0,,,,,SEDANG,DKI4 Lubang Buaya,PM25,DKI4,Lubang Buaya,2025,7,28,31,0
66.0,202507,29,2025-07-29,0I834,7.0,66.0,,26.0,16.0,23.0,28.0,SEDANG,DKI4 Lubang Buaya,PM10,DKI4,Lubang Buaya,2025,7,29,31,1
77.0,202507,30,2025-07-30,0I834,7.0,55.0,77.0,27.0,10.0,29.0,16.0,SEDANG,DKI4 Lubang Buaya,PM25,DKI4,Lubang Buaya,2025,7,30,31,2
78.0,202507,31,2025-07-31,0I834,7.0,54.0,78.0,27.0,8.0,22.0,15.0,SEDANG,DKI4 Lubang Buaya,PM25,DKI4,Lubang Buaya,2025,7,31,31,3
49.0,202507,1,2025-07-01,0I834,7.0,12.0,49.0,21.0,6.0,29.0,23.0,BAIK,DKI5 Kebon Jeruk,PM25,DKI5,Kebon Jeruk,2025,7,1,27,1
79.0,202507,2,2025-07-02,0I834,7.0,24.0,79.0,23.0,14.0,26.0,43.0,SEDANG,DKI5 Kebon Jeruk,PM25,DKI5,Kebon Jeruk,2025,7,2,27,2
87.0,202507,3,2025-07-03,0I834,7.0,29.0,87.0,23.0,16.0,30.0,55.0,SEDANG,DKI5 Kebon Jeruk,PM25,DKI5,Kebon Jeruk,2025,7,3,27,3
78.0,202507,4,2025-07-04,0I834,7.0,21.0,78.0,23.0,11.0,26.0,42.0,SEDANG,DKI5 Kebon Jeruk,PM25,DKI5,Kebon Jeruk,2025,7,4,27,4
105.0,202507,5,2025-07-05,0I834,7.0,27.0,105.0,24.0,15.0,30.0,46.0,TIDAK SEHAT,DKI5 Kebon Jeruk,PM25,DKI5,Kebon Jeruk,2025,7,5,27,5
61.0,202507,6,2025-07-06,0I834,7.0,18.0,61.0,22.0,7.0,38.0,23.0,SEDANG,DKI5 Kebon Jeruk,PM25,DKI5,Kebon Jeruk,2025,7,6,27,6
69.0,202507,7,2025-07-07,0I834,7.0,35.0,69.0,23.0,12.0,21.0,37.0,SEDANG,DKI5 Kebon Jeruk,PM25,DKI5,Kebon Jeruk,2025,7,7,28,0
61.0,202507,8,2025-07-08,0I834,7.0,23.0,61.0,22.0,9.0,31.0,41.0,SEDANG,DKI5 Kebon Jeruk,PM25,DKI5,Kebon Jeruk,2025,7,8,28,1
86.0,202507,9,2025-07-09,0I834,7.0,21.0,86.0,23.0,9.0,30.0,33.0,SEDANG,DKI5 Kebon Jeruk,PM25,DKI5,Kebon Jeruk,2025,7,9,28,2
84.0,202507,10,2025-07-10,0I834,7.0,28.0,84.0,23.0,12.0,25.0,38.0,SEDANG,DKI5 Kebon Jeruk,PM25,DKI5,Kebon Jeruk,2025,7,10,28,3
87.0,202507,11,2025-07-11,0I834,7.0,52.0,87.0,30.0,9.0,33.0,36.0,SEDANG,DKI5 Kebon Jeruk,PM25,DKI5,Kebon Jeruk,2025,7,11,28,4
132.0,202507,12,2025-07-12,0I834,7.0,70.0,132.0,27.0,16.0,33.0,51.0,TIDAK SEHAT,DKI5 Kebon Jeruk,PM25,DKI5,Kebon Jeruk,2025,7,12,28,5
104.0,202507,13,2025-07-13,0I834,7.0,62.0,104.0,28.0,9.0,32.0,31.0,TIDAK SEHAT,DKI5 Kebon Jeruk,PM25,DKI5,Kebon Jeruk,2025,7,13,28,6
77.0,202507,14,2025-07-14,0I834,7.0,50.0,77.0,26.0,9.0,37.0,36.0,SEDANG,DKI5 Kebon Jeruk,PM25,DKI5,Kebon Jeruk,2025,7,14,29,0
115.0,202507,15,2025-07-15,0I834,7.0,64.0,115.0,25.0,12.0,30.0,42.0,TIDAK SEHAT,DKI5 Kebon Jeruk,PM25,DKI5,Kebon Jeruk,2025,7,15,29,1
108.0,202507,16,2025-07-16,0I834,7.0,59.0,108.0,26.0,18.0,42.0,49.0,TIDAK SEHAT,DKI5 Kebon Jeruk,PM25,DKI5,Kebon Jeruk,2025,7,16,29,2
94.0,202507,18,2025-07-18,0I834,7.0,58.0,94.0,25.0,10.0,31.0,37.0,SEDANG,DKI5 Kebon Jeruk,PM25,DKI5,Kebon Jeruk,2025,7,18,29,4
82.0,202507,19,2025-07-19,0I834,7.0,53.0,82.0,25.0,9.0,32.0,31.0,SEDANG,DKI5 Kebon Jeruk,PM25,DKI5,Kebon Jeruk,2025,7,19,29,5
86.0,202507,20,2025-07-20,0I834,7.0,53.0,86.0,26.0,8.0,37.0,26.0,SEDANG,DKI5 Kebon Jeruk,PM25,DKI5,Kebon Jeruk,2025,7,20,29,6
78.0,202507,21,2025-07-21,0I834,7.0,48.0,78.0,28.0,7.0,37.0,28.0,SEDANG,DKI5 Kebon Jeruk,PM25,DKI5,Kebon Jeruk,2025,7,21,30,0
88.0,202507,22,2025-07-22,0I834,7.0,54.0,88.0,29.0,9.0,30.0,37.0,SEDANG,DKI5 Kebon Jeruk,PM25,DKI5,Kebon Jeruk,2025,7,22,30,1
102.0,202507,23,2025-07-23,0I834,7.0,60.0,102.0,29.0,10.0,31.0,42.0,TIDAK SEHAT,DKI5 Kebon Jeruk,PM25,DKI5,Kebon Jeruk,2025,7,23,30,2
112.0,202507,24,2025-07-24,0I834,7.0,65.0,112.0,29.0,12.0,30.0,44.0,TIDAK SEHAT,DKI5 Kebon Jeruk,PM25,DKI5,Kebon Jeruk,2025,7,24,30,3
97.0,202507,25,2025-07-25,0I834,7.0,55.0,97.0,29.0,9.0,32.0,33.0,SEDANG,DKI5 Kebon Jeruk,PM25,DKI5,Kebon Jeruk,2025,7,25,30,4
100.0,202507,26,2025-07-26,0I834,7.0,59.0,100.0,29.0,8.0,32.0,32.0,SEDANG,DKI5 Kebon Jeruk,PM25,DKI5,Kebon Jeruk,2025,7,26,30,5
109.0,202507,27,2025-07-27,0I834,7.0,60.0,109.0,31.0,9.0,38.0,30.0,TIDAK SEHAT,DKI5 Kebon Jeruk,PM25,DKI5,Kebon Jeruk,2025,7,27,30,6
83.0,202507,28,2025-07-28,0I834,7.0,54.0,83.0,24.0,10.0,35.0,30.0,SEDANG,DKI5 Kebon Jeruk,PM25,DKI5,Kebon Jeruk,2025,7,28,31,0
87.0,202507,29,2025-07-29,0I834,7.0,59.0,87.0,25.0,15.0,26.0,48.0,SEDANG,DKI5 Kebon Jeruk,PM25,DKI5,Kebon Jeruk,2025,7,29,31,1
73.0,202507,30,2025-07-30,0I834,7.0,46.0,73.0,25.0,9.0,27.0,33.0,SEDANG,DKI5 Kebon Jeruk,PM25,DKI5,Kebon Jeruk,2025,7,30,31,2
71.0,202507,31,2025-07-31,0I834,7.0,47.0,71.0,25.0,8.0,22.0,31.0,SEDANG,DKI5 Kebon Jeruk,PM25,DKI5,Kebon Jeruk,2025,7,31,31,3
82.0,202508,1,2025-08-01,0I834,8.0,62.0,82.0,35.0,12.0,18.0,29.0,SEDANG,DKI1 Bundaran Hotel Indonesia  HI,PM25,DKI1,Bundaran HI,2025,8,1,31,4
94.0,202508,2,2025-08-02,0I834,8.0,53.0,94.0,41.0,14.0,16.0,34.0,SEDANG,DKI1 Bundaran Hotel Indonesia  HI,PM25,DKI1,Bundaran HI,2025,8,2,31,5
91.0,202508,3,2025-08-03,0I834,8.0,59.0,91.0,34.0,12.0,21.0,30.0,SEDANG,DKI1 Bundaran Hotel Indonesia  HI,PM25,DKI1,Bundaran HI,2025,8,3,31,6
76.0,202508,4,2025-08-04,0I834,8.0,50.0,76.0,32.0,15.0,22.0,35.0,SEDANG,DKI1 Bundaran Hotel Indonesia  HI,PM25,DKI1,Bundaran HI,2025,8,4,32,0
83.0,202508,5,2025-08-05,0I834,8.0,53.0,83.0,32.0,23.0,13.0,48.0,SEDANG,DKI1 Bundaran Hotel Indonesia  HI,PM25,DKI1,Bundaran HI,2025,8,5,32,1
87.0,202508,6,2025-08-06,0I834,8.0,54.0,87.0,34.0,17.0,11.0,46.0,SEDANG,DKI1 Bundaran Hotel Indonesia  HI,PM25,DKI1,Bundaran HI,2025,8,6,32,2
89.0,202508,7,2025-08-07,0I834,8.0,54.0,89.0,34.0,14.0,14.0,40.0,SEDANG,DKI1 Bundaran Hotel Indonesia  HI,PM25,DKI1,Bundaran HI,2025,8,7,32,3
84.0,202508,8,2025-08-08,0I834,8.0,55.0,84.0,28.0,17.0,13.0,39.0,SEDANG,DKI1 Bundaran Hotel Indonesia  HI,PM25,DKI1,Bundaran HI,2025,8,8,32,4
91.0,202508,9,2025-08-09,0I834,8.0,56.0,91.0,31.0,14.0,13.0,37.0,SEDANG,DKI1 Bundaran Hotel Indonesia  HI,PM25,DKI1,Bundaran HI,2025,8,9,32,5
82.0,202508,10,2025-08-10,0I834,8.0,52.0,82.0,31.0,18.0,18.0,36.0,SEDANG,DKI1 Bundaran Hotel Indonesia  HI,PM25,DKI1,Bundaran HI,2025,8,10,32,6
92.0,202508,11,2025-08-11,0I834,8.0,56.0,92.0,29.0,19.0,16.0,42.0,SEDANG,DKI1 Bundaran Hotel Indonesia  HI,PM25,DKI1,Bundaran HI,2025,8,11,33,0
102.0,202508,12,2025-08-12,0I834,8.0,61.0,102.0,27.0,30.0,12.0,53.0,TIDAK SEHAT,DKI1 Bundaran Hotel Indonesia  HI,PM25,DKI1,Bundaran HI,2025,8,12,33,1
89.0,202508,13,2025-08-13,0I834,8.0,54.0,89.0,30.0,28.0,10.0,50.0,SEDANG,DKI1 Bundaran Hotel Indonesia  HI,PM25,DKI1,Bundaran HI,2025,8,13,33,2
83.0,202508,14,2025-08-14,0I834,8.0,53.0,83.0,33.0,16.0,14.0,37.0,SEDANG,DKI1 Bundaran Hotel Indonesia  HI,PM25,DKI1,Bundaran HI,2025,8,14,33,3
84.0,202508,15,2025-08-15,0I834,8.0,52.0,84.0,35.0,19.0,16.0,46.0,SEDANG,DKI1 Bundaran Hotel Indonesia  HI,PM25,DKI1,Bundaran HI,2025,8,15,33,4
102.0,202508,16,2025-08-16,0I834,8.0,61.0,102.0,37.0,16.0,15.0,40.0,TIDAK SEHAT,DKI1 Bundaran Hotel Indonesia  HI,PM25,DKI1,Bundaran HI,2025,8,16,33,5
105.0,202508,17,2025-08-17,0I834,8.0,61.0,105.0,38.0,11.0,20.0,33.0,TIDAK SEHAT,DKI1 Bundaran Hotel Indonesia  HI,PM25,DKI1,Bundaran HI,2025,8,17,33,6
78.0,202508,19,2025-08-19,0I834,8.0,44.0,78.0,30.0,16.0,9.0,32.0,SEDANG,DKI1 Bundaran Hotel Indonesia  HI,PM25,DKI1,Bundaran HI,2025,8,19,34,1
102.0,202508,20,2025-08-20,0I834,8.0,61.0,102.0,35.0,19.0,15.0,45.0,TIDAK SEHAT,DKI1 Bundaran Hotel Indonesia  HI,PM25,DKI1,Bundaran HI,2025,8,20,34,2
74.0,202508,21,2025-08-21,0I834,8.0,48.0,74.0,33.0,21.0,13.0,44.0,SEDANG,DKI1 Bundaran Hotel Indonesia  HI,PM25,DKI1,Bundaran HI,2025,8,21,34,3
91.0,202508,22,2025-08-22,0I834,8.0,56.0,91.0,36.0,15.0,24.0,46.0,SEDANG,DKI1 Bundaran Hotel Indonesia  HI,PM25,DKI1,Bundaran HI,2025,8,22,34,4
92.0,202508,23,2025-08-23,0I834,8.0,58.0,92.0,37.0,14.0,18.0,45.0,SEDANG,DKI1 Bundaran Hotel Indonesia  HI,PM25,DKI1,Bundaran HI,2025,8,23,34,5
86.0,202508,24,2025-08-24,0I834,8.0,50.0,86.0,37.0,13.0,15.0,33.0,SEDANG,DKI1 Bundaran Hotel Indonesia  HI,PM25,DKI1,Bundaran HI,2025,8,24,34,6
114.0,202508,25,2025-08-25,0I834,8.0,61.0,114.0,33.0,22.0,17.0,51.0,TIDAK SEHAT,DKI1 Bundaran Hotel Indonesia  HI,PM25,DKI1,Bundaran HI,2025,8,25,35,0
95.0,202508,26,2025-08-26,0I834,8.0,51.0,95.0,32.0,22.0,16.0,52.0,SEDANG,DKI1 Bundaran Hotel Indonesia  HI,PM25,DKI1,Bundaran HI,2025,8,26,35,1
92.0,202508,27,2025-08-27,0I834,8.0,55.0,92.0,35.0,16.0,18.0,42.0,SEDANG,DKI1 Bundaran Hotel Indonesia  HI,PM25,DKI1,Bundaran HI,2025,8,27,35,2
71.0,202508,28,2025-08-28,0I834,8.0,40.0,71.0,32.0,14.0,18.0,42.0,SEDANG,DKI1 Bundaran Hotel Indonesia  HI,PM25,DKI1,Bundaran HI,2025,8,28,35,3
67.0,202508,29,2025-08-29,0I834,8.0,36.0,67.0,30.0,14.0,26.0,37.0,SEDANG,DKI1 Bundaran Hotel Indonesia  HI,PM25,DKI1,Bundaran HI,2025,8,29,35,4
77.0,202508,30,2025-08-30,0I834,8.0,44.0,77.0,30.0,12.0,22.0,31.0,SEDANG,DKI1 Bundaran Hotel Indonesia  HI,PM25,DKI1,Bundaran HI,2025,8,30,35,5
70.0,202508,31,2025-08-31,0I834,8.0,42.0,70.0,29.0,12.0,15.0,24.0,SEDANG,DKI1 Bundaran Hotel Indonesia  HI,PM25,DKI1,Bundaran HI,2025,8,31,35,6
76.0,202508,1,2025-08-01,0I834,8.0,,76.0,44.0,14.0,23.0,14.0,SEDANG,DKI2 Kelapa Gading,PM25,DKI2,Kelapa Gading,2025,8,1,31,4
92.0,202508,2,2025-08-02,0I834,8.0,,92.0,50.0,16.0,20.0,17.0,SEDANG,DKI2 Kelapa Gading,PM25,DKI2,Kelapa Gading,2025,8,2,31,5
87.0,202508,3,2025-08-03,0I834,8.0,,87.0,43.0,15.0,24.0,13.0,SEDANG,DKI2 Kelapa Gading,PM25,DKI2,Kelapa Gading,2025,8,3,31,6
73.0,202508,4,2025-08-04,0I834,8.0,,73.0,40.0,18.0,21.0,10.0,SEDANG,DKI2 Kelapa Gading,PM25,DKI2,Kelapa Gading,2025,8,4,32,0
92.0,202508,5,2025-08-05,0I834,8.0,,92.0,42.0,27.0,16.0,23.0,SEDANG,DKI2 Kelapa Gading,PM25,DKI2,Kelapa Gading,2025,8,5,32,1
88.0,202508,6,2025-08-06,0I834,8.0,,88.0,45.0,18.0,19.0,16.0,SEDANG,DKI2 Kelapa Gading,PM25,DKI2,Kelapa Gading,2025,8,6,32,2
93.0,202508,7,2025-08-07,0I834,8.0,,93.0,43.0,16.0,21.0,16.0,SEDANG,DKI2 Kelapa Gading,PM25,DKI2,Kelapa Gading,2025,8,7,32,3
73.0,202508,8,2025-08-08,0I834,8.0,,73.0,37.0,15.0,22.0,14.0,SEDANG,DKI2 Kelapa Gading,PM25,DKI2,Kelapa Gading,2025,8,8,32,4
90.0,202508,9,2025-08-09,0I834,8.0,,90.0,44.0,15.0,21.0,17.0,SEDANG,DKI2 Kelapa Gading,PM25,DKI2,Kelapa Gading,2025,8,9,32,5
84.0,202508,10,2025-08-10,0I834,8.0,,84.0,41.0,22.0,21.0,16.0,SEDANG,DKI2 Kelapa Gading,PM25,DKI2,Kelapa Gading,2025,8,10,32,6
89.0,202508,11,2025-08-11,0I834,8.0,,89.0,41.0,17.0,24.0,12.0,SEDANG,DKI2 Kelapa Gading,PM25,DKI2,Kelapa Gading,2025,8,11,33,0
104.0,202508,12,2025-08-12,0I834,8.0,,104.0,50.0,25.0,19.0,17.0,TIDAK SEHAT,DKI2 Kelapa Gading,PM25,DKI2,Kelapa Gading,2025,8,12,33,1
89.0,202508,13,2025-08-13,0I834,8.0,,89.0,41.0,,14.0,29.0,SEDANG,DKI2 Kelapa Gading,PM25,DKI2,Kelapa Gading,2025,8,13,33,2
87.0,202508,14,2025-08-14,0I834,8.0,,87.0,42.0,19.0,17.0,15.0,SEDANG,DKI2 Kelapa Gading,PM25,DKI2,Kelapa Gading,2025,8,14,33,3
89.0,202508,15,2025-08-15,0I834,8.0,,89.0,46.0,22.0,21.0,20.0,SEDANG,DKI2 Kelapa Gading,PM25,DKI2,Kelapa Gading,2025,8,15,33,4
99.0,202508,16,2025-08-16,0I834,8.0,,99.0,42.0,18.0,23.0,14.0,SEDANG,DKI2 Kelapa Gading,PM25,DKI2,Kelapa Gading,2025,8,16,33,5
99.0,202508,17,2025-08-17,0I834,8.0,,99.0,43.0,15.0,27.0,14.0,SEDANG,DKI2 Kelapa Gading,PM25,DKI2,Kelapa Gading,2025,8,17,33,6
79.0,202508,18,2025-08-18,0I834,8.0,,79.0,45.0,13.0,23.0,15.0,SEDANG,DKI2 Kelapa Gading,PM25,DKI2,Kelapa Gading,2025,8,18,34,0
65.0,202508,19,2025-08-19,0I834,8.0,,65.0,38.0,17.0,12.0,21.0,SEDANG,DKI2 Kelapa Gading,PM25,DKI2,Kelapa Gading,2025,8,19,34,1
97.0,202508,20,2025-08-20,0I834,8.0,,97.0,44.0,22.0,19.0,11.0,SEDANG,DKI2 Kelapa Gading,PM25,DKI2,Kelapa Gading,2025,8,20,34,2
86.0,202508,21,2025-08-21,0I834,8.0,,86.0,52.0,26.0,18.0,35.0,SEDANG,DKI2 Kelapa Gading,PM25,DKI2,Kelapa Gading,2025,8,21,34,3
88.0,202508,22,2025-08-22,0I834,8.0,,88.0,45.0,17.0,29.0,13.0,SEDANG,DKI2 Kelapa Gading,PM25,DKI2,Kelapa Gading,2025,8,22,34,4
93.0,202508,23,2025-08-23,0I834,8.0,,93.0,50.0,16.0,24.0,16.0,SEDANG,DKI2 Kelapa Gading,PM25,DKI2,Kelapa Gading,2025,8,23,34,5
76.0,202508,24,2025-08-24,0I834,8.0,,76.0,47.0,14.0,19.0,19.0,SEDANG,DKI2 Kelapa Gading,PM25,DKI2,Kelapa Gading,2025,8,24,34,6
111.0,202508,25,2025-08-25,0I834,8.0,,111.0,50.0,21.0,20.0,13.0,TIDAK SEHAT,DKI2 Kelapa Gading,PM25,DKI2,Kelapa Gading,2025,8,25,35,0
100.0,202508,26,2025-08-26,0I834,8.0,,100.0,50.0,22.0,26.0,18.0,SEDANG,DKI2 Kelapa Gading,PM25,DKI2,Kelapa Gading,2025,8,26,35,1
96.0,202508,27,2025-08-27,0I834,8.0,,96.0,43.0,17.0,24.0,20.0,SEDANG,DKI2 Kelapa Gading,PM25,DKI2,Kelapa Gading,2025,8,27,35,2
66.0,202508,28,2025-08-28,0I834,8.0,,66.0,40.0,15.0,26.0,13.0,SEDANG,DKI2 Kelapa Gading,PM25,DKI2,Kelapa Gading,2025,8,28,35,3
67.0,202508,29,2025-08-29,0I834,8.0,,67.0,38.0,16.0,28.0,14.0,SEDANG,DKI2 Kelapa Gading,PM25,DKI2,Kelapa Gading,2025,8,29,35,4
66.0,202508,30,2025-08-30,0I834,8.0,,66.0,41.0,15.0,22.0,16.0,SEDANG,DKI2 Kelapa Gading,PM25,DKI2,Kelapa Gading,2025,8,30,35,5
72.0,202508,31,2025-08-31,0I834,8.0,,72.0,45.0,16.0,21.0,16.0,SEDANG,DKI2 Kelapa Gading,PM25,DKI2,Kelapa Gading,2025,8,31,35,6
65.0,202508,1,2025-08-01,0I834,8.0,48.0,65.0,54.0,9.0,26.0,43.0,SEDANG,DKI3 Jagakarsa,PM25,DKI3,Jagakarsa,2025,8,1,31,4
74.0,202508,2,2025-08-02,0I834,8.0,55.0,74.0,54.0,12.0,24.0,55.0,SEDANG,DKI3 Jagakarsa,PM25,DKI3,Jagakarsa,2025,8,2,31,5
71.0,202508,3,2025-08-03,0I834,8.0,54.0,71.0,51.0,11.0,25.0,41.0,SEDANG,DKI3 Jagakarsa,PM25,DKI3,Jagakarsa,2025,8,3,31,6
53.0,202508,4,2025-08-04,0I834,8.0,36.0,53.0,50.0,10.0,25.0,36.0,SEDANG,DKI3 Jagakarsa,PM25,DKI3,Jagakarsa,2025,8,4,32,0
64.0,202508,5,2025-08-05,0I834,8.0,40.0,52.0,50.0,16.0,18.0,,SEDANG,DKI3 Jagakarsa,NO2,DKI3,Jagakarsa,2025,8,5,32,1
56.0,202508,6,2025-08-06,0I834,8.0,50.0,52.0,50.0,15.0,28.0,,SEDANG,DKI3 Jagakarsa,NO2,DKI3,Jagakarsa,2025,8,6,32,2
71.0,202508,7,2025-08-07,0I834,8.0,62.0,63.0,51.0,17.0,23.0,,SEDANG,DKI3 Jagakarsa,NO2,DKI3,Jagakarsa,2025,8,7,32,3
53.0,202508,8,2025-08-08,0I834,8.0,48.0,51.0,51.0,10.0,23.0,53.0,SEDANG,DKI3 Jagakarsa,NO2,DKI3,Jagakarsa,2025,8,8,32,4
64.0,202508,9,2025-08-09,0I834,8.0,56.0,60.0,53.0,15.0,22.0,,SEDANG,DKI3 Jagakarsa,NO2,DKI3,Jagakarsa,2025,8,9,32,5
52.0,202508,10,2025-08-10,0I834,8.0,33.0,50.0,52.0,11.0,23.0,47.0,SEDANG,DKI3 Jagakarsa,SO2,DKI3,Jagakarsa,2025,8,10,32,6
53.0,202508,11,2025-08-11,0I834,8.0,40.0,53.0,51.0,12.0,25.0,44.0,SEDANG,DKI3 Jagakarsa,PM25,DKI3,Jagakarsa,2025,8,11,33,0
56.0,202508,12,2025-08-12,0I834,8.0,54.0,56.0,50.0,17.0,21.0,54.0,SEDANG,DKI3 Jagakarsa,PM25,DKI3,Jagakarsa,2025,8,12,33,1
70.0,202508,13,2025-08-13,0I834,8.0,47.0,57.0,52.0,21.0,18.0,,SEDANG,DKI3 Jagakarsa,NO2,DKI3,Jagakarsa,2025,8,13,33,2
59.0,202508,14,2025-08-14,0I834,8.0,44.0,59.0,51.0,11.0,19.0,40.0,SEDANG,DKI3 Jagakarsa,PM25,DKI3,Jagakarsa,2025,8,14,33,3
57.0,202508,15,2025-08-15,0I834,8.0,38.0,57.0,54.0,10.0,24.0,39.0,SEDANG,DKI3 Jagakarsa,PM25,DKI3,Jagakarsa,2025,8,15,33,4
71.0,202508,16,2025-08-16,0I834,8.0,56.0,71.0,54.0,14.0,23.0,,SEDANG,DKI3 Jagakarsa,PM25,DKI3,Jagakarsa,2025,8,16,33,5
65.0,202508,17,2025-08-17,0I834,8.0,55.0,65.0,54.0,10.0,27.0,37.0,SEDANG,DKI3 Jagakarsa,PM25,DKI3,Jagakarsa,2025,8,17,33,6
64.0,202508,18,2025-08-18,0I834,8.0,50.0,64.0,55.0,8.0,25.0,30.0,SEDANG,DKI3 Jagakarsa,PM25,DKI3,Jagakarsa,2025,8,18,34,0
64.0,202508,19,2025-08-19,0I834,8.0,47.0,58.0,51.0,13.0,14.0,,SEDANG,DKI3 Jagakarsa,NO2,DKI3,Jagakarsa,2025,8,19,34,1
107.0,202508,20,2025-08-20,0I834,8.0,61.0,107.0,55.0,15.0,24.0,,TIDAK SEHAT,DKI3 Jagakarsa,PM25,DKI3,Jagakarsa,2025,8,20,34,2
99.0,202508,21,2025-08-21,0I834,8.0,39.0,70.0,52.0,21.0,12.0,,SEDANG,DKI3 Jagakarsa,NO2,DKI3,Jagakarsa,2025,8,21,34,3
73.0,202508,22,2025-08-22,0I834,8.0,43.0,73.0,54.0,9.0,21.0,34.0,SEDANG,DKI3 Jagakarsa,PM25,DKI3,Jagakarsa,2025,8,22,34,4
103.0,202508,23,2025-08-23,0I834,8.0,61.0,103.0,54.0,18.0,20.0,,TIDAK SEHAT,DKI3 Jagakarsa,PM25,DKI3,Jagakarsa,2025,8,23,34,5
82.0,202508,24,2025-08-24,0I834,8.0,44.0,82.0,53.0,13.0,19.0,,SEDANG,DKI3 Jagakarsa,PM25,DKI3,Jagakarsa,2025,8,24,34,6
101.0,202508,25,2025-08-25,0I834,8.0,59.0,101.0,52.0,17.0,26.0,,TIDAK SEHAT,DKI3 Jagakarsa,PM25,DKI3,Jagakarsa,2025,8,25,35,0
79.0,202508,26,2025-08-26,0I834,8.0,49.0,79.0,52.0,17.0,25.0,,SEDANG,DKI3 Jagakarsa,PM25,DKI3,Jagakarsa,2025,8,26,35,1
110.0,202508,27,2025-08-27,0I834,8.0,65.0,110.0,53.0,15.0,24.0,,TIDAK SEHAT,DKI3 Jagakarsa,PM25,DKI3,Jagakarsa,2025,8,27,35,2
64.0,202508,28,2025-08-28,0I834,8.0,23.0,64.0,53.0,7.0,21.0,44.0,SEDANG,DKI3 Jagakarsa,PM25,DKI3,Jagakarsa,2025,8,28,35,3
62.0,202508,29,2025-08-29,0I834,8.0,26.0,62.0,53.0,8.0,25.0,41.0,SEDANG,DKI3 Jagakarsa,PM25,DKI3,Jagakarsa,2025,8,29,35,4
59.0,202508,30,2025-08-30,0I834,8.0,21.0,59.0,53.0,8.0,23.0,46.0,SEDANG,DKI3 Jagakarsa,PM25,DKI3,Jagakarsa,2025,8,30,35,5
60.0,202508,31,2025-08-31,0I834,8.0,28.0,60.0,53.0,8.0,19.0,39.0,SEDANG,DKI3 Jagakarsa,PM25,DKI3,Jagakarsa,2025,8,31,35,6
89.0,202508,1,2025-08-01,0I834,8.0,63.0,89.0,30.0,7.0,28.0,16.0,SEDANG,DKI4 Lubang Buaya,PM25,DKI4,Lubang Buaya,2025,8,1,31,4
105.0,202508,2,2025-08-02,0I834,8.0,73.0,105.0,31.0,11.0,25.0,21.0,TIDAK SEHAT,DKI4 Lubang Buaya,PM25,DKI4,Lubang Buaya,2025,8,2,31,5
84.0,202508,4,2025-08-04,0I834,8.0,63.0,84.0,27.0,14.0,26.0,26.0,SEDANG,DKI4 Lubang Buaya,PM25,DKI4,Lubang Buaya,2025,8,4,32,0
132.0,202509,19,2025-09-19,0I834,9.0,79.0,132.0,32.0,19.0,27.0,,TIDAK SEHAT,DKI5 Kebon Jeruk,PM25,DKI5,Kebon Jeruk,2025,9,19,38,4
97.0,202509,20,2025-09-20,0I834,9.0,68.0,97.0,31.0,15.0,22.0,53.0,SEDANG,DKI5 Kebon Jeruk,PM25,DKI5,Kebon Jeruk,2025,9,20,38,5
72.0,202509,21,2025-09-21,0I834,9.0,54.0,72.0,35.0,9.0,19.0,37.0,SEDANG,DKI5 Kebon Jeruk,PM25,DKI5,Kebon Jeruk,2025,9,21,38,6
91.0,202509,22,2025-09-22,0I834,9.0,58.0,91.0,28.0,12.0,27.0,44.0,SEDANG,DKI5 Kebon Jeruk,PM25,DKI5,Kebon Jeruk,2025,9,22,39,0
49.0,202509,23,2025-09-23,0I834,9.0,49.0,,26.0,11.0,41.0,45.0,BAIK,DKI5 Kebon Jeruk,PM10,DKI5,Kebon Jeruk,2025,9,23,39,1
115.0,202509,24,2025-09-24,0I834,9.0,62.0,115.0,28.0,12.0,40.0,42.0,TIDAK SEHAT,DKI5 Kebon Jeruk,PM25,DKI5,Kebon Jeruk,2025,9,24,39,2
119.0,202509,25,2025-09-25,0I834,9.0,69.0,119.0,32.0,13.0,34.0,49.0,TIDAK SEHAT,DKI5 Kebon Jeruk,PM25,DKI5,Kebon Jeruk,2025,9,25,39,3
89.0,202509,26,2025-09-26,0I834,9.0,52.0,89.0,28.0,9.0,45.0,35.0,SEDANG,DKI5 Kebon Jeruk,PM25,DKI5,Kebon Jeruk,2025,9,26,39,4
85.0,202509,27,2025-09-27,0I834,9.0,52.0,85.0,27.0,9.0,36.0,37.0,SEDANG,DKI5 Kebon Jeruk,PM25,DKI5,Kebon Jeruk,2025,9,27,39,5
87.0,202509,8,2025-09-08,0I834,9.0,65.0,87.0,29.0,13.0,27.0,20.0,SEDANG,DKI4 Lubang Buaya,PM25,DKI4,Lubang Buaya,2025,9,8,37,0
67.0,202509,9,2025-09-09,0I834,9.0,53.0,67.0,28.0,9.0,23.0,14.0,SEDANG,DKI4 Lubang Buaya,PM25,DKI4,Lubang Buaya,2025,9,9,37,1
75.0,202509,10,2025-09-10,0I834,9.0,59.0,75.0,29.0,17.0,19.0,18.0,SEDANG,DKI4 Lubang Buaya,PM25,DKI4,Lubang Buaya,2025,9,10,37,2
63.0,202509,11,2025-09-11,0I834,9.0,50.0,63.0,29.0,12.0,17.0,16.0,SEDANG,DKI4 Lubang Buaya,PM25,DKI4,Lubang Buaya,2025,9,11,37,3
66.0,202509,12,2025-09-12,0I834,9.0,52.0,66.0,27.0,12.0,22.0,17.0,SEDANG,DKI4 Lubang Buaya,PM25,DKI4,Lubang Buaya,2025,9,12,37,4
58.0,202509,13,2025-09-13,0I834,9.0,46.0,58.0,30.0,16.0,22.0,17.0,SEDANG,DKI4 Lubang Buaya,PM25,DKI4,Lubang Buaya,2025,9,13,37,5
82.0,202509,14,2025-09-14,0I834,9.0,60.0,82.0,32.0,14.0,24.0,23.0,SEDANG,DKI4 Lubang Buaya,PM25,DKI4,Lubang Buaya,2025,9,14,37,6
66.0,202509,15,2025-09-15,0I834,9.0,52.0,66.0,30.0,8.0,31.0,10.0,SEDANG,DKI4 Lubang Buaya,PM25,DKI4,Lubang Buaya,2025,9,15,38,0
73.0,202509,16,2025-09-16,0I834,9.0,57.0,73.0,31.0,11.0,27.0,18.0,SEDANG,DKI4 Lubang Buaya,PM25,DKI4,Lubang Buaya,2025,9,16,38,1
93.0,202509,17,2025-09-17,0I834,9.0,75.0,93.0,28.0,24.0,24.0,20.0,SEDANG,DKI4 Lubang Buaya,PM25,DKI4,Lubang Buaya,2025,9,17,38,2
57.0,202509,18,2025-09-18,0I834,9.0,54.0,57.0,28.0,17.0,12.0,26.0,SEDANG,DKI4 Lubang Buaya,PM25,DKI4,Lubang Buaya,2025,9,18,38,3
87.0,202509,19,2025-09-19,0I834,9.0,74.0,87.0,31.0,20.0,18.0,17.0,SEDANG,DKI4 Lubang Buaya,PM25,DKI4,Lubang Buaya,2025,9,19,38,4
84.0,202509,20,2025-09-20,0I834,9.0,75.0,84.0,30.0,15.0,14.0,19.0,SEDANG,DKI4 Lubang Buaya,PM25,DKI4,Lubang Buaya,2025,9,20,38,5
70.0,202509,21,2025-09-21,0I834,9.0,62.0,70.0,32.0,10.0,14.0,13.0,SEDANG,DKI4 Lubang Buaya,PM25,DKI4,Lubang Buaya,2025,9,21,38,6
80.0,202509,22,2025-09-22,0I834,9.0,64.0,80.0,33.0,18.0,21.0,20.0,SEDANG,DKI4 Lubang Buaya,PM25,DKI4,Lubang Buaya,2025,9,22,39,0
62.0,202509,23,2025-09-23,0I834,9.0,53.0,62.0,29.0,10.0,28.0,14.0,SEDANG,DKI4 Lubang Buaya,PM25,DKI4,Lubang Buaya,2025,9,23,39,1
76.0,202509,24,2025-09-24,0I834,9.0,64.0,76.0,30.0,13.0,36.0,26.0,SEDANG,DKI4 Lubang Buaya,PM25,DKI4,Lubang Buaya,2025,9,24,39,2
99.0,202509,25,2025-09-25,0I834,9.0,79.0,99.0,32.0,13.0,29.0,23.0,SEDANG,DKI4 Lubang Buaya,PM25,DKI4,Lubang Buaya,2025,9,25,39,3
70.0,202509,26,2025-09-26,0I834,9.0,66.0,70.0,29.0,13.0,23.0,25.0,SEDANG,DKI4 Lubang Buaya,PM25,DKI4,Lubang Buaya,2025,9,26,39,4
73.0,202509,27,2025-09-27,0I834,9.0,60.0,73.0,33.0,10.0,22.0,24.0,SEDANG,DKI4 Lubang Buaya,PM25,DKI4,Lubang Buaya,2025,9,27,39,5
67.0,202509,28,2025-09-28,0I834,9.0,61.0,67.0,32.0,8.0,18.0,22.0,SEDANG,DKI4 Lubang Buaya,PM25,DKI4,Lubang Buaya,2025,9,28,39,6
77.0,202509,29,2025-09-29,0I834,9.0,74.0,77.0,31.0,12.0,19.0,30.0,SEDANG,DKI4 Lubang Buaya,PM25,DKI4,Lubang Buaya,2025,9,29,40,0
57.0,202509,30,2025-09-30,0I834,9.0,55.0,57.0,28.0,22.0,6.0,34.0,SEDANG,DKI4 Lubang Buaya,PM25,DKI4,Lubang Buaya,2025,9,30,40,1
84.0,202509,1,2025-09-01,0I834,9.0,51.0,84.0,30.0,9.0,24.0,35.0,SEDANG,DKI5 Kebon Jeruk,PM25,DKI5,Kebon Jeruk,2025,9,1,36,0
85.0,202509,2,2025-09-02,0I834,9.0,46.0,85.0,31.0,7.0,25.0,30.0,SEDANG,DKI5 Kebon Jeruk,PM25,DKI5,Kebon Jeruk,2025,9,2,36,1
79.0,202509,3,2025-09-03,0I834,9.0,50.0,79.0,32.0,8.0,19.0,35.0,SEDANG,DKI5 Kebon Jeruk,PM25,DKI5,Kebon Jeruk,2025,9,3,36,2
69.0,202509,4,2025-09-04,0I834,9.0,42.0,69.0,30.0,6.0,23.0,26.0,SEDANG,DKI5 Kebon Jeruk,PM25,DKI5,Kebon Jeruk,2025,9,4,36,3
84.0,202509,5,2025-09-05,0I834,9.0,56.0,84.0,28.0,9.0,24.0,36.0,SEDANG,DKI5 Kebon Jeruk,PM25,DKI5,Kebon Jeruk,2025,9,5,36,4
82.0,202509,6,2025-09-06,0I834,9.0,51.0,82.0,27.0,8.0,33.0,26.0,SEDANG,DKI5 Kebon Jeruk,PM25,DKI5,Kebon Jeruk,2025,9,6,36,5
79.0,202509,7,2025-09-07,0I834,9.0,46.0,79.0,24.0,8.0,30.0,26.0,SEDANG,DKI5 Kebon Jeruk,PM25,DKI5,Kebon Jeruk,2025,9,7,36,6
102.0,202509,8,2025-09-08,0I834,9.0,55.0,102.0,27.0,16.0,25.0,50.0,TIDAK SEHAT,DKI5 Kebon Jeruk,PM25,DKI5,Kebon Jeruk,2025,9,8,37,0
87.0,202509,9,2025-09-09,0I834,9.0,60.0,87.0,25.0,10.0,23.0,38.0,SEDANG,DKI5 Kebon Jeruk,PM25,DKI5,Kebon Jeruk,2025,9,9,37,1
60.0,202509,10,2025-09-10,0I834,9.0,60.0,,26.0,18.0,25.0,55.0,SEDANG,DKI5 Kebon Jeruk,PM10,DKI5,Kebon Jeruk,2025,9,10,37,2
75.0,202509,11,2025-09-11,0I834,9.0,50.0,75.0,25.0,10.0,23.0,37.0,SEDANG,DKI5 Kebon Jeruk,PM25,DKI5,Kebon Jeruk,2025,9,11,37,3
67.0,202509,12,2025-09-12,0I834,9.0,25.0,67.0,25.0,7.0,21.0,28.0,SEDANG,DKI5 Kebon Jeruk,PM25,DKI5,Kebon Jeruk,2025,9,12,37,4
74.0,202509,13,2025-09-13,0I834,9.0,45.0,74.0,25.0,13.0,20.0,38.0,SEDANG,DKI5 Kebon Jeruk,PM25,DKI5,Kebon Jeruk,2025,9,13,37,5
93.0,202509,14,2025-09-14,0I834,9.0,52.0,93.0,30.0,9.0,29.0,32.0,SEDANG,DKI5 Kebon Jeruk,PM25,DKI5,Kebon Jeruk,2025,9,14,37,6
74.0,202509,15,2025-09-15,0I834,9.0,49.0,74.0,26.0,7.0,44.0,23.0,SEDANG,DKI5 Kebon Jeruk,PM25,DKI5,Kebon Jeruk,2025,9,15,38,0
105.0,202509,16,2025-09-16,0I834,9.0,67.0,105.0,27.0,13.0,33.0,42.0,TIDAK SEHAT,DKI5 Kebon Jeruk,PM25,DKI5,Kebon Jeruk,2025,9,16,38,1
114.0,202509,17,2025-09-17,0I834,9.0,65.0,114.0,27.0,19.0,29.0,,TIDAK SEHAT,DKI5 Kebon Jeruk,PM25,DKI5,Kebon Jeruk,2025,9,17,38,2
85.0,202509,18,2025-09-18,0I834,9.0,53.0,85.0,27.0,15.0,19.0,,SEDANG,DKI5 Kebon Jeruk,PM25,DKI5,Kebon Jeruk,2025,9,18,38,3
72.0,202509,28,2025-09-28,0I834,9.0,38.0,72.0,31.0,5.0,29.0,25.0,SEDANG,DKI5 Kebon Jeruk,PM25,DKI5,Kebon Jeruk,2025,9,28,39,6
96.0,202509,29,2025-09-29,0I834,9.0,60.0,96.0,29.0,10.0,28.0,30.0,SEDANG,DKI5 Kebon Jeruk,PM25,DKI5,Kebon Jeruk,2025,9,29,40,0
74.0,202509,30,2025-09-30,0I834,9.0,47.0,74.0,25.0,19.0,15.0,53.0,SEDANG,DKI5 Kebon Jeruk,PM25,DKI5,Kebon Jeruk,2025,9,30,40,1
